listing_id,district_name,borough,inside_ringbahn,year,listing_date,property_type,is_furnished,size_sqm,cold_rent_eur,warm_rent_eur,effective_m2_cold,transit_to_alex_min,avg_doner_eur,anmeldung_speed_wks
1,Lichtenberg,Lichtenberg,False,2022,2022-10-07,Room,False,17.4,215.1,319.71,12.36,24,4.88,3
2,Friedrichshain,Friedrichshain-Kreuzberg,True,2022,2022-11-29,Apartment,True,39.7,726.85,842.18,18.31,10,5.62,6
3,Steglitz,Steglitz-Zehlendorf,False,2022,2022-12-24,Apartment,True,64.5,909.04,1110.62,14.09,32,5.55,3
4,Schöneberg,Tempelhof-Schöneberg,True,2022,2022-06-26,Room,True,27.4,504.54,608.89,18.41,19,5.62,4
5,Pankow,Pankow,False,2022,2022-05-31,Room,True,20.4,329.38,432.93,16.15,25,5.4,3
6,Lichtenberg,Lichtenberg,False,2022,2022-04-27,Apartment,False,63.9,722.43,878.43,11.31,24,4.88,3
7,Neukölln,Neukölln,True,2022,2022-07-06,Apartment,False,78.3,1006.12,1225.99,12.85,18,5.1,7
8,Kreuzberg,Friedrichshain-Kreuzberg,True,2022,2022-03-29,Room,True,17.7,407.42,534.83,23.02,14,5.85,6
9,Wedding,Mitte,True,2022,2022-12-17,Apartment,True,54.0,894.31,1050.98,16.56,16,5.03,5
10,Charlottenburg,Charlottenburg-Wilmersdorf,True,2022,2022-05-18,Apartment,False,46.5,624.21,749.01,13.42,22,5.93,4
11,Friedrichshain,Friedrichshain-Kreuzberg,True,2022,2022-07-22,Room,False,26.3,447.19,576.68,17.0,10,5.62,6
12,Lichtenberg,Lichtenberg,False,2022,2022-10-26,Apartment,True,47.3,631.92,770.33,13.36,24,4.88,3
13,Schöneberg,Tempelhof-Schöneberg,True,2022,2022-02-26,Room,False,15.9,258.62,392.63,16.27,19,5.62,4
14,Kreuzberg,Friedrichshain-Kreuzberg,True,2022,2022-08-28,Apartment,False,56.1,809.93,963.84,14.44,14,5.85,6
15,Wedding,Mitte,True,2022,2022-10-02,Room,False,27.2,398.62,503.77,14.66,16,5.03,5
16,Neukölln,Neukölln,True,2022,2022-05-15,Apartment,True,49.7,723.35,874.93,14.55,18,5.1,7
17,Wedding,Mitte,True,2022,2022-09-17,Apartment,False,40.3,499.34,626.59,12.39,16,5.03,5
18,Pankow,Pankow,False,2022,2022-11-03,Room,True,16.3,297.66,438.99,18.26,25,5.4,3
19,Charlottenburg,Charlottenburg-Wilmersdorf,True,2022,2022-05-04,Apartment,True,53.1,1078.79,1217.67,20.32,22,5.93,4
20,Pankow,Pankow,False,2022,2022-03-07,Apartment,True,59.3,808.39,991.58,13.63,25,5.4,3
21,Lichtenberg,Lichtenberg,False,2022,2022-04-19,Apartment,False,48.3,561.83,696.14,11.63,24,4.88,3
22,Wedding,Mitte,True,2022,2022-07-11,Apartment,False,70.6,840.27,1052.39,11.9,16,5.03,5
23,Moabit,Mitte,True,2022,2022-10-11,Apartment,False,47.4,582.84,697.5,12.3,18,5.25,5
24,Prenzlauer Berg,Pankow,True,2022,2022-06-19,Apartment,True,70.4,1229.82,1400.77,17.47,12,6.0,4
25,Friedrichshain,Friedrichshain-Kreuzberg,True,2022,2022-10-23,Apartment,True,59.3,1161.33,1350.74,19.58,10,5.62,6
26,Moabit,Mitte,True,2022,2022-07-01,Room,False,19.7,286.44,416.09,14.54,18,5.25,5
27,Schöneberg,Tempelhof-Schöneberg,True,2022,2022-02-01,Room,False,14.8,246.48,375.56,16.65,19,5.62,4
28,Schöneberg,Tempelhof-Schöneberg,True,2022,2022-03-13,Apartment,False,40.5,541.19,657.94,13.36,19,5.62,4
29,Schöneberg,Tempelhof-Schöneberg,True,2022,2022-10-09,Room,False,26.2,399.53,535.89,15.25,19,5.62,4
30,Friedrichshain,Friedrichshain-Kreuzberg,True,2022,2022-05-02,Room,False,25.7,480.87,622.56,18.71,10,5.62,6
31,Kreuzberg,Friedrichshain-Kreuzberg,True,2022,2022-01-02,Room,False,26.1,492.17,599.58,18.86,14,5.85,6
32,Schöneberg,Tempelhof-Schöneberg,True,2022,2022-10-12,Room,False,20.4,328.32,471.4,16.09,19,5.62,4
33,Lichtenberg,Lichtenberg,False,2022,2022-06-10,Apartment,True,49.8,735.45,879.27,14.77,24,4.88,3
34,Mitte,Mitte,True,2022,2022-09-18,Room,False,26.9,516.04,618.6,19.18,6,6.38,5
35,Friedrichshain,Friedrichshain-Kreuzberg,True,2022,2022-10-19,Apartment,True,38.4,770.89,895.59,20.08,10,5.62,6
36,Prenzlauer Berg,Pankow,True,2022,2022-05-14,Apartment,True,39.1,800.43,905.4,20.47,12,6.0,4
37,Prenzlauer Berg,Pankow,True,2022,2022-02-07,Apartment,True,48.3,905.46,1041.26,18.75,12,6.0,4
38,Mitte,Mitte,True,2022,2022-05-16,Apartment,False,84.8,1329.46,1549.25,15.68,6,6.38,5
39,Kreuzberg,Friedrichshain-Kreuzberg,True,2022,2022-10-06,Apartment,False,79.0,1207.99,1408.81,15.29,14,5.85,6
40,Steglitz,Steglitz-Zehlendorf,False,2022,2022-10-11,Room,False,25.3,342.19,472.24,13.53,32,5.55,3
41,Neukölln,Neukölln,True,2022,2022-03-21,Apartment,True,78.9,1277.08,1519.16,16.19,18,5.1,7
42,Neukölln,Neukölln,True,2022,2022-05-09,Room,True,18.8,364.69,487.43,19.4,18,5.1,7
43,Mitte,Mitte,True,2022,2022-11-23,Room,False,17.9,316.47,451.17,17.68,6,6.38,5
44,Neukölln,Neukölln,True,2022,2022-12-20,Room,False,23.9,368.42,473.45,15.42,18,5.1,7
45,Kreuzberg,Friedrichshain-Kreuzberg,True,2022,2022-06-07,Apartment,False,64.1,940.55,1101.74,14.67,14,5.85,6
46,Charlottenburg,Charlottenburg-Wilmersdorf,True,2022,2022-05-08,Apartment,False,78.0,1223.52,1425.47,15.69,22,5.93,4
47,Lichtenberg,Lichtenberg,False,2022,2022-03-21,Room,False,26.4,340.1,468.03,12.88,24,4.88,3
48,Prenzlauer Berg,Pankow,True,2022,2022-06-20,Apartment,False,75.5,1286.73,1469.61,17.04,12,6.0,4
49,Schöneberg,Tempelhof-Schöneberg,True,2022,2022-02-25,Apartment,False,75.5,1023.2,1257.9,13.55,19,5.62,4
50,Schöneberg,Tempelhof-Schöneberg,True,2022,2022-06-06,Apartment,False,46.1,688.63,818.37,14.94,19,5.62,4
51,Prenzlauer Berg,Pankow,True,2022,2022-05-23,Room,False,19.6,342.85,445.97,17.49,12,6.0,4
52,Charlottenburg,Charlottenburg-Wilmersdorf,True,2022,2022-03-01,Apartment,False,84.1,1239.59,1512.52,14.74,22,5.93,4
53,Neukölln,Neukölln,True,2022,2022-06-10,Room,False,17.7,254.58,374.14,14.38,18,5.1,7
54,Schöneberg,Tempelhof-Schöneberg,True,2022,2022-12-29,Apartment,False,54.3,778.28,921.05,14.33,19,5.62,4
55,Schöneberg,Tempelhof-Schöneberg,True,2022,2022-12-10,Room,False,21.5,361.51,494.9,16.81,19,5.62,4
56,Prenzlauer Berg,Pankow,True,2022,2022-06-03,Room,True,23.3,485.33,623.49,20.83,12,6.0,4
57,Wedding,Mitte,True,2022,2022-08-04,Room,False,19.6,271.18,376.91,13.84,16,5.03,5
58,Lichtenberg,Lichtenberg,False,2022,2022-10-08,Apartment,False,80.1,891.72,1105.66,11.13,24,4.88,3
59,Mitte,Mitte,True,2022,2022-12-12,Room,True,25.0,573.35,693.23,22.93,6,6.38,5
60,Prenzlauer Berg,Pankow,True,2022,2022-05-26,Apartment,False,83.0,1380.21,1628.63,16.63,12,6.0,4
61,Wedding,Mitte,True,2022,2022-06-08,Apartment,False,39.7,519.92,623.59,13.1,16,5.03,5
62,Prenzlauer Berg,Pankow,True,2022,2022-08-22,Apartment,True,37.3,810.38,925.7,21.73,12,6.0,4
63,Schöneberg,Tempelhof-Schöneberg,True,2022,2022-03-17,Apartment,False,70.9,981.8,1177.46,13.85,19,5.62,4
64,Lichtenberg,Lichtenberg,False,2022,2022-04-23,Apartment,False,78.0,909.27,1151.12,11.66,24,4.88,3
65,Kreuzberg,Friedrichshain-Kreuzberg,True,2022,2022-03-04,Apartment,False,58.2,920.44,1108.18,15.82,14,5.85,6
66,Moabit,Mitte,True,2022,2022-08-15,Room,False,21.4,334.12,448.4,15.61,18,5.25,5
67,Pankow,Pankow,False,2022,2022-03-23,Apartment,False,56.3,701.34,859.05,12.46,25,5.4,3
68,Steglitz,Steglitz-Zehlendorf,False,2022,2022-09-24,Apartment,False,72.6,870.99,1063.35,12.0,32,5.55,3
69,Moabit,Mitte,True,2022,2022-10-04,Apartment,True,38.9,604.86,709.41,15.55,18,5.25,5
70,Friedrichshain,Friedrichshain-Kreuzberg,True,2022,2022-10-05,Room,True,23.7,494.04,612.38,20.85,10,5.62,6
71,Moabit,Mitte,True,2022,2022-10-22,Room,True,19.9,394.67,525.97,19.83,18,5.25,5
72,Schöneberg,Tempelhof-Schöneberg,True,2022,2022-08-03,Apartment,False,49.9,691.75,851.55,13.86,19,5.62,4
73,Wedding,Mitte,True,2022,2022-08-12,Apartment,False,65.2,750.87,920.23,11.52,16,5.03,5
74,Moabit,Mitte,True,2022,2022-03-07,Room,True,23.5,418.21,539.24,17.8,18,5.25,5
75,Pankow,Pankow,False,2022,2022-08-08,Apartment,False,64.6,772.13,932.05,11.95,25,5.4,3
76,Kreuzberg,Friedrichshain-Kreuzberg,True,2022,2022-07-14,Apartment,True,48.0,899.16,1028.94,18.73,14,5.85,6
77,Neukölln,Neukölln,True,2022,2022-10-04,Apartment,False,47.6,578.42,693.49,12.15,18,5.1,7
78,Mitte,Mitte,True,2022,2022-05-07,Apartment,True,67.5,1513.31,1721.13,22.42,6,6.38,5
79,Prenzlauer Berg,Pankow,True,2022,2022-04-22,Apartment,False,46.9,744.9,862.29,15.88,12,6.0,4
80,Moabit,Mitte,True,2022,2022-02-28,Apartment,False,43.4,589.67,723.04,13.59,18,5.25,5
81,Kreuzberg,Friedrichshain-Kreuzberg,True,2022,2022-07-23,Apartment,True,36.3,692.74,811.16,19.08,14,5.85,6
82,Steglitz,Steglitz-Zehlendorf,False,2022,2022-06-04,Room,False,25.6,331.52,462.89,12.95,32,5.55,3
83,Lichtenberg,Lichtenberg,False,2022,2022-07-09,Apartment,True,84.2,1178.56,1413.1,14.0,24,4.88,3
84,Friedrichshain,Friedrichshain-Kreuzberg,True,2022,2022-11-22,Apartment,True,77.5,1500.52,1753.53,19.36,10,5.62,6
85,Moabit,Mitte,True,2022,2022-10-03,Apartment,False,71.7,1035.2,1224.71,14.44,18,5.25,5
86,Moabit,Mitte,True,2022,2022-02-14,Apartment,False,64.6,833.97,1003.28,12.91,18,5.25,5
87,Neukölln,Neukölln,True,2022,2022-06-16,Apartment,True,58.2,954.88,1096.06,16.41,18,5.1,7
88,Kreuzberg,Friedrichshain-Kreuzberg,True,2022,2022-10-12,Apartment,True,47.9,901.64,1054.54,18.82,14,5.85,6
89,Mitte,Mitte,True,2022,2022-09-01,Apartment,True,47.1,979.68,1102.91,20.8,6,6.38,5
90,Lichtenberg,Lichtenberg,False,2022,2022-05-05,Apartment,False,35.9,377.24,476.47,10.51,24,4.88,3
91,Neukölln,Neukölln,True,2022,2022-06-30,Apartment,True,62.7,1040.1,1221.64,16.59,18,5.1,7
92,Steglitz,Steglitz-Zehlendorf,False,2022,2022-12-20,Apartment,True,46.5,665.87,808.56,14.32,32,5.55,3
93,Kreuzberg,Friedrichshain-Kreuzberg,True,2022,2022-11-02,Room,False,17.9,322.67,456.88,18.03,14,5.85,6
94,Neukölln,Neukölln,True,2022,2022-12-29,Apartment,False,49.8,637.66,770.73,12.8,18,5.1,7
95,Wedding,Mitte,True,2022,2022-09-09,Room,True,14.8,254.68,383.38,17.21,16,5.03,5
96,Friedrichshain,Friedrichshain-Kreuzberg,True,2022,2022-01-27,Apartment,False,58.5,888.56,1038.67,15.19,10,5.62,6
97,Neukölln,Neukölln,True,2022,2022-11-19,Apartment,False,76.1,981.51,1169.22,12.9,18,5.1,7
98,Lichtenberg,Lichtenberg,False,2022,2022-08-02,Room,True,21.9,347.01,452.34,15.85,24,4.88,3
99,Pankow,Pankow,False,2022,2022-06-02,Apartment,False,73.8,838.91,1076.37,11.37,25,5.4,3
100,Pankow,Pankow,False,2022,2022-04-17,Apartment,True,66.1,993.16,1208.17,15.03,25,5.4,3
101,Lichtenberg,Lichtenberg,False,2022,2022-01-02,Room,False,16.2,201.35,304.73,12.43,24,4.88,3
102,Schöneberg,Tempelhof-Schöneberg,True,2022,2022-12-26,Apartment,False,49.6,667.78,818.38,13.46,19,5.62,4
103,Moabit,Mitte,True,2022,2022-04-12,Room,True,17.7,345.59,481.77,19.52,18,5.25,5
104,Schöneberg,Tempelhof-Schöneberg,True,2022,2022-06-07,Room,True,16.1,294.5,397.18,18.29,19,5.62,4
105,Pankow,Pankow,False,2022,2022-12-25,Apartment,False,49.4,535.37,684.55,10.84,25,5.4,3
106,Schöneberg,Tempelhof-Schöneberg,True,2022,2022-08-10,Apartment,False,59.7,781.04,926.46,13.08,19,5.62,4
107,Steglitz,Steglitz-Zehlendorf,False,2022,2022-01-11,Room,True,15.3,271.7,397.58,17.76,32,5.55,3
108,Lichtenberg,Lichtenberg,False,2022,2022-08-15,Apartment,False,73.2,752.24,962.11,10.28,24,4.88,3
109,Neukölln,Neukölln,True,2022,2022-06-28,Room,False,22.9,349.39,453.5,15.26,18,5.1,7
110,Schöneberg,Tempelhof-Schöneberg,True,2022,2022-05-28,Room,False,26.0,412.55,543.77,15.87,19,5.62,4
111,Lichtenberg,Lichtenberg,False,2022,2022-06-15,Apartment,False,62.5,676.26,843.95,10.82,24,4.88,3
112,Friedrichshain,Friedrichshain-Kreuzberg,True,2022,2022-10-05,Apartment,False,60.7,1012.93,1194.54,16.69,10,5.62,6
113,Moabit,Mitte,True,2022,2022-04-15,Room,True,19.1,372.16,506.36,19.48,18,5.25,5
114,Neukölln,Neukölln,True,2022,2022-11-19,Apartment,False,56.9,773.49,916.27,13.59,18,5.1,7
115,Pankow,Pankow,False,2022,2022-04-26,Apartment,False,50.5,535.72,675.46,10.61,25,5.4,3
116,Friedrichshain,Friedrichshain-Kreuzberg,True,2022,2022-05-20,Apartment,True,76.6,1488.33,1707.25,19.43,10,5.62,6
117,Schöneberg,Tempelhof-Schöneberg,True,2022,2022-11-03,Apartment,False,47.2,673.51,803.08,14.27,19,5.62,4
118,Wedding,Mitte,True,2022,2022-09-17,Apartment,True,38.5,627.54,731.72,16.3,16,5.03,5
119,Neukölln,Neukölln,True,2022,2022-03-18,Apartment,True,49.9,864.85,1006.6,17.33,18,5.1,7
120,Moabit,Mitte,True,2022,2022-04-07,Apartment,True,62.6,1038.39,1206.76,16.59,18,5.25,5
121,Steglitz,Steglitz-Zehlendorf,False,2022,2022-08-31,Room,False,26.0,345.48,459.8,13.29,32,5.55,3
122,Steglitz,Steglitz-Zehlendorf,False,2022,2022-03-19,Apartment,False,84.4,1004.48,1256.57,11.9,32,5.55,3
123,Moabit,Mitte,True,2022,2022-02-21,Apartment,True,83.3,1284.19,1547.46,15.42,18,5.25,5
124,Wedding,Mitte,True,2022,2022-05-16,Apartment,True,42.2,706.89,811.01,16.75,16,5.03,5
125,Charlottenburg,Charlottenburg-Wilmersdorf,True,2022,2022-10-01,Apartment,False,39.0,553.7,670.97,14.2,22,5.93,4
126,Schöneberg,Tempelhof-Schöneberg,True,2022,2022-11-13,Apartment,False,79.4,1120.3,1349.52,14.11,19,5.62,4
127,Friedrichshain,Friedrichshain-Kreuzberg,True,2022,2022-02-20,Room,False,18.0,301.96,406.03,16.78,10,5.62,6
128,Lichtenberg,Lichtenberg,False,2022,2022-01-29,Apartment,True,43.3,539.0,655.56,12.45,24,4.88,3
129,Neukölln,Neukölln,True,2022,2022-04-03,Room,False,17.4,262.31,392.99,15.08,18,5.1,7
130,Kreuzberg,Friedrichshain-Kreuzberg,True,2022,2022-10-26,Room,False,19.4,354.53,476.93,18.27,14,5.85,6
131,Kreuzberg,Friedrichshain-Kreuzberg,True,2022,2022-08-27,Room,False,20.4,371.92,512.37,18.23,14,5.85,6
132,Neukölln,Neukölln,True,2022,2022-08-06,Apartment,True,57.1,911.73,1081.61,15.97,18,5.1,7
133,Steglitz,Steglitz-Zehlendorf,False,2022,2022-05-02,Room,False,16.8,222.35,344.09,13.24,32,5.55,3
134,Schöneberg,Tempelhof-Schöneberg,True,2022,2022-12-04,Apartment,False,84.6,1152.59,1430.09,13.62,19,5.62,4
135,Schöneberg,Tempelhof-Schöneberg,True,2022,2022-11-07,Room,False,23.6,398.26,500.47,16.88,19,5.62,4
136,Steglitz,Steglitz-Zehlendorf,False,2022,2022-06-30,Apartment,False,49.3,587.38,732.64,11.91,32,5.55,3
137,Prenzlauer Berg,Pankow,True,2022,2022-03-12,Apartment,False,68.9,1142.8,1349.04,16.59,12,6.0,4
138,Lichtenberg,Lichtenberg,False,2022,2022-07-06,Room,False,14.6,198.97,300.47,13.63,24,4.88,3
139,Steglitz,Steglitz-Zehlendorf,False,2022,2022-10-04,Room,False,18.6,247.33,356.37,13.3,32,5.55,3
140,Charlottenburg,Charlottenburg-Wilmersdorf,True,2022,2022-09-04,Apartment,False,76.5,1071.82,1312.2,14.01,22,5.93,4
141,Neukölln,Neukölln,True,2022,2022-12-13,Apartment,True,40.8,694.07,827.48,17.01,18,5.1,7
142,Steglitz,Steglitz-Zehlendorf,False,2022,2022-07-22,Apartment,False,77.3,883.35,1075.15,11.43,32,5.55,3
143,Mitte,Mitte,True,2022,2022-11-23,Room,True,19.2,447.26,564.41,23.29,6,6.38,5
144,Charlottenburg,Charlottenburg-Wilmersdorf,True,2022,2022-04-24,Room,True,14.4,308.22,449.41,21.4,22,5.93,4
145,Lichtenberg,Lichtenberg,False,2022,2022-03-13,Room,False,26.7,338.54,456.91,12.68,24,4.88,3
146,Mitte,Mitte,True,2022,2022-08-21,Apartment,True,59.6,1207.6,1357.92,20.26,6,6.38,5
147,Charlottenburg,Charlottenburg-Wilmersdorf,True,2022,2022-03-21,Apartment,False,82.3,1187.91,1440.41,14.43,22,5.93,4
148,Schöneberg,Tempelhof-Schöneberg,True,2022,2022-12-20,Apartment,False,65.8,1003.21,1177.7,15.25,19,5.62,4
149,Charlottenburg,Charlottenburg-Wilmersdorf,True,2022,2022-07-08,Room,False,17.3,284.4,428.54,16.44,22,5.93,4
150,Wedding,Mitte,True,2022,2022-08-21,Apartment,False,38.0,442.16,566.47,11.64,16,5.03,5
151,Friedrichshain,Friedrichshain-Kreuzberg,True,2022,2022-05-05,Apartment,False,64.9,911.35,1113.07,14.04,10,5.62,6
152,Kreuzberg,Friedrichshain-Kreuzberg,True,2022,2022-04-30,Apartment,True,76.5,1511.91,1751.49,19.76,14,5.85,6
153,Charlottenburg,Charlottenburg-Wilmersdorf,True,2022,2022-03-08,Apartment,False,64.8,911.33,1124.24,14.06,22,5.93,4
154,Wedding,Mitte,True,2022,2022-05-02,Room,True,23.3,355.79,491.34,15.27,16,5.03,5
155,Pankow,Pankow,False,2022,2022-09-01,Room,True,14.7,252.19,385.74,17.16,25,5.4,3
156,Moabit,Mitte,True,2022,2022-01-23,Apartment,False,40.5,540.32,671.98,13.34,18,5.25,5
157,Steglitz,Steglitz-Zehlendorf,False,2022,2022-02-01,Apartment,False,61.1,685.99,885.64,11.23,32,5.55,3
158,Moabit,Mitte,True,2022,2022-02-11,Apartment,False,40.4,559.0,672.09,13.84,18,5.25,5
159,Charlottenburg,Charlottenburg-Wilmersdorf,True,2022,2022-11-02,Apartment,True,48.8,911.46,1042.86,18.68,22,5.93,4
160,Wedding,Mitte,True,2022,2022-12-02,Room,False,20.0,297.91,403.06,14.9,16,5.03,5
161,Lichtenberg,Lichtenberg,False,2022,2022-07-31,Apartment,False,78.3,843.45,1093.95,10.77,24,4.88,3
162,Charlottenburg,Charlottenburg-Wilmersdorf,True,2022,2022-05-11,Apartment,False,71.5,1012.14,1203.85,14.16,22,5.93,4
163,Charlottenburg,Charlottenburg-Wilmersdorf,True,2022,2022-08-10,Apartment,False,58.7,797.03,942.42,13.58,22,5.93,4
164,Friedrichshain,Friedrichshain-Kreuzberg,True,2022,2022-12-10,Apartment,True,41.5,760.23,880.81,18.32,10,5.62,6
165,Friedrichshain,Friedrichshain-Kreuzberg,True,2022,2022-01-27,Room,False,27.2,470.18,611.39,17.29,10,5.62,6
166,Neukölln,Neukölln,True,2022,2022-02-25,Apartment,True,63.9,1002.08,1168.34,15.68,18,5.1,7
167,Charlottenburg,Charlottenburg-Wilmersdorf,True,2022,2022-11-15,Apartment,True,73.1,1385.0,1616.04,18.95,22,5.93,4
168,Pankow,Pankow,False,2022,2022-01-15,Apartment,False,65.4,780.99,978.77,11.94,25,5.4,3
169,Kreuzberg,Friedrichshain-Kreuzberg,True,2022,2022-03-15,Room,False,26.9,467.87,576.03,17.39,14,5.85,6
170,Pankow,Pankow,False,2022,2022-07-12,Apartment,True,72.0,1079.77,1286.95,15.0,25,5.4,3
171,Schöneberg,Tempelhof-Schöneberg,True,2022,2022-01-27,Apartment,True,50.6,896.14,1044.73,17.71,19,5.62,4
172,Kreuzberg,Friedrichshain-Kreuzberg,True,2022,2022-09-06,Room,False,23.4,402.09,531.88,17.18,14,5.85,6
173,Pankow,Pankow,False,2022,2022-12-14,Room,True,24.6,380.78,493.53,15.48,25,5.4,3
174,Pankow,Pankow,False,2022,2022-01-04,Apartment,False,37.3,425.15,534.79,11.4,25,5.4,3
175,Prenzlauer Berg,Pankow,True,2022,2022-08-09,Room,True,15.9,327.8,428.15,20.62,12,6.0,4
176,Kreuzberg,Friedrichshain-Kreuzberg,True,2022,2022-07-01,Room,False,17.2,308.64,438.7,17.94,14,5.85,6
177,Friedrichshain,Friedrichshain-Kreuzberg,True,2022,2022-06-10,Room,False,20.1,349.38,452.88,17.38,10,5.62,6
178,Pankow,Pankow,False,2022,2022-06-16,Room,False,23.0,306.73,424.96,13.34,25,5.4,3
179,Kreuzberg,Friedrichshain-Kreuzberg,True,2022,2022-02-24,Apartment,False,76.6,1288.88,1478.8,16.83,14,5.85,6
180,Prenzlauer Berg,Pankow,True,2022,2022-04-24,Room,False,15.1,288.27,421.83,19.09,12,6.0,4
181,Charlottenburg,Charlottenburg-Wilmersdorf,True,2022,2022-06-29,Apartment,True,66.7,1181.79,1388.47,17.72,22,5.93,4
182,Steglitz,Steglitz-Zehlendorf,False,2022,2022-03-30,Apartment,False,42.4,445.68,557.21,10.51,32,5.55,3
183,Pankow,Pankow,False,2022,2022-08-26,Room,False,15.1,221.91,350.17,14.7,25,5.4,3
184,Pankow,Pankow,False,2022,2022-11-16,Apartment,False,81.2,953.98,1195.29,11.75,25,5.4,3
185,Charlottenburg,Charlottenburg-Wilmersdorf,True,2022,2022-06-05,Apartment,False,42.5,574.52,693.43,13.52,22,5.93,4
186,Neukölln,Neukölln,True,2022,2022-05-27,Apartment,True,38.7,597.78,703.5,15.45,18,5.1,7
187,Friedrichshain,Friedrichshain-Kreuzberg,True,2022,2022-10-25,Apartment,False,39.5,616.57,725.04,15.61,10,5.62,6
188,Wedding,Mitte,True,2022,2022-04-07,Apartment,False,37.1,482.43,590.56,13.0,16,5.03,5
189,Charlottenburg,Charlottenburg-Wilmersdorf,True,2022,2022-06-25,Apartment,False,82.9,1203.37,1462.84,14.52,22,5.93,4
190,Steglitz,Steglitz-Zehlendorf,False,2022,2022-09-26,Room,False,14.5,201.32,345.91,13.88,32,5.55,3
191,Wedding,Mitte,True,2022,2022-01-27,Apartment,True,80.9,1223.08,1466.67,15.12,16,5.03,5
192,Lichtenberg,Lichtenberg,False,2022,2022-12-03,Apartment,True,39.7,542.48,663.62,13.66,24,4.88,3
193,Pankow,Pankow,False,2022,2022-12-24,Apartment,True,64.1,851.65,1061.32,13.29,25,5.4,3
194,Lichtenberg,Lichtenberg,False,2022,2022-06-18,Room,False,27.1,344.0,460.95,12.69,24,4.88,3
195,Kreuzberg,Friedrichshain-Kreuzberg,True,2022,2022-11-27,Apartment,False,71.9,1162.79,1369.41,16.17,14,5.85,6
196,Lichtenberg,Lichtenberg,False,2022,2022-09-06,Room,True,19.1,278.37,421.02,14.57,24,4.88,3
197,Prenzlauer Berg,Pankow,True,2022,2022-09-27,Room,True,15.1,333.19,467.88,22.07,12,6.0,4
198,Mitte,Mitte,True,2022,2022-04-03,Apartment,False,65.9,1137.57,1304.88,17.26,6,6.38,5
199,Steglitz,Steglitz-Zehlendorf,False,2022,2022-12-13,Apartment,False,43.3,484.37,604.3,11.19,32,5.55,3
200,Steglitz,Steglitz-Zehlendorf,False,2022,2022-10-01,Room,False,18.0,251.4,371.6,13.97,32,5.55,3
201,Prenzlauer Berg,Pankow,True,2022,2022-10-20,Room,False,20.6,391.29,507.84,18.99,12,6.0,4
202,Moabit,Mitte,True,2022,2022-11-06,Apartment,True,54.1,939.29,1108.9,17.36,18,5.25,5
203,Kreuzberg,Friedrichshain-Kreuzberg,True,2022,2022-09-22,Apartment,True,59.0,1166.06,1345.44,19.76,14,5.85,6
204,Friedrichshain,Friedrichshain-Kreuzberg,True,2022,2022-08-12,Room,False,17.8,330.1,436.73,18.54,10,5.62,6
205,Friedrichshain,Friedrichshain-Kreuzberg,True,2022,2022-09-15,Apartment,True,57.6,1018.23,1159.23,17.68,10,5.62,6
206,Charlottenburg,Charlottenburg-Wilmersdorf,True,2022,2022-11-29,Room,False,19.2,299.55,441.44,15.6,22,5.93,4
207,Charlottenburg,Charlottenburg-Wilmersdorf,True,2022,2022-12-28,Apartment,True,49.3,965.88,1090.36,19.59,22,5.93,4
208,Moabit,Mitte,True,2022,2022-11-08,Room,True,15.1,277.77,402.47,18.4,18,5.25,5
209,Wedding,Mitte,True,2022,2022-11-24,Room,False,17.3,232.95,343.68,13.47,16,5.03,5
210,Pankow,Pankow,False,2022,2022-05-04,Apartment,True,80.3,1121.41,1351.38,13.97,25,5.4,3
211,Steglitz,Steglitz-Zehlendorf,False,2022,2022-12-07,Room,False,22.6,292.57,411.32,12.95,32,5.55,3
212,Lichtenberg,Lichtenberg,False,2022,2022-09-17,Room,False,14.9,195.43,318.26,13.12,24,4.88,3
213,Wedding,Mitte,True,2022,2022-01-09,Room,False,14.6,204.84,321.64,14.03,16,5.03,5
214,Charlottenburg,Charlottenburg-Wilmersdorf,True,2022,2022-06-20,Apartment,True,71.6,1364.91,1584.13,19.06,22,5.93,4
215,Kreuzberg,Friedrichshain-Kreuzberg,True,2022,2022-08-26,Room,False,25.4,429.92,564.98,16.93,14,5.85,6
216,Steglitz,Steglitz-Zehlendorf,False,2022,2022-04-14,Apartment,True,41.7,633.52,734.99,15.19,32,5.55,3
217,Mitte,Mitte,True,2022,2022-10-06,Apartment,False,50.8,832.8,972.93,16.39,6,6.38,5
218,Moabit,Mitte,True,2022,2022-12-02,Room,False,16.7,252.95,388.09,15.15,18,5.25,5
219,Charlottenburg,Charlottenburg-Wilmersdorf,True,2022,2022-07-17,Room,False,20.1,332.31,452.1,16.53,22,5.93,4
220,Charlottenburg,Charlottenburg-Wilmersdorf,True,2022,2022-02-12,Apartment,False,59.9,943.57,1115.32,15.75,22,5.93,4
221,Steglitz,Steglitz-Zehlendorf,False,2022,2022-02-22,Room,False,27.9,357.81,471.03,12.82,32,5.55,3
222,Friedrichshain,Friedrichshain-Kreuzberg,True,2022,2022-08-17,Room,True,20.2,425.5,545.48,21.06,10,5.62,6
223,Mitte,Mitte,True,2022,2022-01-30,Apartment,False,65.7,1101.87,1297.36,16.77,6,6.38,5
224,Friedrichshain,Friedrichshain-Kreuzberg,True,2022,2022-01-16,Apartment,False,60.7,973.37,1127.79,16.04,10,5.62,6
225,Kreuzberg,Friedrichshain-Kreuzberg,True,2022,2022-11-27,Apartment,False,56.9,831.43,980.08,14.61,14,5.85,6
226,Charlottenburg,Charlottenburg-Wilmersdorf,True,2022,2022-07-09,Room,False,14.5,230.77,351.02,15.92,22,5.93,4
227,Charlottenburg,Charlottenburg-Wilmersdorf,True,2022,2022-02-28,Room,True,15.9,309.02,421.56,19.44,22,5.93,4
228,Mitte,Mitte,True,2022,2022-05-14,Apartment,False,54.3,931.49,1074.6,17.15,6,6.38,5
229,Steglitz,Steglitz-Zehlendorf,False,2022,2022-03-04,Room,False,18.0,257.47,379.57,14.3,32,5.55,3
230,Kreuzberg,Friedrichshain-Kreuzberg,True,2022,2022-12-16,Apartment,False,79.9,1238.6,1436.67,15.5,14,5.85,6
231,Charlottenburg,Charlottenburg-Wilmersdorf,True,2022,2022-03-22,Apartment,False,62.5,881.12,1047.99,14.1,22,5.93,4
232,Steglitz,Steglitz-Zehlendorf,False,2022,2022-04-13,Apartment,False,43.7,482.13,595.83,11.03,32,5.55,3
233,Kreuzberg,Friedrichshain-Kreuzberg,True,2022,2022-10-10,Room,False,19.1,343.43,464.46,17.98,14,5.85,6
234,Kreuzberg,Friedrichshain-Kreuzberg,True,2022,2022-07-29,Apartment,True,50.5,1090.21,1235.3,21.59,14,5.85,6
235,Pankow,Pankow,False,2022,2022-06-26,Room,False,23.0,314.31,444.91,13.67,25,5.4,3
236,Kreuzberg,Friedrichshain-Kreuzberg,True,2022,2022-08-10,Apartment,False,67.0,989.43,1208.5,14.77,14,5.85,6
237,Wedding,Mitte,True,2022,2022-12-30,Apartment,True,41.2,562.05,672.89,13.64,16,5.03,5
238,Prenzlauer Berg,Pankow,True,2022,2022-11-22,Room,False,26.5,504.14,615.42,19.02,12,6.0,4
239,Wedding,Mitte,True,2022,2022-10-31,Room,False,22.6,302.95,431.79,13.4,16,5.03,5
240,Pankow,Pankow,False,2022,2022-10-16,Room,False,24.1,337.03,474.94,13.98,25,5.4,3
241,Mitte,Mitte,True,2022,2022-10-20,Apartment,True,37.3,810.57,921.95,21.73,6,6.38,5
242,Schöneberg,Tempelhof-Schöneberg,True,2022,2022-05-06,Apartment,True,79.4,1422.75,1634.9,17.92,19,5.62,4
243,Lichtenberg,Lichtenberg,False,2022,2022-08-26,Room,False,23.6,292.6,411.3,12.4,24,4.88,3
244,Prenzlauer Berg,Pankow,True,2022,2022-07-24,Room,True,26.1,573.72,689.26,21.98,12,6.0,4
245,Kreuzberg,Friedrichshain-Kreuzberg,True,2022,2022-08-19,Apartment,False,40.3,601.86,703.02,14.93,14,5.85,6
246,Prenzlauer Berg,Pankow,True,2022,2022-03-23,Room,True,27.2,618.3,761.62,22.73,12,6.0,4
247,Charlottenburg,Charlottenburg-Wilmersdorf,True,2022,2022-08-28,Apartment,False,44.5,612.14,758.83,13.76,22,5.93,4
248,Moabit,Mitte,True,2022,2022-05-04,Apartment,False,39.5,516.59,627.64,13.08,18,5.25,5
249,Prenzlauer Berg,Pankow,True,2022,2022-05-27,Apartment,True,49.1,1021.27,1168.83,20.8,12,6.0,4
250,Wedding,Mitte,True,2022,2022-01-24,Room,True,15.9,259.78,377.93,16.34,16,5.03,5
251,Schöneberg,Tempelhof-Schöneberg,True,2022,2022-08-19,Room,False,19.1,301.16,418.55,15.77,19,5.62,4
252,Wedding,Mitte,True,2022,2022-07-21,Room,False,23.5,316.29,460.17,13.46,16,5.03,5
253,Charlottenburg,Charlottenburg-Wilmersdorf,True,2022,2022-09-14,Apartment,True,81.9,1509.59,1743.68,18.43,22,5.93,4
254,Mitte,Mitte,True,2022,2022-09-21,Room,True,18.7,425.28,552.56,22.74,6,6.38,5
255,Kreuzberg,Friedrichshain-Kreuzberg,True,2022,2022-06-03,Room,False,16.3,311.18,444.45,19.09,14,5.85,6
256,Pankow,Pankow,False,2022,2022-01-09,Room,False,21.5,305.25,418.74,14.2,25,5.4,3
257,Charlottenburg,Charlottenburg-Wilmersdorf,True,2022,2022-11-19,Room,True,19.8,400.2,539.44,20.21,22,5.93,4
258,Mitte,Mitte,True,2022,2022-01-27,Apartment,True,67.8,1558.29,1734.89,22.98,6,6.38,5
259,Pankow,Pankow,False,2022,2022-12-15,Apartment,False,71.1,866.24,1061.21,12.18,25,5.4,3
260,Prenzlauer Berg,Pankow,True,2022,2022-03-19,Room,False,15.5,260.26,374.38,16.79,12,6.0,4
261,Schöneberg,Tempelhof-Schöneberg,True,2022,2022-02-01,Apartment,False,73.7,1120.22,1354.99,15.2,19,5.62,4
262,Steglitz,Steglitz-Zehlendorf,False,2022,2022-03-30,Room,True,18.6,308.52,422.64,16.59,32,5.55,3
263,Moabit,Mitte,True,2022,2022-12-21,Apartment,True,52.7,932.98,1089.97,17.7,18,5.25,5
264,Neukölln,Neukölln,True,2022,2022-06-02,Apartment,True,47.3,757.36,912.3,16.01,18,5.1,7
265,Neukölln,Neukölln,True,2022,2022-05-21,Apartment,False,59.5,778.42,951.23,13.08,18,5.1,7
266,Neukölln,Neukölln,True,2022,2022-03-16,Room,False,19.3,315.96,452.79,16.37,18,5.1,7
267,Neukölln,Neukölln,True,2022,2022-09-03,Room,False,15.1,245.27,374.79,16.24,18,5.1,7
268,Prenzlauer Berg,Pankow,True,2022,2022-11-12,Room,False,27.1,504.59,610.77,18.62,12,6.0,4
269,Steglitz,Steglitz-Zehlendorf,False,2022,2022-07-31,Apartment,True,68.5,979.05,1146.69,14.29,32,5.55,3
270,Charlottenburg,Charlottenburg-Wilmersdorf,True,2022,2022-07-28,Apartment,True,73.5,1222.97,1460.83,16.64,22,5.93,4
271,Lichtenberg,Lichtenberg,False,2022,2022-06-14,Apartment,False,58.9,608.07,800.53,10.32,24,4.88,3
272,Neukölln,Neukölln,True,2022,2022-01-20,Apartment,False,39.5,525.49,639.31,13.3,18,5.1,7
273,Kreuzberg,Friedrichshain-Kreuzberg,True,2022,2022-09-11,Room,False,27.1,448.71,586.34,16.56,14,5.85,6
274,Kreuzberg,Friedrichshain-Kreuzberg,True,2022,2022-10-18,Apartment,False,81.3,1358.21,1554.01,16.71,14,5.85,6
275,Pankow,Pankow,False,2022,2022-09-10,Room,False,18.0,265.92,390.37,14.77,25,5.4,3
276,Kreuzberg,Friedrichshain-Kreuzberg,True,2022,2022-08-23,Apartment,False,44.6,650.01,763.57,14.57,14,5.85,6
277,Lichtenberg,Lichtenberg,False,2022,2022-03-31,Room,True,24.3,399.75,533.83,16.45,24,4.88,3
278,Pankow,Pankow,False,2022,2022-12-09,Apartment,False,76.3,888.64,1077.72,11.65,25,5.4,3
279,Friedrichshain,Friedrichshain-Kreuzberg,True,2022,2022-05-17,Room,True,18.5,366.16,476.76,19.79,10,5.62,6
280,Charlottenburg,Charlottenburg-Wilmersdorf,True,2022,2022-02-01,Room,False,14.2,243.79,374.96,17.17,22,5.93,4
281,Lichtenberg,Lichtenberg,False,2022,2022-06-09,Room,True,19.7,319.15,450.81,16.2,24,4.88,3
282,Steglitz,Steglitz-Zehlendorf,False,2022,2022-03-10,Room,False,18.1,247.92,357.78,13.7,32,5.55,3
283,Moabit,Mitte,True,2022,2022-08-30,Room,False,22.5,343.86,468.58,15.28,18,5.25,5
284,Wedding,Mitte,True,2022,2022-02-11,Apartment,False,73.1,914.45,1129.09,12.51,16,5.03,5
285,Wedding,Mitte,True,2022,2022-10-08,Room,False,15.1,217.56,320.34,14.41,16,5.03,5
286,Wedding,Mitte,True,2022,2022-12-15,Room,False,16.3,244.92,364.8,15.03,16,5.03,5
287,Prenzlauer Berg,Pankow,True,2022,2022-03-09,Apartment,False,79.9,1262.66,1458.42,15.8,12,6.0,4
288,Wedding,Mitte,True,2022,2022-01-12,Room,False,21.8,319.13,433.0,14.64,16,5.03,5
289,Schöneberg,Tempelhof-Schöneberg,True,2022,2022-10-05,Room,True,17.1,310.81,442.33,18.18,19,5.62,4
290,Mitte,Mitte,True,2022,2022-11-25,Apartment,True,81.7,1561.64,1814.26,19.11,6,6.38,5
291,Steglitz,Steglitz-Zehlendorf,False,2022,2022-07-13,Apartment,False,84.6,936.95,1206.2,11.08,32,5.55,3
292,Schöneberg,Tempelhof-Schöneberg,True,2022,2022-03-02,Room,False,26.2,403.2,541.91,15.39,19,5.62,4
293,Kreuzberg,Friedrichshain-Kreuzberg,True,2022,2022-01-12,Apartment,False,41.4,703.41,833.88,16.99,14,5.85,6
294,Neukölln,Neukölln,True,2022,2022-08-24,Apartment,False,56.2,722.03,868.53,12.85,18,5.1,7
295,Charlottenburg,Charlottenburg-Wilmersdorf,True,2022,2022-11-11,Room,True,26.3,529.21,658.92,20.12,22,5.93,4
296,Mitte,Mitte,True,2022,2022-05-06,Room,True,22.3,514.16,653.41,23.06,6,6.38,5
297,Steglitz,Steglitz-Zehlendorf,False,2022,2022-03-13,Room,False,21.6,301.93,436.85,13.98,32,5.55,3
298,Wedding,Mitte,True,2022,2022-06-14,Apartment,True,80.8,1240.03,1490.13,15.35,16,5.03,5
299,Prenzlauer Berg,Pankow,True,2022,2022-10-30,Room,True,23.2,474.63,577.37,20.46,12,6.0,4
300,Steglitz,Steglitz-Zehlendorf,False,2022,2022-11-26,Apartment,False,56.4,637.5,822.21,11.3,32,5.55,3
301,Lichtenberg,Lichtenberg,False,2022,2022-04-05,Room,False,23.7,305.4,418.89,12.89,24,4.88,3
302,Wedding,Mitte,True,2022,2022-01-30,Apartment,False,50.0,628.42,784.68,12.57,16,5.03,5
303,Wedding,Mitte,True,2022,2022-06-19,Room,False,21.4,300.31,411.78,14.03,16,5.03,5
304,Lichtenberg,Lichtenberg,False,2022,2022-01-27,Room,False,19.2,252.18,389.5,13.13,24,4.88,3
305,Neukölln,Neukölln,True,2022,2022-10-28,Room,False,14.6,208.81,345.02,14.3,18,5.1,7
306,Steglitz,Steglitz-Zehlendorf,False,2022,2022-04-19,Apartment,True,45.4,670.01,816.11,14.76,32,5.55,3
307,Prenzlauer Berg,Pankow,True,2022,2022-04-15,Apartment,True,85.0,1633.91,1884.15,19.22,12,6.0,4
308,Schöneberg,Tempelhof-Schöneberg,True,2022,2022-07-03,Apartment,False,73.8,1021.34,1233.91,13.84,19,5.62,4
309,Neukölln,Neukölln,True,2022,2022-08-29,Room,False,21.0,301.58,445.74,14.36,18,5.1,7
310,Charlottenburg,Charlottenburg-Wilmersdorf,True,2022,2022-05-14,Apartment,True,55.7,995.18,1136.18,17.87,22,5.93,4
311,Wedding,Mitte,True,2022,2022-07-14,Apartment,False,55.9,635.54,786.3,11.37,16,5.03,5
312,Pankow,Pankow,False,2022,2022-09-08,Apartment,False,67.7,812.24,990.4,12.0,25,5.4,3
313,Steglitz,Steglitz-Zehlendorf,False,2022,2022-10-07,Apartment,False,43.4,516.75,627.52,11.91,32,5.55,3
314,Moabit,Mitte,True,2022,2022-02-08,Room,False,27.9,461.28,584.86,16.53,18,5.25,5
315,Lichtenberg,Lichtenberg,False,2022,2022-04-22,Room,True,15.9,244.99,351.79,15.41,24,4.88,3
316,Wedding,Mitte,True,2022,2022-01-09,Apartment,True,66.9,1126.44,1326.7,16.84,16,5.03,5
317,Mitte,Mitte,True,2022,2022-05-27,Apartment,False,35.8,631.51,734.69,17.64,6,6.38,5
318,Mitte,Mitte,True,2022,2022-02-19,Apartment,False,56.5,1033.82,1178.54,18.3,6,6.38,5
319,Wedding,Mitte,True,2022,2022-07-11,Room,True,21.4,376.28,494.14,17.58,16,5.03,5
320,Schöneberg,Tempelhof-Schöneberg,True,2022,2022-11-29,Apartment,True,69.9,1219.43,1392.26,17.45,19,5.62,4
321,Mitte,Mitte,True,2022,2022-09-13,Room,True,21.7,445.31,553.02,20.52,6,6.38,5
322,Schöneberg,Tempelhof-Schöneberg,True,2022,2022-04-28,Apartment,True,83.9,1656.25,1927.02,19.74,19,5.62,4
323,Prenzlauer Berg,Pankow,True,2022,2022-12-17,Apartment,False,63.3,968.93,1173.5,15.31,12,6.0,4
324,Neukölln,Neukölln,True,2022,2022-04-17,Apartment,False,36.6,517.28,615.48,14.13,18,5.1,7
325,Pankow,Pankow,False,2022,2022-10-16,Room,False,25.5,373.57,487.04,14.65,25,5.4,3
326,Prenzlauer Berg,Pankow,True,2022,2022-03-13,Apartment,False,68.9,1107.45,1296.61,16.07,12,6.0,4
327,Steglitz,Steglitz-Zehlendorf,False,2022,2022-02-08,Apartment,False,83.7,871.51,1105.32,10.41,32,5.55,3
328,Charlottenburg,Charlottenburg-Wilmersdorf,True,2022,2022-11-21,Apartment,False,64.8,1028.3,1202.85,15.87,22,5.93,4
329,Neukölln,Neukölln,True,2022,2022-04-06,Apartment,False,46.4,614.99,742.03,13.25,18,5.1,7
330,Lichtenberg,Lichtenberg,False,2022,2022-02-07,Apartment,False,73.6,773.55,966.51,10.51,24,4.88,3
331,Friedrichshain,Friedrichshain-Kreuzberg,True,2022,2022-02-16,Room,True,25.0,492.96,609.19,19.72,10,5.62,6
332,Mitte,Mitte,True,2022,2022-08-09,Apartment,False,73.1,1152.43,1333.61,15.77,6,6.38,5
333,Moabit,Mitte,True,2022,2022-11-02,Apartment,False,40.2,496.75,613.28,12.36,18,5.25,5
334,Pankow,Pankow,False,2022,2022-10-14,Apartment,False,35.6,407.14,517.54,11.44,25,5.4,3
335,Prenzlauer Berg,Pankow,True,2022,2022-02-02,Apartment,True,54.0,980.53,1134.1,18.16,12,6.0,4
336,Kreuzberg,Friedrichshain-Kreuzberg,True,2022,2022-05-07,Room,False,20.8,346.64,457.97,16.67,14,5.85,6
337,Steglitz,Steglitz-Zehlendorf,False,2022,2022-07-22,Apartment,False,44.8,471.28,591.08,10.52,32,5.55,3
338,Charlottenburg,Charlottenburg-Wilmersdorf,True,2022,2022-11-30,Apartment,True,78.1,1393.75,1639.08,17.85,22,5.93,4
339,Pankow,Pankow,False,2022,2022-06-13,Room,True,27.3,424.24,567.65,15.54,25,5.4,3
340,Neukölln,Neukölln,True,2022,2022-05-24,Apartment,False,83.4,1150.07,1374.69,13.79,18,5.1,7
341,Schöneberg,Tempelhof-Schöneberg,True,2022,2022-10-09,Room,False,16.8,293.82,401.92,17.49,19,5.62,4
342,Mitte,Mitte,True,2022,2022-12-21,Apartment,False,70.4,1181.44,1368.86,16.78,6,6.38,5
343,Friedrichshain,Friedrichshain-Kreuzberg,True,2022,2022-05-04,Apartment,False,55.5,851.93,1016.77,15.35,10,5.62,6
344,Neukölln,Neukölln,True,2022,2022-09-03,Apartment,False,74.5,903.91,1149.14,12.13,18,5.1,7
345,Pankow,Pankow,False,2022,2022-07-04,Room,False,26.9,380.97,505.43,14.16,25,5.4,3
346,Steglitz,Steglitz-Zehlendorf,False,2022,2022-12-03,Apartment,False,66.9,700.8,907.66,10.48,32,5.55,3
347,Lichtenberg,Lichtenberg,False,2022,2022-07-24,Room,False,14.6,204.52,335.01,14.01,24,4.88,3
348,Charlottenburg,Charlottenburg-Wilmersdorf,True,2022,2022-09-23,Apartment,False,35.5,497.54,599.06,14.02,22,5.93,4
349,Wedding,Mitte,True,2022,2022-10-29,Apartment,False,57.3,681.0,858.35,11.88,16,5.03,5
350,Steglitz,Steglitz-Zehlendorf,False,2022,2022-03-01,Apartment,True,36.2,468.15,586.36,12.93,32,5.55,3
351,Steglitz,Steglitz-Zehlendorf,False,2022,2022-08-13,Room,True,20.4,314.8,436.23,15.43,32,5.55,3
352,Steglitz,Steglitz-Zehlendorf,False,2022,2022-11-28,Apartment,True,50.0,712.55,870.76,14.25,32,5.55,3
353,Friedrichshain,Friedrichshain-Kreuzberg,True,2022,2022-10-14,Apartment,True,84.2,1481.52,1695.74,17.6,10,5.62,6
354,Schöneberg,Tempelhof-Schöneberg,True,2022,2022-01-15,Apartment,True,55.3,927.52,1081.75,16.77,19,5.62,4
355,Steglitz,Steglitz-Zehlendorf,False,2022,2022-12-27,Apartment,True,64.6,905.78,1072.78,14.02,32,5.55,3
356,Friedrichshain,Friedrichshain-Kreuzberg,True,2022,2022-02-28,Apartment,False,61.8,926.06,1085.34,14.98,10,5.62,6
357,Neukölln,Neukölln,True,2022,2022-07-20,Apartment,False,83.3,1057.36,1286.42,12.69,18,5.1,7
358,Pankow,Pankow,False,2022,2022-11-11,Room,True,20.4,325.22,461.25,15.94,25,5.4,3
359,Pankow,Pankow,False,2022,2022-09-19,Room,True,15.7,245.21,376.41,15.62,25,5.4,3
360,Schöneberg,Tempelhof-Schöneberg,True,2022,2022-11-27,Room,True,19.4,365.32,496.52,18.83,19,5.62,4
361,Kreuzberg,Friedrichshain-Kreuzberg,True,2022,2022-01-28,Apartment,False,42.0,635.78,753.63,15.14,14,5.85,6
362,Charlottenburg,Charlottenburg-Wilmersdorf,True,2022,2022-12-01,Apartment,False,44.8,642.53,772.69,14.34,22,5.93,4
363,Moabit,Mitte,True,2022,2022-10-17,Room,False,23.9,366.8,474.33,15.35,18,5.25,5
364,Mitte,Mitte,True,2022,2022-10-17,Apartment,True,36.6,717.34,830.9,19.6,6,6.38,5
365,Steglitz,Steglitz-Zehlendorf,False,2022,2022-10-06,Apartment,False,60.5,693.24,853.03,11.46,32,5.55,3
366,Charlottenburg,Charlottenburg-Wilmersdorf,True,2022,2022-08-06,Apartment,False,73.0,1057.91,1247.47,14.49,22,5.93,4
367,Friedrichshain,Friedrichshain-Kreuzberg,True,2022,2022-05-15,Apartment,False,47.4,776.29,891.42,16.38,10,5.62,6
368,Charlottenburg,Charlottenburg-Wilmersdorf,True,2022,2022-10-29,Apartment,True,78.3,1364.94,1567.65,17.43,22,5.93,4
369,Steglitz,Steglitz-Zehlendorf,False,2022,2022-04-16,Room,False,22.9,293.02,399.29,12.8,32,5.55,3
370,Prenzlauer Berg,Pankow,True,2022,2022-12-27,Apartment,False,61.6,999.98,1157.15,16.23,12,6.0,4
371,Neukölln,Neukölln,True,2022,2022-07-30,Room,True,26.0,518.78,623.07,19.95,18,5.1,7
372,Mitte,Mitte,True,2022,2022-12-31,Apartment,False,41.3,746.5,854.9,18.08,6,6.38,5
373,Charlottenburg,Charlottenburg-Wilmersdorf,True,2022,2022-05-18,Apartment,False,68.8,1005.68,1206.55,14.62,22,5.93,4
374,Lichtenberg,Lichtenberg,False,2022,2022-09-21,Room,False,22.9,316.16,420.35,13.81,24,4.88,3
375,Steglitz,Steglitz-Zehlendorf,False,2022,2022-01-02,Room,False,19.2,275.94,390.67,14.37,32,5.55,3
376,Steglitz,Steglitz-Zehlendorf,False,2022,2022-10-01,Room,False,22.9,317.48,455.73,13.86,32,5.55,3
377,Schöneberg,Tempelhof-Schöneberg,True,2022,2022-06-22,Room,False,17.0,267.22,404.5,15.72,19,5.62,4
378,Wedding,Mitte,True,2022,2022-01-25,Apartment,False,59.3,698.7,877.45,11.78,16,5.03,5
379,Mitte,Mitte,True,2022,2022-08-14,Room,False,20.4,367.69,506.28,18.02,6,6.38,5
380,Moabit,Mitte,True,2022,2022-11-29,Room,False,16.8,267.33,373.27,15.91,18,5.25,5
381,Neukölln,Neukölln,True,2022,2022-07-10,Room,False,17.8,278.19,389.46,15.63,18,5.1,7
382,Lichtenberg,Lichtenberg,False,2022,2022-12-02,Apartment,True,54.8,729.34,872.41,13.31,24,4.88,3
383,Friedrichshain,Friedrichshain-Kreuzberg,True,2022,2022-01-05,Apartment,True,58.8,1018.35,1195.45,17.32,10,5.62,6
384,Mitte,Mitte,True,2022,2022-02-06,Apartment,False,84.4,1412.27,1624.87,16.73,6,6.38,5
385,Prenzlauer Berg,Pankow,True,2022,2022-03-12,Room,False,15.4,270.83,410.47,17.59,12,6.0,4
386,Schöneberg,Tempelhof-Schöneberg,True,2022,2022-09-29,Apartment,False,41.7,641.44,746.88,15.38,19,5.62,4
387,Pankow,Pankow,False,2022,2022-03-19,Room,False,20.2,287.36,415.62,14.23,25,5.4,3
388,Schöneberg,Tempelhof-Schöneberg,True,2022,2022-03-05,Apartment,False,45.9,694.9,810.84,15.14,19,5.62,4
389,Pankow,Pankow,False,2022,2022-05-08,Apartment,True,56.5,835.07,1003.45,14.78,25,5.4,3
390,Wedding,Mitte,True,2022,2022-12-04,Apartment,False,49.2,643.2,762.47,13.07,16,5.03,5
391,Neukölln,Neukölln,True,2022,2022-05-03,Room,False,16.6,249.48,378.56,15.03,18,5.1,7
392,Moabit,Mitte,True,2022,2022-07-04,Room,True,22.9,410.97,511.51,17.95,18,5.25,5
393,Charlottenburg,Charlottenburg-Wilmersdorf,True,2022,2022-08-30,Room,False,22.0,361.82,492.55,16.45,22,5.93,4
394,Friedrichshain,Friedrichshain-Kreuzberg,True,2022,2022-09-17,Room,True,17.7,333.24,468.76,18.83,10,5.62,6
395,Neukölln,Neukölln,True,2022,2022-10-02,Apartment,False,55.8,759.0,897.06,13.6,18,5.1,7
396,Wedding,Mitte,True,2022,2022-10-02,Apartment,True,50.5,738.64,896.57,14.63,16,5.03,5
397,Charlottenburg,Charlottenburg-Wilmersdorf,True,2022,2022-12-24,Room,False,25.7,442.99,545.97,17.24,22,5.93,4
398,Schöneberg,Tempelhof-Schöneberg,True,2022,2022-08-21,Apartment,False,37.9,496.39,602.17,13.1,19,5.62,4
399,Pankow,Pankow,False,2022,2022-12-26,Apartment,True,72.1,1043.08,1262.06,14.47,25,5.4,3
400,Mitte,Mitte,True,2022,2022-03-27,Room,False,21.3,423.9,556.33,19.9,6,6.38,5
401,Charlottenburg,Charlottenburg-Wilmersdorf,True,2022,2022-01-16,Room,False,17.8,315.98,450.69,17.75,22,5.93,4
402,Charlottenburg,Charlottenburg-Wilmersdorf,True,2022,2022-08-22,Apartment,True,38.2,725.29,819.62,18.99,22,5.93,4
403,Wedding,Mitte,True,2022,2022-02-22,Room,False,21.9,306.36,417.84,13.99,16,5.03,5
404,Pankow,Pankow,False,2022,2022-01-24,Apartment,True,72.0,977.86,1151.46,13.58,25,5.4,3
405,Moabit,Mitte,True,2022,2022-12-02,Room,False,16.5,272.92,374.51,16.54,18,5.25,5
406,Schöneberg,Tempelhof-Schöneberg,True,2022,2022-03-03,Room,True,26.8,523.37,649.09,19.53,19,5.62,4
407,Wedding,Mitte,True,2022,2022-08-27,Apartment,True,46.2,665.69,793.24,14.41,16,5.03,5
408,Neukölln,Neukölln,True,2022,2022-06-05,Apartment,True,39.3,626.86,731.49,15.95,18,5.1,7
409,Steglitz,Steglitz-Zehlendorf,False,2022,2022-04-11,Apartment,False,64.6,729.89,929.85,11.3,32,5.55,3
410,Steglitz,Steglitz-Zehlendorf,False,2022,2022-04-30,Apartment,False,47.3,487.99,618.97,10.32,32,5.55,3
411,Wedding,Mitte,True,2022,2022-12-03,Room,False,26.3,400.59,500.66,15.23,16,5.03,5
412,Schöneberg,Tempelhof-Schöneberg,True,2022,2022-09-09,Apartment,False,40.2,571.45,676.55,14.22,19,5.62,4
413,Mitte,Mitte,True,2022,2022-07-31,Apartment,True,49.0,922.56,1077.45,18.83,6,6.38,5
414,Steglitz,Steglitz-Zehlendorf,False,2022,2022-11-23,Apartment,False,72.4,830.78,1037.47,11.47,32,5.55,3
415,Schöneberg,Tempelhof-Schöneberg,True,2022,2022-05-14,Room,False,20.1,349.92,460.57,17.41,19,5.62,4
416,Charlottenburg,Charlottenburg-Wilmersdorf,True,2022,2022-04-30,Apartment,False,76.6,1087.07,1302.12,14.19,22,5.93,4
417,Friedrichshain,Friedrichshain-Kreuzberg,True,2022,2022-06-10,Apartment,True,73.5,1252.0,1458.14,17.03,10,5.62,6
418,Schöneberg,Tempelhof-Schöneberg,True,2022,2022-02-16,Room,True,24.8,479.58,617.94,19.34,19,5.62,4
419,Kreuzberg,Friedrichshain-Kreuzberg,True,2022,2022-03-17,Apartment,True,70.2,1349.55,1572.15,19.22,14,5.85,6
420,Friedrichshain,Friedrichshain-Kreuzberg,True,2022,2022-03-31,Apartment,False,54.8,773.66,919.92,14.12,10,5.62,6
421,Mitte,Mitte,True,2022,2022-02-22,Apartment,False,62.8,1075.11,1231.18,17.12,6,6.38,5
422,Kreuzberg,Friedrichshain-Kreuzberg,True,2022,2022-12-18,Room,True,24.9,496.67,614.7,19.95,14,5.85,6
423,Lichtenberg,Lichtenberg,False,2022,2022-04-12,Apartment,True,64.3,895.98,1108.01,13.93,24,4.88,3
424,Lichtenberg,Lichtenberg,False,2022,2022-08-25,Room,True,26.7,433.02,534.94,16.22,24,4.88,3
425,Mitte,Mitte,True,2022,2022-12-16,Room,False,25.5,479.29,580.62,18.8,6,6.38,5
426,Schöneberg,Tempelhof-Schöneberg,True,2022,2022-11-14,Room,True,16.6,323.68,425.24,19.5,19,5.62,4
427,Pankow,Pankow,False,2022,2022-03-12,Room,True,19.8,317.56,430.15,16.04,25,5.4,3
428,Schöneberg,Tempelhof-Schöneberg,True,2022,2022-01-10,Room,False,21.4,355.21,491.31,16.6,19,5.62,4
429,Schöneberg,Tempelhof-Schöneberg,True,2022,2022-07-18,Apartment,True,62.2,1131.05,1308.45,18.18,19,5.62,4
430,Neukölln,Neukölln,True,2022,2022-08-30,Room,True,17.1,339.69,442.33,19.86,18,5.1,7
431,Wedding,Mitte,True,2022,2022-05-04,Room,False,17.3,234.35,345.5,13.55,16,5.03,5
432,Neukölln,Neukölln,True,2022,2022-10-22,Apartment,False,71.9,988.47,1222.36,13.75,18,5.1,7
433,Schöneberg,Tempelhof-Schöneberg,True,2022,2022-12-24,Room,False,25.8,399.74,526.4,15.49,19,5.62,4
434,Charlottenburg,Charlottenburg-Wilmersdorf,True,2022,2022-04-07,Apartment,True,70.0,1381.03,1584.51,19.73,22,5.93,4
435,Moabit,Mitte,True,2022,2022-09-02,Apartment,True,36.9,567.29,656.51,15.37,18,5.25,5
436,Mitte,Mitte,True,2022,2022-06-15,Room,False,25.3,471.62,579.61,18.64,6,6.38,5
437,Mitte,Mitte,True,2022,2022-07-06,Room,False,26.8,532.7,670.79,19.88,6,6.38,5
438,Friedrichshain,Friedrichshain-Kreuzberg,True,2022,2022-03-11,Room,False,19.5,320.69,434.27,16.45,10,5.62,6
439,Kreuzberg,Friedrichshain-Kreuzberg,True,2022,2022-12-29,Apartment,False,67.0,1046.49,1226.42,15.62,14,5.85,6
440,Wedding,Mitte,True,2022,2022-03-31,Apartment,False,74.3,856.1,1073.8,11.52,16,5.03,5
441,Schöneberg,Tempelhof-Schöneberg,True,2022,2022-10-21,Room,False,15.8,266.03,408.73,16.84,19,5.62,4
442,Schöneberg,Tempelhof-Schöneberg,True,2022,2022-11-10,Apartment,False,63.4,845.68,1016.0,13.34,19,5.62,4
443,Prenzlauer Berg,Pankow,True,2022,2022-06-13,Apartment,True,59.8,1100.82,1263.01,18.41,12,6.0,4
444,Kreuzberg,Friedrichshain-Kreuzberg,True,2022,2022-06-21,Apartment,False,76.1,1227.44,1460.03,16.13,14,5.85,6
445,Moabit,Mitte,True,2022,2022-01-25,Room,True,23.7,440.64,573.06,18.59,18,5.25,5
446,Schöneberg,Tempelhof-Schöneberg,True,2022,2022-06-29,Room,False,16.3,261.97,401.65,16.07,19,5.62,4
447,Wedding,Mitte,True,2022,2022-04-26,Room,False,25.0,360.93,495.05,14.44,16,5.03,5
448,Kreuzberg,Friedrichshain-Kreuzberg,True,2022,2022-02-23,Apartment,False,36.7,525.4,622.11,14.32,14,5.85,6
449,Friedrichshain,Friedrichshain-Kreuzberg,True,2022,2022-02-17,Room,False,16.3,266.96,409.34,16.38,10,5.62,6
450,Charlottenburg,Charlottenburg-Wilmersdorf,True,2022,2022-03-26,Apartment,False,59.1,793.17,985.14,13.42,22,5.93,4
451,Pankow,Pankow,False,2022,2022-10-04,Apartment,True,40.1,530.82,652.22,13.24,25,5.4,3
452,Neukölln,Neukölln,True,2022,2022-01-28,Apartment,True,39.8,638.68,751.79,16.05,18,5.1,7
453,Charlottenburg,Charlottenburg-Wilmersdorf,True,2022,2022-04-16,Room,True,25.5,522.31,626.67,20.48,22,5.93,4
454,Kreuzberg,Friedrichshain-Kreuzberg,True,2022,2022-08-30,Apartment,False,58.7,855.98,1038.33,14.58,14,5.85,6
455,Moabit,Mitte,True,2022,2022-04-06,Apartment,True,67.1,1073.47,1257.55,16.0,18,5.25,5
456,Moabit,Mitte,True,2022,2022-03-19,Room,False,17.7,287.73,413.12,16.26,18,5.25,5
457,Steglitz,Steglitz-Zehlendorf,False,2022,2022-10-11,Apartment,True,52.2,771.21,924.2,14.77,32,5.55,3
458,Mitte,Mitte,True,2022,2022-09-01,Apartment,False,55.9,954.51,1132.28,17.08,6,6.38,5
459,Pankow,Pankow,False,2022,2022-09-15,Apartment,False,38.9,484.26,602.63,12.45,25,5.4,3
460,Pankow,Pankow,False,2022,2022-08-18,Apartment,False,68.9,817.43,990.25,11.86,25,5.4,3
461,Kreuzberg,Friedrichshain-Kreuzberg,True,2022,2022-12-16,Apartment,True,45.6,799.69,912.35,17.54,14,5.85,6
462,Schöneberg,Tempelhof-Schöneberg,True,2022,2022-02-04,Room,False,16.1,265.84,380.23,16.51,19,5.62,4
463,Friedrichshain,Friedrichshain-Kreuzberg,True,2022,2022-01-07,Room,False,18.6,314.39,435.01,16.9,10,5.62,6
464,Steglitz,Steglitz-Zehlendorf,False,2022,2022-10-29,Apartment,False,56.0,623.81,765.68,11.14,32,5.55,3
465,Pankow,Pankow,False,2022,2022-05-27,Apartment,False,81.2,953.67,1155.93,11.74,25,5.4,3
466,Wedding,Mitte,True,2022,2022-08-31,Apartment,False,48.2,600.3,740.79,12.45,16,5.03,5
467,Mitte,Mitte,True,2022,2022-07-22,Room,False,22.7,445.15,563.23,19.61,6,6.38,5
468,Charlottenburg,Charlottenburg-Wilmersdorf,True,2022,2022-06-05,Apartment,True,58.8,1011.12,1170.12,17.2,22,5.93,4
469,Neukölln,Neukölln,True,2022,2022-03-10,Room,False,23.7,340.33,479.43,14.36,18,5.1,7
470,Neukölln,Neukölln,True,2022,2022-11-27,Apartment,False,76.3,960.65,1172.39,12.59,18,5.1,7
471,Friedrichshain,Friedrichshain-Kreuzberg,True,2022,2022-01-29,Room,True,25.5,566.33,705.35,22.21,10,5.62,6
472,Wedding,Mitte,True,2022,2022-10-19,Apartment,True,70.5,1069.55,1272.02,15.17,16,5.03,5
473,Mitte,Mitte,True,2022,2022-01-26,Room,False,16.8,299.62,401.11,17.83,6,6.38,5
474,Charlottenburg,Charlottenburg-Wilmersdorf,True,2022,2022-01-16,Apartment,True,76.2,1403.19,1594.57,18.41,22,5.93,4
475,Prenzlauer Berg,Pankow,True,2022,2022-06-29,Room,False,16.5,314.99,441.4,19.09,12,6.0,4
476,Charlottenburg,Charlottenburg-Wilmersdorf,True,2022,2022-07-17,Room,False,24.5,422.79,535.62,17.26,22,5.93,4
477,Mitte,Mitte,True,2022,2022-12-13,Room,False,27.5,553.1,682.23,20.11,6,6.38,5
478,Prenzlauer Berg,Pankow,True,2022,2022-01-05,Room,False,14.3,269.51,404.05,18.85,12,6.0,4
479,Moabit,Mitte,True,2022,2022-06-06,Apartment,False,65.1,791.88,962.91,12.16,18,5.25,5
480,Steglitz,Steglitz-Zehlendorf,False,2022,2022-05-10,Apartment,False,56.2,621.74,774.26,11.06,32,5.55,3
481,Prenzlauer Berg,Pankow,True,2022,2022-09-19,Apartment,False,76.2,1193.71,1383.61,15.67,12,6.0,4
482,Lichtenberg,Lichtenberg,False,2022,2022-12-17,Apartment,False,63.1,699.8,867.29,11.09,24,4.88,3
483,Friedrichshain,Friedrichshain-Kreuzberg,True,2022,2022-11-30,Apartment,True,48.8,880.6,1026.54,18.05,10,5.62,6
484,Neukölln,Neukölln,True,2022,2022-11-04,Room,False,17.4,248.22,386.8,14.27,18,5.1,7
485,Schöneberg,Tempelhof-Schöneberg,True,2022,2022-05-13,Apartment,False,71.1,1033.2,1267.67,14.53,19,5.62,4
486,Schöneberg,Tempelhof-Schöneberg,True,2022,2022-06-25,Room,False,22.2,388.13,524.85,17.48,19,5.62,4
487,Steglitz,Steglitz-Zehlendorf,False,2022,2022-07-03,Apartment,False,66.9,753.5,970.7,11.26,32,5.55,3
488,Wedding,Mitte,True,2022,2022-05-13,Room,True,23.2,393.87,515.06,16.98,16,5.03,5
489,Steglitz,Steglitz-Zehlendorf,False,2022,2022-02-15,Apartment,False,44.2,516.0,635.43,11.67,32,5.55,3
490,Prenzlauer Berg,Pankow,True,2022,2022-05-14,Room,False,18.3,345.28,460.19,18.87,12,6.0,4
491,Pankow,Pankow,False,2022,2022-11-14,Room,False,20.6,299.14,425.4,14.52,25,5.4,3
492,Friedrichshain,Friedrichshain-Kreuzberg,True,2022,2022-03-19,Apartment,True,41.0,807.96,921.6,19.71,10,5.62,6
493,Kreuzberg,Friedrichshain-Kreuzberg,True,2022,2022-04-03,Apartment,True,84.4,1835.66,2049.1,21.75,14,5.85,6
494,Friedrichshain,Friedrichshain-Kreuzberg,True,2022,2022-05-21,Apartment,False,43.8,688.54,793.85,15.72,10,5.62,6
495,Prenzlauer Berg,Pankow,True,2022,2022-11-11,Apartment,True,73.2,1482.66,1664.14,20.25,12,6.0,4
496,Schöneberg,Tempelhof-Schöneberg,True,2022,2022-04-13,Apartment,False,83.3,1153.37,1356.12,13.85,19,5.62,4
497,Steglitz,Steglitz-Zehlendorf,False,2022,2022-11-17,Room,True,18.5,305.74,436.19,16.53,32,5.55,3
498,Steglitz,Steglitz-Zehlendorf,False,2022,2022-10-29,Room,False,18.8,239.16,356.42,12.72,32,5.55,3
499,Neukölln,Neukölln,True,2022,2022-11-02,Room,False,18.2,269.34,402.09,14.8,18,5.1,7
500,Wedding,Mitte,True,2022,2022-07-03,Room,False,27.9,388.81,529.37,13.94,16,5.03,5
501,Prenzlauer Berg,Pankow,True,2022,2022-03-09,Room,False,25.4,426.51,536.6,16.79,12,6.0,4
502,Prenzlauer Berg,Pankow,True,2022,2022-01-20,Apartment,False,43.4,676.11,805.68,15.58,12,6.0,4
503,Schöneberg,Tempelhof-Schöneberg,True,2022,2022-12-01,Apartment,True,61.7,1042.41,1227.25,16.89,19,5.62,4
504,Mitte,Mitte,True,2022,2022-04-16,Room,True,20.2,427.86,559.44,21.18,6,6.38,5
505,Steglitz,Steglitz-Zehlendorf,False,2022,2022-12-25,Apartment,True,56.0,731.08,896.87,13.06,32,5.55,3
506,Kreuzberg,Friedrichshain-Kreuzberg,True,2022,2022-02-24,Room,False,21.2,383.74,496.46,18.1,14,5.85,6
507,Moabit,Mitte,True,2022,2022-06-01,Room,True,17.7,321.67,453.32,18.17,18,5.25,5
508,Kreuzberg,Friedrichshain-Kreuzberg,True,2022,2022-01-02,Room,False,16.9,320.06,434.94,18.94,14,5.85,6
509,Mitte,Mitte,True,2022,2022-02-16,Apartment,False,76.8,1342.4,1537.03,17.48,6,6.38,5
510,Wedding,Mitte,True,2022,2022-06-01,Room,False,26.7,389.24,509.79,14.58,16,5.03,5
511,Neukölln,Neukölln,True,2022,2022-06-10,Apartment,True,43.7,639.85,776.26,14.64,18,5.1,7
512,Schöneberg,Tempelhof-Schöneberg,True,2022,2022-03-29,Apartment,True,72.9,1214.77,1433.25,16.66,19,5.62,4
513,Charlottenburg,Charlottenburg-Wilmersdorf,True,2022,2022-06-25,Room,False,22.7,402.51,506.69,17.73,22,5.93,4
514,Kreuzberg,Friedrichshain-Kreuzberg,True,2022,2022-09-02,Room,False,20.4,381.07,512.12,18.68,14,5.85,6
515,Schöneberg,Tempelhof-Schöneberg,True,2022,2022-03-23,Apartment,False,40.7,595.62,695.45,14.63,19,5.62,4
516,Friedrichshain,Friedrichshain-Kreuzberg,True,2022,2022-07-14,Room,False,25.2,452.41,560.57,17.95,10,5.62,6
517,Charlottenburg,Charlottenburg-Wilmersdorf,True,2022,2022-09-05,Apartment,False,79.0,1203.82,1456.82,15.24,22,5.93,4
518,Moabit,Mitte,True,2022,2022-12-27,Room,False,14.6,217.92,332.06,14.93,18,5.25,5
519,Lichtenberg,Lichtenberg,False,2022,2022-06-23,Apartment,False,71.2,738.45,970.58,10.37,24,4.88,3
520,Wedding,Mitte,True,2022,2022-06-27,Apartment,False,39.8,496.28,600.7,12.47,16,5.03,5
521,Lichtenberg,Lichtenberg,False,2022,2022-01-28,Apartment,False,77.0,848.65,1101.9,11.02,24,4.88,3
522,Mitte,Mitte,True,2022,2022-09-09,Apartment,True,77.4,1792.52,1983.5,23.16,6,6.38,5
523,Charlottenburg,Charlottenburg-Wilmersdorf,True,2022,2022-07-26,Room,False,14.7,236.51,365.46,16.09,22,5.93,4
524,Prenzlauer Berg,Pankow,True,2022,2022-06-11,Room,False,22.0,373.51,495.94,16.98,12,6.0,4
525,Friedrichshain,Friedrichshain-Kreuzberg,True,2022,2022-10-09,Apartment,False,35.9,541.65,628.97,15.09,10,5.62,6
526,Mitte,Mitte,True,2022,2022-10-15,Apartment,False,83.2,1446.34,1712.67,17.38,6,6.38,5
527,Prenzlauer Berg,Pankow,True,2022,2022-08-21,Apartment,False,52.0,877.93,1040.95,16.88,12,6.0,4
528,Charlottenburg,Charlottenburg-Wilmersdorf,True,2022,2022-02-28,Apartment,False,58.7,883.74,1062.44,15.06,22,5.93,4
529,Friedrichshain,Friedrichshain-Kreuzberg,True,2022,2022-09-25,Apartment,True,52.1,1097.31,1236.04,21.06,10,5.62,6
530,Charlottenburg,Charlottenburg-Wilmersdorf,True,2022,2022-02-24,Apartment,True,43.2,749.64,881.37,17.35,22,5.93,4
531,Neukölln,Neukölln,True,2022,2022-06-23,Apartment,True,81.5,1296.18,1549.1,15.9,18,5.1,7
532,Friedrichshain,Friedrichshain-Kreuzberg,True,2022,2022-08-23,Apartment,True,66.7,1260.97,1474.58,18.91,10,5.62,6
533,Lichtenberg,Lichtenberg,False,2022,2022-10-11,Apartment,False,83.2,827.38,1082.19,9.94,24,4.88,3
534,Schöneberg,Tempelhof-Schöneberg,True,2022,2022-10-24,Apartment,False,60.4,918.16,1072.75,15.2,19,5.62,4
535,Kreuzberg,Friedrichshain-Kreuzberg,True,2022,2022-07-16,Apartment,True,54.4,1114.76,1270.0,20.49,14,5.85,6
536,Schöneberg,Tempelhof-Schöneberg,True,2022,2022-05-31,Apartment,False,73.1,991.93,1230.76,13.57,19,5.62,4
537,Moabit,Mitte,True,2022,2022-10-08,Apartment,True,65.1,1151.7,1357.34,17.69,18,5.25,5
538,Charlottenburg,Charlottenburg-Wilmersdorf,True,2022,2022-05-29,Apartment,False,66.6,923.36,1120.61,13.86,22,5.93,4
539,Lichtenberg,Lichtenberg,False,2022,2022-09-15,Room,False,27.7,370.01,513.13,13.36,24,4.88,3
540,Wedding,Mitte,True,2022,2022-12-08,Apartment,True,40.8,595.89,714.76,14.61,16,5.03,5
541,Steglitz,Steglitz-Zehlendorf,False,2022,2022-01-07,Room,False,25.8,336.35,474.48,13.04,32,5.55,3
542,Wedding,Mitte,True,2022,2022-03-24,Room,False,14.7,195.9,307.91,13.33,16,5.03,5
543,Neukölln,Neukölln,True,2022,2022-07-03,Apartment,True,38.1,633.08,743.08,16.62,18,5.1,7
544,Moabit,Mitte,True,2022,2022-10-15,Room,False,24.4,398.2,531.61,16.32,18,5.25,5
545,Schöneberg,Tempelhof-Schöneberg,True,2022,2022-07-15,Room,False,25.2,397.28,527.18,15.77,19,5.62,4
546,Schöneberg,Tempelhof-Schöneberg,True,2022,2022-05-09,Room,False,23.6,410.95,513.37,17.41,19,5.62,4
547,Prenzlauer Berg,Pankow,True,2022,2022-12-27,Apartment,False,78.5,1326.37,1579.17,16.9,12,6.0,4
548,Steglitz,Steglitz-Zehlendorf,False,2022,2022-04-10,Apartment,False,62.3,717.72,910.76,11.52,32,5.55,3
549,Neukölln,Neukölln,True,2022,2022-03-03,Room,False,15.0,244.96,378.04,16.33,18,5.1,7
550,Schöneberg,Tempelhof-Schöneberg,True,2022,2022-08-27,Room,True,17.7,337.77,438.02,19.08,19,5.62,4
551,Steglitz,Steglitz-Zehlendorf,False,2022,2022-12-05,Apartment,True,81.4,1192.26,1433.43,14.65,32,5.55,3
552,Neukölln,Neukölln,True,2022,2022-04-23,Apartment,False,52.9,729.74,871.83,13.79,18,5.1,7
553,Kreuzberg,Friedrichshain-Kreuzberg,True,2022,2022-06-28,Apartment,False,43.0,678.33,797.14,15.78,14,5.85,6
554,Prenzlauer Berg,Pankow,True,2022,2022-11-13,Apartment,False,51.6,793.14,961.11,15.37,12,6.0,4
555,Wedding,Mitte,True,2022,2022-06-27,Apartment,False,72.6,903.32,1085.06,12.44,16,5.03,5
556,Moabit,Mitte,True,2022,2022-06-14,Room,False,26.9,400.41,502.2,14.89,18,5.25,5
557,Schöneberg,Tempelhof-Schöneberg,True,2022,2022-09-22,Apartment,False,54.3,773.31,917.45,14.24,19,5.62,4
558,Charlottenburg,Charlottenburg-Wilmersdorf,True,2022,2022-06-14,Apartment,False,59.3,836.94,1014.03,14.11,22,5.93,4
559,Wedding,Mitte,True,2022,2022-04-18,Room,True,27.6,493.3,621.51,17.87,16,5.03,5
560,Lichtenberg,Lichtenberg,False,2022,2022-08-11,Apartment,True,69.3,965.11,1183.12,13.93,24,4.88,3
561,Lichtenberg,Lichtenberg,False,2022,2022-02-07,Apartment,True,69.3,875.79,1044.47,12.64,24,4.88,3
562,Mitte,Mitte,True,2022,2022-08-19,Room,True,15.0,372.55,490.89,24.84,6,6.38,5
563,Lichtenberg,Lichtenberg,False,2022,2022-02-02,Room,True,19.5,276.43,408.84,14.18,24,4.88,3
564,Steglitz,Steglitz-Zehlendorf,False,2022,2022-12-18,Apartment,False,38.6,469.95,566.28,12.17,32,5.55,3
565,Neukölln,Neukölln,True,2022,2022-03-22,Apartment,True,81.3,1336.08,1533.46,16.43,18,5.1,7
566,Wedding,Mitte,True,2022,2022-11-21,Room,False,25.2,378.39,491.66,15.02,16,5.03,5
567,Kreuzberg,Friedrichshain-Kreuzberg,True,2022,2022-01-06,Room,False,27.5,515.99,645.15,18.76,14,5.85,6
568,Wedding,Mitte,True,2022,2022-02-13,Apartment,True,37.1,559.01,666.33,15.07,16,5.03,5
569,Neukölln,Neukölln,True,2022,2022-09-20,Room,False,24.2,353.77,494.52,14.62,18,5.1,7
570,Kreuzberg,Friedrichshain-Kreuzberg,True,2022,2022-01-28,Room,True,25.7,509.67,645.65,19.83,14,5.85,6
571,Wedding,Mitte,True,2022,2022-10-25,Apartment,False,49.5,553.68,676.85,11.19,16,5.03,5
572,Moabit,Mitte,True,2022,2022-04-10,Apartment,True,68.6,1057.95,1226.9,15.42,18,5.25,5
573,Charlottenburg,Charlottenburg-Wilmersdorf,True,2022,2022-06-11,Apartment,True,68.0,1234.47,1432.36,18.15,22,5.93,4
574,Schöneberg,Tempelhof-Schöneberg,True,2022,2022-07-04,Room,True,25.0,509.81,622.26,20.39,19,5.62,4
575,Kreuzberg,Friedrichshain-Kreuzberg,True,2022,2022-02-25,Apartment,True,59.0,1164.32,1331.78,19.73,14,5.85,6
576,Kreuzberg,Friedrichshain-Kreuzberg,True,2022,2022-11-17,Apartment,True,49.0,1044.65,1170.91,21.32,14,5.85,6
577,Friedrichshain,Friedrichshain-Kreuzberg,True,2022,2022-10-24,Apartment,False,77.5,1217.69,1460.37,15.71,10,5.62,6
578,Schöneberg,Tempelhof-Schöneberg,True,2022,2022-12-01,Apartment,True,36.8,641.26,747.45,17.43,19,5.62,4
579,Kreuzberg,Friedrichshain-Kreuzberg,True,2022,2022-09-19,Room,True,24.8,538.27,659.18,21.7,14,5.85,6
580,Friedrichshain,Friedrichshain-Kreuzberg,True,2022,2022-11-11,Room,False,23.3,428.61,564.9,18.4,10,5.62,6
581,Lichtenberg,Lichtenberg,False,2022,2022-12-04,Room,False,20.2,251.27,393.96,12.44,24,4.88,3
582,Kreuzberg,Friedrichshain-Kreuzberg,True,2022,2022-02-02,Apartment,False,52.9,786.65,936.83,14.87,14,5.85,6
583,Neukölln,Neukölln,True,2022,2022-08-21,Room,True,16.9,324.85,445.99,19.22,18,5.1,7
584,Mitte,Mitte,True,2022,2022-05-21,Room,False,15.4,314.62,443.13,20.43,6,6.38,5
585,Steglitz,Steglitz-Zehlendorf,False,2022,2022-12-01,Room,False,16.4,225.92,342.36,13.78,32,5.55,3
586,Friedrichshain,Friedrichshain-Kreuzberg,True,2022,2022-09-07,Apartment,True,80.4,1513.15,1768.9,18.82,10,5.62,6
587,Moabit,Mitte,True,2022,2022-05-24,Apartment,True,79.1,1259.85,1486.32,15.93,18,5.25,5
588,Prenzlauer Berg,Pankow,True,2022,2022-06-19,Room,True,22.4,516.1,634.76,23.04,12,6.0,4
589,Steglitz,Steglitz-Zehlendorf,False,2022,2022-07-30,Room,False,20.7,282.54,411.67,13.65,32,5.55,3
590,Mitte,Mitte,True,2022,2022-03-17,Room,True,22.3,483.63,623.72,21.69,6,6.38,5
591,Mitte,Mitte,True,2022,2022-11-23,Room,False,21.2,399.1,542.72,18.83,6,6.38,5
592,Mitte,Mitte,True,2022,2022-11-07,Apartment,False,76.1,1394.19,1591.66,18.32,6,6.38,5
593,Moabit,Mitte,True,2022,2022-04-04,Apartment,True,76.5,1324.11,1564.2,17.31,18,5.25,5
594,Pankow,Pankow,False,2022,2022-04-28,Apartment,True,71.2,992.22,1200.95,13.94,25,5.4,3
595,Schöneberg,Tempelhof-Schöneberg,True,2022,2022-03-18,Room,True,16.8,345.97,464.86,20.59,19,5.62,4
596,Pankow,Pankow,False,2022,2022-09-15,Room,False,22.6,289.76,425.03,12.82,25,5.4,3
597,Friedrichshain,Friedrichshain-Kreuzberg,True,2022,2022-12-14,Room,False,26.6,467.88,567.93,17.59,10,5.62,6
598,Lichtenberg,Lichtenberg,False,2022,2022-09-04,Room,False,26.2,352.4,471.7,13.45,24,4.88,3
599,Schöneberg,Tempelhof-Schöneberg,True,2022,2022-08-06,Room,False,26.7,456.58,582.51,17.1,19,5.62,4
600,Kreuzberg,Friedrichshain-Kreuzberg,True,2022,2022-10-06,Room,False,26.7,445.45,572.37,16.68,14,5.85,6
601,Schöneberg,Tempelhof-Schöneberg,True,2022,2022-07-12,Room,True,24.4,442.47,565.86,18.13,19,5.62,4
602,Lichtenberg,Lichtenberg,False,2022,2022-10-27,Room,False,19.7,242.27,361.44,12.3,24,4.88,3
603,Neukölln,Neukölln,True,2022,2022-07-23,Room,False,21.9,340.13,484.76,15.53,18,5.1,7
604,Prenzlauer Berg,Pankow,True,2022,2022-05-10,Room,False,20.8,368.98,493.95,17.74,12,6.0,4
605,Neukölln,Neukölln,True,2022,2022-03-02,Apartment,False,54.9,674.34,848.78,12.28,18,5.1,7
606,Steglitz,Steglitz-Zehlendorf,False,2022,2022-06-23,Room,False,27.3,345.72,468.6,12.66,32,5.55,3
607,Wedding,Mitte,True,2022,2022-02-16,Apartment,False,37.6,446.71,558.47,11.88,16,5.03,5
608,Kreuzberg,Friedrichshain-Kreuzberg,True,2022,2022-11-08,Apartment,False,39.4,590.76,698.47,14.99,14,5.85,6
609,Mitte,Mitte,True,2022,2022-11-02,Apartment,False,55.0,959.22,1105.4,17.44,6,6.38,5
610,Mitte,Mitte,True,2022,2022-12-03,Apartment,False,67.0,1124.49,1297.45,16.78,6,6.38,5
611,Wedding,Mitte,True,2022,2022-01-19,Room,True,22.4,375.91,483.54,16.78,16,5.03,5
612,Charlottenburg,Charlottenburg-Wilmersdorf,True,2022,2022-07-22,Room,True,16.2,358.63,474.52,22.14,22,5.93,4
613,Schöneberg,Tempelhof-Schöneberg,True,2022,2022-05-26,Apartment,False,71.8,937.2,1115.35,13.05,19,5.62,4
614,Steglitz,Steglitz-Zehlendorf,False,2022,2022-11-07,Apartment,False,52.4,641.69,780.49,12.25,32,5.55,3
615,Prenzlauer Berg,Pankow,True,2022,2022-10-14,Apartment,False,35.2,529.19,629.71,15.03,12,6.0,4
616,Friedrichshain,Friedrichshain-Kreuzberg,True,2022,2022-10-22,Apartment,True,40.9,762.14,880.1,18.63,10,5.62,6
617,Neukölln,Neukölln,True,2022,2022-08-23,Apartment,False,63.2,869.74,1064.51,13.76,18,5.1,7
618,Lichtenberg,Lichtenberg,False,2022,2022-11-21,Apartment,False,36.4,369.9,459.47,10.16,24,4.88,3
619,Prenzlauer Berg,Pankow,True,2022,2022-05-15,Apartment,True,50.8,1088.55,1210.91,21.43,12,6.0,4
620,Prenzlauer Berg,Pankow,True,2022,2022-04-02,Room,False,24.5,432.75,557.7,17.66,12,6.0,4
621,Moabit,Mitte,True,2022,2022-04-08,Room,True,22.0,397.23,539.09,18.06,18,5.25,5
622,Moabit,Mitte,True,2022,2022-11-13,Apartment,True,47.1,726.54,874.97,15.43,18,5.25,5
623,Charlottenburg,Charlottenburg-Wilmersdorf,True,2022,2022-10-05,Room,True,26.9,563.56,691.18,20.95,22,5.93,4
624,Mitte,Mitte,True,2022,2022-05-21,Apartment,True,50.8,1186.89,1335.08,23.36,6,6.38,5
625,Moabit,Mitte,True,2022,2022-03-07,Room,False,21.2,323.11,456.87,15.24,18,5.25,5
626,Mitte,Mitte,True,2022,2022-12-18,Apartment,False,82.0,1275.47,1497.9,15.55,6,6.38,5
627,Kreuzberg,Friedrichshain-Kreuzberg,True,2022,2022-07-14,Apartment,True,60.9,1088.97,1272.08,17.88,14,5.85,6
628,Pankow,Pankow,False,2022,2022-11-10,Room,True,26.1,402.97,515.09,15.44,25,5.4,3
629,Charlottenburg,Charlottenburg-Wilmersdorf,True,2022,2022-07-25,Room,False,16.9,292.14,408.89,17.29,22,5.93,4
630,Neukölln,Neukölln,True,2022,2022-05-19,Apartment,False,84.0,1139.48,1402.63,13.57,18,5.1,7
631,Prenzlauer Berg,Pankow,True,2022,2022-08-31,Apartment,False,44.8,753.15,890.45,16.81,12,6.0,4
632,Mitte,Mitte,True,2022,2022-06-11,Room,False,27.9,560.53,683.8,20.09,6,6.38,5
633,Moabit,Mitte,True,2022,2022-01-31,Room,False,21.9,333.81,464.88,15.24,18,5.25,5
634,Prenzlauer Berg,Pankow,True,2022,2022-07-04,Apartment,False,66.5,1051.72,1231.35,15.82,12,6.0,4
635,Charlottenburg,Charlottenburg-Wilmersdorf,True,2022,2022-12-14,Apartment,False,47.9,641.47,761.66,13.39,22,5.93,4
636,Pankow,Pankow,False,2022,2022-07-01,Room,False,23.1,302.6,437.71,13.1,25,5.4,3
637,Charlottenburg,Charlottenburg-Wilmersdorf,True,2022,2022-05-27,Apartment,False,71.8,1124.53,1321.47,15.66,22,5.93,4
638,Moabit,Mitte,True,2022,2022-10-20,Apartment,True,43.4,744.91,873.73,17.16,18,5.25,5
639,Schöneberg,Tempelhof-Schöneberg,True,2022,2022-05-17,Apartment,True,43.1,706.35,821.09,16.39,19,5.62,4
640,Pankow,Pankow,False,2022,2022-08-19,Apartment,True,57.2,865.48,1032.97,15.13,25,5.4,3
641,Schöneberg,Tempelhof-Schöneberg,True,2022,2022-12-25,Room,False,15.8,247.05,358.37,15.64,19,5.62,4
642,Steglitz,Steglitz-Zehlendorf,False,2022,2022-01-14,Room,True,15.4,240.01,364.69,15.59,32,5.55,3
643,Schöneberg,Tempelhof-Schöneberg,True,2022,2022-07-19,Apartment,False,40.2,580.39,679.92,14.44,19,5.62,4
644,Neukölln,Neukölln,True,2022,2022-03-29,Room,False,20.2,291.37,415.07,14.42,18,5.1,7
645,Mitte,Mitte,True,2022,2022-05-20,Room,True,26.8,645.71,784.9,24.09,6,6.38,5
646,Wedding,Mitte,True,2022,2022-11-20,Room,False,23.8,323.28,450.17,13.58,16,5.03,5
647,Steglitz,Steglitz-Zehlendorf,False,2022,2022-06-27,Apartment,False,61.2,709.51,873.45,11.59,32,5.55,3
648,Moabit,Mitte,True,2022,2022-06-05,Apartment,False,57.1,743.05,893.44,13.01,18,5.25,5
649,Mitte,Mitte,True,2022,2022-01-05,Room,False,25.9,483.04,604.15,18.65,6,6.38,5
650,Steglitz,Steglitz-Zehlendorf,False,2022,2022-05-30,Apartment,False,58.9,607.99,772.17,10.32,32,5.55,3
651,Pankow,Pankow,False,2023,2023-03-25,Room,True,19.2,329.94,459.7,17.18,25,5.98,3
652,Steglitz,Steglitz-Zehlendorf,False,2023,2023-05-03,Apartment,False,53.9,615.5,784.21,11.42,32,6.14,3
653,Wedding,Mitte,True,2023,2023-09-30,Apartment,False,75.4,1002.44,1229.11,13.29,16,5.56,5
654,Neukölln,Neukölln,True,2023,2023-11-13,Room,False,16.6,262.0,402.66,15.78,18,5.64,7
655,Moabit,Mitte,True,2023,2023-10-01,Room,False,16.6,250.35,364.58,15.08,18,5.81,5
656,Mitte,Mitte,True,2023,2023-03-19,Room,True,17.8,453.59,576.07,25.48,6,7.06,5
657,Mitte,Mitte,True,2023,2023-01-17,Apartment,True,50.6,1251.91,1412.18,24.74,6,7.06,5
658,Charlottenburg,Charlottenburg-Wilmersdorf,True,2023,2023-10-06,Room,False,16.0,271.55,401.21,16.97,22,6.56,4
659,Moabit,Mitte,True,2023,2023-05-08,Room,False,17.5,279.29,391.86,15.96,18,5.81,5
660,Schöneberg,Tempelhof-Schöneberg,True,2023,2023-02-18,Apartment,False,71.9,988.07,1215.62,13.74,19,6.23,4
661,Wedding,Mitte,True,2023,2023-01-22,Apartment,True,54.5,981.09,1138.74,18.0,16,5.56,5
662,Steglitz,Steglitz-Zehlendorf,False,2023,2023-01-27,Apartment,False,47.7,582.76,722.47,12.22,32,6.14,3
663,Lichtenberg,Lichtenberg,False,2023,2023-03-03,Room,True,22.9,357.44,481.86,15.61,24,5.4,3
664,Schöneberg,Tempelhof-Schöneberg,True,2023,2023-07-10,Apartment,True,37.1,722.63,844.56,19.48,19,6.23,4
665,Friedrichshain,Friedrichshain-Kreuzberg,True,2023,2023-11-17,Room,False,23.6,426.66,582.29,18.08,10,6.23,6
666,Mitte,Mitte,True,2023,2023-04-30,Room,False,23.8,501.49,619.15,21.07,6,7.06,5
667,Charlottenburg,Charlottenburg-Wilmersdorf,True,2023,2023-04-09,Apartment,False,72.8,1186.04,1414.98,16.29,22,6.56,4
668,Mitte,Mitte,True,2023,2023-05-31,Apartment,True,41.7,999.38,1130.47,23.97,6,7.06,5
669,Wedding,Mitte,True,2023,2023-11-03,Apartment,True,44.3,703.33,836.13,15.88,16,5.56,5
670,Wedding,Mitte,True,2023,2023-08-21,Room,False,20.3,319.41,455.78,15.73,16,5.56,5
671,Mitte,Mitte,True,2023,2023-07-06,Apartment,False,71.7,1384.11,1621.28,19.3,6,7.06,5
672,Pankow,Pankow,False,2023,2023-09-26,Room,False,23.2,336.93,466.37,14.52,25,5.98,3
673,Lichtenberg,Lichtenberg,False,2023,2023-02-26,Apartment,False,65.7,737.03,955.6,11.22,24,5.4,3
674,Friedrichshain,Friedrichshain-Kreuzberg,True,2023,2023-09-06,Apartment,True,76.8,1511.11,1736.28,19.68,10,6.23,6
675,Prenzlauer Berg,Pankow,True,2023,2023-12-26,Room,False,25.7,502.6,638.26,19.56,12,6.64,4
676,Pankow,Pankow,False,2023,2023-09-09,Room,True,22.5,377.96,499.35,16.8,25,5.98,3
677,Friedrichshain,Friedrichshain-Kreuzberg,True,2023,2023-07-08,Apartment,False,53.0,906.69,1094.91,17.11,10,6.23,6
678,Steglitz,Steglitz-Zehlendorf,False,2023,2023-02-09,Room,False,21.4,311.73,461.28,14.57,32,6.14,3
679,Prenzlauer Berg,Pankow,True,2023,2023-05-08,Apartment,True,71.3,1464.28,1694.12,20.54,12,6.64,4
680,Pankow,Pankow,False,2023,2023-07-03,Apartment,True,72.5,1046.51,1287.56,14.43,25,5.98,3
681,Lichtenberg,Lichtenberg,False,2023,2023-07-25,Apartment,False,79.1,861.91,1092.28,10.9,24,5.4,3
682,Wedding,Mitte,True,2023,2023-06-16,Room,True,28.0,494.18,620.36,17.65,16,5.56,5
683,Charlottenburg,Charlottenburg-Wilmersdorf,True,2023,2023-10-07,Room,False,25.6,438.31,561.14,17.12,22,6.56,4
684,Prenzlauer Berg,Pankow,True,2023,2023-07-23,Room,False,24.4,456.45,588.81,18.71,12,6.64,4
685,Mitte,Mitte,True,2023,2023-06-04,Apartment,False,64.8,1174.67,1410.81,18.13,6,7.06,5
686,Mitte,Mitte,True,2023,2023-05-22,Room,True,26.0,600.73,743.77,23.11,6,7.06,5
687,Wedding,Mitte,True,2023,2023-03-21,Apartment,False,63.6,759.43,960.68,11.94,16,5.56,5
688,Kreuzberg,Friedrichshain-Kreuzberg,True,2023,2023-10-20,Room,False,17.5,317.31,442.82,18.13,14,6.47,6
689,Schöneberg,Tempelhof-Schöneberg,True,2023,2023-12-20,Apartment,True,38.9,699.21,823.28,17.97,19,6.23,4
690,Steglitz,Steglitz-Zehlendorf,False,2023,2023-10-23,Apartment,False,64.8,745.12,965.94,11.5,32,6.14,3
691,Schöneberg,Tempelhof-Schöneberg,True,2023,2023-03-03,Room,True,24.8,511.24,641.98,20.61,19,6.23,4
692,Prenzlauer Berg,Pankow,True,2023,2023-01-28,Apartment,False,81.4,1415.09,1685.25,17.38,12,6.64,4
693,Neukölln,Neukölln,True,2023,2023-12-11,Apartment,True,63.2,1095.57,1278.08,17.33,18,5.64,7
694,Steglitz,Steglitz-Zehlendorf,False,2023,2023-08-10,Apartment,False,72.6,877.21,1082.75,12.08,32,6.14,3
695,Neukölln,Neukölln,True,2023,2023-05-15,Apartment,True,51.8,926.73,1094.73,17.89,18,5.64,7
696,Friedrichshain,Friedrichshain-Kreuzberg,True,2023,2023-04-12,Room,False,23.8,458.16,591.8,19.25,10,6.23,6
697,Moabit,Mitte,True,2023,2023-05-05,Room,False,21.9,382.19,517.78,17.45,18,5.81,5
698,Friedrichshain,Friedrichshain-Kreuzberg,True,2023,2023-07-31,Room,False,23.6,442.17,559.23,18.74,10,6.23,6
699,Schöneberg,Tempelhof-Schöneberg,True,2023,2023-06-29,Room,True,18.8,404.19,523.81,21.5,19,6.23,4
700,Pankow,Pankow,False,2023,2023-04-30,Apartment,False,66.2,804.88,1041.99,12.16,25,5.98,3
701,Prenzlauer Berg,Pankow,True,2023,2023-11-14,Apartment,True,71.4,1424.6,1636.57,19.95,12,6.64,4
702,Kreuzberg,Friedrichshain-Kreuzberg,True,2023,2023-08-19,Apartment,False,35.7,616.35,718.1,17.26,14,6.47,6
703,Moabit,Mitte,True,2023,2023-09-05,Room,True,21.5,401.4,525.04,18.67,18,5.81,5
704,Pankow,Pankow,False,2023,2023-01-23,Apartment,True,69.9,981.53,1215.5,14.04,25,5.98,3
705,Neukölln,Neukölln,True,2023,2023-01-05,Room,True,25.0,478.93,620.39,19.16,18,5.64,7
706,Friedrichshain,Friedrichshain-Kreuzberg,True,2023,2023-11-29,Room,True,25.9,607.44,720.3,23.45,10,6.23,6
707,Schöneberg,Tempelhof-Schöneberg,True,2023,2023-11-02,Room,False,27.7,446.02,572.22,16.1,19,6.23,4
708,Wedding,Mitte,True,2023,2023-09-29,Room,True,27.5,508.96,622.75,18.51,16,5.56,5
709,Neukölln,Neukölln,True,2023,2023-11-17,Room,False,16.2,257.94,385.78,15.92,18,5.64,7
710,Neukölln,Neukölln,True,2023,2023-07-18,Room,False,21.0,358.13,498.29,17.05,18,5.64,7
711,Mitte,Mitte,True,2023,2023-03-12,Apartment,False,46.3,813.09,956.78,17.56,6,7.06,5
712,Friedrichshain,Friedrichshain-Kreuzberg,True,2023,2023-08-02,Apartment,False,68.9,1204.72,1436.77,17.49,10,6.23,6
713,Prenzlauer Berg,Pankow,True,2023,2023-03-09,Apartment,False,50.6,875.29,1034.9,17.3,12,6.64,4
714,Prenzlauer Berg,Pankow,True,2023,2023-12-19,Apartment,False,69.2,1112.63,1311.53,16.08,12,6.64,4
715,Steglitz,Steglitz-Zehlendorf,False,2023,2023-12-02,Apartment,False,56.5,722.74,917.27,12.79,32,6.14,3
716,Pankow,Pankow,False,2023,2023-03-16,Apartment,True,62.9,996.87,1187.82,15.85,25,5.98,3
717,Steglitz,Steglitz-Zehlendorf,False,2023,2023-11-23,Room,True,27.6,490.08,635.63,17.76,32,6.14,3
718,Steglitz,Steglitz-Zehlendorf,False,2023,2023-11-10,Room,False,15.5,207.89,354.2,13.41,32,6.14,3
719,Pankow,Pankow,False,2023,2023-07-03,Room,False,17.2,238.42,381.35,13.86,25,5.98,3
720,Friedrichshain,Friedrichshain-Kreuzberg,True,2023,2023-07-11,Apartment,False,60.1,1003.78,1207.57,16.7,10,6.23,6
721,Kreuzberg,Friedrichshain-Kreuzberg,True,2023,2023-01-08,Apartment,False,41.9,661.01,777.45,15.78,14,6.47,6
722,Neukölln,Neukölln,True,2023,2023-08-13,Apartment,True,68.6,1107.64,1307.22,16.15,18,5.64,7
723,Pankow,Pankow,False,2023,2023-07-14,Apartment,True,57.9,834.71,996.11,14.42,25,5.98,3
724,Steglitz,Steglitz-Zehlendorf,False,2023,2023-12-27,Room,False,24.4,348.23,483.87,14.27,32,6.14,3
725,Mitte,Mitte,True,2023,2023-09-23,Apartment,False,76.4,1268.03,1546.6,16.6,6,7.06,5
726,Wedding,Mitte,True,2023,2023-01-26,Room,False,21.8,328.2,468.58,15.06,16,5.56,5
727,Prenzlauer Berg,Pankow,True,2023,2023-08-05,Room,False,18.3,366.74,499.5,20.04,12,6.64,4
728,Neukölln,Neukölln,True,2023,2023-09-14,Apartment,True,60.8,1030.97,1222.89,16.96,18,5.64,7
729,Friedrichshain,Friedrichshain-Kreuzberg,True,2023,2023-06-15,Room,False,26.5,494.33,624.02,18.65,10,6.23,6
730,Moabit,Mitte,True,2023,2023-02-16,Room,False,26.6,457.68,609.39,17.21,18,5.81,5
731,Neukölln,Neukölln,True,2023,2023-02-16,Room,False,24.0,371.47,516.47,15.48,18,5.64,7
732,Friedrichshain,Friedrichshain-Kreuzberg,True,2023,2023-09-19,Apartment,False,39.3,668.16,801.94,17.0,10,6.23,6
733,Pankow,Pankow,False,2023,2023-12-04,Apartment,True,54.0,896.59,1072.57,16.6,25,5.98,3
734,Kreuzberg,Friedrichshain-Kreuzberg,True,2023,2023-08-17,Room,True,24.8,514.12,658.98,20.73,14,6.47,6
735,Neukölln,Neukölln,True,2023,2023-08-23,Apartment,True,41.6,699.66,823.54,16.82,18,5.64,7
736,Moabit,Mitte,True,2023,2023-10-29,Apartment,False,35.3,531.88,636.51,15.07,18,5.81,5
737,Lichtenberg,Lichtenberg,False,2023,2023-10-08,Apartment,False,39.0,459.85,575.69,11.79,24,5.4,3
738,Neukölln,Neukölln,True,2023,2023-12-01,Apartment,False,76.3,993.14,1213.15,13.02,18,5.64,7
739,Charlottenburg,Charlottenburg-Wilmersdorf,True,2023,2023-02-14,Room,False,23.3,430.4,555.83,18.47,22,6.56,4
740,Mitte,Mitte,True,2023,2023-12-25,Room,False,16.3,318.54,460.28,19.54,6,7.06,5
741,Pankow,Pankow,False,2023,2023-01-19,Apartment,False,83.3,1069.13,1325.21,12.83,25,5.98,3
742,Friedrichshain,Friedrichshain-Kreuzberg,True,2023,2023-02-03,Apartment,True,79.9,1760.11,2040.48,22.03,10,6.23,6
743,Neukölln,Neukölln,True,2023,2023-04-18,Apartment,True,78.0,1316.24,1545.47,16.87,18,5.64,7
744,Pankow,Pankow,False,2023,2023-12-19,Room,False,27.7,401.68,517.63,14.5,25,5.98,3
745,Pankow,Pankow,False,2023,2023-09-27,Apartment,False,49.4,618.84,768.76,12.53,25,5.98,3
746,Pankow,Pankow,False,2023,2023-09-10,Apartment,True,41.5,640.65,778.37,15.44,25,5.98,3
747,Kreuzberg,Friedrichshain-Kreuzberg,True,2023,2023-03-02,Apartment,True,49.5,932.6,1089.44,18.84,14,6.47,6
748,Steglitz,Steglitz-Zehlendorf,False,2023,2023-10-14,Apartment,False,84.9,996.74,1255.72,11.74,32,6.14,3
749,Lichtenberg,Lichtenberg,False,2023,2023-06-03,Room,False,23.7,313.66,428.71,13.23,24,5.4,3
750,Wedding,Mitte,True,2023,2023-10-19,Apartment,False,40.7,508.3,634.73,12.49,16,5.56,5
751,Pankow,Pankow,False,2023,2023-09-03,Apartment,False,44.7,581.98,742.01,13.02,25,5.98,3
752,Moabit,Mitte,True,2023,2023-10-02,Apartment,False,59.1,852.52,1062.49,14.43,18,5.81,5
753,Charlottenburg,Charlottenburg-Wilmersdorf,True,2023,2023-10-17,Apartment,False,81.4,1158.16,1420.18,14.23,22,6.56,4
754,Steglitz,Steglitz-Zehlendorf,False,2023,2023-07-01,Apartment,False,35.9,433.93,543.37,12.09,32,6.14,3
755,Friedrichshain,Friedrichshain-Kreuzberg,True,2023,2023-10-20,Apartment,True,36.6,818.14,946.54,22.35,10,6.23,6
756,Pankow,Pankow,False,2023,2023-06-11,Room,False,26.1,391.0,534.74,14.98,25,5.98,3
757,Steglitz,Steglitz-Zehlendorf,False,2023,2023-06-04,Room,False,21.0,284.0,416.34,13.52,32,6.14,3
758,Prenzlauer Berg,Pankow,True,2023,2023-09-17,Apartment,True,53.7,1007.5,1159.65,18.76,12,6.64,4
759,Mitte,Mitte,True,2023,2023-09-26,Apartment,False,42.7,749.64,885.64,17.56,6,7.06,5
760,Neukölln,Neukölln,True,2023,2023-03-09,Apartment,True,78.6,1520.55,1784.57,19.35,18,5.64,7
761,Prenzlauer Berg,Pankow,True,2023,2023-01-23,Apartment,False,70.7,1205.22,1399.91,17.05,12,6.64,4
762,Lichtenberg,Lichtenberg,False,2023,2023-12-04,Apartment,False,51.7,640.45,787.42,12.39,24,5.4,3
763,Steglitz,Steglitz-Zehlendorf,False,2023,2023-04-09,Room,False,18.4,274.13,400.57,14.9,32,6.14,3
764,Neukölln,Neukölln,True,2023,2023-01-08,Room,True,20.2,361.57,485.88,17.9,18,5.64,7
765,Pankow,Pankow,False,2023,2023-05-26,Apartment,True,62.1,933.45,1156.94,15.03,25,5.98,3
766,Pankow,Pankow,False,2023,2023-08-30,Room,True,22.6,380.36,498.21,16.83,25,5.98,3
767,Lichtenberg,Lichtenberg,False,2023,2023-10-31,Room,False,15.2,205.45,349.16,13.52,24,5.4,3
768,Lichtenberg,Lichtenberg,False,2023,2023-12-10,Apartment,False,65.8,736.77,966.13,11.2,24,5.4,3
769,Wedding,Mitte,True,2023,2023-12-24,Room,False,24.7,374.72,490.9,15.17,16,5.56,5
770,Moabit,Mitte,True,2023,2023-03-15,Room,True,23.0,465.09,619.73,20.22,18,5.81,5
771,Pankow,Pankow,False,2023,2023-06-16,Room,True,16.6,301.21,451.95,18.15,25,5.98,3
772,Moabit,Mitte,True,2023,2023-06-28,Apartment,True,40.6,731.08,853.04,18.01,18,5.81,5
773,Pankow,Pankow,False,2023,2023-10-12,Apartment,False,55.3,705.51,862.91,12.76,25,5.98,3
774,Lichtenberg,Lichtenberg,False,2023,2023-03-23,Room,True,20.5,335.06,458.03,16.34,24,5.4,3
775,Moabit,Mitte,True,2023,2023-06-25,Room,True,25.4,513.81,645.4,20.23,18,5.81,5
776,Wedding,Mitte,True,2023,2023-02-28,Apartment,True,68.5,1163.32,1403.28,16.98,16,5.56,5
777,Pankow,Pankow,False,2023,2023-11-03,Apartment,True,39.9,590.87,715.17,14.81,25,5.98,3
778,Friedrichshain,Friedrichshain-Kreuzberg,True,2023,2023-02-01,Apartment,False,76.0,1207.76,1460.88,15.89,10,6.23,6
779,Friedrichshain,Friedrichshain-Kreuzberg,True,2023,2023-12-05,Room,True,22.1,523.17,669.24,23.67,10,6.23,6
780,Kreuzberg,Friedrichshain-Kreuzberg,True,2023,2023-06-03,Apartment,True,65.8,1310.38,1543.29,19.91,14,6.47,6
781,Pankow,Pankow,False,2023,2023-06-26,Apartment,False,80.9,1071.52,1346.26,13.24,25,5.98,3
782,Friedrichshain,Friedrichshain-Kreuzberg,True,2023,2023-02-01,Apartment,False,60.5,1053.41,1266.2,17.41,10,6.23,6
783,Charlottenburg,Charlottenburg-Wilmersdorf,True,2023,2023-02-26,Apartment,False,35.0,546.55,673.63,15.62,22,6.56,4
784,Neukölln,Neukölln,True,2023,2023-07-15,Apartment,True,70.1,1185.9,1402.83,16.92,18,5.64,7
785,Schöneberg,Tempelhof-Schöneberg,True,2023,2023-07-04,Apartment,False,58.7,830.93,1012.67,14.16,19,6.23,4
786,Schöneberg,Tempelhof-Schöneberg,True,2023,2023-01-09,Room,False,23.4,378.86,494.09,16.19,19,6.23,4
787,Kreuzberg,Friedrichshain-Kreuzberg,True,2023,2023-11-25,Apartment,False,56.8,1030.7,1191.23,18.15,14,6.47,6
788,Schöneberg,Tempelhof-Schöneberg,True,2023,2023-08-21,Apartment,False,69.8,1126.42,1357.52,16.14,19,6.23,4
789,Wedding,Mitte,True,2023,2023-01-04,Room,False,19.4,279.44,410.55,14.4,16,5.56,5
790,Pankow,Pankow,False,2023,2023-10-23,Apartment,False,70.6,831.9,1084.92,11.78,25,5.98,3
791,Charlottenburg,Charlottenburg-Wilmersdorf,True,2023,2023-02-10,Room,True,20.8,433.19,588.47,20.83,22,6.56,4
792,Kreuzberg,Friedrichshain-Kreuzberg,True,2023,2023-09-22,Apartment,False,78.0,1359.81,1593.93,17.43,14,6.47,6
793,Friedrichshain,Friedrichshain-Kreuzberg,True,2023,2023-12-09,Apartment,False,47.3,793.59,951.92,16.78,10,6.23,6
794,Friedrichshain,Friedrichshain-Kreuzberg,True,2023,2023-10-01,Apartment,False,64.0,1070.48,1298.53,16.73,10,6.23,6
795,Mitte,Mitte,True,2023,2023-05-31,Apartment,False,58.5,1101.2,1284.24,18.82,6,7.06,5
796,Neukölln,Neukölln,True,2023,2023-05-14,Room,False,22.4,354.34,501.67,15.82,18,5.64,7
797,Mitte,Mitte,True,2023,2023-11-16,Apartment,False,63.6,1181.33,1372.93,18.57,6,7.06,5
798,Mitte,Mitte,True,2023,2023-05-24,Room,True,21.1,528.13,646.09,25.03,6,7.06,5
799,Neukölln,Neukölln,True,2023,2023-08-17,Apartment,True,40.6,677.22,794.39,16.68,18,5.64,7
800,Charlottenburg,Charlottenburg-Wilmersdorf,True,2023,2023-06-25,Apartment,True,70.0,1376.25,1623.06,19.66,22,6.56,4
801,Friedrichshain,Friedrichshain-Kreuzberg,True,2023,2023-07-31,Apartment,False,76.1,1322.81,1583.64,17.38,10,6.23,6
802,Schöneberg,Tempelhof-Schöneberg,True,2023,2023-06-26,Room,False,22.9,375.24,520.29,16.39,19,6.23,4
803,Mitte,Mitte,True,2023,2023-06-04,Apartment,False,40.8,693.62,820.46,17.0,6,7.06,5
804,Moabit,Mitte,True,2023,2023-08-31,Apartment,False,61.6,850.27,1058.79,13.8,18,5.81,5
805,Neukölln,Neukölln,True,2023,2023-12-14,Room,False,14.2,246.14,378.34,17.33,18,5.64,7
806,Charlottenburg,Charlottenburg-Wilmersdorf,True,2023,2023-08-10,Apartment,False,37.1,615.88,739.19,16.6,22,6.56,4
807,Pankow,Pankow,False,2023,2023-12-02,Apartment,False,51.7,608.95,755.7,11.78,25,5.98,3
808,Pankow,Pankow,False,2023,2023-04-10,Room,False,24.5,366.12,504.61,14.94,25,5.98,3
809,Wedding,Mitte,True,2023,2023-02-04,Room,False,16.5,249.57,391.85,15.13,16,5.56,5
810,Mitte,Mitte,True,2023,2023-05-09,Room,False,23.6,465.98,610.62,19.74,6,7.06,5
811,Prenzlauer Berg,Pankow,True,2023,2023-04-22,Room,False,14.8,286.75,438.98,19.38,12,6.64,4
812,Pankow,Pankow,False,2023,2023-12-03,Apartment,False,41.0,535.84,653.38,13.07,25,5.98,3
813,Lichtenberg,Lichtenberg,False,2023,2023-08-28,Apartment,False,79.8,956.66,1194.3,11.99,24,5.4,3
814,Lichtenberg,Lichtenberg,False,2023,2023-12-08,Apartment,False,81.1,902.05,1156.24,11.12,24,5.4,3
815,Charlottenburg,Charlottenburg-Wilmersdorf,True,2023,2023-01-31,Room,False,17.9,294.21,423.7,16.44,22,6.56,4
816,Neukölln,Neukölln,True,2023,2023-04-02,Apartment,True,57.0,1040.37,1228.43,18.25,18,5.64,7
817,Lichtenberg,Lichtenberg,False,2023,2023-05-13,Apartment,True,73.4,1015.33,1277.47,13.83,24,5.4,3
818,Friedrichshain,Friedrichshain-Kreuzberg,True,2023,2023-12-01,Room,True,24.2,537.78,672.18,22.22,10,6.23,6
819,Lichtenberg,Lichtenberg,False,2023,2023-01-02,Room,True,19.5,300.43,430.04,15.41,24,5.4,3
820,Wedding,Mitte,True,2023,2023-02-05,Apartment,False,58.9,745.15,945.7,12.65,16,5.56,5
821,Wedding,Mitte,True,2023,2023-10-02,Room,False,23.6,369.25,486.7,15.65,16,5.56,5
822,Charlottenburg,Charlottenburg-Wilmersdorf,True,2023,2023-06-24,Room,True,14.8,339.59,468.03,22.95,22,6.56,4
823,Friedrichshain,Friedrichshain-Kreuzberg,True,2023,2023-07-16,Apartment,False,49.5,768.66,929.49,15.53,10,6.23,6
824,Lichtenberg,Lichtenberg,False,2023,2023-02-13,Room,False,26.6,372.55,500.72,14.01,24,5.4,3
825,Lichtenberg,Lichtenberg,False,2023,2023-07-19,Room,True,14.5,231.29,354.02,15.95,24,5.4,3
826,Friedrichshain,Friedrichshain-Kreuzberg,True,2023,2023-01-09,Apartment,False,60.0,1065.27,1274.11,17.75,10,6.23,6
827,Mitte,Mitte,True,2023,2023-09-25,Room,True,24.1,561.9,703.32,23.32,6,7.06,5
828,Moabit,Mitte,True,2023,2023-02-06,Apartment,False,61.8,909.15,1092.06,14.71,18,5.81,5
829,Mitte,Mitte,True,2023,2023-05-05,Apartment,False,36.0,697.76,816.8,19.38,6,7.06,5
830,Steglitz,Steglitz-Zehlendorf,False,2023,2023-11-09,Apartment,True,66.6,1088.41,1277.39,16.34,32,6.14,3
831,Kreuzberg,Friedrichshain-Kreuzberg,True,2023,2023-02-02,Apartment,True,75.9,1476.08,1726.86,19.45,14,6.47,6
832,Prenzlauer Berg,Pankow,True,2023,2023-12-17,Room,False,27.8,545.3,671.89,19.62,12,6.64,4
833,Pankow,Pankow,False,2023,2023-02-02,Apartment,True,83.2,1150.1,1391.89,13.82,25,5.98,3
834,Friedrichshain,Friedrichshain-Kreuzberg,True,2023,2023-05-05,Room,False,16.4,297.92,417.35,18.17,10,6.23,6
835,Pankow,Pankow,False,2023,2023-09-07,Room,True,25.9,466.85,579.55,18.03,25,5.98,3
836,Friedrichshain,Friedrichshain-Kreuzberg,True,2023,2023-09-01,Room,True,15.2,356.71,487.44,23.47,10,6.23,6
837,Steglitz,Steglitz-Zehlendorf,False,2023,2023-12-21,Room,True,17.8,291.93,411.78,16.4,32,6.14,3
838,Mitte,Mitte,True,2023,2023-06-04,Apartment,False,65.6,1098.41,1327.61,16.74,6,7.06,5
839,Charlottenburg,Charlottenburg-Wilmersdorf,True,2023,2023-11-13,Room,False,16.7,315.0,470.96,18.86,22,6.56,4
840,Charlottenburg,Charlottenburg-Wilmersdorf,True,2023,2023-04-17,Apartment,False,60.4,927.26,1127.41,15.35,22,6.56,4
841,Neukölln,Neukölln,True,2023,2023-03-23,Room,True,16.1,342.32,476.71,21.26,18,5.64,7
842,Lichtenberg,Lichtenberg,False,2023,2023-08-21,Apartment,True,53.2,707.21,883.04,13.29,24,5.4,3
843,Mitte,Mitte,True,2023,2023-02-06,Room,True,21.5,474.97,610.14,22.09,6,7.06,5
844,Prenzlauer Berg,Pankow,True,2023,2023-06-16,Apartment,False,51.3,824.27,996.6,16.07,12,6.64,4
845,Prenzlauer Berg,Pankow,True,2023,2023-04-23,Apartment,True,39.9,907.01,1030.22,22.73,12,6.64,4
846,Friedrichshain,Friedrichshain-Kreuzberg,True,2023,2023-08-21,Apartment,False,79.5,1221.0,1506.02,15.36,10,6.23,6
847,Kreuzberg,Friedrichshain-Kreuzberg,True,2023,2023-03-07,Room,True,24.1,576.89,697.99,23.94,14,6.47,6
848,Mitte,Mitte,True,2023,2023-06-25,Apartment,True,41.8,991.36,1112.75,23.72,6,7.06,5
849,Prenzlauer Berg,Pankow,True,2023,2023-03-29,Apartment,False,74.5,1296.07,1541.95,17.4,12,6.64,4
850,Pankow,Pankow,False,2023,2023-04-21,Apartment,False,39.3,513.67,639.05,13.07,25,5.98,3
851,Pankow,Pankow,False,2023,2023-05-07,Apartment,False,35.7,433.08,559.29,12.13,25,5.98,3
852,Charlottenburg,Charlottenburg-Wilmersdorf,True,2023,2023-08-02,Room,True,27.0,628.66,781.08,23.28,22,6.56,4
853,Mitte,Mitte,True,2023,2023-09-03,Room,False,24.8,465.91,601.81,18.79,6,7.06,5
854,Steglitz,Steglitz-Zehlendorf,False,2023,2023-07-28,Apartment,False,47.0,566.21,695.99,12.05,32,6.14,3
855,Prenzlauer Berg,Pankow,True,2023,2023-12-27,Room,True,23.1,496.44,622.16,21.49,12,6.64,4
856,Moabit,Mitte,True,2023,2023-12-27,Apartment,False,36.2,506.5,631.2,13.99,18,5.81,5
857,Schöneberg,Tempelhof-Schöneberg,True,2023,2023-11-18,Room,False,22.8,402.34,514.4,17.65,19,6.23,4
858,Friedrichshain,Friedrichshain-Kreuzberg,True,2023,2023-12-24,Room,False,21.4,384.42,530.3,17.96,10,6.23,6
859,Pankow,Pankow,False,2023,2023-01-29,Apartment,False,74.4,846.0,1109.58,11.37,25,5.98,3
860,Wedding,Mitte,True,2023,2023-11-13,Apartment,False,79.4,951.13,1195.61,11.98,16,5.56,5
861,Mitte,Mitte,True,2023,2023-06-21,Room,True,21.8,502.72,623.93,23.06,6,7.06,5
862,Prenzlauer Berg,Pankow,True,2023,2023-12-26,Apartment,False,71.9,1275.7,1529.8,17.74,12,6.64,4
863,Prenzlauer Berg,Pankow,True,2023,2023-08-05,Apartment,False,51.0,927.36,1090.72,18.18,12,6.64,4
864,Neukölln,Neukölln,True,2023,2023-09-30,Room,True,20.3,407.94,541.1,20.1,18,5.64,7
865,Lichtenberg,Lichtenberg,False,2023,2023-12-21,Apartment,False,57.6,651.58,844.88,11.31,24,5.4,3
866,Friedrichshain,Friedrichshain-Kreuzberg,True,2023,2023-02-09,Room,False,15.2,277.0,397.05,18.22,10,6.23,6
867,Friedrichshain,Friedrichshain-Kreuzberg,True,2023,2023-01-12,Room,True,16.1,330.89,485.73,20.55,10,6.23,6
868,Neukölln,Neukölln,True,2023,2023-11-27,Room,False,27.0,438.25,569.16,16.23,18,5.64,7
869,Mitte,Mitte,True,2023,2023-07-30,Room,True,26.2,632.21,773.22,24.13,6,7.06,5
870,Pankow,Pankow,False,2023,2023-10-08,Room,False,18.6,272.3,415.66,14.64,25,5.98,3
871,Moabit,Mitte,True,2023,2023-04-27,Apartment,False,79.9,1088.14,1364.62,13.62,18,5.81,5
872,Moabit,Mitte,True,2023,2023-11-13,Room,True,25.8,468.03,623.06,18.14,18,5.81,5
873,Kreuzberg,Friedrichshain-Kreuzberg,True,2023,2023-03-20,Apartment,True,83.7,1871.06,2151.43,22.35,14,6.47,6
874,Kreuzberg,Friedrichshain-Kreuzberg,True,2023,2023-10-15,Room,True,18.4,384.48,504.78,20.9,14,6.47,6
875,Steglitz,Steglitz-Zehlendorf,False,2023,2023-06-04,Room,True,18.8,312.54,431.86,16.62,32,6.14,3
876,Friedrichshain,Friedrichshain-Kreuzberg,True,2023,2023-06-13,Apartment,False,60.0,921.58,1111.31,15.36,10,6.23,6
877,Kreuzberg,Friedrichshain-Kreuzberg,True,2023,2023-08-31,Room,False,27.7,508.09,651.84,18.34,14,6.47,6
878,Neukölln,Neukölln,True,2023,2023-08-15,Apartment,False,84.7,1234.51,1528.39,14.58,18,5.64,7
879,Charlottenburg,Charlottenburg-Wilmersdorf,True,2023,2023-06-07,Apartment,False,80.0,1156.61,1416.28,14.46,22,6.56,4
880,Mitte,Mitte,True,2023,2023-11-25,Room,False,20.2,383.08,497.56,18.96,6,7.06,5
881,Prenzlauer Berg,Pankow,True,2023,2023-08-17,Apartment,True,81.8,1577.66,1842.25,19.29,12,6.64,4
882,Lichtenberg,Lichtenberg,False,2023,2023-01-29,Apartment,True,60.6,808.57,1008.22,13.34,24,5.4,3
883,Lichtenberg,Lichtenberg,False,2023,2023-06-29,Room,True,26.0,415.83,540.64,15.99,24,5.4,3
884,Neukölln,Neukölln,True,2023,2023-08-01,Apartment,False,39.4,580.32,704.42,14.73,18,5.64,7
885,Moabit,Mitte,True,2023,2023-03-13,Room,False,27.6,443.3,595.64,16.06,18,5.81,5
886,Pankow,Pankow,False,2023,2023-10-30,Apartment,True,50.2,833.56,986.76,16.6,25,5.98,3
887,Schöneberg,Tempelhof-Schöneberg,True,2023,2023-12-30,Room,False,26.8,453.1,590.11,16.91,19,6.23,4
888,Pankow,Pankow,False,2023,2023-06-04,Apartment,True,44.3,664.26,787.77,14.99,25,5.98,3
889,Pankow,Pankow,False,2023,2023-05-15,Room,False,20.5,275.09,387.2,13.42,25,5.98,3
890,Neukölln,Neukölln,True,2023,2023-08-02,Apartment,False,58.6,852.17,1060.4,14.54,18,5.64,7
891,Kreuzberg,Friedrichshain-Kreuzberg,True,2023,2023-02-04,Apartment,False,47.2,734.25,875.83,15.56,14,6.47,6
892,Pankow,Pankow,False,2023,2023-09-01,Apartment,False,63.3,828.94,1038.79,13.1,25,5.98,3
893,Steglitz,Steglitz-Zehlendorf,False,2023,2023-03-16,Apartment,True,71.6,945.03,1179.41,13.2,32,6.14,3
894,Charlottenburg,Charlottenburg-Wilmersdorf,True,2023,2023-11-22,Apartment,False,52.9,752.2,914.87,14.22,22,6.56,4
895,Charlottenburg,Charlottenburg-Wilmersdorf,True,2023,2023-02-18,Room,True,22.9,441.16,581.42,19.26,22,6.56,4
896,Pankow,Pankow,False,2023,2023-06-04,Apartment,False,78.6,1022.15,1286.75,13.0,25,5.98,3
897,Neukölln,Neukölln,True,2023,2023-01-07,Apartment,False,39.8,571.37,710.31,14.36,18,5.64,7
898,Kreuzberg,Friedrichshain-Kreuzberg,True,2023,2023-03-21,Apartment,True,59.2,1237.5,1405.76,20.9,14,6.47,6
899,Wedding,Mitte,True,2023,2023-09-30,Room,True,26.6,500.98,636.63,18.83,16,5.56,5
900,Steglitz,Steglitz-Zehlendorf,False,2023,2023-03-09,Apartment,False,40.7,481.84,596.56,11.84,32,6.14,3
901,Mitte,Mitte,True,2023,2023-06-25,Apartment,True,53.1,1304.5,1479.09,24.57,6,7.06,5
902,Kreuzberg,Friedrichshain-Kreuzberg,True,2023,2023-04-27,Apartment,True,75.7,1540.39,1758.26,20.35,14,6.47,6
903,Neukölln,Neukölln,True,2023,2023-09-05,Room,True,15.1,310.86,426.36,20.59,18,5.64,7
904,Schöneberg,Tempelhof-Schöneberg,True,2023,2023-05-10,Room,True,25.1,497.87,615.22,19.84,19,6.23,4
905,Mitte,Mitte,True,2023,2023-04-16,Room,False,24.6,517.67,671.07,21.04,6,7.06,5
906,Pankow,Pankow,False,2023,2023-10-24,Apartment,True,52.6,767.93,957.17,14.6,25,5.98,3
907,Charlottenburg,Charlottenburg-Wilmersdorf,True,2023,2023-02-04,Room,False,24.9,445.25,579.97,17.88,22,6.56,4
908,Friedrichshain,Friedrichshain-Kreuzberg,True,2023,2023-03-29,Apartment,False,61.4,1045.43,1267.57,17.03,10,6.23,6
909,Wedding,Mitte,True,2023,2023-09-01,Room,False,26.9,429.36,579.67,15.96,16,5.56,5
910,Charlottenburg,Charlottenburg-Wilmersdorf,True,2023,2023-08-06,Apartment,True,68.7,1263.74,1513.34,18.4,22,6.56,4
911,Prenzlauer Berg,Pankow,True,2023,2023-09-24,Apartment,False,73.1,1200.11,1431.79,16.42,12,6.64,4
912,Kreuzberg,Friedrichshain-Kreuzberg,True,2023,2023-07-17,Apartment,True,49.4,1019.76,1177.56,20.64,14,6.47,6
913,Neukölln,Neukölln,True,2023,2023-07-28,Apartment,False,69.4,1042.01,1246.97,15.01,18,5.64,7
914,Neukölln,Neukölln,True,2023,2023-12-14,Apartment,False,77.8,1178.66,1448.8,15.15,18,5.64,7
915,Charlottenburg,Charlottenburg-Wilmersdorf,True,2023,2023-12-04,Room,False,20.9,345.87,477.58,16.55,22,6.56,4
916,Lichtenberg,Lichtenberg,False,2023,2023-03-28,Room,True,19.6,316.61,470.25,16.15,24,5.4,3
917,Friedrichshain,Friedrichshain-Kreuzberg,True,2023,2023-08-06,Room,True,16.8,389.52,512.0,23.19,10,6.23,6
918,Steglitz,Steglitz-Zehlendorf,False,2023,2023-11-26,Apartment,False,73.3,888.53,1140.0,12.12,32,6.14,3
919,Schöneberg,Tempelhof-Schöneberg,True,2023,2023-03-17,Room,False,27.3,501.54,636.55,18.37,19,6.23,4
920,Moabit,Mitte,True,2023,2023-01-28,Room,True,21.0,404.55,521.03,19.26,18,5.81,5
921,Friedrichshain,Friedrichshain-Kreuzberg,True,2023,2023-11-16,Apartment,True,44.0,895.98,1028.97,20.36,10,6.23,6
922,Friedrichshain,Friedrichshain-Kreuzberg,True,2023,2023-05-31,Apartment,False,61.0,998.76,1192.09,16.37,10,6.23,6
923,Lichtenberg,Lichtenberg,False,2023,2023-01-10,Apartment,False,62.1,759.06,960.05,12.22,24,5.4,3
924,Mitte,Mitte,True,2023,2023-08-15,Apartment,False,41.0,734.32,878.54,17.91,6,7.06,5
925,Moabit,Mitte,True,2023,2023-08-09,Room,True,23.2,486.27,605.66,20.96,18,5.81,5
926,Kreuzberg,Friedrichshain-Kreuzberg,True,2023,2023-10-11,Room,False,24.7,469.55,603.62,19.01,14,6.47,6
927,Lichtenberg,Lichtenberg,False,2023,2023-05-15,Apartment,False,63.1,686.2,862.89,10.87,24,5.4,3
928,Moabit,Mitte,True,2023,2023-10-30,Apartment,True,68.8,1234.2,1427.2,17.94,18,5.81,5
929,Mitte,Mitte,True,2023,2023-07-14,Room,True,25.3,634.44,774.57,25.08,6,7.06,5
930,Friedrichshain,Friedrichshain-Kreuzberg,True,2023,2023-05-01,Room,False,19.8,342.53,465.52,17.3,10,6.23,6
931,Lichtenberg,Lichtenberg,False,2023,2023-10-03,Room,True,23.6,397.29,516.93,16.83,24,5.4,3
932,Charlottenburg,Charlottenburg-Wilmersdorf,True,2023,2023-01-11,Room,False,19.9,350.71,481.66,17.62,22,6.56,4
933,Steglitz,Steglitz-Zehlendorf,False,2023,2023-09-08,Apartment,True,50.8,747.39,891.56,14.71,32,6.14,3
934,Friedrichshain,Friedrichshain-Kreuzberg,True,2023,2023-06-03,Apartment,True,59.8,1304.06,1477.48,21.81,10,6.23,6
935,Charlottenburg,Charlottenburg-Wilmersdorf,True,2023,2023-04-20,Apartment,True,66.8,1330.89,1565.71,19.92,22,6.56,4
936,Neukölln,Neukölln,True,2023,2023-10-24,Room,True,22.0,454.42,609.53,20.66,18,5.64,7
937,Friedrichshain,Friedrichshain-Kreuzberg,True,2023,2023-02-09,Apartment,True,63.3,1284.95,1478.81,20.3,10,6.23,6
938,Lichtenberg,Lichtenberg,False,2023,2023-08-01,Apartment,False,50.0,596.09,747.69,11.92,24,5.4,3
939,Schöneberg,Tempelhof-Schöneberg,True,2023,2023-11-18,Room,False,23.4,403.57,555.21,17.25,19,6.23,4
940,Steglitz,Steglitz-Zehlendorf,False,2023,2023-05-18,Apartment,True,60.0,941.08,1156.74,15.68,32,6.14,3
941,Lichtenberg,Lichtenberg,False,2023,2023-11-17,Apartment,False,73.5,841.39,1080.96,11.45,24,5.4,3
942,Mitte,Mitte,True,2023,2023-08-11,Apartment,True,42.4,906.89,1034.95,21.39,6,7.06,5
943,Schöneberg,Tempelhof-Schöneberg,True,2023,2023-05-27,Room,False,14.9,243.88,374.44,16.37,19,6.23,4
944,Lichtenberg,Lichtenberg,False,2023,2023-01-15,Room,False,17.3,228.39,347.14,13.2,24,5.4,3
945,Prenzlauer Berg,Pankow,True,2023,2023-04-14,Apartment,True,59.3,1347.59,1559.0,22.72,12,6.64,4
946,Kreuzberg,Friedrichshain-Kreuzberg,True,2023,2023-01-22,Room,True,25.1,550.27,691.26,21.92,14,6.47,6
947,Steglitz,Steglitz-Zehlendorf,False,2023,2023-07-28,Apartment,True,78.0,1078.17,1353.55,13.82,32,6.14,3
948,Charlottenburg,Charlottenburg-Wilmersdorf,True,2023,2023-05-01,Apartment,False,54.8,897.96,1090.22,16.39,22,6.56,4
949,Friedrichshain,Friedrichshain-Kreuzberg,True,2023,2023-09-26,Apartment,False,41.0,691.91,826.08,16.88,10,6.23,6
950,Neukölln,Neukölln,True,2023,2023-07-19,Apartment,True,65.0,1174.76,1402.2,18.07,18,5.64,7
951,Steglitz,Steglitz-Zehlendorf,False,2023,2023-05-21,Apartment,False,45.9,508.91,643.98,11.09,32,6.14,3
952,Moabit,Mitte,True,2023,2023-02-27,Room,False,14.8,241.65,385.13,16.33,18,5.81,5
953,Charlottenburg,Charlottenburg-Wilmersdorf,True,2023,2023-03-16,Apartment,False,47.3,701.86,865.32,14.84,22,6.56,4
954,Charlottenburg,Charlottenburg-Wilmersdorf,True,2023,2023-12-06,Apartment,True,50.4,1029.46,1169.64,20.43,22,6.56,4
955,Mitte,Mitte,True,2023,2023-12-25,Apartment,False,47.0,857.31,999.64,18.24,6,7.06,5
956,Charlottenburg,Charlottenburg-Wilmersdorf,True,2023,2023-01-05,Apartment,False,61.7,908.51,1102.75,14.72,22,6.56,4
957,Schöneberg,Tempelhof-Schöneberg,True,2023,2023-06-02,Apartment,False,50.0,807.7,979.25,16.15,19,6.23,4
958,Prenzlauer Berg,Pankow,True,2023,2023-01-18,Apartment,True,56.9,1193.98,1383.46,20.98,12,6.64,4
959,Neukölln,Neukölln,True,2023,2023-06-20,Apartment,False,82.0,1154.66,1410.64,14.08,18,5.64,7
960,Steglitz,Steglitz-Zehlendorf,False,2023,2023-02-03,Room,False,15.4,205.76,329.5,13.36,32,6.14,3
961,Charlottenburg,Charlottenburg-Wilmersdorf,True,2023,2023-01-27,Room,False,21.7,371.73,515.01,17.13,22,6.56,4
962,Lichtenberg,Lichtenberg,False,2023,2023-11-18,Apartment,False,74.6,808.14,1040.19,10.83,24,5.4,3
963,Neukölln,Neukölln,True,2023,2023-03-08,Room,True,16.2,329.98,479.36,20.37,18,5.64,7
964,Pankow,Pankow,False,2023,2023-05-14,Apartment,False,51.0,624.31,798.3,12.24,25,5.98,3
965,Kreuzberg,Friedrichshain-Kreuzberg,True,2023,2023-04-04,Apartment,False,75.0,1184.4,1418.63,15.79,14,6.47,6
966,Schöneberg,Tempelhof-Schöneberg,True,2023,2023-10-13,Apartment,False,79.2,1128.79,1414.17,14.25,19,6.23,4
967,Lichtenberg,Lichtenberg,False,2023,2023-01-26,Apartment,True,39.4,549.21,687.77,13.94,24,5.4,3
968,Schöneberg,Tempelhof-Schöneberg,True,2023,2023-10-18,Apartment,False,42.5,689.01,812.39,16.21,19,6.23,4
969,Friedrichshain,Friedrichshain-Kreuzberg,True,2023,2023-09-11,Room,False,24.8,488.81,638.04,19.71,10,6.23,6
970,Friedrichshain,Friedrichshain-Kreuzberg,True,2023,2023-07-15,Room,True,27.2,620.63,766.22,22.82,10,6.23,6
971,Kreuzberg,Friedrichshain-Kreuzberg,True,2023,2023-04-03,Room,True,17.0,410.03,530.55,24.12,14,6.47,6
972,Schöneberg,Tempelhof-Schöneberg,True,2023,2023-10-26,Apartment,True,83.8,1477.01,1726.19,17.63,19,6.23,4
973,Lichtenberg,Lichtenberg,False,2023,2023-04-19,Apartment,True,58.4,935.48,1116.98,16.02,24,5.4,3
974,Steglitz,Steglitz-Zehlendorf,False,2023,2023-01-27,Room,False,22.4,295.19,432.25,13.18,32,6.14,3
975,Charlottenburg,Charlottenburg-Wilmersdorf,True,2023,2023-11-03,Apartment,False,52.7,829.68,1006.42,15.74,22,6.56,4
976,Steglitz,Steglitz-Zehlendorf,False,2023,2023-07-09,Apartment,True,47.7,706.49,854.61,14.81,32,6.14,3
977,Kreuzberg,Friedrichshain-Kreuzberg,True,2023,2023-06-23,Apartment,False,64.0,1022.42,1227.44,15.98,14,6.47,6
978,Moabit,Mitte,True,2023,2023-03-07,Room,True,21.4,382.29,496.28,17.86,18,5.81,5
979,Moabit,Mitte,True,2023,2023-05-15,Apartment,False,72.4,1098.8,1316.34,15.18,18,5.81,5
980,Pankow,Pankow,False,2023,2023-09-09,Apartment,False,60.8,738.6,914.83,12.15,25,5.98,3
981,Kreuzberg,Friedrichshain-Kreuzberg,True,2023,2023-01-28,Apartment,False,66.8,1102.85,1297.91,16.51,14,6.47,6
982,Prenzlauer Berg,Pankow,True,2023,2023-09-11,Room,False,16.3,309.9,427.12,19.01,12,6.64,4
983,Mitte,Mitte,True,2023,2023-03-17,Room,False,21.9,439.43,556.49,20.07,6,7.06,5
984,Friedrichshain,Friedrichshain-Kreuzberg,True,2023,2023-10-16,Room,True,18.0,428.91,577.93,23.83,10,6.23,6
985,Lichtenberg,Lichtenberg,False,2023,2023-08-02,Apartment,False,83.6,972.94,1245.79,11.64,24,5.4,3
986,Friedrichshain,Friedrichshain-Kreuzberg,True,2023,2023-12-15,Room,False,15.3,276.2,400.99,18.05,10,6.23,6
987,Friedrichshain,Friedrichshain-Kreuzberg,True,2023,2023-02-11,Room,False,27.3,531.19,650.11,19.46,10,6.23,6
988,Moabit,Mitte,True,2023,2023-01-03,Apartment,False,57.7,879.9,1069.43,15.25,18,5.81,5
989,Charlottenburg,Charlottenburg-Wilmersdorf,True,2023,2023-10-19,Apartment,False,82.5,1234.89,1516.08,14.97,22,6.56,4
990,Kreuzberg,Friedrichshain-Kreuzberg,True,2023,2023-11-05,Room,True,23.0,486.9,602.08,21.17,14,6.47,6
991,Schöneberg,Tempelhof-Schöneberg,True,2023,2023-04-17,Room,True,17.4,368.9,481.82,21.2,19,6.23,4
992,Kreuzberg,Friedrichshain-Kreuzberg,True,2023,2023-06-02,Room,False,23.1,464.15,583.09,20.09,14,6.47,6
993,Moabit,Mitte,True,2023,2023-07-03,Apartment,False,81.1,1226.25,1493.33,15.12,18,5.81,5
994,Lichtenberg,Lichtenberg,False,2023,2023-11-04,Room,True,16.8,272.14,396.22,16.2,24,5.4,3
995,Schöneberg,Tempelhof-Schöneberg,True,2023,2023-02-17,Room,False,19.2,313.41,453.79,16.32,19,6.23,4
996,Mitte,Mitte,True,2023,2023-09-11,Apartment,False,68.8,1275.99,1509.38,18.55,6,7.06,5
997,Wedding,Mitte,True,2023,2023-09-02,Apartment,False,49.5,630.02,806.56,12.73,16,5.56,5
998,Neukölln,Neukölln,True,2023,2023-01-25,Room,True,26.6,547.71,673.01,20.59,18,5.64,7
999,Wedding,Mitte,True,2023,2023-10-19,Room,True,15.5,266.88,408.62,17.22,16,5.56,5
1000,Neukölln,Neukölln,True,2023,2023-08-25,Room,False,24.8,374.94,520.26,15.12,18,5.64,7
1001,Kreuzberg,Friedrichshain-Kreuzberg,True,2023,2023-06-10,Apartment,False,37.3,613.18,739.4,16.44,14,6.47,6
1002,Pankow,Pankow,False,2023,2023-04-06,Apartment,False,57.5,745.36,921.15,12.96,25,5.98,3
1003,Prenzlauer Berg,Pankow,True,2023,2023-10-01,Room,False,22.5,453.73,570.51,20.17,12,6.64,4
1004,Mitte,Mitte,True,2023,2023-11-05,Room,True,16.4,402.36,553.46,24.53,6,7.06,5
1005,Steglitz,Steglitz-Zehlendorf,False,2023,2023-12-20,Apartment,False,83.7,973.17,1254.1,11.63,32,6.14,3
1006,Lichtenberg,Lichtenberg,False,2023,2023-04-07,Room,True,15.8,233.76,346.47,14.79,24,5.4,3
1007,Mitte,Mitte,True,2023,2023-10-03,Room,False,23.1,461.98,602.15,20.0,6,7.06,5
1008,Prenzlauer Berg,Pankow,True,2023,2023-03-20,Room,False,16.1,304.02,421.26,18.88,12,6.64,4
1009,Steglitz,Steglitz-Zehlendorf,False,2023,2023-04-14,Apartment,False,58.6,743.48,935.49,12.69,32,6.14,3
1010,Neukölln,Neukölln,True,2023,2023-08-10,Apartment,False,37.5,484.23,608.63,12.91,18,5.64,7
1011,Schöneberg,Tempelhof-Schöneberg,True,2023,2023-09-07,Apartment,False,64.8,980.65,1175.81,15.13,19,6.23,4
1012,Schöneberg,Tempelhof-Schöneberg,True,2023,2023-09-07,Apartment,False,65.6,1014.55,1243.17,15.47,19,6.23,4
1013,Prenzlauer Berg,Pankow,True,2023,2023-11-28,Apartment,False,56.1,921.28,1078.76,16.42,12,6.64,4
1014,Schöneberg,Tempelhof-Schöneberg,True,2023,2023-03-24,Apartment,True,66.1,1254.21,1461.94,18.97,19,6.23,4
1015,Neukölln,Neukölln,True,2023,2023-12-17,Apartment,False,56.9,806.47,993.04,14.17,18,5.64,7
1016,Charlottenburg,Charlottenburg-Wilmersdorf,True,2023,2023-12-31,Apartment,False,70.8,1087.75,1338.73,15.36,22,6.56,4
1017,Schöneberg,Tempelhof-Schöneberg,True,2023,2023-03-24,Apartment,False,68.7,1072.75,1310.89,15.61,19,6.23,4
1018,Pankow,Pankow,False,2023,2023-03-22,Room,False,15.2,218.91,338.71,14.4,25,5.98,3
1019,Pankow,Pankow,False,2023,2023-10-13,Apartment,False,82.2,1009.0,1252.41,12.27,25,5.98,3
1020,Mitte,Mitte,True,2023,2023-09-15,Apartment,True,48.0,1074.57,1243.7,22.39,6,7.06,5
1021,Mitte,Mitte,True,2023,2023-06-24,Apartment,True,40.7,872.78,1002.52,21.44,6,7.06,5
1022,Charlottenburg,Charlottenburg-Wilmersdorf,True,2023,2023-09-21,Apartment,False,62.9,1040.48,1261.77,16.54,22,6.56,4
1023,Pankow,Pankow,False,2023,2023-02-26,Apartment,False,81.3,988.0,1245.02,12.15,25,5.98,3
1024,Friedrichshain,Friedrichshain-Kreuzberg,True,2023,2023-09-17,Apartment,False,77.9,1186.62,1440.28,15.23,10,6.23,6
1025,Friedrichshain,Friedrichshain-Kreuzberg,True,2023,2023-09-17,Room,True,16.9,374.95,518.82,22.19,10,6.23,6
1026,Moabit,Mitte,True,2023,2023-08-13,Apartment,True,67.4,1104.01,1340.84,16.38,18,5.81,5
1027,Schöneberg,Tempelhof-Schöneberg,True,2023,2023-05-17,Apartment,True,76.7,1389.55,1612.3,18.12,19,6.23,4
1028,Charlottenburg,Charlottenburg-Wilmersdorf,True,2023,2023-09-29,Apartment,False,66.5,980.85,1208.8,14.75,22,6.56,4
1029,Schöneberg,Tempelhof-Schöneberg,True,2023,2023-09-22,Apartment,True,56.4,1169.71,1373.13,20.74,19,6.23,4
1030,Lichtenberg,Lichtenberg,False,2023,2023-02-13,Room,True,16.0,250.72,405.18,15.67,24,5.4,3
1031,Charlottenburg,Charlottenburg-Wilmersdorf,True,2023,2023-12-05,Room,False,16.3,267.87,414.03,16.43,22,6.56,4
1032,Lichtenberg,Lichtenberg,False,2023,2023-09-24,Room,False,27.7,407.81,555.77,14.72,24,5.4,3
1033,Neukölln,Neukölln,True,2023,2023-06-10,Room,False,23.8,409.45,553.92,17.2,18,5.64,7
1034,Charlottenburg,Charlottenburg-Wilmersdorf,True,2023,2023-04-16,Room,True,21.4,487.93,620.01,22.8,22,6.56,4
1035,Wedding,Mitte,True,2023,2023-11-29,Apartment,False,57.1,714.69,913.43,12.52,16,5.56,5
1036,Schöneberg,Tempelhof-Schöneberg,True,2023,2023-03-06,Apartment,False,39.2,591.46,713.02,15.09,19,6.23,4
1037,Wedding,Mitte,True,2023,2023-03-23,Apartment,True,39.6,639.19,775.07,16.14,16,5.56,5
1038,Mitte,Mitte,True,2023,2023-08-05,Room,False,22.3,432.91,579.75,19.41,6,7.06,5
1039,Wedding,Mitte,True,2023,2023-11-30,Room,True,19.2,348.31,462.46,18.14,16,5.56,5
1040,Friedrichshain,Friedrichshain-Kreuzberg,True,2023,2023-10-25,Room,False,14.1,254.94,377.56,18.08,10,6.23,6
1041,Pankow,Pankow,False,2023,2023-06-03,Apartment,False,68.3,890.85,1093.05,13.04,25,5.98,3
1042,Neukölln,Neukölln,True,2023,2023-05-07,Apartment,False,63.6,842.44,1038.96,13.25,18,5.64,7
1043,Friedrichshain,Friedrichshain-Kreuzberg,True,2023,2023-12-31,Room,False,25.5,462.63,579.04,18.14,10,6.23,6
1044,Schöneberg,Tempelhof-Schöneberg,True,2023,2023-07-09,Apartment,True,38.1,755.4,875.47,19.83,19,6.23,4
1045,Lichtenberg,Lichtenberg,False,2023,2023-09-13,Apartment,False,60.9,692.25,874.18,11.37,24,5.4,3
1046,Lichtenberg,Lichtenberg,False,2023,2023-03-25,Room,False,27.0,370.35,526.15,13.72,24,5.4,3
1047,Kreuzberg,Friedrichshain-Kreuzberg,True,2023,2023-09-28,Apartment,False,57.9,1046.84,1232.81,18.08,14,6.47,6
1048,Friedrichshain,Friedrichshain-Kreuzberg,True,2023,2023-03-02,Apartment,False,36.6,563.39,682.45,15.39,10,6.23,6
1049,Pankow,Pankow,False,2023,2023-06-06,Apartment,True,53.5,786.39,939.18,14.7,25,5.98,3
1050,Charlottenburg,Charlottenburg-Wilmersdorf,True,2023,2023-01-25,Room,False,25.1,417.81,556.34,16.65,22,6.56,4
1051,Neukölln,Neukölln,True,2023,2023-01-23,Apartment,True,76.0,1282.57,1515.42,16.88,18,5.64,7
1052,Schöneberg,Tempelhof-Schöneberg,True,2023,2023-11-07,Apartment,True,57.6,1027.25,1228.91,17.83,19,6.23,4
1053,Kreuzberg,Friedrichshain-Kreuzberg,True,2023,2023-06-16,Apartment,False,58.0,959.28,1142.22,16.54,14,6.47,6
1054,Friedrichshain,Friedrichshain-Kreuzberg,True,2023,2023-10-04,Apartment,False,55.5,866.65,1039.03,15.62,10,6.23,6
1055,Mitte,Mitte,True,2023,2023-12-29,Apartment,False,71.8,1331.23,1584.64,18.54,6,7.06,5
1056,Mitte,Mitte,True,2023,2023-10-14,Apartment,False,70.4,1286.03,1487.47,18.27,6,7.06,5
1057,Friedrichshain,Friedrichshain-Kreuzberg,True,2023,2023-04-07,Room,False,22.1,382.1,519.76,17.29,10,6.23,6
1058,Moabit,Mitte,True,2023,2023-04-16,Apartment,True,67.9,1247.79,1451.32,18.38,18,5.81,5
1059,Prenzlauer Berg,Pankow,True,2023,2023-06-14,Apartment,False,64.0,1006.24,1212.97,15.72,12,6.64,4
1060,Schöneberg,Tempelhof-Schöneberg,True,2023,2023-01-13,Apartment,False,81.7,1189.62,1427.57,14.56,19,6.23,4
1061,Wedding,Mitte,True,2023,2023-05-11,Room,True,15.6,257.03,375.51,16.48,16,5.56,5
1062,Friedrichshain,Friedrichshain-Kreuzberg,True,2023,2023-04-03,Room,False,23.5,406.69,561.94,17.31,10,6.23,6
1063,Mitte,Mitte,True,2023,2023-03-03,Apartment,True,39.9,868.94,987.93,21.78,6,7.06,5
1064,Mitte,Mitte,True,2023,2023-07-17,Room,False,22.2,447.8,593.66,20.17,6,7.06,5
1065,Friedrichshain,Friedrichshain-Kreuzberg,True,2023,2023-01-10,Room,True,21.7,433.41,573.92,19.97,10,6.23,6
1066,Neukölln,Neukölln,True,2023,2023-03-06,Apartment,False,40.1,594.18,727.97,14.82,18,5.64,7
1067,Neukölln,Neukölln,True,2023,2023-03-14,Apartment,False,77.3,1094.2,1361.24,14.16,18,5.64,7
1068,Charlottenburg,Charlottenburg-Wilmersdorf,True,2023,2023-01-22,Apartment,True,47.3,1023.02,1176.73,21.63,22,6.56,4
1069,Mitte,Mitte,True,2023,2023-01-31,Apartment,False,66.0,1225.21,1416.65,18.56,6,7.06,5
1070,Moabit,Mitte,True,2023,2023-09-19,Room,True,23.5,506.34,627.91,21.55,18,5.81,5
1071,Neukölln,Neukölln,True,2023,2023-03-04,Room,False,21.9,346.24,476.03,15.81,18,5.64,7
1072,Kreuzberg,Friedrichshain-Kreuzberg,True,2023,2023-06-12,Apartment,False,78.9,1248.85,1501.67,15.83,14,6.47,6
1073,Lichtenberg,Lichtenberg,False,2023,2023-12-06,Apartment,False,84.0,1009.11,1260.75,12.01,24,5.4,3
1074,Charlottenburg,Charlottenburg-Wilmersdorf,True,2023,2023-11-27,Room,False,22.4,365.44,508.57,16.31,22,6.56,4
1075,Mitte,Mitte,True,2023,2023-09-08,Apartment,True,35.5,753.24,873.12,21.22,6,7.06,5
1076,Schöneberg,Tempelhof-Schöneberg,True,2023,2023-12-10,Apartment,False,67.5,935.54,1123.05,13.86,19,6.23,4
1077,Moabit,Mitte,True,2023,2023-12-23,Apartment,True,75.6,1380.22,1600.18,18.26,18,5.81,5
1078,Mitte,Mitte,True,2023,2023-12-15,Room,True,16.7,382.62,528.75,22.91,6,7.06,5
1079,Steglitz,Steglitz-Zehlendorf,False,2023,2023-09-10,Room,True,22.6,377.22,499.76,16.69,32,6.14,3
1080,Charlottenburg,Charlottenburg-Wilmersdorf,True,2023,2023-11-23,Room,False,23.9,426.93,539.25,17.86,22,6.56,4
1081,Schöneberg,Tempelhof-Schöneberg,True,2023,2023-12-11,Room,True,21.0,399.86,545.11,19.04,19,6.23,4
1082,Lichtenberg,Lichtenberg,False,2023,2023-04-27,Apartment,True,64.4,930.81,1162.02,14.45,24,5.4,3
1083,Wedding,Mitte,True,2023,2023-11-11,Apartment,True,77.4,1181.75,1441.81,15.27,16,5.56,5
1084,Neukölln,Neukölln,True,2023,2023-11-29,Apartment,False,35.1,490.36,608.15,13.97,18,5.64,7
1085,Mitte,Mitte,True,2023,2023-09-11,Apartment,True,77.2,1638.91,1887.22,21.23,6,7.06,5
1086,Charlottenburg,Charlottenburg-Wilmersdorf,True,2023,2023-06-11,Apartment,True,71.1,1302.9,1532.49,18.32,22,6.56,4
1087,Mitte,Mitte,True,2023,2023-12-20,Room,True,26.3,693.77,815.92,26.38,6,7.06,5
1088,Schöneberg,Tempelhof-Schöneberg,True,2023,2023-11-17,Apartment,False,44.8,651.04,776.77,14.53,19,6.23,4
1089,Friedrichshain,Friedrichshain-Kreuzberg,True,2023,2023-05-09,Room,False,14.3,276.67,430.75,19.35,10,6.23,6
1090,Prenzlauer Berg,Pankow,True,2023,2023-02-07,Room,True,18.8,396.79,544.53,21.11,12,6.64,4
1091,Pankow,Pankow,False,2023,2023-02-01,Apartment,False,66.3,826.2,1013.63,12.46,25,5.98,3
1092,Mitte,Mitte,True,2023,2023-08-15,Room,False,23.7,498.75,613.54,21.04,6,7.06,5
1093,Mitte,Mitte,True,2023,2023-05-31,Room,False,14.9,308.84,446.01,20.73,6,7.06,5
1094,Schöneberg,Tempelhof-Schöneberg,True,2023,2023-11-16,Room,False,19.8,357.53,504.97,18.06,19,6.23,4
1095,Mitte,Mitte,True,2023,2023-11-30,Apartment,False,56.4,1041.03,1201.27,18.46,6,7.06,5
1096,Lichtenberg,Lichtenberg,False,2023,2023-11-01,Apartment,False,51.4,562.8,708.9,10.95,24,5.4,3
1097,Steglitz,Steglitz-Zehlendorf,False,2023,2023-05-12,Room,False,16.7,237.62,378.3,14.23,32,6.14,3
1098,Charlottenburg,Charlottenburg-Wilmersdorf,True,2023,2023-01-31,Room,False,20.2,341.6,489.47,16.91,22,6.56,4
1099,Kreuzberg,Friedrichshain-Kreuzberg,True,2023,2023-10-05,Room,False,27.4,535.15,661.15,19.53,14,6.47,6
1100,Kreuzberg,Friedrichshain-Kreuzberg,True,2023,2023-12-14,Room,True,18.8,399.13,537.52,21.23,14,6.47,6
1101,Kreuzberg,Friedrichshain-Kreuzberg,True,2023,2023-04-11,Room,False,25.7,509.48,640.47,19.82,14,6.47,6
1102,Prenzlauer Berg,Pankow,True,2023,2023-08-28,Apartment,True,38.4,761.93,891.44,19.84,12,6.64,4
1103,Pankow,Pankow,False,2023,2023-06-18,Apartment,False,63.3,755.09,946.24,11.93,25,5.98,3
1104,Kreuzberg,Friedrichshain-Kreuzberg,True,2023,2023-11-24,Room,False,26.7,502.1,655.5,18.81,14,6.47,6
1105,Prenzlauer Berg,Pankow,True,2023,2023-06-19,Apartment,False,45.7,773.29,930.57,16.92,12,6.64,4
1106,Steglitz,Steglitz-Zehlendorf,False,2023,2023-07-03,Room,False,25.6,333.79,446.24,13.04,32,6.14,3
1107,Mitte,Mitte,True,2023,2023-01-16,Apartment,True,57.0,1359.36,1534.57,23.85,6,7.06,5
1108,Prenzlauer Berg,Pankow,True,2023,2023-04-02,Room,True,26.4,616.71,753.66,23.36,12,6.64,4
1109,Prenzlauer Berg,Pankow,True,2023,2023-07-14,Room,False,26.7,473.67,616.16,17.74,12,6.64,4
1110,Lichtenberg,Lichtenberg,False,2023,2023-12-05,Apartment,True,81.8,1105.68,1390.22,13.52,24,5.4,3
1111,Kreuzberg,Friedrichshain-Kreuzberg,True,2023,2023-02-03,Apartment,False,84.9,1513.2,1813.79,17.82,14,6.47,6
1112,Friedrichshain,Friedrichshain-Kreuzberg,True,2023,2023-07-11,Room,False,25.1,443.6,572.62,17.67,10,6.23,6
1113,Charlottenburg,Charlottenburg-Wilmersdorf,True,2023,2023-04-07,Apartment,False,47.2,670.28,826.25,14.2,22,6.56,4
1114,Wedding,Mitte,True,2023,2023-09-18,Room,True,17.5,315.6,433.29,18.03,16,5.56,5
1115,Pankow,Pankow,False,2023,2023-09-18,Apartment,True,39.1,602.07,711.88,15.4,25,5.98,3
1116,Schöneberg,Tempelhof-Schöneberg,True,2023,2023-06-14,Apartment,False,60.5,906.57,1098.22,14.98,19,6.23,4
1117,Steglitz,Steglitz-Zehlendorf,False,2023,2023-07-25,Room,False,24.0,337.53,461.61,14.06,32,6.14,3
1118,Lichtenberg,Lichtenberg,False,2023,2023-05-01,Apartment,False,36.8,404.99,512.91,11.01,24,5.4,3
1119,Schöneberg,Tempelhof-Schöneberg,True,2023,2023-05-11,Room,False,19.3,313.61,463.52,16.25,19,6.23,4
1120,Wedding,Mitte,True,2023,2023-01-22,Room,False,18.1,272.6,394.96,15.06,16,5.56,5
1121,Moabit,Mitte,True,2023,2023-05-20,Apartment,True,57.6,982.57,1166.76,17.06,18,5.81,5
1122,Schöneberg,Tempelhof-Schöneberg,True,2023,2023-05-31,Room,False,17.7,283.93,436.5,16.04,19,6.23,4
1123,Wedding,Mitte,True,2023,2023-02-06,Apartment,False,74.3,1029.06,1239.97,13.85,16,5.56,5
1124,Charlottenburg,Charlottenburg-Wilmersdorf,True,2023,2023-12-16,Room,True,16.8,339.8,488.5,20.23,22,6.56,4
1125,Neukölln,Neukölln,True,2023,2023-10-06,Room,False,15.9,272.82,417.05,17.16,18,5.64,7
1126,Neukölln,Neukölln,True,2023,2023-10-24,Room,True,25.5,515.53,645.79,20.22,18,5.64,7
1127,Lichtenberg,Lichtenberg,False,2023,2023-04-27,Room,False,27.8,407.65,558.6,14.66,24,5.4,3
1128,Prenzlauer Berg,Pankow,True,2023,2023-08-25,Apartment,True,46.7,1003.57,1151.7,21.49,12,6.64,4
1129,Charlottenburg,Charlottenburg-Wilmersdorf,True,2023,2023-08-19,Apartment,True,44.4,908.67,1039.15,20.47,22,6.56,4
1130,Wedding,Mitte,True,2023,2023-12-04,Room,True,26.2,467.57,602.06,17.85,16,5.56,5
1131,Charlottenburg,Charlottenburg-Wilmersdorf,True,2023,2023-10-03,Room,False,23.6,409.02,556.06,17.33,22,6.56,4
1132,Neukölln,Neukölln,True,2023,2023-06-19,Room,True,25.0,504.66,659.53,20.19,18,5.64,7
1133,Pankow,Pankow,False,2023,2023-04-15,Apartment,False,65.4,856.24,1093.78,13.09,25,5.98,3
1134,Schöneberg,Tempelhof-Schöneberg,True,2023,2023-11-24,Room,False,20.6,343.77,499.06,16.69,19,6.23,4
1135,Neukölln,Neukölln,True,2023,2023-04-06,Room,True,21.7,400.91,534.9,18.48,18,5.64,7
1136,Prenzlauer Berg,Pankow,True,2023,2023-02-05,Room,False,18.0,330.21,471.89,18.34,12,6.64,4
1137,Moabit,Mitte,True,2023,2023-03-22,Room,False,16.4,280.75,411.24,17.12,18,5.81,5
1138,Friedrichshain,Friedrichshain-Kreuzberg,True,2023,2023-04-16,Room,False,24.4,444.54,597.2,18.22,10,6.23,6
1139,Kreuzberg,Friedrichshain-Kreuzberg,True,2023,2023-06-08,Apartment,True,75.9,1563.37,1811.38,20.6,14,6.47,6
1140,Pankow,Pankow,False,2023,2023-08-17,Room,False,20.4,281.44,438.04,13.8,25,5.98,3
1141,Friedrichshain,Friedrichshain-Kreuzberg,True,2023,2023-09-09,Apartment,False,47.3,751.88,906.19,15.9,10,6.23,6
1142,Moabit,Mitte,True,2023,2023-12-31,Apartment,True,39.6,739.49,860.75,18.67,18,5.81,5
1143,Neukölln,Neukölln,True,2023,2023-11-13,Room,False,25.9,416.69,536.77,16.09,18,5.64,7
1144,Steglitz,Steglitz-Zehlendorf,False,2023,2023-12-24,Room,False,23.2,336.21,452.51,14.49,32,6.14,3
1145,Mitte,Mitte,True,2023,2023-02-04,Room,False,17.8,366.3,491.44,20.58,6,7.06,5
1146,Steglitz,Steglitz-Zehlendorf,False,2023,2023-03-04,Apartment,False,80.4,943.44,1219.67,11.73,32,6.14,3
1147,Charlottenburg,Charlottenburg-Wilmersdorf,True,2023,2023-09-17,Room,True,24.7,505.61,628.98,20.47,22,6.56,4
1148,Mitte,Mitte,True,2023,2023-04-10,Apartment,True,69.7,1612.58,1851.05,23.14,6,7.06,5
1149,Schöneberg,Tempelhof-Schöneberg,True,2023,2023-08-25,Room,True,23.9,471.09,603.98,19.71,19,6.23,4
1150,Friedrichshain,Friedrichshain-Kreuzberg,True,2023,2023-05-23,Room,False,24.0,440.49,573.68,18.35,10,6.23,6
1151,Kreuzberg,Friedrichshain-Kreuzberg,True,2023,2023-02-09,Room,True,15.4,338.02,467.61,21.95,14,6.47,6
1152,Lichtenberg,Lichtenberg,False,2023,2023-01-18,Apartment,False,42.7,482.14,607.89,11.29,24,5.4,3
1153,Lichtenberg,Lichtenberg,False,2023,2023-12-06,Apartment,False,37.4,443.66,564.11,11.86,24,5.4,3
1154,Steglitz,Steglitz-Zehlendorf,False,2023,2023-07-13,Apartment,True,69.5,1026.92,1221.09,14.78,32,6.14,3
1155,Prenzlauer Berg,Pankow,True,2023,2023-06-22,Apartment,True,46.9,908.6,1079.33,19.37,12,6.64,4
1156,Prenzlauer Berg,Pankow,True,2023,2023-03-27,Apartment,True,82.9,1672.5,1950.02,20.17,12,6.64,4
1157,Mitte,Mitte,True,2023,2023-10-05,Room,True,18.6,443.1,564.42,23.82,6,7.06,5
1158,Schöneberg,Tempelhof-Schöneberg,True,2023,2023-06-11,Apartment,True,45.7,801.51,943.72,17.54,19,6.23,4
1159,Mitte,Mitte,True,2023,2023-07-08,Room,False,14.9,315.02,456.27,21.14,6,7.06,5
1160,Mitte,Mitte,True,2023,2023-10-02,Room,True,18.2,465.53,582.11,25.58,6,7.06,5
1161,Pankow,Pankow,False,2023,2023-12-14,Room,False,22.4,346.67,490.0,15.48,25,5.98,3
1162,Steglitz,Steglitz-Zehlendorf,False,2023,2023-02-04,Room,True,24.7,445.94,587.93,18.05,32,6.14,3
1163,Charlottenburg,Charlottenburg-Wilmersdorf,True,2023,2023-09-15,Room,False,20.3,357.56,502.94,17.61,22,6.56,4
1164,Pankow,Pankow,False,2023,2023-08-08,Apartment,True,36.1,554.54,661.5,15.36,25,5.98,3
1165,Prenzlauer Berg,Pankow,True,2023,2023-01-20,Apartment,True,53.7,1052.91,1210.46,19.61,12,6.64,4
1166,Prenzlauer Berg,Pankow,True,2023,2023-05-23,Apartment,False,82.3,1456.98,1707.65,17.7,12,6.64,4
1167,Charlottenburg,Charlottenburg-Wilmersdorf,True,2023,2023-05-28,Apartment,False,61.0,1022.69,1226.02,16.77,22,6.56,4
1168,Mitte,Mitte,True,2023,2023-12-07,Room,False,18.8,362.95,477.38,19.31,6,7.06,5
1169,Prenzlauer Berg,Pankow,True,2023,2023-04-04,Apartment,False,46.1,834.74,983.15,18.11,12,6.64,4
1170,Moabit,Mitte,True,2023,2023-04-15,Apartment,True,59.6,1077.88,1294.99,18.09,18,5.81,5
1171,Kreuzberg,Friedrichshain-Kreuzberg,True,2023,2023-02-10,Room,False,25.6,512.75,635.38,20.03,14,6.47,6
1172,Schöneberg,Tempelhof-Schöneberg,True,2023,2023-05-27,Apartment,True,71.1,1221.87,1433.33,17.19,19,6.23,4
1173,Pankow,Pankow,False,2023,2023-07-04,Room,False,17.8,267.8,383.4,15.04,25,5.98,3
1174,Schöneberg,Tempelhof-Schöneberg,True,2023,2023-03-21,Room,False,19.9,346.36,477.86,17.41,19,6.23,4
1175,Moabit,Mitte,True,2023,2023-11-01,Room,False,26.0,438.73,592.2,16.87,18,5.81,5
1176,Wedding,Mitte,True,2023,2023-07-12,Room,False,17.6,262.9,395.31,14.94,16,5.56,5
1177,Wedding,Mitte,True,2023,2023-01-07,Apartment,True,41.8,641.33,763.41,15.34,16,5.56,5
1178,Wedding,Mitte,True,2023,2023-07-16,Apartment,True,55.2,858.96,1047.63,15.56,16,5.56,5
1179,Moabit,Mitte,True,2023,2023-03-05,Room,False,15.0,257.7,414.36,17.18,18,5.81,5
1180,Schöneberg,Tempelhof-Schöneberg,True,2023,2023-06-28,Apartment,True,73.1,1507.86,1758.33,20.63,19,6.23,4
1181,Wedding,Mitte,True,2023,2023-08-06,Apartment,False,53.4,633.16,798.53,11.86,16,5.56,5
1182,Steglitz,Steglitz-Zehlendorf,False,2023,2023-01-15,Room,False,26.9,370.78,514.58,13.78,32,6.14,3
1183,Steglitz,Steglitz-Zehlendorf,False,2023,2023-10-24,Apartment,True,65.3,1006.3,1200.42,15.41,32,6.14,3
1184,Lichtenberg,Lichtenberg,False,2023,2023-10-28,Apartment,True,73.5,1126.65,1355.08,15.33,24,5.4,3
1185,Friedrichshain,Friedrichshain-Kreuzberg,True,2023,2023-09-30,Apartment,True,56.1,1178.71,1348.24,21.01,10,6.23,6
1186,Lichtenberg,Lichtenberg,False,2023,2023-02-15,Apartment,False,71.7,867.97,1124.79,12.11,24,5.4,3
1187,Friedrichshain,Friedrichshain-Kreuzberg,True,2023,2023-07-23,Apartment,False,52.2,801.37,980.1,15.35,10,6.23,6
1188,Steglitz,Steglitz-Zehlendorf,False,2023,2023-12-23,Room,False,25.4,330.91,446.05,13.03,32,6.14,3
1189,Schöneberg,Tempelhof-Schöneberg,True,2023,2023-12-27,Apartment,False,71.7,1011.59,1232.94,14.11,19,6.23,4
1190,Kreuzberg,Friedrichshain-Kreuzberg,True,2023,2023-01-31,Room,True,27.3,627.92,748.27,23.0,14,6.47,6
1191,Steglitz,Steglitz-Zehlendorf,False,2023,2023-11-17,Room,False,17.6,262.59,392.99,14.92,32,6.14,3
1192,Pankow,Pankow,False,2023,2023-02-02,Room,False,15.1,204.54,322.15,13.55,25,5.98,3
1193,Charlottenburg,Charlottenburg-Wilmersdorf,True,2023,2023-01-04,Room,True,20.8,437.35,561.32,21.03,22,6.56,4
1194,Lichtenberg,Lichtenberg,False,2023,2023-11-05,Apartment,False,39.8,462.89,572.6,11.63,24,5.4,3
1195,Wedding,Mitte,True,2023,2023-08-08,Apartment,False,81.6,1045.3,1294.45,12.81,16,5.56,5
1196,Charlottenburg,Charlottenburg-Wilmersdorf,True,2023,2023-12-07,Room,False,28.0,515.66,670.0,18.42,22,6.56,4
1197,Schöneberg,Tempelhof-Schöneberg,True,2023,2023-12-24,Room,True,19.0,367.88,500.44,19.36,19,6.23,4
1198,Schöneberg,Tempelhof-Schöneberg,True,2023,2023-05-24,Apartment,False,41.9,639.42,787.42,15.26,19,6.23,4
1199,Steglitz,Steglitz-Zehlendorf,False,2023,2023-12-05,Apartment,True,57.6,911.33,1096.42,15.82,32,6.14,3
1200,Prenzlauer Berg,Pankow,True,2023,2023-01-24,Room,False,27.2,505.9,646.42,18.6,12,6.64,4
1201,Steglitz,Steglitz-Zehlendorf,False,2023,2023-02-11,Room,False,22.5,311.96,451.53,13.86,32,6.14,3
1202,Charlottenburg,Charlottenburg-Wilmersdorf,True,2023,2023-02-21,Room,False,27.0,509.3,659.87,18.86,22,6.56,4
1203,Steglitz,Steglitz-Zehlendorf,False,2023,2023-09-16,Room,False,24.0,356.44,507.87,14.85,32,6.14,3
1204,Mitte,Mitte,True,2023,2023-08-28,Room,False,18.2,377.0,513.69,20.71,6,7.06,5
1205,Kreuzberg,Friedrichshain-Kreuzberg,True,2023,2023-03-29,Apartment,False,59.1,993.42,1168.89,16.81,14,6.47,6
1206,Lichtenberg,Lichtenberg,False,2023,2023-07-16,Apartment,True,84.7,1160.87,1418.68,13.71,24,5.4,3
1207,Neukölln,Neukölln,True,2023,2023-10-01,Room,True,20.7,415.32,533.43,20.06,18,5.64,7
1208,Lichtenberg,Lichtenberg,False,2023,2023-11-04,Apartment,True,69.6,1110.59,1349.99,15.96,24,5.4,3
1209,Friedrichshain,Friedrichshain-Kreuzberg,True,2023,2023-10-15,Apartment,True,70.9,1484.89,1720.84,20.94,10,6.23,6
1210,Schöneberg,Tempelhof-Schöneberg,True,2023,2023-04-07,Apartment,True,40.8,674.64,814.03,16.54,19,6.23,4
1211,Steglitz,Steglitz-Zehlendorf,False,2023,2023-01-01,Apartment,False,41.4,477.19,605.21,11.53,32,6.14,3
1212,Neukölln,Neukölln,True,2023,2023-07-06,Room,False,25.9,452.27,578.65,17.46,18,5.64,7
1213,Lichtenberg,Lichtenberg,False,2023,2023-08-24,Apartment,True,68.2,957.61,1145.72,14.04,24,5.4,3
1214,Charlottenburg,Charlottenburg-Wilmersdorf,True,2023,2023-11-04,Room,False,25.7,451.92,584.43,17.58,22,6.56,4
1215,Neukölln,Neukölln,True,2023,2023-06-08,Room,False,25.2,423.08,562.03,16.79,18,5.64,7
1216,Wedding,Mitte,True,2023,2023-09-11,Apartment,True,84.8,1400.32,1696.77,16.51,16,5.56,5
1217,Neukölln,Neukölln,True,2023,2023-04-26,Apartment,True,84.1,1477.6,1724.82,17.57,18,5.64,7
1218,Steglitz,Steglitz-Zehlendorf,False,2023,2023-06-03,Apartment,False,73.8,935.85,1187.11,12.68,32,6.14,3
1219,Lichtenberg,Lichtenberg,False,2023,2023-06-28,Apartment,True,36.1,504.79,619.45,13.98,24,5.4,3
1220,Schöneberg,Tempelhof-Schöneberg,True,2023,2023-10-08,Room,False,18.0,317.29,438.07,17.63,19,6.23,4
1221,Schöneberg,Tempelhof-Schöneberg,True,2023,2023-06-05,Room,True,25.1,523.76,677.82,20.87,19,6.23,4
1222,Moabit,Mitte,True,2023,2023-04-18,Apartment,False,57.1,802.89,1006.02,14.06,18,5.81,5
1223,Prenzlauer Berg,Pankow,True,2023,2023-03-17,Apartment,True,67.6,1436.18,1628.28,21.25,12,6.64,4
1224,Schöneberg,Tempelhof-Schöneberg,True,2023,2023-08-31,Apartment,False,77.1,1243.34,1462.03,16.13,19,6.23,4
1225,Kreuzberg,Friedrichshain-Kreuzberg,True,2023,2023-07-26,Apartment,True,60.8,1214.12,1389.45,19.97,14,6.47,6
1226,Prenzlauer Berg,Pankow,True,2023,2023-07-12,Room,True,20.8,508.84,650.22,24.46,12,6.64,4
1227,Steglitz,Steglitz-Zehlendorf,False,2023,2023-07-15,Apartment,False,39.5,467.9,605.61,11.85,32,6.14,3
1228,Neukölln,Neukölln,True,2023,2023-11-25,Apartment,False,35.6,469.46,571.27,13.19,18,5.64,7
1229,Lichtenberg,Lichtenberg,False,2023,2023-02-18,Apartment,True,64.3,1001.87,1218.84,15.58,24,5.4,3
1230,Pankow,Pankow,False,2023,2023-02-20,Room,False,23.0,328.8,466.51,14.3,25,5.98,3
1231,Charlottenburg,Charlottenburg-Wilmersdorf,True,2023,2023-01-11,Room,False,25.1,420.62,569.2,16.76,22,6.56,4
1232,Schöneberg,Tempelhof-Schöneberg,True,2023,2023-10-27,Apartment,False,75.6,1130.81,1374.02,14.96,19,6.23,4
1233,Wedding,Mitte,True,2023,2023-03-02,Apartment,False,41.2,554.21,703.32,13.45,16,5.56,5
1234,Kreuzberg,Friedrichshain-Kreuzberg,True,2023,2023-01-21,Apartment,False,35.3,583.55,690.61,16.53,14,6.47,6
1235,Kreuzberg,Friedrichshain-Kreuzberg,True,2023,2023-02-13,Apartment,False,39.4,629.01,764.06,15.96,14,6.47,6
1236,Friedrichshain,Friedrichshain-Kreuzberg,True,2023,2023-06-03,Apartment,True,62.2,1300.98,1472.03,20.92,10,6.23,6
1237,Mitte,Mitte,True,2023,2023-10-23,Apartment,False,74.1,1377.04,1610.49,18.58,6,7.06,5
1238,Moabit,Mitte,True,2023,2023-04-18,Apartment,False,84.3,1157.73,1430.39,13.73,18,5.81,5
1239,Steglitz,Steglitz-Zehlendorf,False,2023,2023-04-21,Room,False,17.3,232.16,357.65,13.42,32,6.14,3
1240,Kreuzberg,Friedrichshain-Kreuzberg,True,2023,2023-05-11,Apartment,True,53.0,1036.26,1185.56,19.55,14,6.47,6
1241,Neukölln,Neukölln,True,2023,2023-08-06,Room,False,19.6,299.52,422.96,15.28,18,5.64,7
1242,Steglitz,Steglitz-Zehlendorf,False,2023,2023-07-10,Room,True,22.8,375.96,517.01,16.49,32,6.14,3
1243,Pankow,Pankow,False,2023,2023-08-11,Apartment,False,65.2,789.75,978.06,12.11,25,5.98,3
1244,Schöneberg,Tempelhof-Schöneberg,True,2023,2023-10-08,Room,False,15.1,244.1,361.05,16.17,19,6.23,4
1245,Schöneberg,Tempelhof-Schöneberg,True,2023,2023-04-26,Room,False,19.1,318.96,443.26,16.7,19,6.23,4
1246,Neukölln,Neukölln,True,2023,2023-03-31,Room,True,27.6,512.47,666.12,18.57,18,5.64,7
1247,Wedding,Mitte,True,2023,2023-05-25,Apartment,True,76.1,1215.75,1473.0,15.98,16,5.56,5
1248,Wedding,Mitte,True,2023,2023-12-14,Room,True,14.7,263.14,383.27,17.9,16,5.56,5
1249,Wedding,Mitte,True,2023,2023-12-18,Apartment,False,55.1,720.88,885.25,13.08,16,5.56,5
1250,Wedding,Mitte,True,2023,2023-11-24,Apartment,False,42.1,548.41,674.32,13.03,16,5.56,5
1251,Charlottenburg,Charlottenburg-Wilmersdorf,True,2023,2023-08-28,Apartment,True,65.4,1259.31,1497.21,19.26,22,6.56,4
1252,Wedding,Mitte,True,2023,2023-04-28,Room,False,21.3,330.33,483.9,15.51,16,5.56,5
1253,Neukölln,Neukölln,True,2023,2023-02-09,Apartment,True,50.3,956.31,1123.37,19.01,18,5.64,7
1254,Steglitz,Steglitz-Zehlendorf,False,2023,2023-01-06,Room,True,22.1,343.87,497.7,15.56,32,6.14,3
1255,Schöneberg,Tempelhof-Schöneberg,True,2023,2023-12-13,Apartment,False,41.8,626.27,766.99,14.98,19,6.23,4
1256,Wedding,Mitte,True,2023,2023-08-06,Apartment,False,65.8,908.96,1134.08,13.81,16,5.56,5
1257,Steglitz,Steglitz-Zehlendorf,False,2023,2023-09-28,Apartment,True,84.7,1340.62,1649.71,15.83,32,6.14,3
1258,Lichtenberg,Lichtenberg,False,2023,2023-09-26,Apartment,False,83.2,993.79,1288.63,11.94,24,5.4,3
1259,Prenzlauer Berg,Pankow,True,2023,2023-03-29,Room,True,15.9,343.22,477.52,21.59,12,6.64,4
1260,Charlottenburg,Charlottenburg-Wilmersdorf,True,2023,2023-05-29,Apartment,True,69.0,1447.62,1690.64,20.98,22,6.56,4
1261,Neukölln,Neukölln,True,2023,2023-11-26,Apartment,True,35.1,623.96,749.64,17.78,18,5.64,7
1262,Wedding,Mitte,True,2023,2023-11-12,Apartment,True,58.2,947.32,1126.0,16.28,16,5.56,5
1263,Moabit,Mitte,True,2023,2023-02-21,Room,True,14.1,283.29,411.24,20.09,18,5.81,5
1264,Schöneberg,Tempelhof-Schöneberg,True,2023,2023-03-21,Apartment,True,60.7,1019.99,1213.54,16.8,19,6.23,4
1265,Lichtenberg,Lichtenberg,False,2023,2023-10-02,Room,False,19.2,258.43,410.58,13.46,24,5.4,3
1266,Neukölln,Neukölln,True,2023,2023-08-11,Room,False,25.8,399.19,527.11,15.47,18,5.64,7
1267,Mitte,Mitte,True,2023,2023-07-22,Room,False,16.8,323.52,437.33,19.26,6,7.06,5
1268,Schöneberg,Tempelhof-Schöneberg,True,2023,2023-12-07,Apartment,False,43.0,609.93,746.73,14.18,19,6.23,4
1269,Neukölln,Neukölln,True,2023,2023-07-24,Room,False,20.9,349.8,467.53,16.74,18,5.64,7
1270,Wedding,Mitte,True,2023,2023-01-11,Apartment,False,76.3,917.58,1193.17,12.03,16,5.56,5
1271,Kreuzberg,Friedrichshain-Kreuzberg,True,2023,2023-06-25,Room,False,24.7,446.49,589.01,18.08,14,6.47,6
1272,Schöneberg,Tempelhof-Schöneberg,True,2023,2023-08-08,Apartment,False,56.7,817.96,998.68,14.43,19,6.23,4
1273,Prenzlauer Berg,Pankow,True,2023,2023-05-15,Apartment,False,44.3,722.84,849.25,16.32,12,6.64,4
1274,Steglitz,Steglitz-Zehlendorf,False,2023,2023-12-25,Room,False,16.8,243.74,392.19,14.51,32,6.14,3
1275,Steglitz,Steglitz-Zehlendorf,False,2023,2023-03-09,Apartment,True,84.6,1287.62,1537.74,15.22,32,6.14,3
1276,Schöneberg,Tempelhof-Schöneberg,True,2023,2023-02-16,Room,False,27.0,457.29,597.03,16.94,19,6.23,4
1277,Mitte,Mitte,True,2023,2023-08-07,Room,False,23.8,515.02,637.0,21.64,6,7.06,5
1278,Moabit,Mitte,True,2023,2023-06-29,Room,False,14.7,224.92,353.28,15.3,18,5.81,5
1279,Steglitz,Steglitz-Zehlendorf,False,2023,2023-04-19,Room,True,14.7,222.64,368.15,15.15,32,6.14,3
1280,Neukölln,Neukölln,True,2023,2023-07-06,Apartment,False,40.0,534.37,678.51,13.36,18,5.64,7
1281,Charlottenburg,Charlottenburg-Wilmersdorf,True,2023,2023-07-05,Room,True,14.2,311.07,437.97,21.91,22,6.56,4
1282,Steglitz,Steglitz-Zehlendorf,False,2023,2023-07-16,Apartment,False,53.6,656.18,813.71,12.24,32,6.14,3
1283,Friedrichshain,Friedrichshain-Kreuzberg,True,2023,2023-12-02,Apartment,True,72.1,1378.13,1635.6,19.11,10,6.23,6
1284,Prenzlauer Berg,Pankow,True,2023,2023-06-04,Room,False,15.4,313.64,453.5,20.37,12,6.64,4
1285,Steglitz,Steglitz-Zehlendorf,False,2023,2023-08-03,Apartment,False,61.7,690.23,867.0,11.19,32,6.14,3
1286,Wedding,Mitte,True,2023,2023-06-27,Apartment,False,73.0,997.57,1235.13,13.67,16,5.56,5
1287,Charlottenburg,Charlottenburg-Wilmersdorf,True,2023,2023-09-15,Room,False,26.8,440.87,571.73,16.45,22,6.56,4
1288,Mitte,Mitte,True,2023,2023-12-22,Room,True,27.5,669.95,784.69,24.36,6,7.06,5
1289,Prenzlauer Berg,Pankow,True,2023,2023-03-26,Apartment,False,69.2,1252.5,1503.31,18.1,12,6.64,4
1290,Moabit,Mitte,True,2023,2023-04-05,Apartment,False,74.0,1025.34,1246.92,13.86,18,5.81,5
1291,Mitte,Mitte,True,2023,2023-12-29,Room,True,23.8,624.09,756.58,26.22,6,7.06,5
1292,Steglitz,Steglitz-Zehlendorf,False,2023,2023-01-24,Apartment,True,46.0,708.88,842.46,15.41,32,6.14,3
1293,Wedding,Mitte,True,2023,2023-01-27,Room,True,16.1,317.7,441.87,19.73,16,5.56,5
1294,Lichtenberg,Lichtenberg,False,2023,2023-11-20,Apartment,False,45.5,491.03,642.72,10.79,24,5.4,3
1295,Pankow,Pankow,False,2023,2023-11-10,Apartment,True,82.3,1309.31,1545.53,15.91,25,5.98,3
1296,Neukölln,Neukölln,True,2023,2023-04-01,Room,True,25.4,508.51,663.95,20.02,18,5.64,7
1297,Neukölln,Neukölln,True,2023,2023-02-24,Apartment,False,83.9,1246.41,1536.07,14.86,18,5.64,7
1298,Steglitz,Steglitz-Zehlendorf,False,2023,2023-10-10,Apartment,False,67.7,860.41,1085.23,12.71,32,6.14,3
1299,Prenzlauer Berg,Pankow,True,2023,2023-03-21,Apartment,True,48.4,1064.65,1230.55,22.0,12,6.64,4
1300,Moabit,Mitte,True,2023,2023-04-03,Room,False,19.2,330.66,446.88,17.22,18,5.81,5
1301,Moabit,Mitte,True,2024,2024-11-27,Room,False,16.6,282.8,439.63,17.04,18,6.37,5
1302,Neukölln,Neukölln,True,2024,2024-02-06,Room,True,16.5,342.0,469.13,20.73,18,6.19,7
1303,Schöneberg,Tempelhof-Schöneberg,True,2024,2024-01-07,Room,False,27.6,467.68,615.39,16.94,19,6.82,4
1304,Pankow,Pankow,False,2024,2024-01-23,Room,False,15.5,217.75,379.12,14.05,25,6.55,3
1305,Kreuzberg,Friedrichshain-Kreuzberg,True,2024,2024-02-24,Room,True,16.0,373.8,541.29,23.36,14,7.1,6
1306,Wedding,Mitte,True,2024,2024-08-15,Apartment,True,70.4,1127.84,1381.74,16.02,16,6.1,5
1307,Kreuzberg,Friedrichshain-Kreuzberg,True,2024,2024-10-05,Room,False,17.4,348.73,484.77,20.04,14,7.1,6
1308,Friedrichshain,Friedrichshain-Kreuzberg,True,2024,2024-01-01,Room,True,21.6,494.17,636.86,22.88,10,6.82,6
1309,Prenzlauer Berg,Pankow,True,2024,2024-12-16,Room,False,16.1,332.56,466.72,20.66,12,7.28,4
1310,Schöneberg,Tempelhof-Schöneberg,True,2024,2024-04-24,Apartment,False,80.1,1270.75,1590.48,15.86,19,6.82,4
1311,Friedrichshain,Friedrichshain-Kreuzberg,True,2024,2024-02-13,Apartment,True,38.8,806.48,959.05,20.79,10,6.82,6
1312,Mitte,Mitte,True,2024,2024-12-07,Apartment,True,61.5,1519.66,1718.62,24.71,6,7.73,5
1313,Lichtenberg,Lichtenberg,False,2024,2024-12-04,Room,False,18.9,257.01,422.24,13.6,24,5.91,3
1314,Charlottenburg,Charlottenburg-Wilmersdorf,True,2024,2024-03-17,Apartment,False,70.6,1063.91,1282.91,15.07,22,7.19,4
1315,Lichtenberg,Lichtenberg,False,2024,2024-02-27,Room,True,20.3,382.26,542.92,18.83,24,5.91,3
1316,Pankow,Pankow,False,2024,2024-07-16,Room,False,16.0,235.97,365.71,14.75,25,6.55,3
1317,Charlottenburg,Charlottenburg-Wilmersdorf,True,2024,2024-06-19,Room,False,23.7,431.19,590.9,18.19,22,7.19,4
1318,Kreuzberg,Friedrichshain-Kreuzberg,True,2024,2024-09-30,Apartment,False,47.3,829.25,997.04,17.53,14,7.1,6
1319,Moabit,Mitte,True,2024,2024-10-22,Apartment,False,54.2,820.52,1009.12,15.14,18,6.37,5
1320,Steglitz,Steglitz-Zehlendorf,False,2024,2024-07-04,Apartment,True,39.4,581.63,733.93,14.76,32,6.73,3
1321,Wedding,Mitte,True,2024,2024-03-12,Apartment,True,40.5,726.89,883.4,17.95,16,6.1,5
1322,Neukölln,Neukölln,True,2024,2024-04-17,Apartment,False,62.6,1028.59,1246.37,16.43,18,6.19,7
1323,Prenzlauer Berg,Pankow,True,2024,2024-08-05,Room,True,27.5,679.46,804.65,24.71,12,7.28,4
1324,Charlottenburg,Charlottenburg-Wilmersdorf,True,2024,2024-03-16,Room,True,22.1,490.9,622.02,22.21,22,7.19,4
1325,Charlottenburg,Charlottenburg-Wilmersdorf,True,2024,2024-08-28,Room,True,14.2,327.28,485.72,23.05,22,7.19,4
1326,Steglitz,Steglitz-Zehlendorf,False,2024,2024-08-15,Room,False,27.3,399.94,556.46,14.65,32,6.73,3
1327,Lichtenberg,Lichtenberg,False,2024,2024-09-14,Apartment,True,42.8,665.7,827.31,15.55,24,5.91,3
1328,Kreuzberg,Friedrichshain-Kreuzberg,True,2024,2024-05-12,Room,False,23.5,494.2,643.14,21.03,14,7.1,6
1329,Pankow,Pankow,False,2024,2024-09-24,Apartment,False,56.2,685.99,909.43,12.21,25,6.55,3
1330,Schöneberg,Tempelhof-Schöneberg,True,2024,2024-10-13,Apartment,True,45.6,892.46,1041.36,19.57,19,6.82,4
1331,Pankow,Pankow,False,2024,2024-07-13,Apartment,False,58.4,734.0,948.78,12.57,25,6.55,3
1332,Kreuzberg,Friedrichshain-Kreuzberg,True,2024,2024-06-20,Room,True,19.9,444.05,584.37,22.31,14,7.1,6
1333,Mitte,Mitte,True,2024,2024-04-06,Room,True,15.5,364.74,529.68,23.53,6,7.73,5
1334,Wedding,Mitte,True,2024,2024-01-23,Room,False,17.4,258.1,407.76,14.83,16,6.1,5
1335,Pankow,Pankow,False,2024,2024-07-01,Apartment,False,37.4,451.0,577.33,12.06,25,6.55,3
1336,Neukölln,Neukölln,True,2024,2024-03-07,Apartment,False,50.7,758.51,931.92,14.96,18,6.19,7
1337,Steglitz,Steglitz-Zehlendorf,False,2024,2024-01-13,Apartment,True,79.8,1244.55,1547.59,15.6,32,6.73,3
1338,Pankow,Pankow,False,2024,2024-12-15,Apartment,False,78.4,935.28,1189.7,11.93,25,6.55,3
1339,Moabit,Mitte,True,2024,2024-12-14,Room,False,27.3,447.09,580.79,16.38,18,6.37,5
1340,Lichtenberg,Lichtenberg,False,2024,2024-11-07,Room,False,27.9,403.33,571.98,14.46,24,5.91,3
1341,Lichtenberg,Lichtenberg,False,2024,2024-11-15,Apartment,False,57.4,659.75,852.71,11.49,24,5.91,3
1342,Schöneberg,Tempelhof-Schöneberg,True,2024,2024-11-06,Room,False,23.6,408.71,577.58,17.32,19,6.82,4
1343,Friedrichshain,Friedrichshain-Kreuzberg,True,2024,2024-06-07,Apartment,False,84.7,1376.75,1640.46,16.25,10,6.82,6
1344,Wedding,Mitte,True,2024,2024-03-27,Apartment,False,79.8,1090.61,1370.65,13.67,16,6.1,5
1345,Neukölln,Neukölln,True,2024,2024-05-12,Room,True,19.1,364.22,522.96,19.07,18,6.19,7
1346,Moabit,Mitte,True,2024,2024-10-18,Apartment,False,57.1,916.54,1141.85,16.05,18,6.37,5
1347,Moabit,Mitte,True,2024,2024-03-07,Room,False,19.6,352.2,517.47,17.97,18,6.37,5
1348,Moabit,Mitte,True,2024,2024-09-16,Room,False,27.3,456.97,611.67,16.74,18,6.37,5
1349,Moabit,Mitte,True,2024,2024-05-05,Room,False,23.6,409.88,562.85,17.37,18,6.37,5
1350,Steglitz,Steglitz-Zehlendorf,False,2024,2024-02-07,Apartment,True,77.7,1127.05,1395.84,14.51,32,6.73,3
1351,Prenzlauer Berg,Pankow,True,2024,2024-08-26,Room,False,15.3,307.3,460.21,20.08,12,7.28,4
1352,Friedrichshain,Friedrichshain-Kreuzberg,True,2024,2024-04-12,Room,False,26.8,559.41,717.98,20.87,10,6.82,6
1353,Schöneberg,Tempelhof-Schöneberg,True,2024,2024-05-22,Room,True,28.0,614.42,759.85,21.94,19,6.82,4
1354,Moabit,Mitte,True,2024,2024-11-03,Room,True,20.6,424.11,549.52,20.59,18,6.37,5
1355,Schöneberg,Tempelhof-Schöneberg,True,2024,2024-04-18,Room,False,25.1,484.61,618.21,19.31,19,6.82,4
1356,Mitte,Mitte,True,2024,2024-02-05,Apartment,False,48.5,955.98,1109.98,19.71,6,7.73,5
1357,Neukölln,Neukölln,True,2024,2024-05-12,Room,True,24.0,529.79,683.92,22.07,18,6.19,7
1358,Kreuzberg,Friedrichshain-Kreuzberg,True,2024,2024-06-27,Apartment,True,80.1,1759.26,2019.43,21.96,14,7.1,6
1359,Schöneberg,Tempelhof-Schöneberg,True,2024,2024-12-20,Apartment,False,74.2,1276.69,1535.88,17.21,19,6.82,4
1360,Pankow,Pankow,False,2024,2024-11-11,Room,True,25.0,444.81,598.87,17.79,25,6.55,3
1361,Kreuzberg,Friedrichshain-Kreuzberg,True,2024,2024-06-11,Room,False,27.1,559.19,716.34,20.63,14,7.1,6
1362,Mitte,Mitte,True,2024,2024-12-11,Room,False,16.1,362.62,491.73,22.52,6,7.73,5
1363,Schöneberg,Tempelhof-Schöneberg,True,2024,2024-11-20,Room,False,27.8,534.1,696.68,19.21,19,6.82,4
1364,Moabit,Mitte,True,2024,2024-12-22,Apartment,False,36.8,573.23,693.53,15.58,18,6.37,5
1365,Wedding,Mitte,True,2024,2024-12-13,Apartment,False,45.8,593.68,743.54,12.96,16,6.1,5
1366,Pankow,Pankow,False,2024,2024-03-04,Apartment,True,53.2,811.95,1016.09,15.26,25,6.55,3
1367,Steglitz,Steglitz-Zehlendorf,False,2024,2024-08-06,Apartment,False,55.7,681.47,895.66,12.23,32,6.73,3
1368,Wedding,Mitte,True,2024,2024-03-24,Apartment,True,81.3,1351.14,1643.61,16.62,16,6.1,5
1369,Wedding,Mitte,True,2024,2024-02-20,Room,True,23.2,457.13,612.72,19.7,16,6.1,5
1370,Friedrichshain,Friedrichshain-Kreuzberg,True,2024,2024-11-15,Apartment,True,67.5,1483.18,1722.59,21.97,10,6.82,6
1371,Wedding,Mitte,True,2024,2024-08-03,Room,False,22.1,325.09,462.14,14.71,16,6.1,5
1372,Prenzlauer Berg,Pankow,True,2024,2024-03-04,Room,False,19.3,371.92,517.05,19.27,12,7.28,4
1373,Charlottenburg,Charlottenburg-Wilmersdorf,True,2024,2024-07-21,Apartment,False,55.6,958.05,1165.63,17.23,22,7.19,4
1374,Mitte,Mitte,True,2024,2024-06-06,Apartment,False,60.4,1114.29,1337.34,18.45,6,7.73,5
1375,Schöneberg,Tempelhof-Schöneberg,True,2024,2024-09-22,Apartment,True,80.5,1387.17,1693.99,17.23,19,6.82,4
1376,Steglitz,Steglitz-Zehlendorf,False,2024,2024-04-08,Apartment,True,83.0,1371.81,1701.83,16.53,32,6.73,3
1377,Pankow,Pankow,False,2024,2024-11-21,Apartment,False,75.1,989.95,1231.47,13.18,25,6.55,3
1378,Schöneberg,Tempelhof-Schöneberg,True,2024,2024-03-05,Apartment,True,80.2,1575.26,1831.07,19.64,19,6.82,4
1379,Wedding,Mitte,True,2024,2024-10-10,Room,False,19.5,320.42,485.67,16.43,16,6.1,5
1380,Kreuzberg,Friedrichshain-Kreuzberg,True,2024,2024-01-15,Apartment,True,39.7,876.78,1021.05,22.09,14,7.1,6
1381,Pankow,Pankow,False,2024,2024-03-07,Apartment,False,38.9,495.16,641.74,12.73,25,6.55,3
1382,Moabit,Mitte,True,2024,2024-04-09,Apartment,False,44.3,679.08,825.25,15.33,18,6.37,5
1383,Wedding,Mitte,True,2024,2024-01-27,Apartment,False,75.4,1008.29,1259.71,13.37,16,6.1,5
1384,Neukölln,Neukölln,True,2024,2024-11-01,Room,True,14.3,329.86,458.85,23.07,18,6.19,7
1385,Friedrichshain,Friedrichshain-Kreuzberg,True,2024,2024-04-16,Room,True,26.5,586.17,726.43,22.12,10,6.82,6
1386,Schöneberg,Tempelhof-Schöneberg,True,2024,2024-04-17,Room,False,19.8,356.08,508.24,17.98,19,6.82,4
1387,Lichtenberg,Lichtenberg,False,2024,2024-06-01,Room,False,22.9,328.54,459.79,14.35,24,5.91,3
1388,Mitte,Mitte,True,2024,2024-06-24,Apartment,False,66.6,1362.8,1576.29,20.46,6,7.73,5
1389,Charlottenburg,Charlottenburg-Wilmersdorf,True,2024,2024-03-03,Apartment,False,62.3,953.68,1188.4,15.31,22,7.19,4
1390,Prenzlauer Berg,Pankow,True,2024,2024-07-05,Apartment,False,60.9,1151.39,1352.04,18.91,12,7.28,4
1391,Friedrichshain,Friedrichshain-Kreuzberg,True,2024,2024-05-20,Apartment,True,41.9,857.87,992.53,20.47,10,6.82,6
1392,Moabit,Mitte,True,2024,2024-08-11,Room,True,23.9,499.02,659.43,20.88,18,6.37,5
1393,Wedding,Mitte,True,2024,2024-05-23,Apartment,False,47.5,614.34,797.76,12.93,16,6.1,5
1394,Schöneberg,Tempelhof-Schöneberg,True,2024,2024-09-06,Room,False,22.2,380.08,513.34,17.12,19,6.82,4
1395,Schöneberg,Tempelhof-Schöneberg,True,2024,2024-11-06,Apartment,False,72.4,1215.03,1480.06,16.78,19,6.82,4
1396,Schöneberg,Tempelhof-Schöneberg,True,2024,2024-03-26,Room,False,19.2,352.84,479.73,18.38,19,6.82,4
1397,Mitte,Mitte,True,2024,2024-09-28,Apartment,True,55.5,1398.25,1617.77,25.19,6,7.73,5
1398,Charlottenburg,Charlottenburg-Wilmersdorf,True,2024,2024-04-20,Room,True,25.3,539.16,674.2,21.31,22,7.19,4
1399,Lichtenberg,Lichtenberg,False,2024,2024-04-19,Room,True,18.4,300.4,456.66,16.33,24,5.91,3
1400,Moabit,Mitte,True,2024,2024-04-21,Apartment,True,46.6,779.01,932.37,16.72,18,6.37,5
1401,Friedrichshain,Friedrichshain-Kreuzberg,True,2024,2024-10-20,Apartment,False,82.3,1520.1,1824.96,18.47,10,6.82,6
1402,Lichtenberg,Lichtenberg,False,2024,2024-09-09,Room,False,18.4,258.79,391.66,14.06,24,5.91,3
1403,Moabit,Mitte,True,2024,2024-05-01,Room,True,15.7,321.85,472.45,20.5,18,6.37,5
1404,Pankow,Pankow,False,2024,2024-03-08,Room,True,25.0,440.61,585.39,17.62,25,6.55,3
1405,Schöneberg,Tempelhof-Schöneberg,True,2024,2024-08-28,Room,False,21.4,376.27,501.0,17.58,19,6.82,4
1406,Friedrichshain,Friedrichshain-Kreuzberg,True,2024,2024-02-10,Apartment,False,50.0,847.02,1017.58,16.94,10,6.82,6
1407,Wedding,Mitte,True,2024,2024-09-09,Apartment,False,37.4,492.87,641.93,13.18,16,6.1,5
1408,Lichtenberg,Lichtenberg,False,2024,2024-01-06,Apartment,True,53.7,798.32,967.1,14.87,24,5.91,3
1409,Kreuzberg,Friedrichshain-Kreuzberg,True,2024,2024-07-07,Room,True,23.6,543.16,675.76,23.02,14,7.1,6
1410,Wedding,Mitte,True,2024,2024-02-26,Apartment,False,78.4,1025.79,1324.22,13.08,16,6.1,5
1411,Mitte,Mitte,True,2024,2024-03-28,Apartment,True,51.5,1291.63,1463.79,25.08,6,7.73,5
1412,Kreuzberg,Friedrichshain-Kreuzberg,True,2024,2024-07-30,Apartment,True,51.0,1063.03,1260.15,20.84,14,7.1,6
1413,Lichtenberg,Lichtenberg,False,2024,2024-06-13,Room,True,21.4,380.5,548.44,17.78,24,5.91,3
1414,Steglitz,Steglitz-Zehlendorf,False,2024,2024-05-04,Apartment,True,73.3,1168.38,1450.73,15.94,32,6.73,3
1415,Lichtenberg,Lichtenberg,False,2024,2024-04-18,Apartment,False,69.7,792.56,1039.66,11.37,24,5.91,3
1416,Mitte,Mitte,True,2024,2024-10-29,Apartment,False,54.3,1042.73,1227.7,19.2,6,7.73,5
1417,Wedding,Mitte,True,2024,2024-02-24,Apartment,True,82.2,1466.79,1784.33,17.84,16,6.1,5
1418,Kreuzberg,Friedrichshain-Kreuzberg,True,2024,2024-04-06,Room,True,27.7,699.02,858.12,25.24,14,7.1,6
1419,Friedrichshain,Friedrichshain-Kreuzberg,True,2024,2024-02-24,Room,True,18.3,460.62,591.25,25.17,10,6.82,6
1420,Steglitz,Steglitz-Zehlendorf,False,2024,2024-06-29,Room,True,20.5,348.71,496.6,17.01,32,6.73,3
1421,Neukölln,Neukölln,True,2024,2024-08-08,Room,False,19.0,316.28,458.14,16.65,18,6.19,7
1422,Wedding,Mitte,True,2024,2024-08-04,Room,False,19.2,283.18,424.39,14.75,16,6.1,5
1423,Prenzlauer Berg,Pankow,True,2024,2024-08-09,Room,False,22.3,452.17,598.38,20.28,12,7.28,4
1424,Friedrichshain,Friedrichshain-Kreuzberg,True,2024,2024-01-19,Apartment,False,82.9,1379.1,1640.05,16.64,10,6.82,6
1425,Pankow,Pankow,False,2024,2024-07-19,Room,True,15.4,271.2,427.41,17.61,25,6.55,3
1426,Schöneberg,Tempelhof-Schöneberg,True,2024,2024-04-14,Room,False,26.3,457.54,590.8,17.4,19,6.82,4
1427,Charlottenburg,Charlottenburg-Wilmersdorf,True,2024,2024-12-24,Apartment,False,49.4,733.92,895.29,14.86,22,7.19,4
1428,Pankow,Pankow,False,2024,2024-04-05,Apartment,True,80.3,1212.19,1466.14,15.1,25,6.55,3
1429,Charlottenburg,Charlottenburg-Wilmersdorf,True,2024,2024-05-15,Apartment,True,35.6,704.8,820.85,19.8,22,7.19,4
1430,Friedrichshain,Friedrichshain-Kreuzberg,True,2024,2024-01-01,Room,False,14.1,270.75,416.07,19.2,10,6.82,6
1431,Moabit,Mitte,True,2024,2024-05-28,Apartment,False,37.3,508.76,647.22,13.64,18,6.37,5
1432,Prenzlauer Berg,Pankow,True,2024,2024-08-19,Apartment,True,42.3,862.4,1021.56,20.39,12,7.28,4
1433,Moabit,Mitte,True,2024,2024-01-07,Apartment,False,47.9,713.11,877.3,14.89,18,6.37,5
1434,Charlottenburg,Charlottenburg-Wilmersdorf,True,2024,2024-09-04,Room,True,21.2,494.96,656.93,23.35,22,7.19,4
1435,Friedrichshain,Friedrichshain-Kreuzberg,True,2024,2024-04-22,Room,False,23.0,427.88,570.34,18.6,10,6.82,6
1436,Lichtenberg,Lichtenberg,False,2024,2024-04-15,Apartment,True,36.5,575.21,702.51,15.76,24,5.91,3
1437,Steglitz,Steglitz-Zehlendorf,False,2024,2024-11-16,Room,False,19.3,267.39,403.72,13.85,32,6.73,3
1438,Lichtenberg,Lichtenberg,False,2024,2024-12-13,Apartment,False,84.4,1107.93,1382.86,13.13,24,5.91,3
1439,Charlottenburg,Charlottenburg-Wilmersdorf,True,2024,2024-01-22,Apartment,False,55.9,991.4,1180.25,17.74,22,7.19,4
1440,Pankow,Pankow,False,2024,2024-06-26,Apartment,True,65.6,1040.5,1301.02,15.86,25,6.55,3
1441,Neukölln,Neukölln,True,2024,2024-05-28,Room,True,27.0,541.92,689.46,20.07,18,6.19,7
1442,Pankow,Pankow,False,2024,2024-04-21,Apartment,True,59.3,864.32,1072.37,14.58,25,6.55,3
1443,Neukölln,Neukölln,True,2024,2024-01-26,Apartment,True,59.4,1010.08,1238.81,17.0,18,6.19,7
1444,Neukölln,Neukölln,True,2024,2024-10-14,Room,False,25.0,434.97,602.1,17.4,18,6.19,7
1445,Kreuzberg,Friedrichshain-Kreuzberg,True,2024,2024-02-11,Apartment,False,42.1,780.05,926.93,18.53,14,7.1,6
1446,Neukölln,Neukölln,True,2024,2024-08-04,Room,False,19.0,345.85,498.52,18.2,18,6.19,7
1447,Schöneberg,Tempelhof-Schöneberg,True,2024,2024-12-13,Apartment,True,48.1,897.43,1070.95,18.66,19,6.82,4
1448,Charlottenburg,Charlottenburg-Wilmersdorf,True,2024,2024-06-05,Apartment,True,73.4,1406.01,1646.73,19.16,22,7.19,4
1449,Friedrichshain,Friedrichshain-Kreuzberg,True,2024,2024-08-11,Room,False,20.5,383.5,542.71,18.71,10,6.82,6
1450,Friedrichshain,Friedrichshain-Kreuzberg,True,2024,2024-08-27,Room,False,18.4,384.74,540.81,20.91,10,6.82,6
1451,Charlottenburg,Charlottenburg-Wilmersdorf,True,2024,2024-08-03,Room,False,19.7,337.49,486.64,17.13,22,7.19,4
1452,Friedrichshain,Friedrichshain-Kreuzberg,True,2024,2024-03-06,Apartment,False,50.1,837.06,1015.47,16.71,10,6.82,6
1453,Pankow,Pankow,False,2024,2024-07-25,Apartment,False,49.7,675.57,847.2,13.59,25,6.55,3
1454,Lichtenberg,Lichtenberg,False,2024,2024-01-29,Room,False,26.2,376.41,502.86,14.37,24,5.91,3
1455,Neukölln,Neukölln,True,2024,2024-09-03,Apartment,False,51.7,732.25,906.04,14.16,18,6.19,7
1456,Steglitz,Steglitz-Zehlendorf,False,2024,2024-04-14,Room,True,24.4,450.9,577.29,18.48,32,6.73,3
1457,Wedding,Mitte,True,2024,2024-03-20,Room,False,20.9,316.85,471.26,15.16,16,6.1,5
1458,Neukölln,Neukölln,True,2024,2024-04-12,Apartment,False,81.8,1316.1,1615.59,16.09,18,6.19,7
1459,Friedrichshain,Friedrichshain-Kreuzberg,True,2024,2024-01-13,Room,True,26.3,608.43,737.09,23.13,10,6.82,6
1460,Wedding,Mitte,True,2024,2024-10-06,Room,True,15.7,305.48,466.39,19.46,16,6.1,5
1461,Neukölln,Neukölln,True,2024,2024-11-21,Apartment,False,78.0,1214.99,1487.14,15.58,18,6.19,7
1462,Mitte,Mitte,True,2024,2024-10-06,Room,False,23.2,471.23,628.6,20.31,6,7.73,5
1463,Prenzlauer Berg,Pankow,True,2024,2024-07-19,Apartment,True,68.4,1656.53,1909.67,24.22,12,7.28,4
1464,Schöneberg,Tempelhof-Schöneberg,True,2024,2024-10-15,Apartment,True,55.8,1035.03,1230.96,18.55,19,6.82,4
1465,Schöneberg,Tempelhof-Schöneberg,True,2024,2024-06-30,Room,True,23.0,531.8,657.72,23.12,19,6.82,4
1466,Kreuzberg,Friedrichshain-Kreuzberg,True,2024,2024-09-14,Apartment,False,48.8,942.67,1109.66,19.32,14,7.1,6
1467,Prenzlauer Berg,Pankow,True,2024,2024-06-29,Room,False,19.5,367.97,521.49,18.87,12,7.28,4
1468,Lichtenberg,Lichtenberg,False,2024,2024-06-04,Apartment,True,70.8,1110.9,1378.97,15.69,24,5.91,3
1469,Schöneberg,Tempelhof-Schöneberg,True,2024,2024-04-02,Room,False,20.8,400.69,551.95,19.26,19,6.82,4
1470,Pankow,Pankow,False,2024,2024-10-28,Apartment,False,67.9,844.91,1098.04,12.44,25,6.55,3
1471,Pankow,Pankow,False,2024,2024-03-22,Room,False,19.7,278.15,440.49,14.12,25,6.55,3
1472,Prenzlauer Berg,Pankow,True,2024,2024-05-01,Room,True,27.1,668.36,836.52,24.66,12,7.28,4
1473,Friedrichshain,Friedrichshain-Kreuzberg,True,2024,2024-11-09,Apartment,True,79.6,1793.21,2044.58,22.53,10,6.82,6
1474,Neukölln,Neukölln,True,2024,2024-01-16,Room,False,15.0,271.16,422.45,18.08,18,6.19,7
1475,Kreuzberg,Friedrichshain-Kreuzberg,True,2024,2024-04-12,Room,False,19.3,412.35,562.17,21.37,14,7.1,6
1476,Prenzlauer Berg,Pankow,True,2024,2024-09-27,Room,False,18.0,347.17,478.46,19.29,12,7.28,4
1477,Prenzlauer Berg,Pankow,True,2024,2024-01-03,Room,True,27.4,599.5,729.83,21.88,12,7.28,4
1478,Charlottenburg,Charlottenburg-Wilmersdorf,True,2024,2024-11-24,Apartment,False,78.2,1238.49,1528.93,15.84,22,7.19,4
1479,Wedding,Mitte,True,2024,2024-11-12,Apartment,False,63.5,863.95,1080.92,13.61,16,6.1,5
1480,Wedding,Mitte,True,2024,2024-10-18,Apartment,False,56.9,795.19,1016.34,13.98,16,6.1,5
1481,Friedrichshain,Friedrichshain-Kreuzberg,True,2024,2024-10-03,Room,False,15.4,302.32,428.64,19.63,10,6.82,6
1482,Charlottenburg,Charlottenburg-Wilmersdorf,True,2024,2024-07-02,Room,False,18.1,349.93,491.5,19.33,22,7.19,4
1483,Friedrichshain,Friedrichshain-Kreuzberg,True,2024,2024-11-08,Apartment,True,49.4,1052.22,1228.38,21.3,10,6.82,6
1484,Wedding,Mitte,True,2024,2024-05-14,Room,False,21.6,361.53,511.75,16.74,16,6.1,5
1485,Lichtenberg,Lichtenberg,False,2024,2024-10-07,Room,True,17.7,306.0,436.27,17.29,24,5.91,3
1486,Steglitz,Steglitz-Zehlendorf,False,2024,2024-10-15,Room,False,26.8,368.61,514.82,13.75,32,6.73,3
1487,Pankow,Pankow,False,2024,2024-11-02,Apartment,False,36.8,519.47,665.01,14.12,25,6.55,3
1488,Steglitz,Steglitz-Zehlendorf,False,2024,2024-01-19,Apartment,True,62.6,1029.73,1226.14,16.45,32,6.73,3
1489,Moabit,Mitte,True,2024,2024-04-26,Apartment,False,56.6,815.07,1033.82,14.4,18,6.37,5
1490,Mitte,Mitte,True,2024,2024-12-16,Apartment,True,74.1,1690.11,1945.12,22.81,6,7.73,5
1491,Steglitz,Steglitz-Zehlendorf,False,2024,2024-12-25,Room,False,19.4,280.25,409.89,14.45,32,6.73,3
1492,Schöneberg,Tempelhof-Schöneberg,True,2024,2024-06-24,Apartment,True,40.9,854.48,994.22,20.89,19,6.82,4
1493,Schöneberg,Tempelhof-Schöneberg,True,2024,2024-10-01,Apartment,True,39.6,706.04,855.62,17.83,19,6.82,4
1494,Pankow,Pankow,False,2024,2024-01-30,Room,False,26.2,382.07,508.63,14.58,25,6.55,3
1495,Kreuzberg,Friedrichshain-Kreuzberg,True,2024,2024-03-07,Room,True,18.4,460.91,629.82,25.05,14,7.1,6
1496,Pankow,Pankow,False,2024,2024-04-15,Room,False,23.2,329.21,495.44,14.19,25,6.55,3
1497,Moabit,Mitte,True,2024,2024-06-03,Apartment,False,79.9,1268.61,1548.2,15.88,18,6.37,5
1498,Charlottenburg,Charlottenburg-Wilmersdorf,True,2024,2024-09-14,Apartment,True,67.7,1343.99,1596.38,19.85,22,7.19,4
1499,Friedrichshain,Friedrichshain-Kreuzberg,True,2024,2024-04-14,Room,False,23.9,477.82,614.41,19.99,10,6.82,6
1500,Kreuzberg,Friedrichshain-Kreuzberg,True,2024,2024-03-13,Apartment,False,50.2,901.47,1062.64,17.96,14,7.1,6
1501,Mitte,Mitte,True,2024,2024-09-12,Apartment,False,67.5,1288.37,1504.56,19.09,6,7.73,5
1502,Mitte,Mitte,True,2024,2024-11-08,Room,False,18.2,415.76,542.45,22.84,6,7.73,5
1503,Schöneberg,Tempelhof-Schöneberg,True,2024,2024-04-04,Apartment,False,54.2,791.2,969.26,14.6,19,6.82,4
1504,Lichtenberg,Lichtenberg,False,2024,2024-11-07,Room,True,18.3,315.3,440.47,17.23,24,5.91,3
1505,Charlottenburg,Charlottenburg-Wilmersdorf,True,2024,2024-06-23,Apartment,False,75.5,1250.62,1536.13,16.56,22,7.19,4
1506,Steglitz,Steglitz-Zehlendorf,False,2024,2024-01-30,Apartment,False,56.4,737.72,949.89,13.08,32,6.73,3
1507,Friedrichshain,Friedrichshain-Kreuzberg,True,2024,2024-09-30,Apartment,False,81.6,1374.75,1700.48,16.85,10,6.82,6
1508,Moabit,Mitte,True,2024,2024-08-27,Room,False,24.8,407.95,575.16,16.45,18,6.37,5
1509,Steglitz,Steglitz-Zehlendorf,False,2024,2024-05-07,Apartment,True,80.4,1225.16,1494.26,15.24,32,6.73,3
1510,Wedding,Mitte,True,2024,2024-05-08,Room,False,14.5,221.56,357.65,15.28,16,6.1,5
1511,Lichtenberg,Lichtenberg,False,2024,2024-05-15,Apartment,False,41.2,513.05,652.67,12.45,24,5.91,3
1512,Kreuzberg,Friedrichshain-Kreuzberg,True,2024,2024-10-11,Room,True,14.1,309.95,462.65,21.98,14,7.1,6
1513,Prenzlauer Berg,Pankow,True,2024,2024-02-02,Room,False,15.1,322.9,471.72,21.38,12,7.28,4
1514,Moabit,Mitte,True,2024,2024-11-18,Room,False,17.9,322.2,451.93,18.0,18,6.37,5
1515,Kreuzberg,Friedrichshain-Kreuzberg,True,2024,2024-12-16,Room,False,14.7,275.87,401.6,18.77,14,7.1,6
1516,Wedding,Mitte,True,2024,2024-12-31,Apartment,False,37.1,526.78,643.82,14.2,16,6.1,5
1517,Neukölln,Neukölln,True,2024,2024-04-30,Apartment,True,77.2,1557.66,1800.09,20.18,18,6.19,7
1518,Charlottenburg,Charlottenburg-Wilmersdorf,True,2024,2024-10-19,Room,False,15.6,269.38,402.56,17.27,22,7.19,4
1519,Charlottenburg,Charlottenburg-Wilmersdorf,True,2024,2024-01-13,Apartment,False,38.6,620.95,750.44,16.09,22,7.19,4
1520,Charlottenburg,Charlottenburg-Wilmersdorf,True,2024,2024-05-30,Apartment,True,83.8,1791.76,2122.62,21.38,22,7.19,4
1521,Pankow,Pankow,False,2024,2024-04-18,Room,True,18.1,314.2,442.98,17.36,25,6.55,3
1522,Charlottenburg,Charlottenburg-Wilmersdorf,True,2024,2024-04-20,Apartment,False,60.4,998.83,1204.77,16.54,22,7.19,4
1523,Schöneberg,Tempelhof-Schöneberg,True,2024,2024-02-09,Apartment,True,71.3,1441.13,1667.19,20.21,19,6.82,4
1524,Prenzlauer Berg,Pankow,True,2024,2024-03-03,Apartment,False,66.5,1251.48,1489.89,18.82,12,7.28,4
1525,Wedding,Mitte,True,2024,2024-04-09,Apartment,False,68.0,932.89,1163.09,13.72,16,6.1,5
1526,Pankow,Pankow,False,2024,2024-02-29,Room,True,17.4,325.14,469.65,18.69,25,6.55,3
1527,Steglitz,Steglitz-Zehlendorf,False,2024,2024-09-15,Room,False,26.3,379.04,518.88,14.41,32,6.73,3
1528,Friedrichshain,Friedrichshain-Kreuzberg,True,2024,2024-10-18,Apartment,False,65.3,1133.06,1360.11,17.35,10,6.82,6
1529,Kreuzberg,Friedrichshain-Kreuzberg,True,2024,2024-05-26,Apartment,True,80.5,1860.26,2153.68,23.11,14,7.1,6
1530,Charlottenburg,Charlottenburg-Wilmersdorf,True,2024,2024-04-11,Room,True,19.9,474.86,627.33,23.86,22,7.19,4
1531,Kreuzberg,Friedrichshain-Kreuzberg,True,2024,2024-02-21,Apartment,True,41.0,870.86,1032.28,21.24,14,7.1,6
1532,Kreuzberg,Friedrichshain-Kreuzberg,True,2024,2024-09-20,Apartment,False,36.2,605.76,720.36,16.73,14,7.1,6
1533,Wedding,Mitte,True,2024,2024-12-30,Apartment,False,52.7,707.84,897.63,13.43,16,6.1,5
1534,Neukölln,Neukölln,True,2024,2024-01-24,Room,False,26.6,468.99,620.74,17.63,18,6.19,7
1535,Friedrichshain,Friedrichshain-Kreuzberg,True,2024,2024-05-28,Apartment,True,57.4,1220.15,1441.22,21.26,10,6.82,6
1536,Moabit,Mitte,True,2024,2024-09-17,Apartment,False,71.2,1079.5,1352.77,15.16,18,6.37,5
1537,Friedrichshain,Friedrichshain-Kreuzberg,True,2024,2024-03-31,Room,True,22.3,536.99,675.41,24.08,10,6.82,6
1538,Wedding,Mitte,True,2024,2024-09-22,Apartment,True,73.7,1188.85,1420.52,16.13,16,6.1,5
1539,Wedding,Mitte,True,2024,2024-04-01,Apartment,False,56.3,745.29,935.96,13.24,16,6.1,5
1540,Kreuzberg,Friedrichshain-Kreuzberg,True,2024,2024-05-22,Room,False,26.4,543.82,687.19,20.6,14,7.1,6
1541,Pankow,Pankow,False,2024,2024-04-24,Apartment,True,52.4,778.12,963.51,14.85,25,6.55,3
1542,Kreuzberg,Friedrichshain-Kreuzberg,True,2024,2024-12-07,Room,False,27.8,574.51,740.11,20.67,14,7.1,6
1543,Neukölln,Neukölln,True,2024,2024-10-03,Room,True,25.7,534.89,699.5,20.81,18,6.19,7
1544,Wedding,Mitte,True,2024,2024-10-19,Apartment,True,76.6,1154.5,1456.89,15.07,16,6.1,5
1545,Schöneberg,Tempelhof-Schöneberg,True,2024,2024-12-27,Apartment,False,76.6,1172.52,1417.54,15.31,19,6.82,4
1546,Friedrichshain,Friedrichshain-Kreuzberg,True,2024,2024-12-08,Room,False,17.7,366.45,535.14,20.7,10,6.82,6
1547,Friedrichshain,Friedrichshain-Kreuzberg,True,2024,2024-03-21,Apartment,False,72.2,1201.75,1430.4,16.64,10,6.82,6
1548,Wedding,Mitte,True,2024,2024-12-18,Room,False,24.3,394.12,521.45,16.22,16,6.1,5
1549,Charlottenburg,Charlottenburg-Wilmersdorf,True,2024,2024-10-12,Apartment,True,40.0,839.77,970.62,20.99,22,7.19,4
1550,Lichtenberg,Lichtenberg,False,2024,2024-10-27,Apartment,False,82.5,1037.98,1311.99,12.58,24,5.91,3
1551,Schöneberg,Tempelhof-Schöneberg,True,2024,2024-09-11,Apartment,True,44.8,876.58,1023.0,19.57,19,6.82,4
1552,Neukölln,Neukölln,True,2024,2024-04-19,Room,False,15.2,265.03,421.58,17.44,18,6.19,7
1553,Mitte,Mitte,True,2024,2024-12-18,Room,False,22.6,497.9,623.65,22.03,6,7.73,5
1554,Neukölln,Neukölln,True,2024,2024-04-02,Apartment,False,46.7,693.34,860.41,14.85,18,6.19,7
1555,Neukölln,Neukölln,True,2024,2024-11-02,Apartment,False,68.4,1041.84,1292.66,15.23,18,6.19,7
1556,Charlottenburg,Charlottenburg-Wilmersdorf,True,2024,2024-08-02,Apartment,True,45.9,1042.85,1216.7,22.72,22,7.19,4
1557,Moabit,Mitte,True,2024,2024-02-28,Room,False,15.6,264.74,403.09,16.97,18,6.37,5
1558,Charlottenburg,Charlottenburg-Wilmersdorf,True,2024,2024-09-07,Apartment,False,73.7,1197.85,1479.7,16.25,22,7.19,4
1559,Pankow,Pankow,False,2024,2024-02-01,Room,True,18.1,340.08,499.31,18.79,25,6.55,3
1560,Wedding,Mitte,True,2024,2024-01-28,Apartment,True,50.9,841.31,1017.36,16.53,16,6.1,5
1561,Neukölln,Neukölln,True,2024,2024-03-26,Apartment,True,66.8,1155.63,1376.02,17.3,18,6.19,7
1562,Wedding,Mitte,True,2024,2024-11-05,Room,False,27.3,438.99,577.83,16.08,16,6.1,5
1563,Wedding,Mitte,True,2024,2024-06-29,Room,False,25.2,374.11,529.82,14.85,16,6.1,5
1564,Wedding,Mitte,True,2024,2024-07-21,Room,True,16.9,335.42,497.14,19.85,16,6.1,5
1565,Steglitz,Steglitz-Zehlendorf,False,2024,2024-05-07,Room,False,26.7,383.02,516.72,14.35,32,6.73,3
1566,Mitte,Mitte,True,2024,2024-03-21,Room,True,27.2,650.29,796.11,23.91,6,7.73,5
1567,Neukölln,Neukölln,True,2024,2024-07-12,Room,True,24.8,488.67,618.23,19.7,18,6.19,7
1568,Lichtenberg,Lichtenberg,False,2024,2024-09-15,Room,False,26.3,400.64,528.08,15.23,24,5.91,3
1569,Steglitz,Steglitz-Zehlendorf,False,2024,2024-03-18,Apartment,False,36.0,471.96,601.11,13.11,32,6.73,3
1570,Friedrichshain,Friedrichshain-Kreuzberg,True,2024,2024-06-14,Apartment,False,44.7,797.48,948.61,17.84,10,6.82,6
1571,Schöneberg,Tempelhof-Schöneberg,True,2024,2024-08-29,Apartment,True,48.7,887.86,1067.58,18.23,19,6.82,4
1572,Schöneberg,Tempelhof-Schöneberg,True,2024,2024-09-30,Room,True,27.5,599.24,764.08,21.79,19,6.82,4
1573,Wedding,Mitte,True,2024,2024-02-25,Room,True,21.0,388.0,536.6,18.48,16,6.1,5
1574,Moabit,Mitte,True,2024,2024-10-15,Room,False,19.6,321.02,461.66,16.38,18,6.37,5
1575,Friedrichshain,Friedrichshain-Kreuzberg,True,2024,2024-09-07,Apartment,True,75.5,1708.75,1954.3,22.63,10,6.82,6
1576,Pankow,Pankow,False,2024,2024-04-29,Room,True,22.6,416.8,566.3,18.44,25,6.55,3
1577,Mitte,Mitte,True,2024,2024-10-16,Apartment,True,50.6,1133.0,1304.5,22.39,6,7.73,5
1578,Pankow,Pankow,False,2024,2024-06-09,Room,True,23.7,458.19,606.74,19.33,25,6.55,3
1579,Lichtenberg,Lichtenberg,False,2024,2024-02-11,Room,False,20.8,303.07,460.36,14.57,24,5.91,3
1580,Friedrichshain,Friedrichshain-Kreuzberg,True,2024,2024-04-11,Room,True,15.8,345.83,475.3,21.89,10,6.82,6
1581,Moabit,Mitte,True,2024,2024-03-12,Apartment,True,79.3,1484.09,1767.36,18.71,18,6.37,5
1582,Steglitz,Steglitz-Zehlendorf,False,2024,2024-12-12,Apartment,False,35.5,415.71,557.57,11.71,32,6.73,3
1583,Neukölln,Neukölln,True,2024,2024-09-24,Apartment,False,53.6,839.73,1012.72,15.67,18,6.19,7
1584,Lichtenberg,Lichtenberg,False,2024,2024-08-24,Room,False,24.0,347.87,483.18,14.49,24,5.91,3
1585,Prenzlauer Berg,Pankow,True,2024,2024-09-25,Apartment,False,71.0,1363.24,1591.99,19.2,12,7.28,4
1586,Steglitz,Steglitz-Zehlendorf,False,2024,2024-06-08,Apartment,True,55.8,781.17,1003.21,14.0,32,6.73,3
1587,Steglitz,Steglitz-Zehlendorf,False,2024,2024-08-27,Room,False,21.5,308.4,435.15,14.34,32,6.73,3
1588,Pankow,Pankow,False,2024,2024-05-20,Room,True,21.8,384.15,549.9,17.62,25,6.55,3
1589,Neukölln,Neukölln,True,2024,2024-07-25,Apartment,False,64.2,945.66,1180.76,14.73,18,6.19,7
1590,Neukölln,Neukölln,True,2024,2024-04-20,Apartment,False,45.1,699.5,843.49,15.51,18,6.19,7
1591,Neukölln,Neukölln,True,2024,2024-07-15,Room,False,15.8,275.73,428.75,17.45,18,6.19,7
1592,Charlottenburg,Charlottenburg-Wilmersdorf,True,2024,2024-11-11,Apartment,False,65.2,1151.16,1396.54,17.66,22,7.19,4
1593,Lichtenberg,Lichtenberg,False,2024,2024-11-10,Apartment,True,35.1,495.87,634.04,14.13,24,5.91,3
1594,Kreuzberg,Friedrichshain-Kreuzberg,True,2024,2024-03-11,Room,False,14.0,261.21,428.85,18.66,14,7.1,6
1595,Wedding,Mitte,True,2024,2024-05-03,Apartment,False,58.6,772.84,994.58,13.19,16,6.1,5
1596,Wedding,Mitte,True,2024,2024-06-11,Room,False,23.9,369.75,531.49,15.47,16,6.1,5
1597,Wedding,Mitte,True,2024,2024-05-22,Room,False,17.0,255.42,407.94,15.02,16,6.1,5
1598,Steglitz,Steglitz-Zehlendorf,False,2024,2024-03-02,Room,False,20.2,305.91,441.18,15.14,32,6.73,3
1599,Wedding,Mitte,True,2024,2024-12-09,Apartment,False,43.9,639.25,809.14,14.56,16,6.1,5
1600,Charlottenburg,Charlottenburg-Wilmersdorf,True,2024,2024-04-01,Apartment,True,63.0,1445.32,1662.31,22.94,22,7.19,4
1601,Steglitz,Steglitz-Zehlendorf,False,2024,2024-07-07,Apartment,True,53.0,787.49,967.46,14.86,32,6.73,3
1602,Neukölln,Neukölln,True,2024,2024-12-22,Apartment,True,48.7,958.55,1126.98,19.68,18,6.19,7
1603,Steglitz,Steglitz-Zehlendorf,False,2024,2024-08-29,Room,False,27.6,425.75,588.59,15.43,32,6.73,3
1604,Pankow,Pankow,False,2024,2024-02-23,Apartment,False,58.7,814.18,1035.8,13.87,25,6.55,3
1605,Mitte,Mitte,True,2024,2024-03-08,Room,False,24.0,528.41,660.37,22.02,6,7.73,5
1606,Friedrichshain,Friedrichshain-Kreuzberg,True,2024,2024-02-19,Room,False,14.8,296.56,423.36,20.04,10,6.82,6
1607,Wedding,Mitte,True,2024,2024-12-10,Room,False,23.2,379.86,518.83,16.37,16,6.1,5
1608,Charlottenburg,Charlottenburg-Wilmersdorf,True,2024,2024-12-06,Apartment,True,84.3,1748.43,2010.84,20.74,22,7.19,4
1609,Schöneberg,Tempelhof-Schöneberg,True,2024,2024-03-16,Room,False,14.9,256.19,414.45,17.19,19,6.82,4
1610,Steglitz,Steglitz-Zehlendorf,False,2024,2024-11-21,Room,True,14.6,266.11,408.53,18.23,32,6.73,3
1611,Steglitz,Steglitz-Zehlendorf,False,2024,2024-08-26,Apartment,False,50.6,642.74,804.96,12.7,32,6.73,3
1612,Pankow,Pankow,False,2024,2024-02-14,Apartment,True,81.5,1266.74,1532.78,15.54,25,6.55,3
1613,Kreuzberg,Friedrichshain-Kreuzberg,True,2024,2024-11-22,Room,False,14.3,270.7,395.17,18.93,14,7.1,6
1614,Charlottenburg,Charlottenburg-Wilmersdorf,True,2024,2024-04-07,Apartment,False,82.2,1293.98,1599.17,15.74,22,7.19,4
1615,Steglitz,Steglitz-Zehlendorf,False,2024,2024-06-10,Apartment,True,37.7,590.05,711.68,15.65,32,6.73,3
1616,Schöneberg,Tempelhof-Schöneberg,True,2024,2024-05-15,Room,True,26.4,534.08,689.47,20.23,19,6.82,4
1617,Friedrichshain,Friedrichshain-Kreuzberg,True,2024,2024-11-19,Apartment,False,52.4,940.76,1124.41,17.95,10,6.82,6
1618,Lichtenberg,Lichtenberg,False,2024,2024-12-25,Apartment,True,76.7,1150.44,1402.75,15.0,24,5.91,3
1619,Schöneberg,Tempelhof-Schöneberg,True,2024,2024-09-14,Room,False,25.1,432.55,588.03,17.23,19,6.82,4
1620,Wedding,Mitte,True,2024,2024-08-27,Apartment,False,39.5,566.25,697.88,14.34,16,6.1,5
1621,Neukölln,Neukölln,True,2024,2024-07-09,Room,True,23.2,447.72,598.13,19.3,18,6.19,7
1622,Pankow,Pankow,False,2024,2024-01-05,Room,False,14.5,226.25,378.58,15.6,25,6.55,3
1623,Kreuzberg,Friedrichshain-Kreuzberg,True,2024,2024-08-27,Room,True,23.1,536.91,674.69,23.24,14,7.1,6
1624,Wedding,Mitte,True,2024,2024-07-23,Room,True,25.3,479.98,623.55,18.97,16,6.1,5
1625,Moabit,Mitte,True,2024,2024-04-29,Apartment,True,53.7,981.68,1162.66,18.28,18,6.37,5
1626,Wedding,Mitte,True,2024,2024-03-24,Room,False,17.8,284.72,435.41,16.0,16,6.1,5
1627,Wedding,Mitte,True,2024,2024-10-17,Room,True,22.4,438.46,605.28,19.57,16,6.1,5
1628,Kreuzberg,Friedrichshain-Kreuzberg,True,2024,2024-06-26,Room,True,27.4,689.55,848.01,25.17,14,7.1,6
1629,Moabit,Mitte,True,2024,2024-06-06,Room,False,23.2,378.1,509.84,16.3,18,6.37,5
1630,Friedrichshain,Friedrichshain-Kreuzberg,True,2024,2024-10-11,Room,False,20.1,407.87,538.81,20.29,10,6.82,6
1631,Charlottenburg,Charlottenburg-Wilmersdorf,True,2024,2024-08-29,Room,True,15.4,340.1,473.66,22.08,22,7.19,4
1632,Lichtenberg,Lichtenberg,False,2024,2024-06-11,Room,False,17.4,267.13,408.57,15.35,24,5.91,3
1633,Kreuzberg,Friedrichshain-Kreuzberg,True,2024,2024-09-30,Room,True,18.0,455.04,605.9,25.28,14,7.1,6
1634,Friedrichshain,Friedrichshain-Kreuzberg,True,2024,2024-04-01,Room,False,27.6,503.66,667.51,18.25,10,6.82,6
1635,Prenzlauer Berg,Pankow,True,2024,2024-11-26,Room,True,25.5,641.1,806.26,25.14,12,7.28,4
1636,Prenzlauer Berg,Pankow,True,2024,2024-08-05,Room,True,17.0,402.4,555.83,23.67,12,7.28,4
1637,Kreuzberg,Friedrichshain-Kreuzberg,True,2024,2024-08-03,Room,False,25.5,472.52,639.65,18.53,14,7.1,6
1638,Kreuzberg,Friedrichshain-Kreuzberg,True,2024,2024-12-17,Room,False,25.7,509.07,636.79,19.81,14,7.1,6
1639,Steglitz,Steglitz-Zehlendorf,False,2024,2024-10-21,Room,False,25.2,343.83,482.19,13.64,32,6.73,3
1640,Wedding,Mitte,True,2024,2024-01-28,Room,False,20.8,351.48,493.56,16.9,16,6.1,5
1641,Neukölln,Neukölln,True,2024,2024-09-14,Room,False,15.6,283.78,448.65,18.19,18,6.19,7
1642,Charlottenburg,Charlottenburg-Wilmersdorf,True,2024,2024-04-01,Apartment,False,77.2,1364.18,1611.26,17.67,22,7.19,4
1643,Schöneberg,Tempelhof-Schöneberg,True,2024,2024-12-28,Apartment,False,68.7,1023.48,1257.29,14.9,19,6.82,4
1644,Pankow,Pankow,False,2024,2024-08-25,Room,False,22.6,361.36,504.93,15.99,25,6.55,3
1645,Neukölln,Neukölln,True,2024,2024-07-08,Room,False,20.4,331.0,481.97,16.23,18,6.19,7
1646,Neukölln,Neukölln,True,2024,2024-05-30,Room,False,24.7,399.07,535.1,16.16,18,6.19,7
1647,Charlottenburg,Charlottenburg-Wilmersdorf,True,2024,2024-01-19,Room,False,18.2,312.19,441.22,17.15,22,7.19,4
1648,Wedding,Mitte,True,2024,2024-08-08,Apartment,True,39.2,629.97,773.82,16.07,16,6.1,5
1649,Neukölln,Neukölln,True,2024,2024-09-25,Room,False,22.6,417.67,582.33,18.48,18,6.19,7
1650,Pankow,Pankow,False,2024,2024-02-21,Apartment,True,53.6,847.09,1044.02,15.8,25,6.55,3
1651,Schöneberg,Tempelhof-Schöneberg,True,2024,2024-07-24,Apartment,False,51.9,844.67,1019.67,16.27,19,6.82,4
1652,Mitte,Mitte,True,2024,2024-08-09,Room,False,24.1,533.45,661.02,22.13,6,7.73,5
1653,Friedrichshain,Friedrichshain-Kreuzberg,True,2024,2024-05-04,Apartment,False,84.7,1513.72,1817.39,17.87,10,6.82,6
1654,Steglitz,Steglitz-Zehlendorf,False,2024,2024-04-05,Apartment,True,58.6,949.74,1170.79,16.21,32,6.73,3
1655,Neukölln,Neukölln,True,2024,2024-04-16,Apartment,True,54.9,959.32,1129.76,17.47,18,6.19,7
1656,Mitte,Mitte,True,2024,2024-11-21,Apartment,False,48.7,930.98,1116.59,19.12,6,7.73,5
1657,Charlottenburg,Charlottenburg-Wilmersdorf,True,2024,2024-11-07,Room,True,23.9,511.28,668.05,21.39,22,7.19,4
1658,Moabit,Mitte,True,2024,2024-01-07,Apartment,False,51.4,751.89,954.25,14.63,18,6.37,5
1659,Charlottenburg,Charlottenburg-Wilmersdorf,True,2024,2024-12-23,Room,True,20.2,453.2,586.68,22.44,22,7.19,4
1660,Kreuzberg,Friedrichshain-Kreuzberg,True,2024,2024-10-14,Apartment,True,36.6,896.89,1031.15,24.51,14,7.1,6
1661,Charlottenburg,Charlottenburg-Wilmersdorf,True,2024,2024-08-19,Room,False,21.4,382.88,540.67,17.89,22,7.19,4
1662,Lichtenberg,Lichtenberg,False,2024,2024-01-12,Apartment,True,64.2,1007.36,1230.38,15.69,24,5.91,3
1663,Neukölln,Neukölln,True,2024,2024-11-06,Apartment,False,46.7,766.04,916.35,16.4,18,6.19,7
1664,Friedrichshain,Friedrichshain-Kreuzberg,True,2024,2024-07-24,Room,True,27.9,646.54,777.7,23.17,10,6.82,6
1665,Wedding,Mitte,True,2024,2024-07-04,Room,False,19.9,319.34,457.71,16.05,16,6.1,5
1666,Lichtenberg,Lichtenberg,False,2024,2024-10-01,Room,False,27.4,411.47,549.77,15.02,24,5.91,3
1667,Wedding,Mitte,True,2024,2024-08-18,Room,False,20.9,328.71,489.89,15.73,16,6.1,5
1668,Kreuzberg,Friedrichshain-Kreuzberg,True,2024,2024-03-29,Apartment,True,49.4,1078.46,1252.23,21.83,14,7.1,6
1669,Lichtenberg,Lichtenberg,False,2024,2024-11-21,Apartment,False,67.7,903.28,1138.15,13.34,24,5.91,3
1670,Mitte,Mitte,True,2024,2024-01-12,Apartment,True,66.0,1731.63,1979.72,26.24,6,7.73,5
1671,Charlottenburg,Charlottenburg-Wilmersdorf,True,2024,2024-11-03,Apartment,True,66.3,1444.63,1651.52,21.79,22,7.19,4
1672,Lichtenberg,Lichtenberg,False,2024,2024-05-02,Room,False,16.7,256.24,400.84,15.34,24,5.91,3
1673,Kreuzberg,Friedrichshain-Kreuzberg,True,2024,2024-01-16,Apartment,False,45.0,748.12,890.24,16.62,14,7.1,6
1674,Prenzlauer Berg,Pankow,True,2024,2024-03-31,Apartment,False,69.2,1237.61,1467.19,17.88,12,7.28,4
1675,Moabit,Mitte,True,2024,2024-08-24,Apartment,True,65.2,1217.82,1429.29,18.68,18,6.37,5
1676,Steglitz,Steglitz-Zehlendorf,False,2024,2024-07-16,Apartment,True,36.6,609.2,755.45,16.64,32,6.73,3
1677,Friedrichshain,Friedrichshain-Kreuzberg,True,2024,2024-11-06,Apartment,False,79.2,1396.09,1692.63,17.63,10,6.82,6
1678,Lichtenberg,Lichtenberg,False,2024,2024-07-22,Apartment,False,56.9,740.9,920.35,13.02,24,5.91,3
1679,Steglitz,Steglitz-Zehlendorf,False,2024,2024-03-04,Apartment,True,70.8,1121.54,1368.33,15.84,32,6.73,3
1680,Friedrichshain,Friedrichshain-Kreuzberg,True,2024,2024-07-30,Room,True,25.6,605.77,737.37,23.66,10,6.82,6
1681,Lichtenberg,Lichtenberg,False,2024,2024-11-24,Room,False,25.1,347.06,475.43,13.83,24,5.91,3
1682,Steglitz,Steglitz-Zehlendorf,False,2024,2024-05-31,Room,False,20.9,295.84,431.54,14.16,32,6.73,3
1683,Steglitz,Steglitz-Zehlendorf,False,2024,2024-03-12,Room,False,23.8,353.79,504.54,14.87,32,6.73,3
1684,Kreuzberg,Friedrichshain-Kreuzberg,True,2024,2024-03-22,Apartment,True,79.0,1798.87,2065.57,22.77,14,7.1,6
1685,Pankow,Pankow,False,2024,2024-12-21,Apartment,False,57.0,713.99,928.84,12.53,25,6.55,3
1686,Kreuzberg,Friedrichshain-Kreuzberg,True,2024,2024-06-04,Room,True,19.4,454.42,587.94,23.42,14,7.1,6
1687,Kreuzberg,Friedrichshain-Kreuzberg,True,2024,2024-11-12,Apartment,True,71.1,1715.61,1961.99,24.13,14,7.1,6
1688,Kreuzberg,Friedrichshain-Kreuzberg,True,2024,2024-07-12,Apartment,False,64.4,1145.88,1375.85,17.79,14,7.1,6
1689,Moabit,Mitte,True,2024,2024-12-08,Apartment,False,59.1,879.46,1082.88,14.88,18,6.37,5
1690,Friedrichshain,Friedrichshain-Kreuzberg,True,2024,2024-11-28,Room,True,17.1,398.61,558.13,23.31,10,6.82,6
1691,Prenzlauer Berg,Pankow,True,2024,2024-09-25,Room,False,26.8,573.84,735.64,21.41,12,7.28,4
1692,Prenzlauer Berg,Pankow,True,2024,2024-05-18,Apartment,True,36.6,875.05,1005.22,23.91,12,7.28,4
1693,Wedding,Mitte,True,2024,2024-08-16,Apartment,False,61.9,782.72,1019.06,12.64,16,6.1,5
1694,Pankow,Pankow,False,2024,2024-04-26,Apartment,True,74.9,1187.34,1477.34,15.85,25,6.55,3
1695,Steglitz,Steglitz-Zehlendorf,False,2024,2024-02-02,Apartment,True,84.0,1227.29,1543.87,14.61,32,6.73,3
1696,Kreuzberg,Friedrichshain-Kreuzberg,True,2024,2024-10-01,Apartment,True,46.4,1047.35,1210.58,22.57,14,7.1,6
1697,Mitte,Mitte,True,2024,2024-04-11,Room,False,16.7,336.31,464.06,20.14,6,7.73,5
1698,Friedrichshain,Friedrichshain-Kreuzberg,True,2024,2024-02-27,Apartment,True,59.4,1316.04,1546.22,22.16,10,6.82,6
1699,Steglitz,Steglitz-Zehlendorf,False,2024,2024-08-21,Apartment,False,44.7,592.34,755.63,13.25,32,6.73,3
1700,Mitte,Mitte,True,2024,2024-09-04,Room,False,17.8,387.67,526.46,21.78,6,7.73,5
1701,Wedding,Mitte,True,2024,2024-12-13,Room,False,17.7,281.23,420.58,15.89,16,6.1,5
1702,Wedding,Mitte,True,2024,2024-01-04,Apartment,False,40.6,580.36,712.88,14.29,16,6.1,5
1703,Charlottenburg,Charlottenburg-Wilmersdorf,True,2024,2024-12-10,Apartment,False,59.8,918.96,1145.27,15.37,22,7.19,4
1704,Neukölln,Neukölln,True,2024,2024-04-09,Room,False,18.8,336.12,497.14,17.88,18,6.19,7
1705,Friedrichshain,Friedrichshain-Kreuzberg,True,2024,2024-06-02,Apartment,True,60.1,1266.84,1458.72,21.08,10,6.82,6
1706,Pankow,Pankow,False,2024,2024-03-28,Room,False,18.5,267.35,409.18,14.45,25,6.55,3
1707,Kreuzberg,Friedrichshain-Kreuzberg,True,2024,2024-05-17,Apartment,True,82.8,2012.58,2328.04,24.31,14,7.1,6
1708,Prenzlauer Berg,Pankow,True,2024,2024-06-19,Apartment,False,77.8,1356.34,1607.67,17.43,12,7.28,4
1709,Steglitz,Steglitz-Zehlendorf,False,2024,2024-08-01,Room,False,20.3,295.39,437.1,14.55,32,6.73,3
1710,Mitte,Mitte,True,2024,2024-08-21,Apartment,False,83.4,1563.2,1882.19,18.74,6,7.73,5
1711,Neukölln,Neukölln,True,2024,2024-07-10,Room,False,16.9,303.46,440.73,17.96,18,6.19,7
1712,Mitte,Mitte,True,2024,2024-04-20,Room,False,18.6,400.88,533.86,21.55,6,7.73,5
1713,Pankow,Pankow,False,2024,2024-09-02,Apartment,False,40.3,499.97,636.71,12.41,25,6.55,3
1714,Steglitz,Steglitz-Zehlendorf,False,2024,2024-12-27,Apartment,False,82.3,1086.07,1370.09,13.2,32,6.73,3
1715,Moabit,Mitte,True,2024,2024-06-24,Room,False,22.2,353.83,480.36,15.94,18,6.37,5
1716,Neukölln,Neukölln,True,2024,2024-02-07,Apartment,False,49.2,746.93,938.45,15.18,18,6.19,7
1717,Charlottenburg,Charlottenburg-Wilmersdorf,True,2024,2024-10-20,Apartment,False,76.2,1324.86,1601.53,17.39,22,7.19,4
1718,Prenzlauer Berg,Pankow,True,2024,2024-10-12,Apartment,False,51.4,936.3,1126.2,18.22,12,7.28,4
1719,Wedding,Mitte,True,2024,2024-12-24,Apartment,False,42.0,601.73,764.84,14.33,16,6.1,5
1720,Steglitz,Steglitz-Zehlendorf,False,2024,2024-04-19,Apartment,False,53.1,699.72,900.04,13.18,32,6.73,3
1721,Kreuzberg,Friedrichshain-Kreuzberg,True,2024,2024-11-05,Room,True,19.1,453.02,588.68,23.72,14,7.1,6
1722,Steglitz,Steglitz-Zehlendorf,False,2024,2024-09-27,Apartment,True,67.1,1062.63,1318.84,15.84,32,6.73,3
1723,Mitte,Mitte,True,2024,2024-09-15,Apartment,False,35.8,681.28,793.29,19.03,6,7.73,5
1724,Charlottenburg,Charlottenburg-Wilmersdorf,True,2024,2024-10-16,Apartment,False,63.7,1063.19,1302.77,16.69,22,7.19,4
1725,Friedrichshain,Friedrichshain-Kreuzberg,True,2024,2024-02-14,Apartment,False,61.6,1136.07,1373.95,18.44,10,6.82,6
1726,Pankow,Pankow,False,2024,2024-08-08,Apartment,False,84.6,1149.3,1469.97,13.59,25,6.55,3
1727,Neukölln,Neukölln,True,2024,2024-04-03,Apartment,False,84.7,1212.26,1500.02,14.31,18,6.19,7
1728,Lichtenberg,Lichtenberg,False,2024,2024-01-11,Apartment,False,74.1,950.52,1243.49,12.83,24,5.91,3
1729,Schöneberg,Tempelhof-Schöneberg,True,2024,2024-05-12,Apartment,True,76.4,1339.49,1605.7,17.53,19,6.82,4
1730,Prenzlauer Berg,Pankow,True,2024,2024-10-21,Apartment,False,61.6,1143.33,1345.4,18.56,12,7.28,4
1731,Charlottenburg,Charlottenburg-Wilmersdorf,True,2024,2024-06-06,Apartment,False,63.8,982.29,1188.58,15.4,22,7.19,4
1732,Kreuzberg,Friedrichshain-Kreuzberg,True,2024,2024-06-27,Room,False,27.2,504.39,634.12,18.54,14,7.1,6
1733,Friedrichshain,Friedrichshain-Kreuzberg,True,2024,2024-05-18,Room,True,17.2,381.29,524.38,22.17,10,6.82,6
1734,Prenzlauer Berg,Pankow,True,2024,2024-07-11,Apartment,True,52.8,1149.07,1333.64,21.76,12,7.28,4
1735,Mitte,Mitte,True,2024,2024-07-23,Room,False,24.4,511.91,656.02,20.98,6,7.73,5
1736,Prenzlauer Berg,Pankow,True,2024,2024-10-23,Room,False,25.4,481.6,613.48,18.96,12,7.28,4
1737,Steglitz,Steglitz-Zehlendorf,False,2024,2024-06-11,Apartment,True,45.5,782.51,938.24,17.2,32,6.73,3
1738,Schöneberg,Tempelhof-Schöneberg,True,2024,2024-02-27,Room,False,25.2,444.61,580.1,17.64,19,6.82,4
1739,Moabit,Mitte,True,2024,2024-07-03,Room,False,19.9,362.89,491.39,18.24,18,6.37,5
1740,Neukölln,Neukölln,True,2024,2024-02-13,Apartment,False,77.4,1139.03,1448.61,14.72,18,6.19,7
1741,Lichtenberg,Lichtenberg,False,2024,2024-11-27,Apartment,False,58.6,778.91,975.06,13.29,24,5.91,3
1742,Charlottenburg,Charlottenburg-Wilmersdorf,True,2024,2024-03-12,Room,False,16.5,281.83,429.17,17.08,22,7.19,4
1743,Steglitz,Steglitz-Zehlendorf,False,2024,2024-11-12,Apartment,True,64.8,979.76,1197.73,15.12,32,6.73,3
1744,Schöneberg,Tempelhof-Schöneberg,True,2024,2024-12-08,Apartment,False,43.7,696.59,838.01,15.94,19,6.82,4
1745,Kreuzberg,Friedrichshain-Kreuzberg,True,2024,2024-07-25,Room,False,25.0,462.89,596.07,18.52,14,7.1,6
1746,Lichtenberg,Lichtenberg,False,2024,2024-01-15,Room,False,22.7,304.99,430.15,13.44,24,5.91,3
1747,Moabit,Mitte,True,2024,2024-11-02,Room,False,26.8,426.27,567.24,15.91,18,6.37,5
1748,Steglitz,Steglitz-Zehlendorf,False,2024,2024-02-27,Apartment,True,35.7,572.17,714.59,16.03,32,6.73,3
1749,Moabit,Mitte,True,2024,2024-11-22,Apartment,False,79.9,1179.71,1489.02,14.76,18,6.37,5
1750,Mitte,Mitte,True,2024,2024-07-06,Room,False,26.6,536.68,690.22,20.18,6,7.73,5
1751,Pankow,Pankow,False,2024,2024-09-20,Apartment,True,59.6,1024.57,1216.08,17.19,25,6.55,3
1752,Kreuzberg,Friedrichshain-Kreuzberg,True,2024,2024-11-10,Apartment,True,68.0,1597.94,1826.02,23.5,14,7.1,6
1753,Friedrichshain,Friedrichshain-Kreuzberg,True,2024,2024-10-29,Room,True,24.2,562.98,707.78,23.26,10,6.82,6
1754,Wedding,Mitte,True,2024,2024-07-10,Apartment,False,48.3,707.25,871.24,14.64,16,6.1,5
1755,Lichtenberg,Lichtenberg,False,2024,2024-11-19,Room,False,25.9,388.17,548.16,14.99,24,5.91,3
1756,Mitte,Mitte,True,2024,2024-05-01,Apartment,False,35.7,703.55,841.06,19.71,6,7.73,5
1757,Kreuzberg,Friedrichshain-Kreuzberg,True,2024,2024-10-22,Room,True,20.7,507.48,670.61,24.52,14,7.1,6
1758,Schöneberg,Tempelhof-Schöneberg,True,2024,2024-09-20,Apartment,True,66.1,1264.31,1485.84,19.13,19,6.82,4
1759,Charlottenburg,Charlottenburg-Wilmersdorf,True,2024,2024-10-08,Room,False,17.6,339.24,485.17,19.27,22,7.19,4
1760,Moabit,Mitte,True,2024,2024-07-06,Apartment,False,52.1,780.15,944.62,14.97,18,6.37,5
1761,Schöneberg,Tempelhof-Schöneberg,True,2024,2024-02-26,Apartment,False,41.3,624.25,769.28,15.12,19,6.82,4
1762,Friedrichshain,Friedrichshain-Kreuzberg,True,2024,2024-02-12,Apartment,True,78.7,1639.89,1953.58,20.84,10,6.82,6
1763,Wedding,Mitte,True,2024,2024-12-14,Room,False,26.4,418.14,548.52,15.84,16,6.1,5
1764,Prenzlauer Berg,Pankow,True,2024,2024-09-28,Apartment,True,72.2,1668.8,1929.2,23.11,12,7.28,4
1765,Wedding,Mitte,True,2024,2024-03-26,Room,False,21.6,351.43,520.3,16.27,16,6.1,5
1766,Charlottenburg,Charlottenburg-Wilmersdorf,True,2024,2024-03-18,Room,False,22.9,444.67,578.85,19.42,22,7.19,4
1767,Wedding,Mitte,True,2024,2024-07-24,Apartment,False,77.9,1022.8,1331.53,13.13,16,6.1,5
1768,Neukölln,Neukölln,True,2024,2024-06-02,Room,False,19.9,344.92,483.41,17.33,18,6.19,7
1769,Mitte,Mitte,True,2024,2024-10-31,Room,False,23.4,478.13,635.14,20.43,6,7.73,5
1770,Friedrichshain,Friedrichshain-Kreuzberg,True,2024,2024-05-04,Room,False,16.0,329.28,487.69,20.58,10,6.82,6
1771,Schöneberg,Tempelhof-Schöneberg,True,2024,2024-02-06,Apartment,False,54.5,818.56,1028.43,15.02,19,6.82,4
1772,Prenzlauer Berg,Pankow,True,2024,2024-03-18,Apartment,True,79.6,1702.11,2016.52,21.38,12,7.28,4
1773,Prenzlauer Berg,Pankow,True,2024,2024-06-08,Room,False,24.6,460.35,589.63,18.71,12,7.28,4
1774,Wedding,Mitte,True,2024,2024-03-04,Room,False,20.6,333.54,470.99,16.19,16,6.1,5
1775,Wedding,Mitte,True,2024,2024-06-23,Apartment,False,38.5,571.2,722.1,14.84,16,6.1,5
1776,Neukölln,Neukölln,True,2024,2024-03-27,Apartment,True,76.9,1408.64,1676.51,18.32,18,6.19,7
1777,Steglitz,Steglitz-Zehlendorf,False,2024,2024-11-04,Apartment,False,72.9,871.15,1103.9,11.95,32,6.73,3
1778,Pankow,Pankow,False,2024,2024-01-30,Apartment,True,77.5,1272.57,1542.99,16.42,25,6.55,3
1779,Lichtenberg,Lichtenberg,False,2024,2024-11-23,Room,False,25.8,385.81,550.52,14.95,24,5.91,3
1780,Wedding,Mitte,True,2024,2024-12-31,Room,False,17.5,270.8,395.38,15.47,16,6.1,5
1781,Moabit,Mitte,True,2024,2024-12-28,Room,False,22.3,389.85,518.53,17.48,18,6.37,5
1782,Moabit,Mitte,True,2024,2024-07-14,Apartment,False,53.8,805.59,1017.17,14.97,18,6.37,5
1783,Mitte,Mitte,True,2024,2024-03-01,Apartment,False,74.7,1553.98,1824.25,20.8,6,7.73,5
1784,Prenzlauer Berg,Pankow,True,2024,2024-01-21,Room,False,26.7,532.72,674.44,19.95,12,7.28,4
1785,Charlottenburg,Charlottenburg-Wilmersdorf,True,2024,2024-07-23,Apartment,False,58.0,1006.65,1188.4,17.36,22,7.19,4
1786,Lichtenberg,Lichtenberg,False,2024,2024-11-18,Apartment,False,80.4,939.07,1201.39,11.68,24,5.91,3
1787,Charlottenburg,Charlottenburg-Wilmersdorf,True,2024,2024-05-09,Room,False,25.2,480.33,642.55,19.06,22,7.19,4
1788,Charlottenburg,Charlottenburg-Wilmersdorf,True,2024,2024-08-22,Apartment,True,83.7,1607.56,1870.63,19.21,22,7.19,4
1789,Steglitz,Steglitz-Zehlendorf,False,2024,2024-06-13,Apartment,True,74.7,1132.66,1401.02,15.16,32,6.73,3
1790,Steglitz,Steglitz-Zehlendorf,False,2024,2024-11-11,Room,True,25.4,485.62,624.64,19.12,32,6.73,3
1791,Wedding,Mitte,True,2024,2024-02-16,Apartment,False,46.4,671.42,819.49,14.47,16,6.1,5
1792,Lichtenberg,Lichtenberg,False,2024,2024-12-28,Room,False,23.0,345.14,478.24,15.01,24,5.91,3
1793,Moabit,Mitte,True,2024,2024-06-14,Room,False,26.5,469.29,636.46,17.71,18,6.37,5
1794,Mitte,Mitte,True,2024,2024-10-13,Room,False,26.7,587.39,736.61,22.0,6,7.73,5
1795,Wedding,Mitte,True,2024,2024-12-05,Room,False,15.1,224.28,380.3,14.85,16,6.1,5
1796,Schöneberg,Tempelhof-Schöneberg,True,2024,2024-05-30,Apartment,True,52.0,962.31,1141.54,18.51,19,6.82,4
1797,Pankow,Pankow,False,2024,2024-12-07,Apartment,True,85.0,1296.04,1601.46,15.25,25,6.55,3
1798,Neukölln,Neukölln,True,2024,2024-04-20,Room,True,23.7,488.74,632.56,20.62,18,6.19,7
1799,Kreuzberg,Friedrichshain-Kreuzberg,True,2024,2024-10-09,Room,True,14.3,357.21,499.86,24.98,14,7.1,6
1800,Pankow,Pankow,False,2024,2024-07-17,Room,True,21.3,383.78,548.39,18.02,25,6.55,3
1801,Steglitz,Steglitz-Zehlendorf,False,2024,2024-07-05,Room,False,19.1,293.72,437.13,15.38,32,6.73,3
1802,Prenzlauer Berg,Pankow,True,2024,2024-05-06,Room,True,27.4,646.38,814.76,23.59,12,7.28,4
1803,Wedding,Mitte,True,2024,2024-02-23,Apartment,True,80.9,1519.96,1809.73,18.79,16,6.1,5
1804,Pankow,Pankow,False,2024,2024-05-17,Room,True,23.8,475.79,609.87,19.99,25,6.55,3
1805,Pankow,Pankow,False,2024,2024-03-28,Apartment,False,56.9,751.79,931.49,13.21,25,6.55,3
1806,Mitte,Mitte,True,2024,2024-03-16,Apartment,False,37.9,709.6,856.68,18.72,6,7.73,5
1807,Friedrichshain,Friedrichshain-Kreuzberg,True,2024,2024-12-31,Apartment,True,70.9,1626.1,1892.33,22.94,10,6.82,6
1808,Pankow,Pankow,False,2024,2024-08-19,Apartment,False,82.1,1159.91,1430.32,14.13,25,6.55,3
1809,Neukölln,Neukölln,True,2024,2024-07-27,Apartment,False,51.5,795.58,995.83,15.45,18,6.19,7
1810,Kreuzberg,Friedrichshain-Kreuzberg,True,2024,2024-01-28,Apartment,False,64.3,1217.82,1473.34,18.94,14,7.1,6
1811,Steglitz,Steglitz-Zehlendorf,False,2024,2024-07-30,Apartment,False,73.7,855.36,1088.05,11.61,32,6.73,3
1812,Steglitz,Steglitz-Zehlendorf,False,2024,2024-01-16,Room,True,27.7,529.9,691.51,19.13,32,6.73,3
1813,Lichtenberg,Lichtenberg,False,2024,2024-12-24,Apartment,False,51.6,588.9,767.6,11.41,24,5.91,3
1814,Lichtenberg,Lichtenberg,False,2024,2024-02-19,Room,False,23.7,324.05,463.5,13.67,24,5.91,3
1815,Neukölln,Neukölln,True,2024,2024-07-24,Room,False,26.3,457.43,589.74,17.39,18,6.19,7
1816,Prenzlauer Berg,Pankow,True,2024,2024-09-25,Room,False,22.9,451.24,609.07,19.7,12,7.28,4
1817,Neukölln,Neukölln,True,2024,2024-03-27,Room,False,27.7,450.1,590.89,16.25,18,6.19,7
1818,Mitte,Mitte,True,2024,2024-10-17,Apartment,False,35.2,663.53,773.53,18.85,6,7.73,5
1819,Pankow,Pankow,False,2024,2024-06-25,Room,True,16.4,304.14,452.22,18.55,25,6.55,3
1820,Friedrichshain,Friedrichshain-Kreuzberg,True,2024,2024-12-27,Apartment,False,65.0,1153.21,1406.86,17.74,10,6.82,6
1821,Kreuzberg,Friedrichshain-Kreuzberg,True,2024,2024-03-02,Apartment,False,57.3,1041.53,1267.39,18.18,14,7.1,6
1822,Neukölln,Neukölln,True,2024,2024-04-08,Apartment,True,69.2,1287.48,1508.21,18.61,18,6.19,7
1823,Pankow,Pankow,False,2024,2024-07-18,Room,False,18.7,281.35,434.98,15.05,25,6.55,3
1824,Moabit,Mitte,True,2024,2024-09-08,Apartment,False,38.3,545.71,669.31,14.25,18,6.37,5
1825,Prenzlauer Berg,Pankow,True,2024,2024-12-03,Apartment,True,37.9,920.27,1066.54,24.28,12,7.28,4
1826,Steglitz,Steglitz-Zehlendorf,False,2024,2024-09-26,Apartment,False,77.4,901.75,1187.3,11.65,32,6.73,3
1827,Pankow,Pankow,False,2024,2024-06-13,Apartment,False,54.7,717.06,896.52,13.11,25,6.55,3
1828,Kreuzberg,Friedrichshain-Kreuzberg,True,2024,2024-01-13,Room,True,27.2,639.32,767.03,23.5,14,7.1,6
1829,Moabit,Mitte,True,2024,2024-05-27,Room,False,22.5,372.74,541.39,16.57,18,6.37,5
1830,Lichtenberg,Lichtenberg,False,2024,2024-10-27,Apartment,False,37.1,492.77,618.03,13.28,24,5.91,3
1831,Steglitz,Steglitz-Zehlendorf,False,2024,2024-01-25,Apartment,False,67.0,877.87,1117.79,13.1,32,6.73,3
1832,Neukölln,Neukölln,True,2024,2024-09-17,Room,True,21.5,477.66,621.18,22.22,18,6.19,7
1833,Wedding,Mitte,True,2024,2024-08-22,Apartment,False,69.1,867.92,1095.47,12.56,16,6.1,5
1834,Kreuzberg,Friedrichshain-Kreuzberg,True,2024,2024-11-23,Apartment,False,38.6,650.41,777.25,16.85,14,7.1,6
1835,Pankow,Pankow,False,2024,2024-01-03,Room,False,16.9,263.24,428.83,15.58,25,6.55,3
1836,Prenzlauer Berg,Pankow,True,2024,2024-04-26,Apartment,False,51.5,876.85,1054.57,17.03,12,7.28,4
1837,Charlottenburg,Charlottenburg-Wilmersdorf,True,2024,2024-05-12,Apartment,False,42.8,709.93,866.56,16.59,22,7.19,4
1838,Schöneberg,Tempelhof-Schöneberg,True,2024,2024-11-30,Apartment,False,80.1,1229.45,1545.54,15.35,19,6.82,4
1839,Steglitz,Steglitz-Zehlendorf,False,2024,2024-04-07,Apartment,False,35.5,471.84,593.94,13.29,32,6.73,3
1840,Moabit,Mitte,True,2024,2024-12-19,Room,True,23.7,462.08,591.88,19.5,18,6.37,5
1841,Prenzlauer Berg,Pankow,True,2024,2024-03-26,Room,True,16.2,394.71,542.87,24.36,12,7.28,4
1842,Steglitz,Steglitz-Zehlendorf,False,2024,2024-05-25,Room,False,27.0,391.28,539.41,14.49,32,6.73,3
1843,Pankow,Pankow,False,2024,2024-02-14,Room,False,19.5,312.39,445.49,16.02,25,6.55,3
1844,Wedding,Mitte,True,2024,2024-01-20,Apartment,True,60.9,944.91,1139.81,15.52,16,6.1,5
1845,Schöneberg,Tempelhof-Schöneberg,True,2024,2024-08-12,Room,False,25.3,438.33,590.02,17.33,19,6.82,4
1846,Steglitz,Steglitz-Zehlendorf,False,2024,2024-04-06,Room,False,14.6,228.75,387.26,15.67,32,6.73,3
1847,Prenzlauer Berg,Pankow,True,2024,2024-03-30,Apartment,True,35.7,776.35,895.08,21.75,12,7.28,4
1848,Charlottenburg,Charlottenburg-Wilmersdorf,True,2024,2024-09-15,Apartment,False,37.8,602.98,752.37,15.95,22,7.19,4
1849,Friedrichshain,Friedrichshain-Kreuzberg,True,2024,2024-08-13,Room,False,18.7,379.3,504.44,20.28,10,6.82,6
1850,Friedrichshain,Friedrichshain-Kreuzberg,True,2024,2024-06-11,Apartment,False,49.4,812.79,990.26,16.45,10,6.82,6
1851,Mitte,Mitte,True,2024,2024-06-13,Room,True,21.3,515.98,672.56,24.22,6,7.73,5
1852,Charlottenburg,Charlottenburg-Wilmersdorf,True,2024,2024-01-30,Room,False,23.6,402.88,527.03,17.07,22,7.19,4
1853,Schöneberg,Tempelhof-Schöneberg,True,2024,2024-11-28,Apartment,True,46.2,936.72,1083.01,20.28,19,6.82,4
1854,Moabit,Mitte,True,2024,2024-05-01,Apartment,False,49.1,747.89,919.97,15.23,18,6.37,5
1855,Lichtenberg,Lichtenberg,False,2024,2024-08-20,Apartment,True,84.0,1310.0,1638.33,15.6,24,5.91,3
1856,Wedding,Mitte,True,2024,2024-05-11,Apartment,True,49.3,909.03,1079.1,18.44,16,6.1,5
1857,Kreuzberg,Friedrichshain-Kreuzberg,True,2024,2024-10-04,Room,True,25.3,570.51,726.49,22.55,14,7.1,6
1858,Prenzlauer Berg,Pankow,True,2024,2024-08-23,Apartment,True,66.3,1395.14,1653.4,21.04,12,7.28,4
1859,Steglitz,Steglitz-Zehlendorf,False,2024,2024-03-09,Apartment,False,58.2,710.24,925.51,12.2,32,6.73,3
1860,Steglitz,Steglitz-Zehlendorf,False,2024,2024-11-12,Apartment,True,70.6,1161.82,1427.02,16.46,32,6.73,3
1861,Charlottenburg,Charlottenburg-Wilmersdorf,True,2024,2024-04-19,Apartment,False,73.2,1173.66,1443.01,16.03,22,7.19,4
1862,Schöneberg,Tempelhof-Schöneberg,True,2024,2024-11-15,Room,True,23.1,498.07,656.93,21.56,19,6.82,4
1863,Schöneberg,Tempelhof-Schöneberg,True,2024,2024-04-02,Room,True,21.7,440.91,588.2,20.32,19,6.82,4
1864,Moabit,Mitte,True,2024,2024-03-20,Room,True,21.9,443.61,598.24,20.26,18,6.37,5
1865,Lichtenberg,Lichtenberg,False,2024,2024-03-07,Room,False,16.8,239.59,384.68,14.26,24,5.91,3
1866,Moabit,Mitte,True,2024,2024-12-12,Room,False,22.6,399.11,562.53,17.66,18,6.37,5
1867,Friedrichshain,Friedrichshain-Kreuzberg,True,2024,2024-06-09,Apartment,True,35.4,782.86,919.76,22.11,10,6.82,6
1868,Charlottenburg,Charlottenburg-Wilmersdorf,True,2024,2024-10-25,Room,True,17.0,390.59,555.51,22.98,22,7.19,4
1869,Moabit,Mitte,True,2024,2024-03-18,Apartment,False,49.5,686.24,864.72,13.86,18,6.37,5
1870,Kreuzberg,Friedrichshain-Kreuzberg,True,2024,2024-08-28,Room,False,22.7,428.96,577.81,18.9,14,7.1,6
1871,Steglitz,Steglitz-Zehlendorf,False,2024,2024-03-16,Apartment,False,80.2,1093.37,1389.91,13.63,32,6.73,3
1872,Moabit,Mitte,True,2024,2024-10-27,Room,True,26.3,535.21,693.73,20.35,18,6.37,5
1873,Steglitz,Steglitz-Zehlendorf,False,2024,2024-09-08,Apartment,True,57.0,895.01,1072.73,15.7,32,6.73,3
1874,Lichtenberg,Lichtenberg,False,2024,2024-03-10,Apartment,False,84.4,1109.85,1376.72,13.15,24,5.91,3
1875,Pankow,Pankow,False,2024,2024-12-08,Room,False,16.1,261.83,421.42,16.26,25,6.55,3
1876,Prenzlauer Berg,Pankow,True,2024,2024-09-10,Apartment,True,70.6,1639.14,1896.3,23.22,12,7.28,4
1877,Mitte,Mitte,True,2024,2024-09-19,Apartment,False,84.6,1589.06,1870.56,18.78,6,7.73,5
1878,Neukölln,Neukölln,True,2024,2024-11-28,Apartment,False,36.2,534.49,652.15,14.76,18,6.19,7
1879,Prenzlauer Berg,Pankow,True,2024,2024-12-02,Apartment,True,84.8,1804.11,2142.94,21.27,12,7.28,4
1880,Moabit,Mitte,True,2024,2024-10-20,Apartment,True,36.6,752.0,865.81,20.55,18,6.37,5
1881,Mitte,Mitte,True,2024,2024-07-11,Room,True,20.6,527.7,663.86,25.62,6,7.73,5
1882,Charlottenburg,Charlottenburg-Wilmersdorf,True,2024,2024-03-08,Room,False,27.9,508.42,664.25,18.22,22,7.19,4
1883,Charlottenburg,Charlottenburg-Wilmersdorf,True,2024,2024-12-09,Apartment,False,59.4,927.97,1160.94,15.62,22,7.19,4
1884,Friedrichshain,Friedrichshain-Kreuzberg,True,2024,2024-03-06,Apartment,False,78.1,1464.07,1707.8,18.75,10,6.82,6
1885,Friedrichshain,Friedrichshain-Kreuzberg,True,2024,2024-02-08,Room,True,14.9,347.07,475.0,23.29,10,6.82,6
1886,Mitte,Mitte,True,2024,2024-10-25,Apartment,False,52.1,1075.76,1240.57,20.65,6,7.73,5
1887,Lichtenberg,Lichtenberg,False,2024,2024-11-09,Apartment,False,66.6,794.66,1040.98,11.93,24,5.91,3
1888,Friedrichshain,Friedrichshain-Kreuzberg,True,2024,2024-02-16,Room,True,26.9,656.51,812.83,24.41,10,6.82,6
1889,Mitte,Mitte,True,2024,2024-11-16,Room,False,16.9,372.7,514.11,22.05,6,7.73,5
1890,Wedding,Mitte,True,2024,2024-08-28,Room,False,23.9,377.66,533.44,15.8,16,6.1,5
1891,Neukölln,Neukölln,True,2024,2024-02-10,Apartment,False,78.0,1177.94,1455.37,15.1,18,6.19,7
1892,Kreuzberg,Friedrichshain-Kreuzberg,True,2024,2024-02-08,Apartment,True,78.9,1710.84,1964.24,21.68,14,7.1,6
1893,Prenzlauer Berg,Pankow,True,2024,2024-11-03,Room,True,27.9,649.06,799.71,23.26,12,7.28,4
1894,Schöneberg,Tempelhof-Schöneberg,True,2024,2024-12-01,Apartment,True,56.3,1200.02,1401.43,21.31,19,6.82,4
1895,Lichtenberg,Lichtenberg,False,2024,2024-01-31,Room,False,14.9,201.29,340.78,13.51,24,5.91,3
1896,Pankow,Pankow,False,2024,2024-12-11,Apartment,False,68.7,956.65,1197.19,13.93,25,6.55,3
1897,Friedrichshain,Friedrichshain-Kreuzberg,True,2024,2024-02-03,Room,False,26.8,541.78,693.03,20.22,10,6.82,6
1898,Pankow,Pankow,False,2024,2024-09-12,Room,False,20.3,318.62,464.24,15.7,25,6.55,3
1899,Neukölln,Neukölln,True,2024,2024-06-29,Apartment,True,85.0,1532.27,1799.04,18.03,18,6.19,7
1900,Schöneberg,Tempelhof-Schöneberg,True,2024,2024-08-25,Apartment,False,81.2,1369.74,1692.51,16.87,19,6.82,4
1901,Moabit,Mitte,True,2024,2024-06-11,Apartment,True,72.5,1261.53,1495.38,17.4,18,6.37,5
1902,Schöneberg,Tempelhof-Schöneberg,True,2024,2024-12-04,Apartment,False,55.0,798.13,1007.8,14.51,19,6.82,4
1903,Kreuzberg,Friedrichshain-Kreuzberg,True,2024,2024-05-18,Room,False,17.0,314.08,459.33,18.48,14,7.1,6
1904,Charlottenburg,Charlottenburg-Wilmersdorf,True,2024,2024-05-22,Room,False,16.2,313.27,475.69,19.34,22,7.19,4
1905,Prenzlauer Berg,Pankow,True,2024,2024-09-06,Room,False,21.0,419.83,582.15,19.99,12,7.28,4
1906,Lichtenberg,Lichtenberg,False,2024,2024-05-28,Room,False,14.9,209.66,355.11,14.07,24,5.91,3
1907,Kreuzberg,Friedrichshain-Kreuzberg,True,2024,2024-06-06,Room,False,25.3,497.5,622.08,19.66,14,7.1,6
1908,Lichtenberg,Lichtenberg,False,2024,2024-03-07,Room,False,23.6,337.47,466.95,14.3,24,5.91,3
1909,Wedding,Mitte,True,2024,2024-08-30,Room,False,25.3,421.8,562.43,16.67,16,6.1,5
1910,Friedrichshain,Friedrichshain-Kreuzberg,True,2024,2024-06-09,Room,True,17.4,444.05,609.01,25.52,10,6.82,6
1911,Lichtenberg,Lichtenberg,False,2024,2024-06-18,Apartment,False,74.3,923.04,1191.97,12.42,24,5.91,3
1912,Steglitz,Steglitz-Zehlendorf,False,2024,2024-10-30,Room,True,18.5,346.23,480.53,18.72,32,6.73,3
1913,Pankow,Pankow,False,2024,2024-09-18,Room,False,20.8,313.66,438.53,15.08,25,6.55,3
1914,Friedrichshain,Friedrichshain-Kreuzberg,True,2024,2024-05-16,Room,True,18.5,436.44,600.96,23.59,10,6.82,6
1915,Friedrichshain,Friedrichshain-Kreuzberg,True,2024,2024-01-31,Room,False,25.1,476.38,606.82,18.98,10,6.82,6
1916,Moabit,Mitte,True,2024,2024-03-15,Room,False,18.6,332.71,478.42,17.89,18,6.37,5
1917,Neukölln,Neukölln,True,2024,2024-11-26,Apartment,False,50.7,826.42,992.72,16.3,18,6.19,7
1918,Prenzlauer Berg,Pankow,True,2024,2024-04-09,Apartment,False,41.0,771.52,925.76,18.82,12,7.28,4
1919,Wedding,Mitte,True,2024,2024-05-13,Apartment,True,74.5,1283.85,1515.53,17.23,16,6.1,5
1920,Prenzlauer Berg,Pankow,True,2024,2024-03-16,Room,True,23.1,561.1,706.02,24.29,12,7.28,4
1921,Moabit,Mitte,True,2024,2024-05-20,Apartment,False,64.7,1010.02,1216.86,15.61,18,6.37,5
1922,Moabit,Mitte,True,2024,2024-01-09,Room,False,20.3,328.9,458.68,16.2,18,6.37,5
1923,Friedrichshain,Friedrichshain-Kreuzberg,True,2024,2024-01-14,Room,True,20.7,474.42,615.3,22.92,10,6.82,6
1924,Lichtenberg,Lichtenberg,False,2024,2024-06-14,Room,True,16.5,297.31,450.27,18.02,24,5.91,3
1925,Pankow,Pankow,False,2024,2024-02-04,Apartment,True,60.6,1036.77,1251.72,17.11,25,6.55,3
1926,Kreuzberg,Friedrichshain-Kreuzberg,True,2024,2024-07-01,Room,False,27.2,520.2,678.16,19.13,14,7.1,6
1927,Charlottenburg,Charlottenburg-Wilmersdorf,True,2024,2024-07-21,Room,True,15.0,314.9,457.64,20.99,22,7.19,4
1928,Steglitz,Steglitz-Zehlendorf,False,2024,2024-05-13,Room,False,25.4,370.9,500.09,14.6,32,6.73,3
1929,Prenzlauer Berg,Pankow,True,2024,2024-04-25,Room,False,21.8,410.69,572.62,18.84,12,7.28,4
1930,Moabit,Mitte,True,2024,2024-06-14,Room,True,17.3,346.18,492.71,20.01,18,6.37,5
1931,Schöneberg,Tempelhof-Schöneberg,True,2024,2024-12-08,Apartment,False,36.0,599.02,726.57,16.64,19,6.82,4
1932,Steglitz,Steglitz-Zehlendorf,False,2024,2024-10-25,Apartment,False,37.0,472.4,594.05,12.77,32,6.73,3
1933,Moabit,Mitte,True,2024,2024-03-25,Room,False,22.1,369.62,534.06,16.72,18,6.37,5
1934,Schöneberg,Tempelhof-Schöneberg,True,2024,2024-10-11,Room,False,26.8,500.54,637.2,18.68,19,6.82,4
1935,Charlottenburg,Charlottenburg-Wilmersdorf,True,2024,2024-05-13,Apartment,True,45.1,914.18,1067.27,20.27,22,7.19,4
1936,Schöneberg,Tempelhof-Schöneberg,True,2024,2024-07-26,Room,True,14.4,320.18,467.21,22.23,19,6.82,4
1937,Prenzlauer Berg,Pankow,True,2024,2024-10-18,Room,True,25.3,654.91,787.92,25.89,12,7.28,4
1938,Steglitz,Steglitz-Zehlendorf,False,2024,2024-07-03,Apartment,False,68.7,922.82,1186.36,13.43,32,6.73,3
1939,Moabit,Mitte,True,2024,2024-09-18,Room,False,21.9,395.06,530.41,18.04,18,6.37,5
1940,Mitte,Mitte,True,2024,2024-06-16,Room,True,16.5,412.46,568.86,25.0,6,7.73,5
1941,Moabit,Mitte,True,2024,2024-05-26,Apartment,False,43.3,645.22,801.31,14.9,18,6.37,5
1942,Lichtenberg,Lichtenberg,False,2024,2024-01-06,Apartment,True,65.8,1109.16,1349.81,16.86,24,5.91,3
1943,Neukölln,Neukölln,True,2024,2024-04-20,Apartment,True,54.1,1001.86,1172.18,18.52,18,6.19,7
1944,Lichtenberg,Lichtenberg,False,2024,2024-01-12,Room,False,26.3,356.06,498.85,13.54,24,5.91,3
1945,Neukölln,Neukölln,True,2024,2024-04-14,Apartment,False,50.1,732.11,929.36,14.61,18,6.19,7
1946,Friedrichshain,Friedrichshain-Kreuzberg,True,2024,2024-08-31,Apartment,False,69.1,1108.73,1380.84,16.05,10,6.82,6
1947,Kreuzberg,Friedrichshain-Kreuzberg,True,2024,2024-05-18,Room,True,17.3,439.1,588.19,25.38,14,7.1,6
1948,Mitte,Mitte,True,2024,2024-12-13,Apartment,False,71.6,1292.84,1519.0,18.06,6,7.73,5
1949,Schöneberg,Tempelhof-Schöneberg,True,2024,2024-10-22,Room,False,25.6,455.28,623.06,17.78,19,6.82,4
1950,Mitte,Mitte,True,2024,2024-04-13,Apartment,False,78.8,1573.28,1868.54,19.97,6,7.73,5
1951,Neukölln,Neukölln,True,2025,2025-11-29,Room,True,26.2,558.54,694.63,21.32,18,6.73,7
1952,Mitte,Mitte,True,2025,2025-04-29,Apartment,False,56.8,1258.01,1478.94,22.15,6,8.41,5
1953,Steglitz,Steglitz-Zehlendorf,False,2025,2025-03-25,Apartment,True,53.2,885.27,1091.43,16.64,32,7.33,3
1954,Charlottenburg,Charlottenburg-Wilmersdorf,True,2025,2025-03-31,Apartment,True,62.6,1279.06,1514.57,20.43,22,7.82,4
1955,Pankow,Pankow,False,2025,2025-09-11,Room,False,18.9,291.17,463.81,15.41,25,7.13,3
1956,Lichtenberg,Lichtenberg,False,2025,2025-07-03,Apartment,True,56.6,968.43,1180.65,17.11,24,6.43,3
1957,Lichtenberg,Lichtenberg,False,2025,2025-09-17,Apartment,False,78.1,959.35,1231.8,12.28,24,6.43,3
1958,Lichtenberg,Lichtenberg,False,2025,2025-04-16,Room,True,22.9,445.96,607.78,19.47,24,6.43,3
1959,Steglitz,Steglitz-Zehlendorf,False,2025,2025-09-24,Room,False,26.3,434.41,594.89,16.52,32,7.33,3
1960,Friedrichshain,Friedrichshain-Kreuzberg,True,2025,2025-06-21,Apartment,True,62.5,1599.89,1853.99,25.6,10,7.42,6
1961,Moabit,Mitte,True,2025,2025-12-03,Room,False,25.2,454.89,608.66,18.05,18,6.93,5
1962,Schöneberg,Tempelhof-Schöneberg,True,2025,2025-08-21,Room,True,19.7,450.0,614.82,22.84,19,7.42,4
1963,Kreuzberg,Friedrichshain-Kreuzberg,True,2025,2025-09-16,Apartment,False,44.4,767.05,951.94,17.28,14,7.72,6
1964,Friedrichshain,Friedrichshain-Kreuzberg,True,2025,2025-06-05,Apartment,False,69.7,1258.56,1546.44,18.06,10,7.42,6
1965,Prenzlauer Berg,Pankow,True,2025,2025-04-06,Apartment,True,75.7,1576.2,1845.61,20.82,12,7.92,4
1966,Lichtenberg,Lichtenberg,False,2025,2025-12-24,Room,True,27.3,486.68,640.82,17.83,24,6.43,3
1967,Pankow,Pankow,False,2025,2025-09-02,Room,False,16.9,265.82,428.36,15.73,25,7.13,3
1968,Lichtenberg,Lichtenberg,False,2025,2025-12-25,Apartment,True,59.6,869.51,1076.8,14.59,24,6.43,3
1969,Moabit,Mitte,True,2025,2025-11-14,Apartment,False,62.0,908.78,1161.1,14.66,18,6.93,5
1970,Charlottenburg,Charlottenburg-Wilmersdorf,True,2025,2025-02-14,Apartment,False,84.7,1425.41,1791.02,16.83,22,7.82,4
1971,Moabit,Mitte,True,2025,2025-07-14,Room,True,17.4,396.97,537.2,22.81,18,6.93,5
1972,Steglitz,Steglitz-Zehlendorf,False,2025,2025-12-27,Room,False,20.6,308.67,469.54,14.98,32,7.33,3
1973,Moabit,Mitte,True,2025,2025-01-15,Room,False,14.1,238.68,413.5,16.93,18,6.93,5
1974,Wedding,Mitte,True,2025,2025-10-02,Room,False,20.5,351.5,504.97,17.15,16,6.63,5
1975,Lichtenberg,Lichtenberg,False,2025,2025-03-25,Apartment,True,40.9,643.62,801.35,15.74,24,6.43,3
1976,Mitte,Mitte,True,2025,2025-09-06,Room,True,15.5,410.02,554.98,26.45,6,8.41,5
1977,Prenzlauer Berg,Pankow,True,2025,2025-01-23,Room,False,25.3,572.52,743.28,22.63,12,7.92,4
1978,Neukölln,Neukölln,True,2025,2025-12-25,Room,True,23.6,540.75,696.76,22.91,18,6.73,7
1979,Friedrichshain,Friedrichshain-Kreuzberg,True,2025,2025-07-07,Room,True,24.4,653.65,809.36,26.79,10,7.42,6
1980,Steglitz,Steglitz-Zehlendorf,False,2025,2025-08-03,Room,False,26.6,401.34,561.8,15.09,32,7.33,3
1981,Moabit,Mitte,True,2025,2025-12-07,Room,False,23.8,398.97,538.9,16.76,18,6.93,5
1982,Charlottenburg,Charlottenburg-Wilmersdorf,True,2025,2025-01-13,Apartment,False,47.2,873.58,1042.26,18.51,22,7.82,4
1983,Kreuzberg,Friedrichshain-Kreuzberg,True,2025,2025-09-02,Room,True,16.8,436.8,597.88,26.0,14,7.72,6
1984,Friedrichshain,Friedrichshain-Kreuzberg,True,2025,2025-04-14,Apartment,False,64.1,1116.7,1340.14,17.42,10,7.42,6
1985,Kreuzberg,Friedrichshain-Kreuzberg,True,2025,2025-01-07,Room,False,19.5,403.22,562.18,20.68,14,7.72,6
1986,Friedrichshain,Friedrichshain-Kreuzberg,True,2025,2025-05-05,Apartment,True,61.5,1417.68,1647.54,23.05,10,7.42,6
1987,Moabit,Mitte,True,2025,2025-11-21,Apartment,True,58.7,1100.46,1323.47,18.75,18,6.93,5
1988,Lichtenberg,Lichtenberg,False,2025,2025-02-04,Apartment,False,42.3,515.92,681.27,12.2,24,6.43,3
1989,Moabit,Mitte,True,2025,2025-11-17,Apartment,False,63.3,954.39,1215.7,15.08,18,6.93,5
1990,Charlottenburg,Charlottenburg-Wilmersdorf,True,2025,2025-06-14,Apartment,False,55.3,993.75,1186.67,17.97,22,7.82,4
1991,Schöneberg,Tempelhof-Schöneberg,True,2025,2025-04-26,Room,False,27.0,503.8,667.09,18.66,19,7.42,4
1992,Steglitz,Steglitz-Zehlendorf,False,2025,2025-11-22,Apartment,False,82.5,1094.6,1409.41,13.27,32,7.33,3
1993,Kreuzberg,Friedrichshain-Kreuzberg,True,2025,2025-08-02,Room,False,21.0,414.62,577.61,19.74,14,7.72,6
1994,Friedrichshain,Friedrichshain-Kreuzberg,True,2025,2025-05-23,Apartment,False,73.9,1449.27,1706.88,19.61,10,7.42,6
1995,Schöneberg,Tempelhof-Schöneberg,True,2025,2025-11-06,Room,False,27.8,514.85,688.48,18.52,19,7.42,4
1996,Charlottenburg,Charlottenburg-Wilmersdorf,True,2025,2025-12-19,Apartment,False,58.5,1003.82,1245.52,17.16,22,7.82,4
1997,Pankow,Pankow,False,2025,2025-08-29,Apartment,False,65.3,924.01,1183.03,14.15,25,7.13,3
1998,Charlottenburg,Charlottenburg-Wilmersdorf,True,2025,2025-05-09,Room,False,18.8,364.19,528.6,19.37,22,7.82,4
1999,Lichtenberg,Lichtenberg,False,2025,2025-05-03,Room,True,18.0,324.1,500.86,18.01,24,6.43,3
2000,Pankow,Pankow,False,2025,2025-05-23,Room,False,16.7,258.96,425.38,15.51,25,7.13,3
2001,Neukölln,Neukölln,True,2025,2025-12-19,Apartment,False,44.4,745.02,929.64,16.78,18,6.73,7
2002,Neukölln,Neukölln,True,2025,2025-08-25,Room,False,24.0,449.39,594.59,18.72,18,6.73,7
2003,Pankow,Pankow,False,2025,2025-11-21,Apartment,True,71.1,1139.08,1422.65,16.02,25,7.13,3
2004,Charlottenburg,Charlottenburg-Wilmersdorf,True,2025,2025-05-19,Room,False,21.0,390.37,548.17,18.59,22,7.82,4
2005,Pankow,Pankow,False,2025,2025-10-09,Apartment,True,47.7,724.24,904.97,15.18,25,7.13,3
2006,Schöneberg,Tempelhof-Schöneberg,True,2025,2025-10-26,Room,True,27.1,653.77,834.36,24.12,19,7.42,4
2007,Neukölln,Neukölln,True,2025,2025-09-08,Apartment,False,48.3,862.64,1056.58,17.86,18,6.73,7
2008,Pankow,Pankow,False,2025,2025-01-28,Room,False,18.4,276.8,418.33,15.04,25,7.13,3
2009,Mitte,Mitte,True,2025,2025-12-18,Apartment,True,62.4,1562.25,1829.52,25.04,6,8.41,5
2010,Schöneberg,Tempelhof-Schöneberg,True,2025,2025-11-16,Room,False,21.9,385.02,536.21,17.58,19,7.42,4
2011,Steglitz,Steglitz-Zehlendorf,False,2025,2025-05-17,Room,False,17.2,269.39,431.07,15.66,32,7.33,3
2012,Wedding,Mitte,True,2025,2025-07-16,Room,True,14.3,295.73,439.46,20.68,16,6.63,5
2013,Prenzlauer Berg,Pankow,True,2025,2025-09-06,Apartment,True,43.0,1049.41,1235.46,24.4,12,7.92,4
2014,Friedrichshain,Friedrichshain-Kreuzberg,True,2025,2025-03-30,Room,False,17.1,353.87,497.32,20.69,10,7.42,6
2015,Prenzlauer Berg,Pankow,True,2025,2025-08-17,Room,True,23.4,611.22,785.45,26.12,12,7.92,4
2016,Prenzlauer Berg,Pankow,True,2025,2025-07-16,Room,False,19.7,416.85,559.62,21.16,12,7.92,4
2017,Pankow,Pankow,False,2025,2025-09-26,Apartment,True,73.3,1204.43,1486.12,16.43,25,7.13,3
2018,Charlottenburg,Charlottenburg-Wilmersdorf,True,2025,2025-07-10,Room,False,22.6,458.74,622.03,20.3,22,7.82,4
2019,Kreuzberg,Friedrichshain-Kreuzberg,True,2025,2025-04-17,Apartment,False,69.9,1296.67,1587.4,18.55,14,7.72,6
2020,Prenzlauer Berg,Pankow,True,2025,2025-11-04,Room,False,17.5,361.75,508.14,20.67,12,7.92,4
2021,Moabit,Mitte,True,2025,2025-01-12,Apartment,False,63.2,1023.73,1245.45,16.2,18,6.93,5
2022,Schöneberg,Tempelhof-Schöneberg,True,2025,2025-08-12,Apartment,True,36.0,739.31,877.25,20.54,19,7.42,4
2023,Neukölln,Neukölln,True,2025,2025-10-27,Room,True,26.8,559.64,705.5,20.88,18,6.73,7
2024,Lichtenberg,Lichtenberg,False,2025,2025-01-25,Apartment,False,44.8,536.95,706.89,11.99,24,6.43,3
2025,Prenzlauer Berg,Pankow,True,2025,2025-02-10,Room,False,15.3,335.99,474.24,21.96,12,7.92,4
2026,Wedding,Mitte,True,2025,2025-04-06,Apartment,False,49.7,767.59,951.51,15.44,16,6.63,5
2027,Prenzlauer Berg,Pankow,True,2025,2025-04-01,Room,True,14.9,406.76,568.53,27.3,12,7.92,4
2028,Neukölln,Neukölln,True,2025,2025-04-11,Apartment,False,79.7,1249.31,1582.21,15.68,18,6.73,7
2029,Pankow,Pankow,False,2025,2025-08-25,Apartment,True,40.1,700.19,843.02,17.46,25,7.13,3
2030,Wedding,Mitte,True,2025,2025-01-05,Apartment,False,42.6,666.05,822.44,15.63,16,6.63,5
2031,Charlottenburg,Charlottenburg-Wilmersdorf,True,2025,2025-01-30,Apartment,False,60.7,954.68,1191.66,15.73,22,7.82,4
2032,Schöneberg,Tempelhof-Schöneberg,True,2025,2025-10-21,Room,True,16.2,359.02,532.56,22.16,19,7.42,4
2033,Neukölln,Neukölln,True,2025,2025-11-07,Apartment,False,70.5,1203.71,1457.22,17.07,18,6.73,7
2034,Mitte,Mitte,True,2025,2025-07-22,Room,True,14.0,386.96,553.45,27.64,6,8.41,5
2035,Wedding,Mitte,True,2025,2025-07-01,Apartment,False,61.3,963.18,1226.71,15.71,16,6.63,5
2036,Pankow,Pankow,False,2025,2025-03-27,Apartment,False,55.3,726.98,964.39,13.15,25,7.13,3
2037,Wedding,Mitte,True,2025,2025-03-01,Apartment,True,36.8,641.38,796.23,17.43,16,6.63,5
2038,Pankow,Pankow,False,2025,2025-01-09,Apartment,False,50.0,629.41,823.83,12.59,25,7.13,3
2039,Prenzlauer Berg,Pankow,True,2025,2025-03-13,Room,False,16.1,362.27,533.84,22.5,12,7.92,4
2040,Lichtenberg,Lichtenberg,False,2025,2025-05-10,Apartment,False,42.1,589.31,768.79,14.0,24,6.43,3
2041,Moabit,Mitte,True,2025,2025-01-27,Room,False,19.2,328.93,470.8,17.13,18,6.93,5
2042,Prenzlauer Berg,Pankow,True,2025,2025-08-27,Apartment,False,81.1,1502.08,1785.75,18.52,12,7.92,4
2043,Schöneberg,Tempelhof-Schöneberg,True,2025,2025-10-10,Apartment,False,38.9,631.06,794.01,16.22,19,7.42,4
2044,Moabit,Mitte,True,2025,2025-06-08,Room,False,25.9,434.23,585.15,16.77,18,6.93,5
2045,Wedding,Mitte,True,2025,2025-01-13,Room,False,16.0,274.89,423.02,17.18,16,6.63,5
2046,Wedding,Mitte,True,2025,2025-08-24,Room,False,14.3,234.75,406.68,16.42,16,6.63,5
2047,Charlottenburg,Charlottenburg-Wilmersdorf,True,2025,2025-09-07,Apartment,True,37.5,772.83,917.0,20.61,22,7.82,4
2048,Schöneberg,Tempelhof-Schöneberg,True,2025,2025-03-20,Apartment,True,74.0,1618.63,1878.41,21.87,19,7.42,4
2049,Schöneberg,Tempelhof-Schöneberg,True,2025,2025-04-11,Room,False,24.2,468.3,610.78,19.35,19,7.42,4
2050,Friedrichshain,Friedrichshain-Kreuzberg,True,2025,2025-08-03,Apartment,True,46.0,933.78,1097.98,20.3,10,7.42,6
2051,Pankow,Pankow,False,2025,2025-04-18,Room,False,26.4,415.14,576.71,15.72,25,7.13,3
2052,Mitte,Mitte,True,2025,2025-03-26,Apartment,True,36.9,1002.92,1137.5,27.18,6,8.41,5
2053,Lichtenberg,Lichtenberg,False,2025,2025-08-29,Apartment,True,58.0,1017.92,1269.15,17.55,24,6.43,3
2054,Neukölln,Neukölln,True,2025,2025-06-17,Apartment,False,80.1,1374.36,1696.23,17.16,18,6.73,7
2055,Wedding,Mitte,True,2025,2025-11-01,Room,False,24.0,400.94,549.49,16.71,16,6.63,5
2056,Prenzlauer Berg,Pankow,True,2025,2025-07-27,Room,True,20.8,519.32,677.77,24.97,12,7.92,4
2057,Mitte,Mitte,True,2025,2025-04-23,Apartment,True,78.2,1785.16,2070.69,22.83,6,8.41,5
2058,Prenzlauer Berg,Pankow,True,2025,2025-08-03,Apartment,True,39.9,945.49,1109.81,23.7,12,7.92,4
2059,Pankow,Pankow,False,2025,2025-06-10,Room,True,16.3,321.17,460.15,19.7,25,7.13,3
2060,Mitte,Mitte,True,2025,2025-07-09,Room,False,16.2,364.75,502.13,22.52,6,8.41,5
2061,Friedrichshain,Friedrichshain-Kreuzberg,True,2025,2025-04-20,Room,False,28.0,620.19,774.03,22.15,10,7.42,6
2062,Schöneberg,Tempelhof-Schöneberg,True,2025,2025-10-31,Room,True,17.4,408.41,571.32,23.47,19,7.42,4
2063,Schöneberg,Tempelhof-Schöneberg,True,2025,2025-02-17,Apartment,True,39.1,822.25,972.23,21.03,19,7.42,4
2064,Steglitz,Steglitz-Zehlendorf,False,2025,2025-07-07,Apartment,False,35.1,438.19,563.5,12.48,32,7.33,3
2065,Lichtenberg,Lichtenberg,False,2025,2025-06-08,Apartment,False,52.9,700.02,884.45,13.23,24,6.43,3
2066,Charlottenburg,Charlottenburg-Wilmersdorf,True,2025,2025-04-09,Room,False,15.2,273.52,409.53,17.99,22,7.82,4
2067,Kreuzberg,Friedrichshain-Kreuzberg,True,2025,2025-09-27,Apartment,False,59.5,1081.56,1302.44,18.18,14,7.72,6
2068,Friedrichshain,Friedrichshain-Kreuzberg,True,2025,2025-12-25,Apartment,True,38.2,881.65,1035.56,23.08,10,7.42,6
2069,Wedding,Mitte,True,2025,2025-12-07,Room,False,23.6,365.63,539.98,15.49,16,6.63,5
2070,Kreuzberg,Friedrichshain-Kreuzberg,True,2025,2025-12-28,Apartment,False,52.9,1004.77,1201.26,18.99,14,7.72,6
2071,Schöneberg,Tempelhof-Schöneberg,True,2025,2025-04-18,Room,False,25.1,500.78,666.76,19.95,19,7.42,4
2072,Prenzlauer Berg,Pankow,True,2025,2025-03-17,Apartment,False,36.8,651.75,807.69,17.71,12,7.92,4
2073,Friedrichshain,Friedrichshain-Kreuzberg,True,2025,2025-05-03,Apartment,True,71.1,1559.23,1825.0,21.93,10,7.42,6
2074,Steglitz,Steglitz-Zehlendorf,False,2025,2025-10-28,Apartment,False,81.5,1111.86,1442.3,13.64,32,7.33,3
2075,Neukölln,Neukölln,True,2025,2025-02-03,Apartment,True,58.7,1061.28,1273.91,18.08,18,6.73,7
2076,Mitte,Mitte,True,2025,2025-12-04,Room,False,17.5,377.1,535.49,21.55,6,8.41,5
2077,Schöneberg,Tempelhof-Schöneberg,True,2025,2025-12-29,Apartment,False,57.5,1022.85,1259.79,17.79,19,7.42,4
2078,Schöneberg,Tempelhof-Schöneberg,True,2025,2025-03-26,Apartment,False,72.6,1302.87,1565.36,17.95,19,7.42,4
2079,Neukölln,Neukölln,True,2025,2025-05-03,Room,False,27.8,489.34,665.13,17.6,18,6.73,7
2080,Wedding,Mitte,True,2025,2025-01-05,Apartment,False,80.4,1213.09,1520.71,15.09,16,6.63,5
2081,Lichtenberg,Lichtenberg,False,2025,2025-09-14,Room,True,22.6,389.25,559.97,17.22,24,6.43,3
2082,Prenzlauer Berg,Pankow,True,2025,2025-09-28,Room,True,23.2,615.28,775.17,26.52,12,7.92,4
2083,Pankow,Pankow,False,2025,2025-08-21,Apartment,False,56.7,842.46,1078.91,14.86,25,7.13,3
2084,Steglitz,Steglitz-Zehlendorf,False,2025,2025-10-29,Apartment,True,84.8,1353.13,1647.06,15.96,32,7.33,3
2085,Lichtenberg,Lichtenberg,False,2025,2025-10-20,Apartment,True,76.5,1216.79,1541.6,15.91,24,6.43,3
2086,Prenzlauer Berg,Pankow,True,2025,2025-01-20,Apartment,False,46.1,848.98,1045.01,18.42,12,7.92,4
2087,Prenzlauer Berg,Pankow,True,2025,2025-04-24,Apartment,False,54.7,958.56,1158.56,17.52,12,7.92,4
2088,Moabit,Mitte,True,2025,2025-10-07,Room,True,14.7,303.62,463.71,20.65,18,6.93,5
2089,Schöneberg,Tempelhof-Schöneberg,True,2025,2025-11-04,Room,False,24.3,479.29,650.75,19.72,19,7.42,4
2090,Lichtenberg,Lichtenberg,False,2025,2025-03-01,Room,False,17.0,264.82,413.76,15.58,24,6.43,3
2091,Prenzlauer Berg,Pankow,True,2025,2025-01-08,Apartment,False,71.3,1291.71,1579.8,18.12,12,7.92,4
2092,Lichtenberg,Lichtenberg,False,2025,2025-05-13,Room,True,17.4,306.09,483.99,17.59,24,6.43,3
2093,Kreuzberg,Friedrichshain-Kreuzberg,True,2025,2025-03-25,Apartment,False,55.8,1134.74,1337.5,20.34,14,7.72,6
2094,Charlottenburg,Charlottenburg-Wilmersdorf,True,2025,2025-02-05,Room,False,18.3,355.84,516.53,19.44,22,7.82,4
2095,Friedrichshain,Friedrichshain-Kreuzberg,True,2025,2025-05-19,Apartment,False,77.7,1324.49,1609.31,17.05,10,7.42,6
2096,Kreuzberg,Friedrichshain-Kreuzberg,True,2025,2025-08-27,Room,False,15.7,344.11,515.19,21.92,14,7.72,6
2097,Wedding,Mitte,True,2025,2025-06-30,Room,False,17.9,279.6,451.11,15.62,16,6.63,5
2098,Kreuzberg,Friedrichshain-Kreuzberg,True,2025,2025-02-14,Room,True,27.2,735.57,899.49,27.04,14,7.72,6
2099,Friedrichshain,Friedrichshain-Kreuzberg,True,2025,2025-11-20,Room,True,21.3,533.27,713.87,25.04,10,7.42,6
2100,Charlottenburg,Charlottenburg-Wilmersdorf,True,2025,2025-07-26,Room,False,25.1,480.1,652.43,19.13,22,7.82,4
2101,Prenzlauer Berg,Pankow,True,2025,2025-04-27,Room,False,20.8,449.55,616.93,21.61,12,7.92,4
2102,Lichtenberg,Lichtenberg,False,2025,2025-07-08,Apartment,False,62.9,815.63,1050.88,12.97,24,6.43,3
2103,Prenzlauer Berg,Pankow,True,2025,2025-07-10,Apartment,True,44.4,1021.6,1201.34,23.01,12,7.92,4
2104,Lichtenberg,Lichtenberg,False,2025,2025-03-10,Room,False,14.1,208.57,365.43,14.79,24,6.43,3
2105,Friedrichshain,Friedrichshain-Kreuzberg,True,2025,2025-10-10,Apartment,False,40.8,713.5,872.41,17.49,10,7.42,6
2106,Steglitz,Steglitz-Zehlendorf,False,2025,2025-10-02,Apartment,True,75.5,1320.67,1597.86,17.49,32,7.33,3
2107,Schöneberg,Tempelhof-Schöneberg,True,2025,2025-03-12,Room,False,14.8,272.36,451.74,18.4,19,7.42,4
2108,Steglitz,Steglitz-Zehlendorf,False,2025,2025-09-29,Room,True,16.1,288.12,427.47,17.9,32,7.33,3
2109,Charlottenburg,Charlottenburg-Wilmersdorf,True,2025,2025-12-31,Room,True,18.2,407.66,558.41,22.4,22,7.82,4
2110,Friedrichshain,Friedrichshain-Kreuzberg,True,2025,2025-02-18,Apartment,False,65.1,1293.76,1539.6,19.87,10,7.42,6
2111,Neukölln,Neukölln,True,2025,2025-01-26,Apartment,True,41.2,858.53,1003.59,20.84,18,6.73,7
2112,Neukölln,Neukölln,True,2025,2025-12-31,Room,False,24.6,485.19,624.77,19.72,18,6.73,7
2113,Wedding,Mitte,True,2025,2025-02-21,Apartment,False,62.3,969.9,1221.72,15.57,16,6.63,5
2114,Schöneberg,Tempelhof-Schöneberg,True,2025,2025-01-27,Apartment,True,80.9,1690.83,1989.52,20.9,19,7.42,4
2115,Kreuzberg,Friedrichshain-Kreuzberg,True,2025,2025-08-29,Room,False,22.2,440.53,597.99,19.84,14,7.72,6
2116,Charlottenburg,Charlottenburg-Wilmersdorf,True,2025,2025-06-21,Room,True,16.2,413.46,560.6,25.52,22,7.82,4
2117,Kreuzberg,Friedrichshain-Kreuzberg,True,2025,2025-08-29,Room,False,23.8,472.06,644.61,19.83,14,7.72,6
2118,Prenzlauer Berg,Pankow,True,2025,2025-07-28,Apartment,True,71.9,1844.17,2107.66,25.65,12,7.92,4
2119,Mitte,Mitte,True,2025,2025-09-10,Apartment,False,63.8,1361.24,1629.69,21.34,6,8.41,5
2120,Wedding,Mitte,True,2025,2025-05-30,Room,False,22.6,370.16,543.29,16.38,16,6.63,5
2121,Charlottenburg,Charlottenburg-Wilmersdorf,True,2025,2025-11-12,Room,False,19.8,387.06,535.18,19.55,22,7.82,4
2122,Friedrichshain,Friedrichshain-Kreuzberg,True,2025,2025-05-10,Apartment,True,65.3,1328.3,1588.3,20.34,10,7.42,6
2123,Steglitz,Steglitz-Zehlendorf,False,2025,2025-01-21,Room,True,23.0,406.4,548.36,17.67,32,7.33,3
2124,Prenzlauer Berg,Pankow,True,2025,2025-04-22,Apartment,False,71.6,1421.46,1677.05,19.85,12,7.92,4
2125,Neukölln,Neukölln,True,2025,2025-01-08,Apartment,False,67.6,1154.95,1438.67,17.09,18,6.73,7
2126,Schöneberg,Tempelhof-Schöneberg,True,2025,2025-06-16,Room,True,16.0,385.35,560.45,24.08,19,7.42,4
2127,Schöneberg,Tempelhof-Schöneberg,True,2025,2025-03-16,Room,False,17.9,347.8,522.4,19.43,19,7.42,4
2128,Prenzlauer Berg,Pankow,True,2025,2025-05-21,Room,True,23.3,622.75,780.75,26.73,12,7.92,4
2129,Schöneberg,Tempelhof-Schöneberg,True,2025,2025-08-23,Room,True,20.5,450.22,588.9,21.96,19,7.42,4
2130,Wedding,Mitte,True,2025,2025-08-07,Room,False,26.3,414.56,563.13,15.76,16,6.63,5
2131,Mitte,Mitte,True,2025,2025-04-25,Apartment,False,38.3,778.64,921.23,20.33,6,8.41,5
2132,Moabit,Mitte,True,2025,2025-09-03,Room,False,25.8,494.37,642.5,19.16,18,6.93,5
2133,Prenzlauer Berg,Pankow,True,2025,2025-10-10,Room,True,24.9,645.14,825.53,25.91,12,7.92,4
2134,Wedding,Mitte,True,2025,2025-12-04,Apartment,True,48.4,831.0,1002.29,17.17,16,6.63,5
2135,Wedding,Mitte,True,2025,2025-05-04,Apartment,False,36.0,528.87,681.74,14.69,16,6.63,5
2136,Neukölln,Neukölln,True,2025,2025-09-29,Room,True,27.4,669.45,831.3,24.43,18,6.73,7
2137,Kreuzberg,Friedrichshain-Kreuzberg,True,2025,2025-12-20,Apartment,False,35.2,722.08,853.89,20.51,14,7.72,6
2138,Wedding,Mitte,True,2025,2025-08-06,Room,True,20.7,402.08,570.52,19.42,16,6.63,5
2139,Neukölln,Neukölln,True,2025,2025-10-16,Apartment,True,45.0,931.62,1111.23,20.7,18,6.73,7
2140,Charlottenburg,Charlottenburg-Wilmersdorf,True,2025,2025-06-22,Room,False,16.7,310.4,448.46,18.59,22,7.82,4
2141,Charlottenburg,Charlottenburg-Wilmersdorf,True,2025,2025-02-09,Apartment,True,51.7,1095.37,1274.5,21.19,22,7.82,4
2142,Friedrichshain,Friedrichshain-Kreuzberg,True,2025,2025-02-07,Apartment,True,55.5,1178.65,1396.85,21.24,10,7.42,6
2143,Friedrichshain,Friedrichshain-Kreuzberg,True,2025,2025-04-22,Apartment,False,57.1,998.53,1233.45,17.49,10,7.42,6
2144,Charlottenburg,Charlottenburg-Wilmersdorf,True,2025,2025-08-19,Room,True,26.9,640.47,805.41,23.81,22,7.82,4
2145,Prenzlauer Berg,Pankow,True,2025,2025-11-03,Room,False,22.6,452.98,600.24,20.04,12,7.92,4
2146,Wedding,Mitte,True,2025,2025-03-27,Apartment,False,47.1,680.83,855.07,14.45,16,6.63,5
2147,Lichtenberg,Lichtenberg,False,2025,2025-07-30,Apartment,False,81.3,1060.23,1413.32,13.04,24,6.43,3
2148,Charlottenburg,Charlottenburg-Wilmersdorf,True,2025,2025-12-23,Room,False,17.2,336.1,472.1,19.54,22,7.82,4
2149,Charlottenburg,Charlottenburg-Wilmersdorf,True,2025,2025-11-18,Apartment,False,62.8,1015.34,1273.76,16.17,22,7.82,4
2150,Pankow,Pankow,False,2025,2025-04-11,Room,True,16.4,302.74,471.7,18.46,25,7.13,3
2151,Prenzlauer Berg,Pankow,True,2025,2025-04-15,Room,True,14.9,382.39,519.81,25.66,12,7.92,4
2152,Charlottenburg,Charlottenburg-Wilmersdorf,True,2025,2025-02-02,Apartment,False,50.0,888.46,1067.89,17.77,22,7.82,4
2153,Kreuzberg,Friedrichshain-Kreuzberg,True,2025,2025-02-25,Apartment,True,53.7,1292.86,1521.28,24.08,14,7.72,6
2154,Friedrichshain,Friedrichshain-Kreuzberg,True,2025,2025-05-17,Apartment,True,42.7,896.98,1075.52,21.01,10,7.42,6
2155,Steglitz,Steglitz-Zehlendorf,False,2025,2025-10-27,Apartment,False,68.9,985.78,1281.28,14.31,32,7.33,3
2156,Charlottenburg,Charlottenburg-Wilmersdorf,True,2025,2025-08-06,Apartment,True,84.9,1832.86,2198.63,21.59,22,7.82,4
2157,Kreuzberg,Friedrichshain-Kreuzberg,True,2025,2025-01-11,Apartment,False,49.0,889.52,1068.01,18.15,14,7.72,6
2158,Prenzlauer Berg,Pankow,True,2025,2025-12-22,Room,True,21.5,603.91,745.1,28.09,12,7.92,4
2159,Kreuzberg,Friedrichshain-Kreuzberg,True,2025,2025-11-29,Apartment,True,70.0,1711.38,1983.08,24.45,14,7.72,6
2160,Pankow,Pankow,False,2025,2025-03-06,Apartment,False,37.6,487.69,647.05,12.97,25,7.13,3
2161,Prenzlauer Berg,Pankow,True,2025,2025-10-10,Apartment,False,65.3,1341.21,1580.69,20.54,12,7.92,4
2162,Friedrichshain,Friedrichshain-Kreuzberg,True,2025,2025-04-02,Room,False,17.6,357.25,499.38,20.3,10,7.42,6
2163,Mitte,Mitte,True,2025,2025-11-22,Room,False,16.9,399.31,545.23,23.63,6,8.41,5
2164,Friedrichshain,Friedrichshain-Kreuzberg,True,2025,2025-06-14,Apartment,False,38.6,750.3,902.46,19.44,10,7.42,6
2165,Moabit,Mitte,True,2025,2025-12-07,Room,True,25.9,529.39,700.49,20.44,18,6.93,5
2166,Steglitz,Steglitz-Zehlendorf,False,2025,2025-11-23,Room,False,14.4,215.75,385.84,14.98,32,7.33,3
2167,Pankow,Pankow,False,2025,2025-10-03,Room,False,20.7,344.1,499.85,16.62,25,7.13,3
2168,Lichtenberg,Lichtenberg,False,2025,2025-06-30,Room,False,24.5,378.52,546.89,15.45,24,6.43,3
2169,Charlottenburg,Charlottenburg-Wilmersdorf,True,2025,2025-02-13,Room,True,26.8,648.28,796.02,24.19,22,7.82,4
2170,Wedding,Mitte,True,2025,2025-02-09,Apartment,False,63.8,922.35,1170.66,14.46,16,6.63,5
2171,Kreuzberg,Friedrichshain-Kreuzberg,True,2025,2025-08-29,Room,False,21.0,461.75,611.89,21.99,14,7.72,6
2172,Mitte,Mitte,True,2025,2025-05-06,Apartment,False,37.2,701.17,851.68,18.85,6,8.41,5
2173,Schöneberg,Tempelhof-Schöneberg,True,2025,2025-10-16,Room,True,19.1,436.88,591.11,22.87,19,7.42,4
2174,Friedrichshain,Friedrichshain-Kreuzberg,True,2025,2025-07-07,Room,True,17.8,420.31,586.07,23.61,10,7.42,6
2175,Neukölln,Neukölln,True,2025,2025-11-17,Apartment,False,53.8,812.67,1032.87,15.11,18,6.73,7
2176,Moabit,Mitte,True,2025,2025-01-09,Room,True,19.7,448.35,612.16,22.76,18,6.93,5
2177,Pankow,Pankow,False,2025,2025-02-01,Apartment,False,77.8,1075.1,1352.32,13.82,25,7.13,3
2178,Neukölln,Neukölln,True,2025,2025-10-12,Apartment,False,78.3,1231.17,1538.55,15.72,18,6.73,7
2179,Wedding,Mitte,True,2025,2025-08-31,Apartment,True,71.7,1416.42,1699.11,19.75,16,6.63,5
2180,Moabit,Mitte,True,2025,2025-07-24,Apartment,True,44.7,881.7,1061.97,19.72,18,6.93,5
2181,Neukölln,Neukölln,True,2025,2025-03-29,Room,False,16.0,292.81,459.32,18.3,18,6.73,7
2182,Wedding,Mitte,True,2025,2025-05-05,Apartment,False,71.5,1020.88,1277.76,14.28,16,6.63,5
2183,Schöneberg,Tempelhof-Schöneberg,True,2025,2025-05-09,Apartment,True,71.1,1565.53,1817.49,22.02,19,7.42,4
2184,Friedrichshain,Friedrichshain-Kreuzberg,True,2025,2025-07-11,Apartment,True,54.5,1381.57,1577.28,25.35,10,7.42,6
2185,Neukölln,Neukölln,True,2025,2025-12-16,Apartment,True,55.2,1089.72,1297.05,19.74,18,6.73,7
2186,Kreuzberg,Friedrichshain-Kreuzberg,True,2025,2025-07-13,Room,False,26.8,524.77,664.58,19.58,14,7.72,6
2187,Neukölln,Neukölln,True,2025,2025-01-12,Room,True,18.1,418.77,577.5,23.14,18,6.73,7
2188,Prenzlauer Berg,Pankow,True,2025,2025-06-19,Apartment,True,62.8,1450.54,1722.72,23.1,12,7.92,4
2189,Steglitz,Steglitz-Zehlendorf,False,2025,2025-01-20,Apartment,False,76.6,935.31,1247.03,12.21,32,7.33,3
2190,Neukölln,Neukölln,True,2025,2025-07-01,Apartment,True,77.6,1569.87,1852.18,20.23,18,6.73,7
2191,Prenzlauer Berg,Pankow,True,2025,2025-03-14,Apartment,True,50.8,1243.12,1428.52,24.47,12,7.92,4
2192,Friedrichshain,Friedrichshain-Kreuzberg,True,2025,2025-03-05,Room,False,20.4,422.6,598.14,20.72,10,7.42,6
2193,Wedding,Mitte,True,2025,2025-09-10,Room,False,17.4,272.14,438.69,15.64,16,6.63,5
2194,Prenzlauer Berg,Pankow,True,2025,2025-01-18,Room,False,28.0,556.38,710.68,19.87,12,7.92,4
2195,Steglitz,Steglitz-Zehlendorf,False,2025,2025-07-19,Room,True,24.5,470.01,649.29,19.18,32,7.33,3
2196,Friedrichshain,Friedrichshain-Kreuzberg,True,2025,2025-01-05,Apartment,False,55.4,1045.77,1279.98,18.88,10,7.42,6
2197,Mitte,Mitte,True,2025,2025-08-01,Apartment,True,36.3,981.78,1117.95,27.05,6,8.41,5
2198,Friedrichshain,Friedrichshain-Kreuzberg,True,2025,2025-06-20,Apartment,False,61.2,1045.23,1294.29,17.08,10,7.42,6
2199,Moabit,Mitte,True,2025,2025-08-01,Apartment,False,71.5,1193.9,1478.93,16.7,18,6.93,5
2200,Mitte,Mitte,True,2025,2025-01-30,Apartment,False,54.6,1141.0,1346.36,20.9,6,8.41,5
2201,Friedrichshain,Friedrichshain-Kreuzberg,True,2025,2025-10-04,Room,True,15.7,402.69,551.6,25.65,10,7.42,6
2202,Neukölln,Neukölln,True,2025,2025-07-28,Room,False,20.7,403.97,566.37,19.52,18,6.73,7
2203,Prenzlauer Berg,Pankow,True,2025,2025-02-07,Room,False,27.2,589.63,748.39,21.68,12,7.92,4
2204,Prenzlauer Berg,Pankow,True,2025,2025-05-31,Apartment,True,55.9,1287.44,1515.28,23.03,12,7.92,4
2205,Kreuzberg,Friedrichshain-Kreuzberg,True,2025,2025-06-22,Apartment,False,72.4,1453.62,1744.48,20.08,14,7.72,6
2206,Prenzlauer Berg,Pankow,True,2025,2025-12-22,Apartment,False,56.8,1148.39,1346.72,20.22,12,7.92,4
2207,Friedrichshain,Friedrichshain-Kreuzberg,True,2025,2025-01-29,Room,True,24.9,555.32,700.0,22.3,10,7.42,6
2208,Wedding,Mitte,True,2025,2025-07-17,Apartment,True,54.9,1038.19,1265.28,18.91,16,6.63,5
2209,Kreuzberg,Friedrichshain-Kreuzberg,True,2025,2025-05-11,Apartment,True,82.0,1909.73,2249.28,23.29,14,7.72,6
2210,Charlottenburg,Charlottenburg-Wilmersdorf,True,2025,2025-09-06,Room,False,21.1,388.44,550.18,18.41,22,7.82,4
2211,Lichtenberg,Lichtenberg,False,2025,2025-09-26,Apartment,False,63.1,883.54,1136.51,14.0,24,6.43,3
2212,Neukölln,Neukölln,True,2025,2025-09-28,Room,False,15.6,281.34,442.29,18.03,18,6.73,7
2213,Moabit,Mitte,True,2025,2025-09-28,Apartment,True,46.9,1016.64,1209.54,21.68,18,6.93,5
2214,Kreuzberg,Friedrichshain-Kreuzberg,True,2025,2025-07-09,Room,True,23.0,573.24,713.85,24.92,14,7.72,6
2215,Moabit,Mitte,True,2025,2025-02-03,Apartment,True,76.1,1563.07,1865.4,20.54,18,6.93,5
2216,Neukölln,Neukölln,True,2025,2025-03-26,Room,True,14.2,353.91,516.14,24.92,18,6.73,7
2217,Schöneberg,Tempelhof-Schöneberg,True,2025,2025-10-21,Apartment,False,66.2,1139.9,1413.97,17.22,19,7.42,4
2218,Schöneberg,Tempelhof-Schöneberg,True,2025,2025-12-13,Apartment,False,76.5,1320.88,1637.1,17.27,19,7.42,4
2219,Lichtenberg,Lichtenberg,False,2025,2025-07-07,Apartment,False,39.5,518.12,659.56,13.12,24,6.43,3
2220,Pankow,Pankow,False,2025,2025-01-11,Room,False,17.5,271.18,411.81,15.5,25,7.13,3
2221,Wedding,Mitte,True,2025,2025-04-08,Apartment,False,74.6,1151.84,1473.21,15.44,16,6.63,5
2222,Friedrichshain,Friedrichshain-Kreuzberg,True,2025,2025-08-09,Room,False,25.5,514.62,656.98,20.18,10,7.42,6
2223,Schöneberg,Tempelhof-Schöneberg,True,2025,2025-10-13,Apartment,False,37.7,648.73,779.57,17.21,19,7.42,4
2224,Moabit,Mitte,True,2025,2025-11-25,Room,False,20.4,361.11,537.23,17.7,18,6.93,5
2225,Moabit,Mitte,True,2025,2025-06-16,Room,True,21.9,494.3,657.6,22.57,18,6.93,5
2226,Lichtenberg,Lichtenberg,False,2025,2025-12-03,Apartment,False,67.5,944.54,1209.02,13.99,24,6.43,3
2227,Wedding,Mitte,True,2025,2025-07-28,Apartment,False,84.0,1290.71,1648.34,15.37,16,6.63,5
2228,Lichtenberg,Lichtenberg,False,2025,2025-03-17,Room,True,23.7,433.91,594.63,18.31,24,6.43,3
2229,Schöneberg,Tempelhof-Schöneberg,True,2025,2025-07-15,Apartment,True,68.8,1387.73,1673.61,20.17,19,7.42,4
2230,Pankow,Pankow,False,2025,2025-09-04,Room,False,15.0,250.19,386.86,16.68,25,7.13,3
2231,Schöneberg,Tempelhof-Schöneberg,True,2025,2025-06-10,Room,False,26.4,520.69,693.02,19.72,19,7.42,4
2232,Pankow,Pankow,False,2025,2025-07-24,Room,False,15.7,262.39,433.36,16.71,25,7.13,3
2233,Wedding,Mitte,True,2025,2025-01-21,Room,False,24.8,434.64,582.88,17.53,16,6.63,5
2234,Mitte,Mitte,True,2025,2025-11-04,Apartment,True,72.6,1708.36,1992.41,23.53,6,8.41,5
2235,Schöneberg,Tempelhof-Schöneberg,True,2025,2025-07-18,Apartment,False,84.9,1332.15,1699.91,15.69,19,7.42,4
2236,Wedding,Mitte,True,2025,2025-01-14,Room,True,16.7,348.51,521.56,20.87,16,6.63,5
2237,Mitte,Mitte,True,2025,2025-02-07,Apartment,True,37.8,946.03,1097.87,25.03,6,8.41,5
2238,Steglitz,Steglitz-Zehlendorf,False,2025,2025-10-26,Room,False,24.8,402.36,561.84,16.22,32,7.33,3
2239,Moabit,Mitte,True,2025,2025-05-19,Apartment,False,37.5,578.19,729.08,15.42,18,6.93,5
2240,Mitte,Mitte,True,2025,2025-08-18,Apartment,False,64.9,1304.32,1531.62,20.1,6,8.41,5
2241,Kreuzberg,Friedrichshain-Kreuzberg,True,2025,2025-01-10,Apartment,False,55.6,984.86,1183.55,17.71,14,7.72,6
2242,Wedding,Mitte,True,2025,2025-07-16,Apartment,False,59.6,884.55,1115.6,14.84,16,6.63,5
2243,Mitte,Mitte,True,2025,2025-01-12,Apartment,False,81.6,1543.39,1882.03,18.91,6,8.41,5
2244,Schöneberg,Tempelhof-Schöneberg,True,2025,2025-08-21,Apartment,False,48.1,877.95,1052.49,18.25,19,7.42,4
2245,Prenzlauer Berg,Pankow,True,2025,2025-07-25,Room,True,27.0,700.97,846.09,25.96,12,7.92,4
2246,Friedrichshain,Friedrichshain-Kreuzberg,True,2025,2025-03-26,Apartment,False,58.2,1031.19,1284.16,17.72,10,7.42,6
2247,Lichtenberg,Lichtenberg,False,2025,2025-05-02,Room,False,14.0,200.65,370.42,14.33,24,6.43,3
2248,Wedding,Mitte,True,2025,2025-04-08,Apartment,True,58.4,1108.77,1330.01,18.99,16,6.63,5
2249,Prenzlauer Berg,Pankow,True,2025,2025-03-28,Room,False,21.6,447.63,610.29,20.72,12,7.92,4
2250,Pankow,Pankow,False,2025,2025-05-22,Room,True,19.5,387.28,527.53,19.86,25,7.13,3
2251,Neukölln,Neukölln,True,2025,2025-02-25,Apartment,True,45.2,846.88,1021.96,18.74,18,6.73,7
2252,Kreuzberg,Friedrichshain-Kreuzberg,True,2025,2025-02-08,Apartment,False,60.0,1140.54,1396.96,19.01,14,7.72,6
2253,Mitte,Mitte,True,2025,2025-04-04,Apartment,False,78.9,1730.8,2044.83,21.94,6,8.41,5
2254,Friedrichshain,Friedrichshain-Kreuzberg,True,2025,2025-09-09,Apartment,True,81.5,1876.07,2182.19,23.02,10,7.42,6
2255,Steglitz,Steglitz-Zehlendorf,False,2025,2025-10-04,Apartment,False,72.9,1028.66,1295.36,14.11,32,7.33,3
2256,Prenzlauer Berg,Pankow,True,2025,2025-01-15,Apartment,False,43.9,871.16,1035.2,19.84,12,7.92,4
2257,Charlottenburg,Charlottenburg-Wilmersdorf,True,2025,2025-10-29,Room,False,27.4,491.74,663.09,17.95,22,7.82,4
2258,Wedding,Mitte,True,2025,2025-12-25,Apartment,False,69.0,1089.94,1356.16,15.8,16,6.63,5
2259,Mitte,Mitte,True,2025,2025-03-17,Room,False,17.3,385.54,556.63,22.29,6,8.41,5
2260,Mitte,Mitte,True,2025,2025-11-19,Room,True,21.6,565.2,709.32,26.17,6,8.41,5
2261,Charlottenburg,Charlottenburg-Wilmersdorf,True,2025,2025-06-21,Room,True,27.9,673.01,809.68,24.12,22,7.82,4
2262,Wedding,Mitte,True,2025,2025-02-07,Apartment,False,69.3,988.98,1237.44,14.27,16,6.63,5
2263,Wedding,Mitte,True,2025,2025-07-23,Apartment,False,38.6,567.41,711.95,14.7,16,6.63,5
2264,Moabit,Mitte,True,2025,2025-05-01,Apartment,False,62.9,999.19,1254.8,15.89,18,6.93,5
2265,Schöneberg,Tempelhof-Schöneberg,True,2025,2025-03-06,Apartment,False,74.2,1331.57,1651.21,17.95,19,7.42,4
2266,Mitte,Mitte,True,2025,2025-10-05,Apartment,False,82.6,1750.88,2052.93,21.2,6,8.41,5
2267,Schöneberg,Tempelhof-Schöneberg,True,2025,2025-03-08,Apartment,False,69.6,1173.67,1432.07,16.86,19,7.42,4
2268,Neukölln,Neukölln,True,2025,2025-05-26,Apartment,True,71.8,1486.01,1775.55,20.7,18,6.73,7
2269,Charlottenburg,Charlottenburg-Wilmersdorf,True,2025,2025-12-22,Apartment,False,57.9,1050.75,1298.08,18.15,22,7.82,4
2270,Lichtenberg,Lichtenberg,False,2025,2025-04-11,Room,True,16.5,316.34,469.91,19.17,24,6.43,3
2271,Wedding,Mitte,True,2025,2025-02-09,Apartment,False,36.3,537.82,672.04,14.82,16,6.63,5
2272,Pankow,Pankow,False,2025,2025-07-16,Room,False,27.6,438.46,598.41,15.89,25,7.13,3
2273,Wedding,Mitte,True,2025,2025-03-20,Room,False,26.8,446.77,615.1,16.67,16,6.63,5
2274,Kreuzberg,Friedrichshain-Kreuzberg,True,2025,2025-09-30,Room,False,20.9,457.02,628.59,21.87,14,7.72,6
2275,Charlottenburg,Charlottenburg-Wilmersdorf,True,2025,2025-12-23,Apartment,True,67.2,1521.4,1775.54,22.64,22,7.82,4
2276,Neukölln,Neukölln,True,2025,2025-11-14,Apartment,False,78.4,1348.28,1646.29,17.2,18,6.73,7
2277,Charlottenburg,Charlottenburg-Wilmersdorf,True,2025,2025-10-05,Apartment,False,36.5,585.71,720.82,16.05,22,7.82,4
2278,Kreuzberg,Friedrichshain-Kreuzberg,True,2025,2025-10-31,Apartment,True,53.7,1257.48,1461.75,23.42,14,7.72,6
2279,Schöneberg,Tempelhof-Schöneberg,True,2025,2025-03-10,Room,True,25.4,566.86,731.39,22.32,19,7.42,4
2280,Lichtenberg,Lichtenberg,False,2025,2025-04-10,Apartment,False,48.5,621.4,826.54,12.81,24,6.43,3
2281,Wedding,Mitte,True,2025,2025-02-10,Apartment,False,81.7,1152.26,1446.21,14.1,16,6.63,5
2282,Lichtenberg,Lichtenberg,False,2025,2025-06-25,Apartment,True,61.7,1016.69,1256.39,16.48,24,6.43,3
2283,Schöneberg,Tempelhof-Schöneberg,True,2025,2025-04-24,Room,False,19.7,378.65,553.73,19.22,19,7.42,4
2284,Charlottenburg,Charlottenburg-Wilmersdorf,True,2025,2025-09-16,Apartment,False,53.5,874.7,1107.01,16.35,22,7.82,4
2285,Friedrichshain,Friedrichshain-Kreuzberg,True,2025,2025-05-15,Apartment,False,53.3,1077.03,1284.4,20.21,10,7.42,6
2286,Schöneberg,Tempelhof-Schöneberg,True,2025,2025-12-15,Apartment,False,35.8,583.61,722.84,16.3,19,7.42,4
2287,Neukölln,Neukölln,True,2025,2025-09-20,Apartment,True,44.7,898.22,1079.61,20.09,18,6.73,7
2288,Pankow,Pankow,False,2025,2025-04-12,Room,False,26.8,432.37,575.79,16.13,25,7.13,3
2289,Wedding,Mitte,True,2025,2025-07-21,Apartment,True,46.8,850.99,1027.79,18.18,16,6.63,5
2290,Neukölln,Neukölln,True,2025,2025-03-30,Room,True,15.5,353.45,499.2,22.8,18,6.73,7
2291,Charlottenburg,Charlottenburg-Wilmersdorf,True,2025,2025-08-07,Apartment,True,56.0,1296.82,1494.93,23.16,22,7.82,4
2292,Moabit,Mitte,True,2025,2025-11-26,Apartment,True,83.0,1609.39,1947.82,19.39,18,6.93,5
2293,Friedrichshain,Friedrichshain-Kreuzberg,True,2025,2025-07-16,Room,False,15.2,329.52,473.5,21.68,10,7.42,6
2294,Pankow,Pankow,False,2025,2025-11-06,Apartment,False,69.8,964.19,1240.27,13.81,25,7.13,3
2295,Steglitz,Steglitz-Zehlendorf,False,2025,2025-09-21,Apartment,False,35.3,455.97,585.22,12.92,32,7.33,3
2296,Wedding,Mitte,True,2025,2025-10-13,Apartment,False,55.1,855.51,1091.98,15.53,16,6.63,5
2297,Schöneberg,Tempelhof-Schöneberg,True,2025,2025-08-19,Room,False,26.1,501.26,655.96,19.21,19,7.42,4
2298,Wedding,Mitte,True,2025,2025-12-09,Room,True,16.3,321.04,472.22,19.7,16,6.63,5
2299,Neukölln,Neukölln,True,2025,2025-12-31,Apartment,True,64.4,1463.06,1703.63,22.72,18,6.73,7
2300,Pankow,Pankow,False,2025,2025-02-12,Room,False,18.3,295.91,437.25,16.17,25,7.13,3
2301,Steglitz,Steglitz-Zehlendorf,False,2025,2025-06-07,Room,True,15.9,318.89,456.82,20.06,32,7.33,3
2302,Charlottenburg,Charlottenburg-Wilmersdorf,True,2025,2025-11-26,Apartment,False,78.9,1253.51,1542.5,15.89,22,7.82,4
2303,Friedrichshain,Friedrichshain-Kreuzberg,True,2025,2025-01-18,Apartment,False,38.5,656.57,801.17,17.05,10,7.42,6
2304,Wedding,Mitte,True,2025,2025-06-05,Room,False,21.8,345.88,486.4,15.87,16,6.63,5
2305,Neukölln,Neukölln,True,2025,2025-09-09,Apartment,False,54.2,905.23,1140.76,16.7,18,6.73,7
2306,Kreuzberg,Friedrichshain-Kreuzberg,True,2025,2025-11-23,Apartment,False,84.5,1523.07,1848.74,18.02,14,7.72,6
2307,Moabit,Mitte,True,2025,2025-12-27,Apartment,True,55.7,1097.7,1332.27,19.71,18,6.93,5
2308,Kreuzberg,Friedrichshain-Kreuzberg,True,2025,2025-12-29,Apartment,True,82.5,1742.38,2087.41,21.12,14,7.72,6
2309,Wedding,Mitte,True,2025,2025-11-27,Apartment,True,41.7,766.86,933.49,18.39,16,6.63,5
2310,Mitte,Mitte,True,2025,2025-09-24,Apartment,False,37.9,809.81,970.77,21.37,6,8.41,5
2311,Prenzlauer Berg,Pankow,True,2025,2025-09-30,Room,False,16.9,363.45,514.98,21.51,12,7.92,4
2312,Kreuzberg,Friedrichshain-Kreuzberg,True,2025,2025-04-03,Apartment,False,70.3,1372.39,1626.12,19.52,14,7.72,6
2313,Charlottenburg,Charlottenburg-Wilmersdorf,True,2025,2025-07-14,Apartment,True,72.3,1522.73,1803.65,21.06,22,7.82,4
2314,Kreuzberg,Friedrichshain-Kreuzberg,True,2025,2025-12-09,Apartment,False,51.3,993.41,1193.98,19.36,14,7.72,6
2315,Steglitz,Steglitz-Zehlendorf,False,2025,2025-10-09,Apartment,False,62.7,864.45,1102.91,13.79,32,7.33,3
2316,Kreuzberg,Friedrichshain-Kreuzberg,True,2025,2025-04-21,Apartment,False,67.3,1202.46,1462.34,17.87,14,7.72,6
2317,Prenzlauer Berg,Pankow,True,2025,2025-04-06,Room,False,17.0,366.24,528.45,21.54,12,7.92,4
2318,Mitte,Mitte,True,2025,2025-03-29,Room,True,22.1,611.29,780.63,27.66,6,8.41,5
2319,Friedrichshain,Friedrichshain-Kreuzberg,True,2025,2025-05-01,Apartment,False,67.9,1289.11,1562.5,18.99,10,7.42,6
2320,Wedding,Mitte,True,2025,2025-10-23,Apartment,True,43.3,816.43,975.34,18.86,16,6.63,5
2321,Wedding,Mitte,True,2025,2025-11-27,Room,False,18.3,301.07,459.08,16.45,16,6.63,5
2322,Moabit,Mitte,True,2025,2025-01-11,Apartment,False,45.9,764.52,934.85,16.66,18,6.93,5
2323,Pankow,Pankow,False,2025,2025-03-01,Room,False,22.1,375.11,533.53,16.97,25,7.13,3
2324,Kreuzberg,Friedrichshain-Kreuzberg,True,2025,2025-10-20,Apartment,False,77.4,1489.32,1756.54,19.24,14,7.72,6
2325,Kreuzberg,Friedrichshain-Kreuzberg,True,2025,2025-09-12,Room,True,18.6,486.09,656.28,26.13,14,7.72,6
2326,Steglitz,Steglitz-Zehlendorf,False,2025,2025-10-13,Room,False,26.5,397.32,559.4,14.99,32,7.33,3
2327,Wedding,Mitte,True,2025,2025-07-23,Room,True,25.4,509.21,680.91,20.05,16,6.63,5
2328,Steglitz,Steglitz-Zehlendorf,False,2025,2025-05-16,Apartment,False,62.4,778.38,1043.27,12.47,32,7.33,3
2329,Wedding,Mitte,True,2025,2025-10-19,Apartment,False,69.3,999.86,1270.35,14.43,16,6.63,5
2330,Moabit,Mitte,True,2025,2025-04-05,Room,True,24.4,535.04,694.19,21.93,18,6.93,5
2331,Prenzlauer Berg,Pankow,True,2025,2025-01-21,Apartment,False,38.0,774.43,931.2,20.38,12,7.92,4
2332,Prenzlauer Berg,Pankow,True,2025,2025-10-21,Room,False,17.3,362.97,502.66,20.98,12,7.92,4
2333,Pankow,Pankow,False,2025,2025-10-20,Room,False,18.9,317.16,496.09,16.78,25,7.13,3
2334,Friedrichshain,Friedrichshain-Kreuzberg,True,2025,2025-06-28,Room,True,22.1,586.17,748.58,26.52,10,7.42,6
2335,Lichtenberg,Lichtenberg,False,2025,2025-11-10,Room,True,20.7,394.09,538.77,19.04,24,6.43,3
2336,Prenzlauer Berg,Pankow,True,2025,2025-09-13,Apartment,False,84.6,1505.24,1849.4,17.79,12,7.92,4
2337,Friedrichshain,Friedrichshain-Kreuzberg,True,2025,2025-03-22,Apartment,True,54.9,1332.6,1527.71,24.27,10,7.42,6
2338,Friedrichshain,Friedrichshain-Kreuzberg,True,2025,2025-03-13,Apartment,False,83.0,1527.37,1869.94,18.4,10,7.42,6
2339,Mitte,Mitte,True,2025,2025-02-23,Room,False,23.4,498.66,651.88,21.31,6,8.41,5
2340,Kreuzberg,Friedrichshain-Kreuzberg,True,2025,2025-09-28,Apartment,True,65.9,1370.34,1618.03,20.79,14,7.72,6
2341,Moabit,Mitte,True,2025,2025-08-09,Apartment,True,66.1,1286.74,1548.81,19.47,18,6.93,5
2342,Schöneberg,Tempelhof-Schöneberg,True,2025,2025-06-04,Room,False,23.2,437.14,612.6,18.84,19,7.42,4
2343,Wedding,Mitte,True,2025,2025-10-13,Room,False,17.9,280.37,429.17,15.66,16,6.63,5
2344,Lichtenberg,Lichtenberg,False,2025,2025-06-17,Room,False,26.9,431.17,593.11,16.03,24,6.43,3
2345,Kreuzberg,Friedrichshain-Kreuzberg,True,2025,2025-07-07,Room,True,15.8,423.17,590.7,26.78,14,7.72,6
2346,Charlottenburg,Charlottenburg-Wilmersdorf,True,2025,2025-04-20,Apartment,False,38.3,687.06,841.78,17.94,22,7.82,4
2347,Steglitz,Steglitz-Zehlendorf,False,2025,2025-01-09,Apartment,False,41.4,567.37,728.7,13.7,32,7.33,3
2348,Friedrichshain,Friedrichshain-Kreuzberg,True,2025,2025-10-09,Room,False,16.0,317.74,495.82,19.86,10,7.42,6
2349,Charlottenburg,Charlottenburg-Wilmersdorf,True,2025,2025-05-13,Apartment,False,73.1,1174.27,1482.15,16.06,22,7.82,4
2350,Friedrichshain,Friedrichshain-Kreuzberg,True,2025,2025-08-05,Apartment,False,36.3,738.16,893.78,20.33,10,7.42,6
2351,Friedrichshain,Friedrichshain-Kreuzberg,True,2025,2025-02-01,Room,True,17.2,413.66,576.62,24.05,10,7.42,6
2352,Moabit,Mitte,True,2025,2025-04-27,Apartment,False,56.6,951.3,1147.71,16.81,18,6.93,5
2353,Kreuzberg,Friedrichshain-Kreuzberg,True,2025,2025-03-23,Room,True,23.1,611.21,758.96,26.46,14,7.72,6
2354,Lichtenberg,Lichtenberg,False,2025,2025-01-09,Apartment,True,70.1,1155.11,1400.66,16.48,24,6.43,3
2355,Pankow,Pankow,False,2025,2025-08-20,Room,False,27.4,439.81,610.39,16.05,25,7.13,3
2356,Charlottenburg,Charlottenburg-Wilmersdorf,True,2025,2025-06-28,Room,False,22.7,430.17,592.73,18.95,22,7.82,4
2357,Charlottenburg,Charlottenburg-Wilmersdorf,True,2025,2025-03-12,Room,False,27.2,506.07,679.94,18.61,22,7.82,4
2358,Neukölln,Neukölln,True,2025,2025-03-04,Apartment,True,37.2,673.34,827.91,18.1,18,6.73,7
2359,Mitte,Mitte,True,2025,2025-08-19,Room,False,24.3,542.16,688.5,22.31,6,8.41,5
2360,Schöneberg,Tempelhof-Schöneberg,True,2025,2025-01-07,Room,False,20.8,390.06,527.98,18.75,19,7.42,4
2361,Wedding,Mitte,True,2025,2025-02-25,Room,False,19.1,299.49,462.16,15.68,16,6.63,5
2362,Charlottenburg,Charlottenburg-Wilmersdorf,True,2025,2025-05-07,Apartment,False,44.8,707.59,880.41,15.79,22,7.82,4
2363,Mitte,Mitte,True,2025,2025-09-29,Apartment,True,39.0,943.98,1091.21,24.2,6,8.41,5
2364,Neukölln,Neukölln,True,2025,2025-08-11,Apartment,True,55.0,1013.97,1204.58,18.44,18,6.73,7
2365,Kreuzberg,Friedrichshain-Kreuzberg,True,2025,2025-11-02,Room,False,23.5,491.47,659.12,20.91,14,7.72,6
2366,Neukölln,Neukölln,True,2025,2025-04-13,Apartment,True,63.1,1309.25,1572.58,20.75,18,6.73,7
2367,Pankow,Pankow,False,2025,2025-08-12,Room,False,26.9,423.8,571.24,15.75,25,7.13,3
2368,Schöneberg,Tempelhof-Schöneberg,True,2025,2025-09-01,Room,True,18.9,393.52,535.74,20.82,19,7.42,4
2369,Mitte,Mitte,True,2025,2025-06-19,Room,False,19.6,438.16,588.14,22.36,6,8.41,5
2370,Lichtenberg,Lichtenberg,False,2025,2025-12-08,Apartment,False,74.8,899.01,1196.69,12.02,24,6.43,3
2371,Moabit,Mitte,True,2025,2025-10-10,Room,True,14.3,316.9,477.37,22.16,18,6.93,5
2372,Friedrichshain,Friedrichshain-Kreuzberg,True,2025,2025-10-21,Apartment,False,70.0,1357.52,1642.9,19.39,10,7.42,6
2373,Mitte,Mitte,True,2025,2025-05-11,Room,False,23.9,525.5,669.25,21.99,6,8.41,5
2374,Pankow,Pankow,False,2025,2025-07-22,Apartment,True,64.5,1139.6,1390.97,17.67,25,7.13,3
2375,Pankow,Pankow,False,2025,2025-08-13,Apartment,False,46.2,586.25,764.9,12.69,25,7.13,3
2376,Lichtenberg,Lichtenberg,False,2025,2025-07-15,Room,False,22.4,353.45,494.04,15.78,24,6.43,3
2377,Friedrichshain,Friedrichshain-Kreuzberg,True,2025,2025-05-08,Room,False,27.3,567.12,728.82,20.77,10,7.42,6
2378,Prenzlauer Berg,Pankow,True,2025,2025-09-21,Apartment,False,56.8,1035.57,1266.75,18.23,12,7.92,4
2379,Lichtenberg,Lichtenberg,False,2025,2025-02-04,Apartment,True,63.4,966.7,1231.48,15.25,24,6.43,3
2380,Steglitz,Steglitz-Zehlendorf,False,2025,2025-04-20,Apartment,True,79.2,1442.43,1725.62,18.21,32,7.33,3
2381,Moabit,Mitte,True,2025,2025-07-30,Room,False,26.7,503.1,643.86,18.84,18,6.93,5
2382,Mitte,Mitte,True,2025,2025-05-13,Apartment,False,68.0,1426.26,1701.28,20.97,6,8.41,5
2383,Friedrichshain,Friedrichshain-Kreuzberg,True,2025,2025-07-09,Apartment,False,62.3,1263.37,1483.0,20.28,10,7.42,6
2384,Lichtenberg,Lichtenberg,False,2025,2025-10-27,Apartment,False,60.6,792.38,1055.61,13.08,24,6.43,3
2385,Moabit,Mitte,True,2025,2025-10-03,Apartment,False,39.2,612.8,748.83,15.63,18,6.93,5
2386,Wedding,Mitte,True,2025,2025-02-06,Apartment,False,81.4,1183.41,1523.97,14.54,16,6.63,5
2387,Wedding,Mitte,True,2025,2025-08-20,Apartment,False,50.2,681.77,889.2,13.58,16,6.63,5
2388,Charlottenburg,Charlottenburg-Wilmersdorf,True,2025,2025-07-11,Apartment,False,46.7,872.2,1074.19,18.68,22,7.82,4
2389,Moabit,Mitte,True,2025,2025-08-03,Apartment,False,38.1,550.71,700.67,14.45,18,6.93,5
2390,Moabit,Mitte,True,2025,2025-10-16,Room,False,25.6,436.87,581.37,17.07,18,6.93,5
2391,Friedrichshain,Friedrichshain-Kreuzberg,True,2025,2025-09-19,Room,False,24.7,527.15,705.19,21.34,10,7.42,6
2392,Moabit,Mitte,True,2025,2025-09-16,Apartment,False,74.6,1198.82,1484.62,16.07,18,6.93,5
2393,Kreuzberg,Friedrichshain-Kreuzberg,True,2025,2025-09-02,Apartment,False,63.9,1319.56,1593.51,20.65,14,7.72,6
2394,Lichtenberg,Lichtenberg,False,2025,2025-02-15,Apartment,True,64.4,956.3,1230.92,14.85,24,6.43,3
2395,Pankow,Pankow,False,2025,2025-05-26,Room,True,14.6,298.65,442.62,20.46,25,7.13,3
2396,Lichtenberg,Lichtenberg,False,2025,2025-02-24,Apartment,False,62.9,797.39,1035.76,12.68,24,6.43,3
2397,Moabit,Mitte,True,2025,2025-11-24,Apartment,False,67.9,1099.04,1344.4,16.19,18,6.93,5
2398,Mitte,Mitte,True,2025,2025-07-16,Apartment,False,70.1,1381.25,1661.57,19.7,6,8.41,5
2399,Wedding,Mitte,True,2025,2025-02-03,Room,True,22.6,418.09,568.15,18.5,16,6.63,5
2400,Moabit,Mitte,True,2025,2025-07-02,Room,False,15.4,261.26,441.42,16.96,18,6.93,5
2401,Pankow,Pankow,False,2025,2025-09-15,Apartment,False,55.3,766.46,963.47,13.86,25,7.13,3
2402,Pankow,Pankow,False,2025,2025-04-27,Apartment,False,48.3,652.57,849.49,13.51,25,7.13,3
2403,Pankow,Pankow,False,2025,2025-09-27,Room,False,27.8,435.06,577.87,15.65,25,7.13,3
2404,Moabit,Mitte,True,2025,2025-02-27,Apartment,True,36.1,718.96,845.9,19.92,18,6.93,5
2405,Pankow,Pankow,False,2025,2025-11-24,Apartment,False,47.4,670.74,876.38,14.15,25,7.13,3
2406,Kreuzberg,Friedrichshain-Kreuzberg,True,2025,2025-07-28,Apartment,False,70.7,1247.06,1504.55,17.64,14,7.72,6
2407,Mitte,Mitte,True,2025,2025-02-18,Room,False,14.6,317.95,478.98,21.78,6,8.41,5
2408,Schöneberg,Tempelhof-Schöneberg,True,2025,2025-05-23,Room,False,14.3,257.71,434.5,18.02,19,7.42,4
2409,Neukölln,Neukölln,True,2025,2025-12-23,Apartment,True,65.8,1344.32,1623.03,20.43,18,6.73,7
2410,Neukölln,Neukölln,True,2025,2025-09-05,Room,False,19.8,386.79,543.94,19.53,18,6.73,7
2411,Steglitz,Steglitz-Zehlendorf,False,2025,2025-10-07,Room,False,23.8,371.47,533.27,15.61,32,7.33,3
2412,Lichtenberg,Lichtenberg,False,2025,2025-10-10,Room,False,26.7,376.01,530.04,14.08,24,6.43,3
2413,Kreuzberg,Friedrichshain-Kreuzberg,True,2025,2025-06-17,Room,True,17.8,470.06,641.49,26.41,14,7.72,6
2414,Pankow,Pankow,False,2025,2025-12-06,Room,False,19.3,296.08,451.08,15.34,25,7.13,3
2415,Wedding,Mitte,True,2025,2025-10-09,Apartment,False,69.9,1029.52,1314.49,14.73,16,6.63,5
2416,Moabit,Mitte,True,2025,2025-06-17,Room,False,21.9,403.54,578.54,18.43,18,6.93,5
2417,Charlottenburg,Charlottenburg-Wilmersdorf,True,2025,2025-03-11,Apartment,False,75.2,1189.32,1457.16,15.82,22,7.82,4
2418,Steglitz,Steglitz-Zehlendorf,False,2025,2025-07-15,Apartment,True,77.2,1395.19,1678.65,18.07,32,7.33,3
2419,Steglitz,Steglitz-Zehlendorf,False,2025,2025-11-02,Room,True,20.6,383.21,529.43,18.6,32,7.33,3
2420,Wedding,Mitte,True,2025,2025-12-30,Apartment,False,54.7,782.93,983.88,14.31,16,6.63,5
2421,Lichtenberg,Lichtenberg,False,2025,2025-09-06,Room,False,17.6,262.62,401.13,14.92,24,6.43,3
2422,Mitte,Mitte,True,2025,2025-09-29,Room,False,23.1,506.7,648.81,21.94,6,8.41,5
2423,Pankow,Pankow,False,2025,2025-10-13,Room,True,26.9,559.78,708.11,20.81,25,7.13,3
2424,Pankow,Pankow,False,2025,2025-01-08,Room,False,14.7,243.79,391.59,16.58,25,7.13,3
2425,Neukölln,Neukölln,True,2025,2025-01-15,Room,False,20.9,384.98,545.17,18.42,18,6.73,7
2426,Pankow,Pankow,False,2025,2025-09-17,Apartment,False,73.4,1093.28,1359.21,14.89,25,7.13,3
2427,Pankow,Pankow,False,2025,2025-03-08,Room,True,26.0,498.49,673.9,19.17,25,7.13,3
2428,Lichtenberg,Lichtenberg,False,2025,2025-06-21,Room,False,23.8,337.95,491.79,14.2,24,6.43,3
2429,Pankow,Pankow,False,2025,2025-04-06,Apartment,True,37.7,676.65,812.15,17.95,25,7.13,3
2430,Friedrichshain,Friedrichshain-Kreuzberg,True,2025,2025-12-22,Room,True,27.5,713.34,889.0,25.94,10,7.42,6
2431,Lichtenberg,Lichtenberg,False,2025,2025-02-23,Apartment,False,73.2,975.69,1253.93,13.33,24,6.43,3
2432,Friedrichshain,Friedrichshain-Kreuzberg,True,2025,2025-09-15,Room,False,15.4,314.53,494.29,20.42,10,7.42,6
2433,Neukölln,Neukölln,True,2025,2025-10-02,Apartment,False,54.4,824.62,1049.53,15.16,18,6.73,7
2434,Mitte,Mitte,True,2025,2025-10-14,Room,False,27.7,624.43,782.68,22.54,6,8.41,5
2435,Kreuzberg,Friedrichshain-Kreuzberg,True,2025,2025-01-07,Room,True,22.1,584.0,761.88,26.43,14,7.72,6
2436,Neukölln,Neukölln,True,2025,2025-08-06,Room,False,19.7,353.04,496.42,17.92,18,6.73,7
2437,Friedrichshain,Friedrichshain-Kreuzberg,True,2025,2025-09-03,Room,True,16.3,381.17,550.26,23.38,10,7.42,6
2438,Charlottenburg,Charlottenburg-Wilmersdorf,True,2025,2025-10-11,Room,True,22.2,516.64,654.8,23.27,22,7.82,4
2439,Charlottenburg,Charlottenburg-Wilmersdorf,True,2025,2025-06-08,Apartment,False,53.4,879.8,1088.74,16.48,22,7.82,4
2440,Kreuzberg,Friedrichshain-Kreuzberg,True,2025,2025-07-05,Room,False,24.5,516.75,692.29,21.09,14,7.72,6
2441,Neukölln,Neukölln,True,2025,2025-11-30,Room,False,20.0,360.77,513.3,18.04,18,6.73,7
2442,Moabit,Mitte,True,2025,2025-03-20,Room,True,16.8,369.43,547.93,21.99,18,6.93,5
2443,Steglitz,Steglitz-Zehlendorf,False,2025,2025-11-14,Apartment,True,61.9,1088.53,1329.45,17.59,32,7.33,3
2444,Steglitz,Steglitz-Zehlendorf,False,2025,2025-05-31,Apartment,True,56.9,1005.15,1213.89,17.67,32,7.33,3
2445,Lichtenberg,Lichtenberg,False,2025,2025-10-12,Apartment,False,59.5,712.37,964.11,11.97,24,6.43,3
2446,Wedding,Mitte,True,2025,2025-02-01,Room,True,15.0,304.01,469.49,20.27,16,6.63,5
2447,Friedrichshain,Friedrichshain-Kreuzberg,True,2025,2025-11-22,Apartment,False,47.3,812.34,989.53,17.17,10,7.42,6
2448,Prenzlauer Berg,Pankow,True,2025,2025-09-15,Room,False,25.1,513.97,682.33,20.48,12,7.92,4
2449,Kreuzberg,Friedrichshain-Kreuzberg,True,2025,2025-01-19,Room,False,18.6,376.28,526.03,20.23,14,7.72,6
2450,Steglitz,Steglitz-Zehlendorf,False,2025,2025-08-31,Apartment,False,60.7,834.82,1065.89,13.75,32,7.33,3
2451,Wedding,Mitte,True,2025,2025-05-11,Room,False,25.8,419.81,563.56,16.27,16,6.63,5
2452,Neukölln,Neukölln,True,2025,2025-04-18,Apartment,False,48.1,780.94,982.64,16.24,18,6.73,7
2453,Wedding,Mitte,True,2025,2025-10-10,Apartment,False,58.8,871.78,1098.47,14.83,16,6.63,5
2454,Friedrichshain,Friedrichshain-Kreuzberg,True,2025,2025-05-04,Room,False,24.6,535.14,701.27,21.75,10,7.42,6
2455,Lichtenberg,Lichtenberg,False,2025,2025-07-17,Apartment,True,57.8,951.41,1196.29,16.46,24,6.43,3
2456,Pankow,Pankow,False,2025,2025-12-20,Apartment,False,64.3,886.76,1117.57,13.79,25,7.13,3
2457,Pankow,Pankow,False,2025,2025-09-03,Room,False,18.4,295.97,437.95,16.09,25,7.13,3
2458,Friedrichshain,Friedrichshain-Kreuzberg,True,2025,2025-02-15,Room,False,15.9,324.95,462.59,20.44,10,7.42,6
2459,Steglitz,Steglitz-Zehlendorf,False,2025,2025-03-09,Apartment,False,83.2,1143.34,1443.49,13.74,32,7.33,3
2460,Prenzlauer Berg,Pankow,True,2025,2025-10-18,Apartment,False,64.6,1167.12,1403.68,18.07,12,7.92,4
2461,Friedrichshain,Friedrichshain-Kreuzberg,True,2025,2025-03-22,Room,True,23.0,556.23,733.63,24.18,10,7.42,6
2462,Pankow,Pankow,False,2025,2025-04-19,Room,True,26.1,538.8,699.87,20.64,25,7.13,3
2463,Kreuzberg,Friedrichshain-Kreuzberg,True,2025,2025-02-02,Room,True,15.6,365.92,502.02,23.46,14,7.72,6
2464,Steglitz,Steglitz-Zehlendorf,False,2025,2025-11-20,Apartment,False,54.0,657.29,845.04,12.17,32,7.33,3
2465,Pankow,Pankow,False,2025,2025-01-06,Apartment,False,75.1,1029.51,1314.71,13.71,25,7.13,3
2466,Wedding,Mitte,True,2025,2025-05-01,Room,True,19.2,393.71,570.99,20.51,16,6.63,5
2467,Wedding,Mitte,True,2025,2025-09-05,Room,True,17.4,373.57,543.55,21.47,16,6.63,5
2468,Neukölln,Neukölln,True,2025,2025-06-08,Room,False,26.0,493.23,638.0,18.97,18,6.73,7
2469,Schöneberg,Tempelhof-Schöneberg,True,2025,2025-04-12,Apartment,False,76.6,1356.71,1623.38,17.71,19,7.42,4
2470,Steglitz,Steglitz-Zehlendorf,False,2025,2025-05-23,Apartment,True,76.8,1201.75,1492.29,15.65,32,7.33,3
2471,Charlottenburg,Charlottenburg-Wilmersdorf,True,2025,2025-12-19,Apartment,False,56.9,904.3,1101.61,15.89,22,7.82,4
2472,Mitte,Mitte,True,2025,2025-01-07,Room,False,23.4,522.83,662.97,22.34,6,8.41,5
2473,Lichtenberg,Lichtenberg,False,2025,2025-04-26,Room,True,26.1,499.64,675.77,19.14,24,6.43,3
2474,Neukölln,Neukölln,True,2025,2025-10-30,Room,False,18.5,338.5,511.31,18.3,18,6.73,7
2475,Neukölln,Neukölln,True,2025,2025-04-10,Apartment,False,61.1,918.13,1171.43,15.03,18,6.73,7
2476,Schöneberg,Tempelhof-Schöneberg,True,2025,2025-07-27,Room,True,21.8,496.34,657.75,22.77,19,7.42,4
2477,Kreuzberg,Friedrichshain-Kreuzberg,True,2025,2025-10-12,Room,False,14.2,287.47,442.98,20.24,14,7.72,6
2478,Wedding,Mitte,True,2025,2025-09-06,Apartment,False,58.6,925.74,1162.74,15.8,16,6.63,5
2479,Pankow,Pankow,False,2025,2025-10-19,Room,True,25.2,470.23,644.21,18.66,25,7.13,3
2480,Moabit,Mitte,True,2025,2025-12-26,Apartment,True,64.7,1233.12,1464.06,19.06,18,6.93,5
2481,Charlottenburg,Charlottenburg-Wilmersdorf,True,2025,2025-07-14,Apartment,False,61.1,1061.78,1320.56,17.38,22,7.82,4
2482,Mitte,Mitte,True,2025,2025-03-13,Room,True,26.0,762.12,923.84,29.31,6,8.41,5
2483,Friedrichshain,Friedrichshain-Kreuzberg,True,2025,2025-05-29,Apartment,True,60.5,1464.63,1699.85,24.21,10,7.42,6
2484,Steglitz,Steglitz-Zehlendorf,False,2025,2025-02-08,Room,False,20.8,314.64,458.96,15.13,32,7.33,3
2485,Friedrichshain,Friedrichshain-Kreuzberg,True,2025,2025-12-31,Apartment,False,67.2,1177.16,1414.56,17.52,10,7.42,6
2486,Pankow,Pankow,False,2025,2025-09-20,Room,True,17.7,323.44,480.93,18.27,25,7.13,3
2487,Pankow,Pankow,False,2025,2025-07-07,Room,True,23.9,505.37,673.82,21.15,25,7.13,3
2488,Neukölln,Neukölln,True,2025,2025-01-24,Apartment,True,62.7,1303.83,1567.18,20.79,18,6.73,7
2489,Charlottenburg,Charlottenburg-Wilmersdorf,True,2025,2025-07-07,Room,False,14.0,273.67,415.35,19.55,22,7.82,4
2490,Moabit,Mitte,True,2025,2025-07-24,Apartment,False,35.9,590.49,716.39,16.45,18,6.93,5
2491,Prenzlauer Berg,Pankow,True,2025,2025-04-19,Apartment,False,55.5,1152.51,1366.93,20.77,12,7.92,4
2492,Kreuzberg,Friedrichshain-Kreuzberg,True,2025,2025-11-09,Room,False,27.9,588.43,765.81,21.09,14,7.72,6
2493,Charlottenburg,Charlottenburg-Wilmersdorf,True,2025,2025-11-30,Apartment,False,49.0,776.33,966.79,15.84,22,7.82,4
2494,Wedding,Mitte,True,2025,2025-08-03,Room,False,24.0,384.26,526.39,16.01,16,6.63,5
2495,Friedrichshain,Friedrichshain-Kreuzberg,True,2025,2025-09-04,Room,False,26.9,584.7,737.49,21.74,10,7.42,6
2496,Friedrichshain,Friedrichshain-Kreuzberg,True,2025,2025-10-22,Room,True,21.9,584.39,724.51,26.68,10,7.42,6
2497,Charlottenburg,Charlottenburg-Wilmersdorf,True,2025,2025-12-03,Apartment,False,77.2,1418.9,1692.83,18.38,22,7.82,4
2498,Friedrichshain,Friedrichshain-Kreuzberg,True,2025,2025-08-14,Room,False,24.5,475.34,627.66,19.4,10,7.42,6
2499,Mitte,Mitte,True,2025,2025-12-15,Apartment,True,37.2,967.27,1115.49,26.0,6,8.41,5
2500,Mitte,Mitte,True,2025,2025-09-16,Room,False,26.7,633.31,798.72,23.72,6,8.41,5
2501,Pankow,Pankow,False,2025,2025-03-14,Apartment,False,51.4,680.95,895.78,13.25,25,7.13,3
2502,Pankow,Pankow,False,2025,2025-06-26,Apartment,False,62.8,819.71,1084.83,13.05,25,7.13,3
2503,Kreuzberg,Friedrichshain-Kreuzberg,True,2025,2025-11-16,Apartment,True,58.6,1325.35,1532.17,22.62,14,7.72,6
2504,Steglitz,Steglitz-Zehlendorf,False,2025,2025-02-06,Apartment,True,58.7,1047.05,1253.93,17.84,32,7.33,3
2505,Mitte,Mitte,True,2025,2025-04-04,Room,True,18.9,522.19,668.17,27.63,6,8.41,5
2506,Friedrichshain,Friedrichshain-Kreuzberg,True,2025,2025-09-26,Apartment,True,83.5,2079.22,2400.2,24.9,10,7.42,6
2507,Prenzlauer Berg,Pankow,True,2025,2025-10-07,Room,False,19.9,396.77,571.56,19.94,12,7.92,4
2508,Schöneberg,Tempelhof-Schöneberg,True,2025,2025-05-09,Room,False,16.7,319.04,499.58,19.1,19,7.42,4
2509,Neukölln,Neukölln,True,2025,2025-04-27,Apartment,False,62.4,1111.92,1345.05,17.82,18,6.73,7
2510,Schöneberg,Tempelhof-Schöneberg,True,2025,2025-03-12,Apartment,False,66.5,1189.74,1443.46,17.89,19,7.42,4
2511,Wedding,Mitte,True,2025,2025-07-04,Room,True,20.2,392.94,531.2,19.45,16,6.63,5
2512,Moabit,Mitte,True,2025,2025-01-05,Apartment,True,53.2,993.36,1185.65,18.67,18,6.93,5
2513,Pankow,Pankow,False,2025,2025-11-19,Room,False,26.6,411.82,549.73,15.48,25,7.13,3
2514,Steglitz,Steglitz-Zehlendorf,False,2025,2025-02-21,Room,True,27.9,473.89,652.69,16.99,32,7.33,3
2515,Moabit,Mitte,True,2025,2025-06-18,Apartment,False,39.7,681.14,818.79,17.16,18,6.93,5
2516,Neukölln,Neukölln,True,2025,2025-11-21,Apartment,False,54.5,926.27,1122.98,17.0,18,6.73,7
2517,Mitte,Mitte,True,2025,2025-05-18,Room,False,26.9,591.32,768.72,21.98,6,8.41,5
2518,Steglitz,Steglitz-Zehlendorf,False,2025,2025-04-04,Apartment,False,84.9,1203.28,1547.14,14.17,32,7.33,3
2519,Moabit,Mitte,True,2025,2025-01-06,Apartment,False,80.0,1231.0,1576.26,15.39,18,6.93,5
2520,Kreuzberg,Friedrichshain-Kreuzberg,True,2025,2025-06-22,Apartment,False,70.0,1221.19,1482.82,17.45,14,7.72,6
2521,Prenzlauer Berg,Pankow,True,2025,2025-12-18,Apartment,False,80.3,1501.46,1836.16,18.7,12,7.92,4
2522,Lichtenberg,Lichtenberg,False,2025,2025-01-23,Apartment,False,79.5,1009.03,1314.65,12.69,24,6.43,3
2523,Moabit,Mitte,True,2025,2025-01-26,Room,False,16.7,282.73,445.5,16.93,18,6.93,5
2524,Charlottenburg,Charlottenburg-Wilmersdorf,True,2025,2025-02-03,Apartment,False,53.3,839.49,1034.44,15.75,22,7.82,4
2525,Mitte,Mitte,True,2025,2025-01-07,Room,False,27.4,630.69,810.33,23.02,6,8.41,5
2526,Prenzlauer Berg,Pankow,True,2025,2025-04-20,Apartment,False,35.2,658.32,809.47,18.7,12,7.92,4
2527,Schöneberg,Tempelhof-Schöneberg,True,2025,2025-06-03,Room,False,27.6,506.67,645.91,18.36,19,7.42,4
2528,Lichtenberg,Lichtenberg,False,2025,2025-03-31,Apartment,True,46.1,795.61,980.24,17.26,24,6.43,3
2529,Wedding,Mitte,True,2025,2025-03-17,Room,False,17.4,284.36,445.88,16.34,16,6.63,5
2530,Mitte,Mitte,True,2025,2025-11-26,Room,True,14.8,431.75,593.74,29.17,6,8.41,5
2531,Mitte,Mitte,True,2025,2025-10-07,Room,False,26.8,635.16,773.81,23.7,6,8.41,5
2532,Schöneberg,Tempelhof-Schöneberg,True,2025,2025-09-03,Apartment,False,37.2,648.31,784.74,17.43,19,7.42,4
2533,Wedding,Mitte,True,2025,2025-10-19,Room,False,24.0,426.98,592.78,17.79,16,6.63,5
2534,Neukölln,Neukölln,True,2025,2025-07-21,Room,False,27.8,544.36,681.28,19.58,18,6.73,7
2535,Moabit,Mitte,True,2025,2025-03-24,Apartment,False,77.3,1184.41,1451.66,15.32,18,6.93,5
2536,Lichtenberg,Lichtenberg,False,2025,2025-07-20,Room,True,20.9,402.77,544.62,19.27,24,6.43,3
2537,Kreuzberg,Friedrichshain-Kreuzberg,True,2025,2025-12-05,Room,False,17.6,375.57,539.82,21.34,14,7.72,6
2538,Pankow,Pankow,False,2025,2025-01-17,Apartment,True,74.5,1269.47,1531.17,17.04,25,7.13,3
2539,Pankow,Pankow,False,2025,2025-01-03,Room,False,19.9,324.73,476.76,16.32,25,7.13,3
2540,Lichtenberg,Lichtenberg,False,2025,2025-03-19,Apartment,False,80.7,1056.33,1352.39,13.09,24,6.43,3
2541,Friedrichshain,Friedrichshain-Kreuzberg,True,2025,2025-05-25,Room,False,17.1,336.68,514.42,19.69,10,7.42,6
2542,Lichtenberg,Lichtenberg,False,2025,2025-10-16,Room,False,26.8,397.58,573.02,14.84,24,6.43,3
2543,Wedding,Mitte,True,2025,2025-03-29,Apartment,False,51.2,751.96,937.17,14.69,16,6.63,5
2544,Pankow,Pankow,False,2025,2025-05-04,Apartment,False,50.6,683.03,868.12,13.5,25,7.13,3
2545,Schöneberg,Tempelhof-Schöneberg,True,2025,2025-07-09,Apartment,False,74.9,1347.88,1615.82,18.0,19,7.42,4
2546,Charlottenburg,Charlottenburg-Wilmersdorf,True,2025,2025-01-01,Apartment,True,58.1,1174.22,1405.82,20.21,22,7.82,4
2547,Moabit,Mitte,True,2025,2025-01-04,Room,False,25.8,443.45,613.29,17.19,18,6.93,5
2548,Kreuzberg,Friedrichshain-Kreuzberg,True,2025,2025-12-05,Room,False,16.4,353.31,516.67,21.54,14,7.72,6
2549,Kreuzberg,Friedrichshain-Kreuzberg,True,2025,2025-09-08,Room,False,21.3,423.86,585.64,19.9,14,7.72,6
2550,Steglitz,Steglitz-Zehlendorf,False,2025,2025-10-02,Room,True,15.3,257.38,413.02,16.82,32,7.33,3
2551,Charlottenburg,Charlottenburg-Wilmersdorf,True,2025,2025-08-26,Room,False,24.2,494.18,655.78,20.42,22,7.82,4
2552,Steglitz,Steglitz-Zehlendorf,False,2025,2025-06-23,Apartment,True,69.5,1119.23,1403.34,16.1,32,7.33,3
2553,Prenzlauer Berg,Pankow,True,2025,2025-07-12,Apartment,False,70.0,1431.42,1677.15,20.45,12,7.92,4
2554,Pankow,Pankow,False,2025,2025-05-22,Apartment,False,64.1,944.46,1211.97,14.73,25,7.13,3
2555,Charlottenburg,Charlottenburg-Wilmersdorf,True,2025,2025-09-02,Apartment,True,37.7,747.03,882.8,19.82,22,7.82,4
2556,Kreuzberg,Friedrichshain-Kreuzberg,True,2025,2025-04-28,Room,True,17.0,403.92,581.62,23.76,14,7.72,6
2557,Kreuzberg,Friedrichshain-Kreuzberg,True,2025,2025-04-19,Apartment,True,47.6,1073.59,1249.75,22.55,14,7.72,6
2558,Steglitz,Steglitz-Zehlendorf,False,2025,2025-07-04,Room,False,21.3,308.73,463.7,14.49,32,7.33,3
2559,Pankow,Pankow,False,2025,2025-01-19,Apartment,True,35.5,572.18,695.07,16.12,25,7.13,3
2560,Lichtenberg,Lichtenberg,False,2025,2025-08-13,Room,True,27.1,497.22,639.12,18.35,24,6.43,3
2561,Moabit,Mitte,True,2025,2025-04-10,Room,False,23.7,399.59,552.37,16.86,18,6.93,5
2562,Mitte,Mitte,True,2025,2025-07-28,Apartment,False,60.2,1215.84,1471.55,20.2,6,8.41,5
2563,Neukölln,Neukölln,True,2025,2025-08-14,Room,True,27.8,589.2,751.97,21.19,18,6.73,7
2564,Moabit,Mitte,True,2025,2025-02-06,Apartment,False,64.2,1033.72,1268.17,16.1,18,6.93,5
2565,Lichtenberg,Lichtenberg,False,2025,2025-02-07,Room,True,22.4,416.65,583.51,18.6,24,6.43,3
2566,Moabit,Mitte,True,2025,2025-09-29,Room,False,14.6,279.03,441.22,19.11,18,6.93,5
2567,Prenzlauer Berg,Pankow,True,2025,2025-05-22,Room,False,17.7,396.97,566.35,22.43,12,7.92,4
2568,Friedrichshain,Friedrichshain-Kreuzberg,True,2025,2025-03-02,Apartment,False,42.5,735.49,915.34,17.31,10,7.42,6
2569,Schöneberg,Tempelhof-Schöneberg,True,2025,2025-08-02,Apartment,False,53.3,906.77,1108.34,17.01,19,7.42,4
2570,Schöneberg,Tempelhof-Schöneberg,True,2025,2025-03-20,Apartment,False,79.5,1310.98,1635.37,16.49,19,7.42,4
2571,Friedrichshain,Friedrichshain-Kreuzberg,True,2025,2025-05-11,Apartment,False,53.1,915.26,1126.23,17.24,10,7.42,6
2572,Neukölln,Neukölln,True,2025,2025-11-06,Apartment,False,56.6,1010.56,1240.72,17.85,18,6.73,7
2573,Prenzlauer Berg,Pankow,True,2025,2025-03-27,Apartment,False,52.2,968.05,1176.54,18.55,12,7.92,4
2574,Moabit,Mitte,True,2025,2025-02-15,Room,False,19.4,344.25,517.78,17.74,18,6.93,5
2575,Neukölln,Neukölln,True,2025,2025-12-02,Apartment,True,74.3,1623.46,1929.2,21.85,18,6.73,7
2576,Wedding,Mitte,True,2025,2025-01-21,Apartment,True,42.6,818.15,989.51,19.21,16,6.63,5
2577,Wedding,Mitte,True,2025,2025-11-15,Apartment,False,64.7,970.59,1199.52,15.0,16,6.63,5
2578,Schöneberg,Tempelhof-Schöneberg,True,2025,2025-12-16,Room,True,18.4,423.68,586.72,23.03,19,7.42,4
2579,Schöneberg,Tempelhof-Schöneberg,True,2025,2025-05-25,Room,True,18.7,396.62,576.08,21.21,19,7.42,4
2580,Moabit,Mitte,True,2025,2025-05-14,Apartment,True,53.3,964.19,1158.86,18.09,18,6.93,5
2581,Prenzlauer Berg,Pankow,True,2025,2025-12-09,Apartment,True,69.5,1562.45,1825.11,22.48,12,7.92,4
2582,Wedding,Mitte,True,2025,2025-07-19,Apartment,True,84.0,1500.31,1848.95,17.86,16,6.63,5
2583,Steglitz,Steglitz-Zehlendorf,False,2025,2025-05-18,Apartment,True,51.5,845.89,1065.04,16.43,32,7.33,3
2584,Steglitz,Steglitz-Zehlendorf,False,2025,2025-05-03,Apartment,False,66.8,955.27,1207.4,14.3,32,7.33,3
2585,Schöneberg,Tempelhof-Schöneberg,True,2025,2025-11-01,Room,False,26.0,485.31,663.21,18.67,19,7.42,4
2586,Wedding,Mitte,True,2025,2025-04-01,Room,False,20.0,353.31,495.0,17.67,16,6.63,5
2587,Charlottenburg,Charlottenburg-Wilmersdorf,True,2025,2025-11-13,Room,True,23.8,504.17,677.91,21.18,22,7.82,4
2588,Neukölln,Neukölln,True,2025,2025-07-10,Apartment,False,44.3,715.56,874.08,16.15,18,6.73,7
2589,Pankow,Pankow,False,2025,2025-05-22,Room,True,20.3,377.76,514.37,18.61,25,7.13,3
2590,Kreuzberg,Friedrichshain-Kreuzberg,True,2025,2025-03-04,Room,False,22.2,441.36,585.53,19.88,14,7.72,6
2591,Neukölln,Neukölln,True,2025,2025-03-22,Room,False,17.7,331.01,475.8,18.7,18,6.73,7
2592,Schöneberg,Tempelhof-Schöneberg,True,2025,2025-10-18,Apartment,True,50.8,1046.38,1224.19,20.6,19,7.42,4
2593,Schöneberg,Tempelhof-Schöneberg,True,2025,2025-01-10,Room,False,17.2,348.71,515.34,20.27,19,7.42,4
2594,Mitte,Mitte,True,2025,2025-03-27,Apartment,False,41.1,908.49,1080.69,22.1,6,8.41,5
2595,Kreuzberg,Friedrichshain-Kreuzberg,True,2025,2025-06-12,Apartment,True,71.5,1732.4,2014.92,24.23,14,7.72,6
2596,Kreuzberg,Friedrichshain-Kreuzberg,True,2025,2025-09-16,Room,False,23.2,506.53,650.46,21.83,14,7.72,6
2597,Moabit,Mitte,True,2025,2025-09-12,Room,False,23.1,425.04,563.23,18.4,18,6.93,5
2598,Prenzlauer Berg,Pankow,True,2025,2025-06-24,Apartment,True,67.4,1619.0,1883.62,24.02,12,7.92,4
2599,Steglitz,Steglitz-Zehlendorf,False,2025,2025-06-15,Apartment,True,57.2,938.56,1156.51,16.41,32,7.33,3
2600,Schöneberg,Tempelhof-Schöneberg,True,2025,2025-01-24,Room,False,15.6,314.06,479.12,20.13,19,7.42,4
2601,Lichtenberg,Lichtenberg,False,2026,2026-08-26,Apartment,False,75.7,1131.31,1423.25,14.94,24,6.96,3
2602,Charlottenburg,Charlottenburg-Wilmersdorf,True,2026,2026-05-04,Room,False,27.8,524.35,713.78,18.86,22,8.45,4
2603,Lichtenberg,Lichtenberg,False,2026,2026-01-31,Room,True,18.3,346.92,537.46,18.96,24,6.96,3
2604,Schöneberg,Tempelhof-Schöneberg,True,2026,2026-07-15,Room,True,27.5,656.78,846.11,23.88,19,8.03,4
2605,Schöneberg,Tempelhof-Schöneberg,True,2026,2026-02-20,Apartment,False,39.3,763.26,944.73,19.42,19,8.03,4
2606,Friedrichshain,Friedrichshain-Kreuzberg,True,2026,2026-02-15,Room,False,18.9,395.87,578.77,20.95,10,8.03,6
2607,Steglitz,Steglitz-Zehlendorf,False,2026,2026-03-05,Room,False,22.1,362.83,532.64,16.42,32,7.92,3
2608,Charlottenburg,Charlottenburg-Wilmersdorf,True,2026,2026-08-21,Room,True,22.6,593.68,772.41,26.27,22,8.45,4
2609,Prenzlauer Berg,Pankow,True,2026,2026-08-17,Room,True,23.7,656.51,832.23,27.7,12,8.56,4
2610,Wedding,Mitte,True,2026,2026-07-20,Apartment,True,49.4,1022.35,1246.9,20.7,16,7.17,5
2611,Prenzlauer Berg,Pankow,True,2026,2026-05-01,Apartment,True,46.3,1159.72,1376.16,25.05,12,8.56,4
2612,Schöneberg,Tempelhof-Schöneberg,True,2026,2026-07-21,Room,True,27.7,602.78,778.1,21.76,19,8.03,4
2613,Friedrichshain,Friedrichshain-Kreuzberg,True,2026,2026-01-04,Apartment,False,76.5,1446.24,1739.6,18.91,10,8.03,6
2614,Moabit,Mitte,True,2026,2026-05-22,Room,False,19.0,376.27,561.33,19.8,18,7.49,5
2615,Prenzlauer Berg,Pankow,True,2026,2026-08-08,Apartment,False,63.0,1394.57,1674.01,22.14,12,8.56,4
2616,Moabit,Mitte,True,2026,2026-08-09,Apartment,False,56.7,982.17,1211.01,17.32,18,7.49,5
2617,Neukölln,Neukölln,True,2026,2026-02-23,Apartment,False,51.2,948.9,1149.5,18.53,18,7.28,7
2618,Prenzlauer Berg,Pankow,True,2026,2026-01-05,Apartment,False,42.1,809.09,996.05,19.22,12,8.56,4
2619,Lichtenberg,Lichtenberg,False,2026,2026-06-21,Room,False,17.6,267.35,440.56,15.19,24,6.96,3
2620,Steglitz,Steglitz-Zehlendorf,False,2026,2026-02-15,Apartment,False,68.3,985.0,1297.42,14.42,32,7.92,3
2621,Steglitz,Steglitz-Zehlendorf,False,2026,2026-03-28,Apartment,False,53.9,795.53,1030.33,14.76,32,7.92,3
2622,Prenzlauer Berg,Pankow,True,2026,2026-08-10,Room,True,19.5,560.46,740.95,28.74,12,8.56,4
2623,Prenzlauer Berg,Pankow,True,2026,2026-05-06,Room,False,21.4,466.37,645.14,21.79,12,8.56,4
2624,Neukölln,Neukölln,True,2026,2026-07-17,Room,True,20.8,496.23,686.97,23.86,18,7.28,7
2625,Friedrichshain,Friedrichshain-Kreuzberg,True,2026,2026-04-13,Apartment,True,35.7,884.73,1032.77,24.78,10,8.03,6
2626,Lichtenberg,Lichtenberg,False,2026,2026-05-02,Room,False,23.3,358.13,543.4,15.37,24,6.96,3
2627,Lichtenberg,Lichtenberg,False,2026,2026-05-26,Room,True,24.2,466.94,629.27,19.3,24,6.96,3
2628,Friedrichshain,Friedrichshain-Kreuzberg,True,2026,2026-07-04,Apartment,False,68.0,1326.3,1610.9,19.5,10,8.03,6
2629,Neukölln,Neukölln,True,2026,2026-01-05,Room,False,26.9,521.51,688.78,19.39,18,7.28,7
2630,Pankow,Pankow,False,2026,2026-05-21,Apartment,True,71.0,1266.02,1556.33,17.83,25,7.7,3
2631,Moabit,Mitte,True,2026,2026-04-22,Room,True,20.7,419.84,579.25,20.28,18,7.49,5
2632,Kreuzberg,Friedrichshain-Kreuzberg,True,2026,2026-02-08,Apartment,True,78.3,1892.3,2236.47,24.17,14,8.35,6
2633,Neukölln,Neukölln,True,2026,2026-04-29,Room,True,17.4,442.43,618.34,25.43,18,7.28,7
2634,Wedding,Mitte,True,2026,2026-01-19,Apartment,False,36.8,613.34,768.9,16.67,16,7.17,5
2635,Kreuzberg,Friedrichshain-Kreuzberg,True,2026,2026-02-17,Room,False,17.2,401.09,593.42,23.32,14,8.35,6
2636,Kreuzberg,Friedrichshain-Kreuzberg,True,2026,2026-05-28,Room,False,24.7,548.2,711.46,22.19,14,8.35,6
2637,Wedding,Mitte,True,2026,2026-08-28,Apartment,False,62.2,933.72,1217.14,15.01,16,7.17,5
2638,Prenzlauer Berg,Pankow,True,2026,2026-01-30,Apartment,False,80.0,1694.01,2020.24,21.18,12,8.56,4
2639,Pankow,Pankow,False,2026,2026-06-22,Room,False,18.6,296.04,486.96,15.92,25,7.7,3
2640,Steglitz,Steglitz-Zehlendorf,False,2026,2026-01-31,Apartment,False,44.1,574.48,743.87,13.03,32,7.92,3
2641,Pankow,Pankow,False,2026,2026-03-14,Room,False,24.8,413.12,578.14,16.66,25,7.7,3
2642,Pankow,Pankow,False,2026,2026-02-05,Apartment,False,49.2,653.1,842.27,13.27,25,7.7,3
2643,Schöneberg,Tempelhof-Schöneberg,True,2026,2026-05-08,Apartment,False,50.3,905.09,1130.75,17.99,19,8.03,4
2644,Schöneberg,Tempelhof-Schöneberg,True,2026,2026-04-18,Room,False,20.3,393.95,584.29,19.41,19,8.03,4
2645,Prenzlauer Berg,Pankow,True,2026,2026-04-15,Room,True,23.7,614.82,764.31,25.94,12,8.56,4
2646,Prenzlauer Berg,Pankow,True,2026,2026-03-11,Room,False,20.6,432.71,613.97,21.01,12,8.56,4
2647,Pankow,Pankow,False,2026,2026-04-02,Room,True,20.5,397.11,570.55,19.37,25,7.7,3
2648,Kreuzberg,Friedrichshain-Kreuzberg,True,2026,2026-04-30,Apartment,False,51.1,950.08,1161.32,18.59,14,8.35,6
2649,Steglitz,Steglitz-Zehlendorf,False,2026,2026-04-20,Room,True,15.5,299.87,478.22,19.35,32,7.92,3
2650,Neukölln,Neukölln,True,2026,2026-08-04,Room,True,18.4,425.51,611.76,23.13,18,7.28,7
2651,Pankow,Pankow,False,2026,2026-03-05,Apartment,False,52.4,732.92,963.05,13.99,25,7.7,3
2652,Neukölln,Neukölln,True,2026,2026-02-26,Apartment,False,78.7,1505.4,1825.15,19.13,18,7.28,7
2653,Neukölln,Neukölln,True,2026,2026-05-26,Apartment,False,74.6,1276.87,1568.49,17.12,18,7.28,7
2654,Pankow,Pankow,False,2026,2026-03-12,Apartment,False,47.1,710.59,925.93,15.09,25,7.7,3
2655,Pankow,Pankow,False,2026,2026-06-23,Apartment,True,79.0,1486.67,1824.26,18.82,25,7.7,3
2656,Lichtenberg,Lichtenberg,False,2026,2026-07-05,Apartment,True,46.2,808.15,989.04,17.49,24,6.96,3
2657,Moabit,Mitte,True,2026,2026-05-30,Apartment,True,63.8,1415.6,1708.7,22.19,18,7.49,5
2658,Neukölln,Neukölln,True,2026,2026-01-16,Room,True,27.5,719.13,887.18,26.15,18,7.28,7
2659,Steglitz,Steglitz-Zehlendorf,False,2026,2026-08-07,Room,False,24.7,396.48,558.04,16.05,32,7.92,3
2660,Wedding,Mitte,True,2026,2026-02-03,Room,True,23.9,490.07,674.09,20.51,16,7.17,5
2661,Kreuzberg,Friedrichshain-Kreuzberg,True,2026,2026-01-17,Room,True,18.2,506.75,671.92,27.84,14,8.35,6
2662,Kreuzberg,Friedrichshain-Kreuzberg,True,2026,2026-01-28,Apartment,True,37.7,898.7,1071.64,23.84,14,8.35,6
2663,Kreuzberg,Friedrichshain-Kreuzberg,True,2026,2026-06-30,Apartment,True,78.2,1882.41,2204.64,24.07,14,8.35,6
2664,Pankow,Pankow,False,2026,2026-08-29,Room,True,18.7,383.58,531.68,20.51,25,7.7,3
2665,Schöneberg,Tempelhof-Schöneberg,True,2026,2026-05-22,Apartment,True,63.7,1283.39,1565.91,20.15,19,8.03,4
2666,Neukölln,Neukölln,True,2026,2026-08-28,Room,False,19.6,372.96,524.22,19.03,18,7.28,7
2667,Wedding,Mitte,True,2026,2026-08-27,Apartment,True,45.2,896.51,1084.84,19.83,16,7.17,5
2668,Lichtenberg,Lichtenberg,False,2026,2026-02-23,Apartment,True,47.4,772.12,963.55,16.29,24,6.96,3
2669,Lichtenberg,Lichtenberg,False,2026,2026-06-22,Room,True,23.3,458.92,640.29,19.7,24,6.96,3
2670,Lichtenberg,Lichtenberg,False,2026,2026-06-16,Room,False,25.6,381.45,565.07,14.9,24,6.96,3
2671,Charlottenburg,Charlottenburg-Wilmersdorf,True,2026,2026-01-13,Apartment,False,63.5,1107.0,1391.35,17.43,22,8.45,4
2672,Kreuzberg,Friedrichshain-Kreuzberg,True,2026,2026-03-15,Apartment,False,67.3,1475.01,1757.29,21.92,14,8.35,6
2673,Friedrichshain,Friedrichshain-Kreuzberg,True,2026,2026-05-18,Apartment,True,36.9,851.1,996.47,23.07,10,8.03,6
2674,Charlottenburg,Charlottenburg-Wilmersdorf,True,2026,2026-02-16,Apartment,True,75.8,1701.58,2016.28,22.45,22,8.45,4
2675,Moabit,Mitte,True,2026,2026-02-04,Apartment,False,72.7,1270.44,1559.72,17.48,18,7.49,5
2676,Wedding,Mitte,True,2026,2026-04-13,Apartment,False,46.7,673.31,856.42,14.42,16,7.17,5
2677,Pankow,Pankow,False,2026,2026-04-30,Apartment,True,78.9,1318.46,1636.29,16.71,25,7.7,3
2678,Moabit,Mitte,True,2026,2026-08-27,Room,False,23.4,435.94,604.47,18.63,18,7.49,5
2679,Mitte,Mitte,True,2026,2026-07-28,Room,False,24.9,605.65,769.28,24.32,6,9.1,5
2680,Charlottenburg,Charlottenburg-Wilmersdorf,True,2026,2026-01-21,Room,False,16.4,339.36,496.84,20.69,22,8.45,4
2681,Kreuzberg,Friedrichshain-Kreuzberg,True,2026,2026-03-02,Apartment,False,62.8,1214.84,1481.04,19.34,14,8.35,6
2682,Mitte,Mitte,True,2026,2026-03-17,Room,False,27.3,617.43,771.15,22.62,6,9.1,5
2683,Moabit,Mitte,True,2026,2026-07-17,Room,False,22.1,431.2,624.17,19.51,18,7.49,5
2684,Mitte,Mitte,True,2026,2026-01-14,Room,False,27.4,671.58,825.54,24.51,6,9.1,5
2685,Charlottenburg,Charlottenburg-Wilmersdorf,True,2026,2026-08-15,Room,False,24.1,518.7,678.35,21.52,22,8.45,4
2686,Wedding,Mitte,True,2026,2026-06-26,Apartment,False,40.1,664.21,839.77,16.56,16,7.17,5
2687,Moabit,Mitte,True,2026,2026-08-25,Room,True,15.5,368.35,555.15,23.76,18,7.49,5
2688,Neukölln,Neukölln,True,2026,2026-06-23,Room,True,21.6,535.59,690.52,24.8,18,7.28,7
2689,Moabit,Mitte,True,2026,2026-07-25,Apartment,True,78.6,1451.57,1792.61,18.47,18,7.49,5
2690,Pankow,Pankow,False,2026,2026-07-05,Apartment,True,54.7,1013.5,1266.4,18.53,25,7.7,3
2691,Steglitz,Steglitz-Zehlendorf,False,2026,2026-07-23,Room,True,17.5,324.36,514.68,18.53,32,7.92,3
2692,Kreuzberg,Friedrichshain-Kreuzberg,True,2026,2026-03-02,Room,True,27.7,697.49,868.6,25.18,14,8.35,6
2693,Steglitz,Steglitz-Zehlendorf,False,2026,2026-06-21,Room,False,19.8,338.73,514.37,17.11,32,7.92,3
2694,Friedrichshain,Friedrichshain-Kreuzberg,True,2026,2026-02-27,Apartment,True,76.2,1735.48,2068.2,22.78,10,8.03,6
2695,Pankow,Pankow,False,2026,2026-03-23,Room,True,27.6,571.64,727.66,20.71,25,7.7,3
2696,Steglitz,Steglitz-Zehlendorf,False,2026,2026-05-07,Apartment,False,59.7,784.82,1019.32,13.15,32,7.92,3
2697,Schöneberg,Tempelhof-Schöneberg,True,2026,2026-02-08,Apartment,True,62.9,1252.56,1540.1,19.91,19,8.03,4
2698,Kreuzberg,Friedrichshain-Kreuzberg,True,2026,2026-04-08,Room,True,23.5,634.09,821.65,26.98,14,8.35,6
2699,Prenzlauer Berg,Pankow,True,2026,2026-03-16,Apartment,False,35.1,722.94,862.5,20.6,12,8.56,4
2700,Neukölln,Neukölln,True,2026,2026-05-08,Room,False,25.7,495.39,681.22,19.28,18,7.28,7
2701,Wedding,Mitte,True,2026,2026-01-03,Apartment,False,35.6,545.39,706.44,15.32,16,7.17,5
2702,Charlottenburg,Charlottenburg-Wilmersdorf,True,2026,2026-02-18,Apartment,True,60.4,1336.67,1613.75,22.13,22,8.45,4
2703,Lichtenberg,Lichtenberg,False,2026,2026-02-10,Room,True,23.8,433.08,610.69,18.2,24,6.96,3
2704,Pankow,Pankow,False,2026,2026-03-23,Apartment,False,48.4,698.4,904.01,14.43,25,7.7,3
2705,Kreuzberg,Friedrichshain-Kreuzberg,True,2026,2026-01-22,Room,True,16.2,442.52,606.24,27.32,14,8.35,6
2706,Kreuzberg,Friedrichshain-Kreuzberg,True,2026,2026-03-15,Apartment,True,67.7,1790.14,2056.59,26.44,14,8.35,6
2707,Friedrichshain,Friedrichshain-Kreuzberg,True,2026,2026-02-08,Room,False,27.4,629.4,787.23,22.97,10,8.03,6
2708,Pankow,Pankow,False,2026,2026-04-29,Room,False,23.8,391.48,559.1,16.45,25,7.7,3
2709,Lichtenberg,Lichtenberg,False,2026,2026-02-16,Apartment,True,55.4,1030.41,1274.04,18.6,24,6.96,3
2710,Mitte,Mitte,True,2026,2026-03-28,Room,True,23.3,654.61,832.71,28.09,6,9.1,5
2711,Friedrichshain,Friedrichshain-Kreuzberg,True,2026,2026-01-12,Room,False,17.1,379.82,566.13,22.21,10,8.03,6
2712,Neukölln,Neukölln,True,2026,2026-06-14,Apartment,False,46.2,871.09,1049.32,18.85,18,7.28,7
2713,Friedrichshain,Friedrichshain-Kreuzberg,True,2026,2026-05-11,Room,True,27.3,663.89,845.6,24.32,10,8.03,6
2714,Lichtenberg,Lichtenberg,False,2026,2026-05-08,Apartment,True,53.6,859.88,1083.68,16.04,24,6.96,3
2715,Schöneberg,Tempelhof-Schöneberg,True,2026,2026-01-15,Room,True,24.7,549.49,722.52,22.25,19,8.03,4
2716,Schöneberg,Tempelhof-Schöneberg,True,2026,2026-02-15,Room,True,15.9,383.62,567.38,24.13,19,8.03,4
2717,Pankow,Pankow,False,2026,2026-08-01,Apartment,False,59.9,893.23,1146.75,14.91,25,7.7,3
2718,Charlottenburg,Charlottenburg-Wilmersdorf,True,2026,2026-08-11,Apartment,False,83.0,1542.82,1879.27,18.59,22,8.45,4
2719,Schöneberg,Tempelhof-Schöneberg,True,2026,2026-03-17,Apartment,False,40.9,721.71,881.89,17.65,19,8.03,4
2720,Lichtenberg,Lichtenberg,False,2026,2026-01-20,Room,False,24.0,380.76,535.28,15.87,24,6.96,3
2721,Prenzlauer Berg,Pankow,True,2026,2026-07-23,Room,True,14.9,394.06,566.0,26.45,12,8.56,4
2722,Friedrichshain,Friedrichshain-Kreuzberg,True,2026,2026-06-29,Room,False,21.2,494.76,677.52,23.34,10,8.03,6
2723,Friedrichshain,Friedrichshain-Kreuzberg,True,2026,2026-06-06,Room,False,20.3,470.11,636.39,23.16,10,8.03,6
2724,Pankow,Pankow,False,2026,2026-01-29,Apartment,True,69.5,1125.82,1433.6,16.2,25,7.7,3
2725,Steglitz,Steglitz-Zehlendorf,False,2026,2026-02-13,Apartment,True,78.8,1282.84,1631.09,16.28,32,7.92,3
2726,Steglitz,Steglitz-Zehlendorf,False,2026,2026-04-12,Room,True,27.1,544.81,701.51,20.1,32,7.92,3
2727,Prenzlauer Berg,Pankow,True,2026,2026-05-16,Apartment,True,66.6,1586.08,1853.8,23.82,12,8.56,4
2728,Prenzlauer Berg,Pankow,True,2026,2026-06-07,Apartment,True,52.8,1441.11,1681.78,27.29,12,8.56,4
2729,Kreuzberg,Friedrichshain-Kreuzberg,True,2026,2026-06-28,Apartment,False,65.6,1222.05,1494.83,18.63,14,8.35,6
2730,Schöneberg,Tempelhof-Schöneberg,True,2026,2026-08-05,Room,False,20.1,386.14,544.36,19.21,19,8.03,4
2731,Wedding,Mitte,True,2026,2026-02-22,Apartment,True,78.6,1514.91,1869.45,19.27,16,7.17,5
2732,Prenzlauer Berg,Pankow,True,2026,2026-08-15,Apartment,False,72.3,1480.2,1796.26,20.47,12,8.56,4
2733,Lichtenberg,Lichtenberg,False,2026,2026-04-27,Apartment,False,72.5,1054.0,1341.05,14.54,24,6.96,3
2734,Friedrichshain,Friedrichshain-Kreuzberg,True,2026,2026-02-18,Room,False,27.5,571.87,763.66,20.8,10,8.03,6
2735,Kreuzberg,Friedrichshain-Kreuzberg,True,2026,2026-01-26,Apartment,False,45.1,867.13,1063.22,19.23,14,8.35,6
2736,Lichtenberg,Lichtenberg,False,2026,2026-07-08,Apartment,False,83.5,1127.48,1458.82,13.5,24,6.96,3
2737,Pankow,Pankow,False,2026,2026-01-06,Apartment,True,58.8,1128.64,1401.88,19.19,25,7.7,3
2738,Schöneberg,Tempelhof-Schöneberg,True,2026,2026-06-11,Apartment,False,54.3,995.36,1222.35,18.33,19,8.03,4
2739,Steglitz,Steglitz-Zehlendorf,False,2026,2026-01-26,Room,False,14.1,240.56,412.78,17.06,32,7.92,3
2740,Lichtenberg,Lichtenberg,False,2026,2026-01-30,Apartment,True,38.8,629.68,810.52,16.23,24,6.96,3
2741,Moabit,Mitte,True,2026,2026-05-17,Apartment,False,52.6,893.29,1120.61,16.98,18,7.49,5
2742,Lichtenberg,Lichtenberg,False,2026,2026-01-05,Room,False,18.9,302.62,483.67,16.01,24,6.96,3
2743,Steglitz,Steglitz-Zehlendorf,False,2026,2026-04-09,Apartment,True,54.5,961.79,1188.47,17.65,32,7.92,3
2744,Kreuzberg,Friedrichshain-Kreuzberg,True,2026,2026-05-10,Apartment,True,76.5,1785.05,2096.96,23.33,14,8.35,6
2745,Pankow,Pankow,False,2026,2026-04-22,Apartment,False,52.2,722.25,933.43,13.84,25,7.7,3
2746,Lichtenberg,Lichtenberg,False,2026,2026-06-05,Apartment,False,71.9,1066.37,1377.08,14.83,24,6.96,3
2747,Mitte,Mitte,True,2026,2026-03-19,Room,False,16.0,389.61,556.65,24.35,6,9.1,5
2748,Friedrichshain,Friedrichshain-Kreuzberg,True,2026,2026-07-20,Apartment,False,54.8,1001.22,1209.65,18.27,10,8.03,6
2749,Pankow,Pankow,False,2026,2026-08-06,Apartment,False,59.9,880.93,1145.51,14.71,25,7.7,3
2750,Pankow,Pankow,False,2026,2026-03-19,Room,True,27.4,528.46,699.14,19.29,25,7.7,3
2751,Friedrichshain,Friedrichshain-Kreuzberg,True,2026,2026-07-07,Room,True,25.7,690.44,847.72,26.87,10,8.03,6
2752,Pankow,Pankow,False,2026,2026-01-08,Apartment,False,84.9,1189.99,1557.25,14.02,25,7.7,3
2753,Neukölln,Neukölln,True,2026,2026-01-03,Room,True,22.5,549.78,715.53,24.43,18,7.28,7
2754,Charlottenburg,Charlottenburg-Wilmersdorf,True,2026,2026-01-11,Apartment,True,79.4,1620.99,1991.4,20.42,22,8.45,4
2755,Schöneberg,Tempelhof-Schöneberg,True,2026,2026-03-11,Room,False,26.6,493.09,665.59,18.54,19,8.03,4
2756,Wedding,Mitte,True,2026,2026-05-23,Apartment,True,40.2,734.33,906.61,18.27,16,7.17,5
2757,Prenzlauer Berg,Pankow,True,2026,2026-05-22,Apartment,False,51.5,1016.72,1250.19,19.74,12,8.56,4
2758,Prenzlauer Berg,Pankow,True,2026,2026-05-22,Apartment,False,48.1,1045.93,1271.78,21.74,12,8.56,4
2759,Charlottenburg,Charlottenburg-Wilmersdorf,True,2026,2026-04-05,Room,False,14.2,306.02,474.14,21.55,22,8.45,4
2760,Mitte,Mitte,True,2026,2026-06-01,Room,True,23.5,712.14,878.29,30.3,6,9.1,5
2761,Pankow,Pankow,False,2026,2026-03-08,Room,True,26.8,567.53,719.9,21.18,25,7.7,3
2762,Pankow,Pankow,False,2026,2026-04-21,Room,False,21.6,379.1,571.67,17.55,25,7.7,3
2763,Moabit,Mitte,True,2026,2026-01-31,Apartment,False,59.0,1024.4,1249.64,17.36,18,7.49,5
2764,Wedding,Mitte,True,2026,2026-07-12,Apartment,False,67.1,948.74,1210.54,14.14,16,7.17,5
2765,Prenzlauer Berg,Pankow,True,2026,2026-03-19,Room,False,15.7,340.0,529.35,21.66,12,8.56,4
2766,Neukölln,Neukölln,True,2026,2026-04-19,Room,False,14.6,289.18,467.12,19.81,18,7.28,7
2767,Wedding,Mitte,True,2026,2026-04-07,Apartment,False,80.8,1171.29,1546.69,14.5,16,7.17,5
2768,Kreuzberg,Friedrichshain-Kreuzberg,True,2026,2026-02-05,Apartment,True,51.2,1259.55,1494.3,24.6,14,8.35,6
2769,Charlottenburg,Charlottenburg-Wilmersdorf,True,2026,2026-01-03,Apartment,False,44.2,852.65,1025.58,19.29,22,8.45,4
2770,Charlottenburg,Charlottenburg-Wilmersdorf,True,2026,2026-03-08,Room,False,23.1,453.76,637.45,19.64,22,8.45,4
2771,Moabit,Mitte,True,2026,2026-04-06,Room,False,18.3,333.77,517.12,18.24,18,7.49,5
2772,Pankow,Pankow,False,2026,2026-05-17,Room,False,16.4,287.98,472.78,17.56,25,7.7,3
2773,Prenzlauer Berg,Pankow,True,2026,2026-03-31,Room,False,15.1,322.24,485.23,21.34,12,8.56,4
2774,Prenzlauer Berg,Pankow,True,2026,2026-03-05,Room,False,26.1,597.3,745.45,22.89,12,8.56,4
2775,Schöneberg,Tempelhof-Schöneberg,True,2026,2026-03-02,Room,True,15.3,400.76,583.82,26.19,19,8.03,4
2776,Lichtenberg,Lichtenberg,False,2026,2026-06-14,Room,False,20.9,331.05,491.23,15.84,24,6.96,3
2777,Wedding,Mitte,True,2026,2026-03-25,Apartment,False,62.8,1004.83,1261.63,16.0,16,7.17,5
2778,Kreuzberg,Friedrichshain-Kreuzberg,True,2026,2026-08-08,Room,False,16.4,384.82,539.12,23.46,14,8.35,6
2779,Charlottenburg,Charlottenburg-Wilmersdorf,True,2026,2026-01-15,Room,True,21.0,514.71,682.9,24.51,22,8.45,4
2780,Charlottenburg,Charlottenburg-Wilmersdorf,True,2026,2026-03-08,Apartment,False,66.8,1182.39,1472.26,17.7,22,8.45,4
2781,Moabit,Mitte,True,2026,2026-03-18,Apartment,True,46.5,914.26,1123.28,19.66,18,7.49,5
2782,Moabit,Mitte,True,2026,2026-08-05,Apartment,False,77.7,1250.72,1604.25,16.1,18,7.49,5
2783,Moabit,Mitte,True,2026,2026-03-08,Room,False,23.8,480.34,649.02,20.18,18,7.49,5
2784,Neukölln,Neukölln,True,2026,2026-01-08,Apartment,False,36.8,621.27,778.02,16.88,18,7.28,7
2785,Prenzlauer Berg,Pankow,True,2026,2026-02-21,Room,False,19.9,474.04,625.13,23.82,12,8.56,4
2786,Prenzlauer Berg,Pankow,True,2026,2026-05-12,Apartment,False,65.0,1254.12,1555.9,19.29,12,8.56,4
2787,Moabit,Mitte,True,2026,2026-02-14,Apartment,False,75.6,1275.66,1586.93,16.87,18,7.49,5
2788,Moabit,Mitte,True,2026,2026-03-22,Apartment,True,49.3,999.63,1217.33,20.28,18,7.49,5
2789,Kreuzberg,Friedrichshain-Kreuzberg,True,2026,2026-03-25,Room,False,19.7,461.61,619.18,23.43,14,8.35,6
2790,Steglitz,Steglitz-Zehlendorf,False,2026,2026-08-10,Room,False,25.0,375.52,546.55,15.02,32,7.92,3
2791,Friedrichshain,Friedrichshain-Kreuzberg,True,2026,2026-01-23,Room,False,16.6,354.54,519.71,21.36,10,8.03,6
2792,Steglitz,Steglitz-Zehlendorf,False,2026,2026-08-27,Apartment,False,81.7,1159.38,1499.07,14.19,32,7.92,3
2793,Friedrichshain,Friedrichshain-Kreuzberg,True,2026,2026-04-07,Apartment,True,75.7,1771.16,2076.33,23.4,10,8.03,6
2794,Lichtenberg,Lichtenberg,False,2026,2026-01-08,Apartment,True,80.3,1282.22,1629.7,15.97,24,6.96,3
2795,Steglitz,Steglitz-Zehlendorf,False,2026,2026-08-20,Room,True,22.3,411.09,559.85,18.43,32,7.92,3
2796,Prenzlauer Berg,Pankow,True,2026,2026-06-02,Apartment,False,52.0,986.8,1188.38,18.98,12,8.56,4
2797,Schöneberg,Tempelhof-Schöneberg,True,2026,2026-05-12,Apartment,True,49.4,1110.88,1331.33,22.49,19,8.03,4
2798,Wedding,Mitte,True,2026,2026-05-30,Room,False,26.6,478.72,659.31,18.0,16,7.17,5
2799,Charlottenburg,Charlottenburg-Wilmersdorf,True,2026,2026-03-26,Room,False,26.3,558.7,746.74,21.24,22,8.45,4
2800,Lichtenberg,Lichtenberg,False,2026,2026-01-14,Apartment,True,61.0,1159.37,1437.43,19.01,24,6.96,3
2801,Kreuzberg,Friedrichshain-Kreuzberg,True,2026,2026-08-18,Room,False,22.2,512.74,688.15,23.1,14,8.35,6
2802,Lichtenberg,Lichtenberg,False,2026,2026-06-13,Apartment,False,76.0,1016.79,1342.56,13.38,24,6.96,3
2803,Pankow,Pankow,False,2026,2026-05-29,Apartment,False,39.1,519.79,679.92,13.29,25,7.7,3
2804,Wedding,Mitte,True,2026,2026-07-23,Room,False,27.0,495.89,679.44,18.37,16,7.17,5
2805,Prenzlauer Berg,Pankow,True,2026,2026-01-27,Room,False,16.2,392.51,584.7,24.23,12,8.56,4
2806,Friedrichshain,Friedrichshain-Kreuzberg,True,2026,2026-05-18,Room,True,14.4,378.19,545.74,26.26,10,8.03,6
2807,Friedrichshain,Friedrichshain-Kreuzberg,True,2026,2026-01-21,Apartment,False,65.5,1421.53,1719.61,21.7,10,8.03,6
2808,Neukölln,Neukölln,True,2026,2026-08-23,Apartment,True,35.6,846.57,1001.62,23.78,18,7.28,7
2809,Steglitz,Steglitz-Zehlendorf,False,2026,2026-04-05,Apartment,False,76.7,1060.33,1391.63,13.82,32,7.92,3
2810,Charlottenburg,Charlottenburg-Wilmersdorf,True,2026,2026-07-22,Room,False,26.9,552.03,709.98,20.52,22,8.45,4
2811,Charlottenburg,Charlottenburg-Wilmersdorf,True,2026,2026-07-13,Room,False,18.4,373.11,554.9,20.28,22,8.45,4
2812,Steglitz,Steglitz-Zehlendorf,False,2026,2026-06-22,Apartment,False,73.4,1055.55,1347.36,14.38,32,7.92,3
2813,Schöneberg,Tempelhof-Schöneberg,True,2026,2026-01-03,Room,False,15.7,301.48,475.78,19.2,19,8.03,4
2814,Prenzlauer Berg,Pankow,True,2026,2026-06-15,Apartment,False,77.6,1724.22,2040.57,22.22,12,8.56,4
2815,Charlottenburg,Charlottenburg-Wilmersdorf,True,2026,2026-05-17,Room,True,20.0,499.49,662.25,24.97,22,8.45,4
2816,Friedrichshain,Friedrichshain-Kreuzberg,True,2026,2026-03-18,Apartment,False,37.1,718.26,888.6,19.36,10,8.03,6
2817,Prenzlauer Berg,Pankow,True,2026,2026-05-08,Apartment,True,38.5,967.23,1140.8,25.12,12,8.56,4
2818,Prenzlauer Berg,Pankow,True,2026,2026-05-11,Room,False,26.8,566.66,745.72,21.14,12,8.56,4
2819,Steglitz,Steglitz-Zehlendorf,False,2026,2026-06-30,Apartment,False,45.4,604.66,802.46,13.32,32,7.92,3
2820,Mitte,Mitte,True,2026,2026-04-21,Apartment,False,83.8,1984.62,2366.53,23.68,6,9.1,5
2821,Friedrichshain,Friedrichshain-Kreuzberg,True,2026,2026-08-09,Room,False,20.3,431.36,608.64,21.25,10,8.03,6
2822,Schöneberg,Tempelhof-Schöneberg,True,2026,2026-01-26,Apartment,True,59.4,1222.86,1495.48,20.59,19,8.03,4
2823,Schöneberg,Tempelhof-Schöneberg,True,2026,2026-05-11,Room,False,23.5,437.34,591.37,18.61,19,8.03,4
2824,Prenzlauer Berg,Pankow,True,2026,2026-06-16,Apartment,True,36.4,874.87,1045.84,24.03,12,8.56,4
2825,Schöneberg,Tempelhof-Schöneberg,True,2026,2026-03-07,Room,True,17.5,385.34,569.67,22.02,19,8.03,4
2826,Friedrichshain,Friedrichshain-Kreuzberg,True,2026,2026-06-28,Apartment,False,38.8,829.28,998.49,21.37,10,8.03,6
2827,Moabit,Mitte,True,2026,2026-03-18,Apartment,True,79.6,1657.9,2005.86,20.83,18,7.49,5
2828,Schöneberg,Tempelhof-Schöneberg,True,2026,2026-01-01,Apartment,True,53.7,1075.74,1306.88,20.03,19,8.03,4
2829,Kreuzberg,Friedrichshain-Kreuzberg,True,2026,2026-08-08,Apartment,True,48.2,1171.35,1360.34,24.3,14,8.35,6
2830,Wedding,Mitte,True,2026,2026-02-28,Apartment,True,48.0,847.4,1062.42,17.65,16,7.17,5
2831,Pankow,Pankow,False,2026,2026-04-13,Room,True,14.3,289.67,456.5,20.26,25,7.7,3
2832,Neukölln,Neukölln,True,2026,2026-08-24,Apartment,False,68.0,1228.68,1546.15,18.07,18,7.28,7
2833,Mitte,Mitte,True,2026,2026-07-15,Apartment,True,61.8,1855.08,2118.24,30.02,6,9.1,5
2834,Neukölln,Neukölln,True,2026,2026-08-01,Apartment,False,52.5,989.9,1200.6,18.86,18,7.28,7
2835,Charlottenburg,Charlottenburg-Wilmersdorf,True,2026,2026-08-16,Apartment,False,41.8,757.14,933.04,18.11,22,8.45,4
2836,Prenzlauer Berg,Pankow,True,2026,2026-07-21,Room,False,25.3,610.0,802.33,24.11,12,8.56,4
2837,Friedrichshain,Friedrichshain-Kreuzberg,True,2026,2026-01-09,Apartment,False,76.0,1592.55,1933.72,20.95,10,8.03,6
2838,Prenzlauer Berg,Pankow,True,2026,2026-05-21,Room,True,21.1,552.43,722.63,26.18,12,8.56,4
2839,Moabit,Mitte,True,2026,2026-04-14,Room,False,27.5,496.45,654.98,18.05,18,7.49,5
2840,Neukölln,Neukölln,True,2026,2026-06-04,Apartment,False,76.5,1258.37,1598.47,16.45,18,7.28,7
2841,Mitte,Mitte,True,2026,2026-01-06,Apartment,True,82.6,2180.12,2558.92,26.39,6,9.1,5
2842,Kreuzberg,Friedrichshain-Kreuzberg,True,2026,2026-08-25,Apartment,False,52.4,1113.57,1358.43,21.25,14,8.35,6
2843,Neukölln,Neukölln,True,2026,2026-01-09,Room,False,26.1,497.52,649.34,19.06,18,7.28,7
2844,Steglitz,Steglitz-Zehlendorf,False,2026,2026-01-06,Apartment,False,41.7,558.14,727.09,13.38,32,7.92,3
2845,Mitte,Mitte,True,2026,2026-02-25,Apartment,False,64.6,1461.44,1712.72,22.62,6,9.1,5
2846,Kreuzberg,Friedrichshain-Kreuzberg,True,2026,2026-06-09,Room,False,17.4,391.43,542.82,22.5,14,8.35,6
2847,Moabit,Mitte,True,2026,2026-04-30,Apartment,True,82.7,1778.92,2113.8,21.51,18,7.49,5
2848,Mitte,Mitte,True,2026,2026-08-10,Apartment,False,58.7,1337.16,1612.15,22.78,6,9.1,5
2849,Pankow,Pankow,False,2026,2026-02-17,Room,True,19.2,424.59,608.3,22.11,25,7.7,3
2850,Neukölln,Neukölln,True,2026,2026-01-26,Room,False,23.7,482.73,638.49,20.37,18,7.28,7
2851,Friedrichshain,Friedrichshain-Kreuzberg,True,2026,2026-01-26,Apartment,False,36.8,709.54,866.8,19.28,10,8.03,6
2852,Steglitz,Steglitz-Zehlendorf,False,2026,2026-01-15,Room,True,14.2,275.09,452.47,19.37,32,7.92,3
2853,Kreuzberg,Friedrichshain-Kreuzberg,True,2026,2026-07-04,Apartment,True,51.8,1351.72,1585.98,26.09,14,8.35,6
2854,Kreuzberg,Friedrichshain-Kreuzberg,True,2026,2026-05-02,Room,True,19.7,510.48,673.73,25.91,14,8.35,6
2855,Pankow,Pankow,False,2026,2026-01-04,Room,True,20.9,410.96,584.3,19.66,25,7.7,3
2856,Mitte,Mitte,True,2026,2026-02-13,Apartment,True,58.1,1525.68,1780.68,26.26,6,9.1,5
2857,Kreuzberg,Friedrichshain-Kreuzberg,True,2026,2026-01-20,Room,True,25.4,701.18,870.45,27.61,14,8.35,6
2858,Lichtenberg,Lichtenberg,False,2026,2026-07-01,Room,True,15.7,309.01,496.17,19.68,24,6.96,3
2859,Neukölln,Neukölln,True,2026,2026-07-26,Apartment,False,84.9,1401.01,1736.4,16.5,18,7.28,7
2860,Friedrichshain,Friedrichshain-Kreuzberg,True,2026,2026-07-31,Apartment,True,47.8,1081.23,1304.96,22.62,10,8.03,6
2861,Prenzlauer Berg,Pankow,True,2026,2026-06-15,Apartment,True,74.3,1957.63,2249.61,26.35,12,8.56,4
2862,Schöneberg,Tempelhof-Schöneberg,True,2026,2026-07-07,Room,True,17.0,421.59,575.98,24.8,19,8.03,4
2863,Lichtenberg,Lichtenberg,False,2026,2026-05-02,Apartment,False,50.3,738.14,965.4,14.67,24,6.96,3
2864,Kreuzberg,Friedrichshain-Kreuzberg,True,2026,2026-02-27,Room,True,23.4,625.98,788.19,26.75,14,8.35,6
2865,Kreuzberg,Friedrichshain-Kreuzberg,True,2026,2026-06-23,Apartment,True,58.3,1577.23,1800.03,27.05,14,8.35,6
2866,Kreuzberg,Friedrichshain-Kreuzberg,True,2026,2026-02-03,Room,True,23.7,634.96,800.16,26.79,14,8.35,6
2867,Friedrichshain,Friedrichshain-Kreuzberg,True,2026,2026-08-04,Room,False,18.5,434.81,608.97,23.5,10,8.03,6
2868,Friedrichshain,Friedrichshain-Kreuzberg,True,2026,2026-07-07,Room,False,26.3,623.62,803.26,23.71,10,8.03,6
2869,Pankow,Pankow,False,2026,2026-08-21,Apartment,False,47.8,702.59,918.27,14.7,25,7.7,3
2870,Wedding,Mitte,True,2026,2026-03-10,Apartment,True,58.2,1259.41,1506.77,21.64,16,7.17,5
2871,Neukölln,Neukölln,True,2026,2026-05-25,Apartment,True,72.5,1600.53,1939.74,22.08,18,7.28,7
2872,Friedrichshain,Friedrichshain-Kreuzberg,True,2026,2026-03-18,Apartment,False,66.0,1334.04,1589.93,20.21,10,8.03,6
2873,Mitte,Mitte,True,2026,2026-08-17,Room,False,24.2,581.66,766.73,24.04,6,9.1,5
2874,Prenzlauer Berg,Pankow,True,2026,2026-02-28,Room,False,22.8,540.03,723.37,23.69,12,8.56,4
2875,Neukölln,Neukölln,True,2026,2026-02-10,Apartment,False,48.5,928.1,1114.11,19.14,18,7.28,7
2876,Friedrichshain,Friedrichshain-Kreuzberg,True,2026,2026-07-02,Room,False,19.7,420.43,576.87,21.34,10,8.03,6
2877,Mitte,Mitte,True,2026,2026-07-10,Room,False,16.8,415.67,594.55,24.74,6,9.1,5
2878,Kreuzberg,Friedrichshain-Kreuzberg,True,2026,2026-01-06,Apartment,True,51.4,1410.18,1605.59,27.44,14,8.35,6
2879,Mitte,Mitte,True,2026,2026-06-01,Apartment,True,74.7,2210.67,2525.01,29.59,6,9.1,5
2880,Friedrichshain,Friedrichshain-Kreuzberg,True,2026,2026-03-06,Apartment,True,61.1,1596.02,1833.15,26.12,10,8.03,6
2881,Friedrichshain,Friedrichshain-Kreuzberg,True,2026,2026-07-09,Room,True,22.1,595.86,769.41,26.96,10,8.03,6
2882,Lichtenberg,Lichtenberg,False,2026,2026-06-22,Room,True,23.6,431.85,617.28,18.3,24,6.96,3
2883,Wedding,Mitte,True,2026,2026-01-03,Apartment,False,58.0,928.67,1151.4,16.01,16,7.17,5
2884,Wedding,Mitte,True,2026,2026-08-21,Apartment,True,62.2,1210.68,1494.88,19.46,16,7.17,5
2885,Wedding,Mitte,True,2026,2026-06-02,Room,False,19.4,317.16,466.2,16.35,16,7.17,5
2886,Pankow,Pankow,False,2026,2026-08-02,Apartment,False,47.5,644.31,828.95,13.56,25,7.7,3
2887,Prenzlauer Berg,Pankow,True,2026,2026-05-23,Apartment,True,39.8,1059.2,1234.16,26.61,12,8.56,4
2888,Lichtenberg,Lichtenberg,False,2026,2026-01-05,Room,True,21.0,435.43,597.34,20.73,24,6.96,3
2889,Prenzlauer Berg,Pankow,True,2026,2026-07-15,Apartment,False,68.2,1287.57,1559.22,18.88,12,8.56,4
2890,Prenzlauer Berg,Pankow,True,2026,2026-06-02,Room,False,20.3,449.47,623.33,22.14,12,8.56,4
2891,Neukölln,Neukölln,True,2026,2026-07-03,Room,False,17.8,348.37,516.24,19.57,18,7.28,7
2892,Mitte,Mitte,True,2026,2026-02-05,Room,False,17.7,432.69,581.41,24.45,6,9.1,5
2893,Steglitz,Steglitz-Zehlendorf,False,2026,2026-02-26,Apartment,False,69.4,908.81,1181.14,13.1,32,7.92,3
2894,Wedding,Mitte,True,2026,2026-04-11,Room,False,18.0,292.41,483.65,16.25,16,7.17,5
2895,Kreuzberg,Friedrichshain-Kreuzberg,True,2026,2026-04-30,Room,True,26.4,718.09,906.81,27.2,14,8.35,6
2896,Prenzlauer Berg,Pankow,True,2026,2026-03-30,Apartment,True,83.5,2015.65,2402.88,24.14,12,8.56,4
2897,Moabit,Mitte,True,2026,2026-05-22,Room,True,16.2,351.75,542.52,21.71,18,7.49,5
2898,Steglitz,Steglitz-Zehlendorf,False,2026,2026-07-21,Room,False,23.6,404.88,581.16,17.16,32,7.92,3
2899,Lichtenberg,Lichtenberg,False,2026,2026-01-09,Apartment,True,35.9,660.04,800.16,18.39,24,6.96,3
2900,Mitte,Mitte,True,2026,2026-05-24,Apartment,True,37.8,963.19,1109.73,25.48,6,9.1,5
2901,Prenzlauer Berg,Pankow,True,2026,2026-02-14,Apartment,False,36.5,776.24,939.43,21.27,12,8.56,4
2902,Prenzlauer Berg,Pankow,True,2026,2026-02-02,Apartment,True,71.8,1945.12,2240.63,27.09,12,8.56,4
2903,Mitte,Mitte,True,2026,2026-07-12,Apartment,True,61.6,1629.65,1887.54,26.46,6,9.1,5
2904,Charlottenburg,Charlottenburg-Wilmersdorf,True,2026,2026-03-21,Room,False,26.5,570.13,752.06,21.51,22,8.45,4
2905,Schöneberg,Tempelhof-Schöneberg,True,2026,2026-04-23,Apartment,False,50.3,846.35,1044.02,16.83,19,8.03,4
2906,Schöneberg,Tempelhof-Schöneberg,True,2026,2026-06-09,Apartment,False,50.0,944.3,1135.43,18.89,19,8.03,4
2907,Friedrichshain,Friedrichshain-Kreuzberg,True,2026,2026-07-07,Room,True,21.0,582.83,740.05,27.75,10,8.03,6
2908,Neukölln,Neukölln,True,2026,2026-04-15,Apartment,True,46.7,1029.61,1227.71,22.05,18,7.28,7
2909,Wedding,Mitte,True,2026,2026-04-28,Room,False,24.6,447.85,601.53,18.21,16,7.17,5
2910,Lichtenberg,Lichtenberg,False,2026,2026-06-30,Apartment,False,84.3,1171.65,1556.27,13.9,24,6.96,3
2911,Schöneberg,Tempelhof-Schöneberg,True,2026,2026-03-12,Apartment,False,74.2,1431.44,1770.56,19.29,19,8.03,4
2912,Friedrichshain,Friedrichshain-Kreuzberg,True,2026,2026-04-24,Apartment,False,57.1,1241.65,1502.43,21.75,10,8.03,6
2913,Wedding,Mitte,True,2026,2026-05-29,Apartment,True,66.2,1299.74,1590.77,19.63,16,7.17,5
2914,Mitte,Mitte,True,2026,2026-05-09,Apartment,True,36.8,1039.51,1196.25,28.25,6,9.1,5
2915,Pankow,Pankow,False,2026,2026-03-20,Apartment,True,42.3,752.97,944.61,17.8,25,7.7,3
2916,Mitte,Mitte,True,2026,2026-01-29,Room,False,24.3,570.99,725.85,23.5,6,9.1,5
2917,Kreuzberg,Friedrichshain-Kreuzberg,True,2026,2026-04-02,Room,False,20.1,432.2,613.42,21.5,14,8.35,6
2918,Kreuzberg,Friedrichshain-Kreuzberg,True,2026,2026-03-12,Room,False,16.4,391.83,569.53,23.89,14,8.35,6
2919,Neukölln,Neukölln,True,2026,2026-05-20,Apartment,True,41.2,943.55,1128.81,22.9,18,7.28,7
2920,Wedding,Mitte,True,2026,2026-03-28,Room,True,17.5,385.94,547.74,22.05,16,7.17,5
2921,Lichtenberg,Lichtenberg,False,2026,2026-05-13,Apartment,True,78.7,1312.6,1616.25,16.68,24,6.96,3
2922,Neukölln,Neukölln,True,2026,2026-07-18,Apartment,False,36.2,631.02,777.04,17.43,18,7.28,7
2923,Mitte,Mitte,True,2026,2026-04-05,Room,True,15.4,398.1,582.78,25.85,6,9.1,5
2924,Neukölln,Neukölln,True,2026,2026-01-08,Room,False,15.2,311.98,471.1,20.53,18,7.28,7
2925,Friedrichshain,Friedrichshain-Kreuzberg,True,2026,2026-03-03,Apartment,True,65.6,1742.38,2040.3,26.56,10,8.03,6
2926,Moabit,Mitte,True,2026,2026-01-15,Room,False,23.0,433.5,583.88,18.85,18,7.49,5
2927,Prenzlauer Berg,Pankow,True,2026,2026-06-01,Room,False,16.8,384.4,557.18,22.88,12,8.56,4
2928,Pankow,Pankow,False,2026,2026-01-04,Apartment,False,39.0,598.69,748.03,15.35,25,7.7,3
2929,Prenzlauer Berg,Pankow,True,2026,2026-05-08,Room,False,25.4,550.9,732.66,21.69,12,8.56,4
2930,Steglitz,Steglitz-Zehlendorf,False,2026,2026-07-11,Room,False,24.7,400.98,551.03,16.23,32,7.92,3
2931,Friedrichshain,Friedrichshain-Kreuzberg,True,2026,2026-04-01,Apartment,False,79.2,1484.79,1856.15,18.75,10,8.03,6
2932,Lichtenberg,Lichtenberg,False,2026,2026-05-29,Apartment,False,84.5,1218.8,1559.55,14.42,24,6.96,3
2933,Lichtenberg,Lichtenberg,False,2026,2026-08-24,Room,False,20.5,329.53,516.56,16.07,24,6.96,3
2934,Mitte,Mitte,True,2026,2026-01-31,Apartment,True,82.9,2145.97,2473.35,25.89,6,9.1,5
2935,Mitte,Mitte,True,2026,2026-05-01,Apartment,True,61.4,1761.07,2035.54,28.68,6,9.1,5
2936,Kreuzberg,Friedrichshain-Kreuzberg,True,2026,2026-04-17,Apartment,False,37.8,726.92,874.37,19.23,14,8.35,6
2937,Friedrichshain,Friedrichshain-Kreuzberg,True,2026,2026-08-02,Room,False,21.2,487.72,656.87,23.01,10,8.03,6
2938,Kreuzberg,Friedrichshain-Kreuzberg,True,2026,2026-05-04,Room,True,22.3,627.39,792.68,28.13,14,8.35,6
2939,Moabit,Mitte,True,2026,2026-08-13,Apartment,False,59.3,1050.17,1277.66,17.71,18,7.49,5
2940,Schöneberg,Tempelhof-Schöneberg,True,2026,2026-07-05,Apartment,True,80.1,1638.1,1943.56,20.45,19,8.03,4
2941,Steglitz,Steglitz-Zehlendorf,False,2026,2026-02-13,Apartment,False,58.3,882.11,1105.3,15.13,32,7.92,3
2942,Lichtenberg,Lichtenberg,False,2026,2026-04-12,Room,False,16.7,278.2,435.8,16.66,24,6.96,3
2943,Kreuzberg,Friedrichshain-Kreuzberg,True,2026,2026-06-04,Room,False,19.5,405.35,598.05,20.79,14,8.35,6
2944,Lichtenberg,Lichtenberg,False,2026,2026-01-06,Apartment,False,77.3,1026.61,1366.71,13.28,24,6.96,3
2945,Schöneberg,Tempelhof-Schöneberg,True,2026,2026-03-04,Apartment,False,52.8,931.96,1165.39,17.65,19,8.03,4
2946,Pankow,Pankow,False,2026,2026-02-06,Apartment,False,53.2,808.53,1052.7,15.2,25,7.7,3
2947,Friedrichshain,Friedrichshain-Kreuzberg,True,2026,2026-04-10,Room,False,25.7,601.03,786.09,23.39,10,8.03,6
2948,Friedrichshain,Friedrichshain-Kreuzberg,True,2026,2026-07-28,Room,False,17.0,367.83,559.9,21.64,10,8.03,6
2949,Lichtenberg,Lichtenberg,False,2026,2026-01-29,Apartment,True,74.1,1191.24,1522.71,16.08,24,6.96,3
2950,Pankow,Pankow,False,2026,2026-01-07,Apartment,True,41.8,744.71,906.03,17.82,25,7.7,3
2951,Mitte,Mitte,True,2026,2026-08-08,Room,True,20.0,579.58,728.28,28.98,6,9.1,5
2952,Prenzlauer Berg,Pankow,True,2026,2026-07-02,Room,True,26.8,725.33,907.69,27.06,12,8.56,4
2953,Wedding,Mitte,True,2026,2026-08-11,Apartment,False,55.2,895.64,1116.88,16.23,16,7.17,5
2954,Pankow,Pankow,False,2026,2026-08-14,Apartment,True,62.5,1028.54,1312.18,16.46,25,7.7,3
2955,Neukölln,Neukölln,True,2026,2026-07-26,Apartment,False,73.4,1221.56,1533.88,16.64,18,7.28,7
2956,Pankow,Pankow,False,2026,2026-03-24,Apartment,False,41.1,595.21,771.8,14.48,25,7.7,3
2957,Steglitz,Steglitz-Zehlendorf,False,2026,2026-08-21,Apartment,False,41.8,611.67,804.59,14.63,32,7.92,3
2958,Moabit,Mitte,True,2026,2026-03-29,Room,True,17.3,385.52,556.32,22.28,18,7.49,5
2959,Charlottenburg,Charlottenburg-Wilmersdorf,True,2026,2026-02-11,Room,True,27.1,623.06,798.0,22.99,22,8.45,4
2960,Prenzlauer Berg,Pankow,True,2026,2026-04-05,Apartment,True,49.8,1246.74,1473.74,25.03,12,8.56,4
2961,Neukölln,Neukölln,True,2026,2026-01-07,Room,False,16.0,310.94,478.81,19.43,18,7.28,7
2962,Moabit,Mitte,True,2026,2026-07-13,Room,False,20.5,378.1,562.35,18.44,18,7.49,5
2963,Lichtenberg,Lichtenberg,False,2026,2026-02-25,Apartment,False,72.6,1003.97,1327.07,13.83,24,6.96,3
2964,Friedrichshain,Friedrichshain-Kreuzberg,True,2026,2026-07-30,Apartment,True,46.4,1018.11,1212.9,21.94,10,8.03,6
2965,Friedrichshain,Friedrichshain-Kreuzberg,True,2026,2026-01-13,Apartment,False,51.2,1015.16,1218.06,19.83,10,8.03,6
2966,Kreuzberg,Friedrichshain-Kreuzberg,True,2026,2026-08-17,Apartment,True,73.5,1812.68,2156.89,24.66,14,8.35,6
2967,Moabit,Mitte,True,2026,2026-03-06,Room,False,18.2,319.52,486.27,17.56,18,7.49,5
2968,Kreuzberg,Friedrichshain-Kreuzberg,True,2026,2026-01-18,Room,False,19.3,412.05,581.57,21.35,14,8.35,6
2969,Steglitz,Steglitz-Zehlendorf,False,2026,2026-02-05,Room,True,24.2,496.07,662.86,20.5,32,7.92,3
2970,Charlottenburg,Charlottenburg-Wilmersdorf,True,2026,2026-04-15,Apartment,True,61.5,1485.06,1752.38,24.15,22,8.45,4
2971,Lichtenberg,Lichtenberg,False,2026,2026-06-01,Apartment,False,60.9,910.69,1196.57,14.95,24,6.96,3
2972,Lichtenberg,Lichtenberg,False,2026,2026-07-21,Room,True,18.7,344.71,492.98,18.43,24,6.96,3
2973,Mitte,Mitte,True,2026,2026-04-18,Apartment,False,65.2,1333.14,1592.64,20.45,6,9.1,5
2974,Steglitz,Steglitz-Zehlendorf,False,2026,2026-07-18,Room,False,22.3,356.37,547.19,15.98,32,7.92,3
2975,Mitte,Mitte,True,2026,2026-05-02,Room,False,24.3,573.86,724.46,23.62,6,9.1,5
2976,Wedding,Mitte,True,2026,2026-08-06,Apartment,False,70.5,1056.73,1334.7,14.99,16,7.17,5
2977,Friedrichshain,Friedrichshain-Kreuzberg,True,2026,2026-08-05,Apartment,False,47.1,987.9,1177.89,20.97,10,8.03,6
2978,Kreuzberg,Friedrichshain-Kreuzberg,True,2026,2026-02-16,Apartment,False,72.5,1369.03,1692.07,18.88,14,8.35,6
2979,Mitte,Mitte,True,2026,2026-04-29,Apartment,True,67.2,1744.1,2004.0,25.95,6,9.1,5
2980,Charlottenburg,Charlottenburg-Wilmersdorf,True,2026,2026-02-12,Apartment,False,65.3,1283.67,1538.08,19.66,22,8.45,4
2981,Mitte,Mitte,True,2026,2026-04-14,Apartment,True,79.2,2052.05,2412.68,25.91,6,9.1,5
2982,Pankow,Pankow,False,2026,2026-02-23,Apartment,True,43.8,729.23,918.48,16.65,25,7.7,3
2983,Pankow,Pankow,False,2026,2026-05-26,Apartment,True,36.5,615.92,786.19,16.87,25,7.7,3
2984,Wedding,Mitte,True,2026,2026-05-07,Room,False,26.5,443.21,609.1,16.72,16,7.17,5
2985,Friedrichshain,Friedrichshain-Kreuzberg,True,2026,2026-07-14,Room,False,26.2,574.37,762.13,21.92,10,8.03,6
2986,Mitte,Mitte,True,2026,2026-07-19,Apartment,False,39.0,915.63,1079.47,23.48,6,9.1,5
2987,Mitte,Mitte,True,2026,2026-02-17,Apartment,False,82.1,1725.45,2052.08,21.02,6,9.1,5
2988,Schöneberg,Tempelhof-Schöneberg,True,2026,2026-07-26,Apartment,True,80.8,1702.54,2017.81,21.07,19,8.03,4
2989,Moabit,Mitte,True,2026,2026-02-26,Room,True,20.2,506.09,654.33,25.05,18,7.49,5
2990,Pankow,Pankow,False,2026,2026-03-31,Room,False,27.0,434.55,589.58,16.09,25,7.7,3
2991,Pankow,Pankow,False,2026,2026-07-08,Apartment,False,62.5,846.16,1117.61,13.54,25,7.7,3
2992,Pankow,Pankow,False,2026,2026-08-09,Room,False,16.2,280.83,436.94,17.34,25,7.7,3
2993,Friedrichshain,Friedrichshain-Kreuzberg,True,2026,2026-03-18,Room,False,25.5,539.83,717.18,21.17,10,8.03,6
2994,Pankow,Pankow,False,2026,2026-07-30,Apartment,True,76.5,1427.71,1762.88,18.66,25,7.7,3
2995,Kreuzberg,Friedrichshain-Kreuzberg,True,2026,2026-06-09,Apartment,True,67.2,1594.46,1879.41,23.73,14,8.35,6
2996,Steglitz,Steglitz-Zehlendorf,False,2026,2026-07-28,Apartment,True,57.6,939.94,1181.36,16.32,32,7.92,3
2997,Mitte,Mitte,True,2026,2026-02-13,Room,False,19.1,451.15,638.35,23.62,6,9.1,5
2998,Mitte,Mitte,True,2026,2026-02-13,Apartment,False,81.1,1790.83,2160.5,22.08,6,9.1,5
2999,Pankow,Pankow,False,2026,2026-07-28,Room,True,15.1,304.7,466.17,20.18,25,7.7,3
3000,Prenzlauer Berg,Pankow,True,2026,2026-02-10,Apartment,True,62.1,1704.96,1950.63,27.46,12,8.56,4
3001,Charlottenburg,Charlottenburg-Wilmersdorf,True,2026,2026-02-09,Apartment,True,43.7,1036.98,1205.68,23.73,22,8.45,4
3002,Charlottenburg,Charlottenburg-Wilmersdorf,True,2026,2026-08-15,Apartment,False,52.2,1026.95,1230.64,19.67,22,8.45,4
3003,Steglitz,Steglitz-Zehlendorf,False,2026,2026-04-14,Room,True,18.6,383.39,541.56,20.61,32,7.92,3
3004,Pankow,Pankow,False,2026,2026-02-19,Apartment,False,63.0,948.75,1199.95,15.06,25,7.7,3
3005,Prenzlauer Berg,Pankow,True,2026,2026-01-02,Room,True,25.9,670.78,837.98,25.9,12,8.56,4
3006,Wedding,Mitte,True,2026,2026-02-02,Room,False,24.4,460.21,618.58,18.86,16,7.17,5
3007,Neukölln,Neukölln,True,2026,2026-04-11,Apartment,True,79.0,1643.35,1996.97,20.8,18,7.28,7
3008,Charlottenburg,Charlottenburg-Wilmersdorf,True,2026,2026-03-04,Apartment,False,65.7,1287.85,1544.48,19.6,22,8.45,4
3009,Moabit,Mitte,True,2026,2026-01-04,Room,True,20.4,458.44,609.39,22.47,18,7.49,5
3010,Schöneberg,Tempelhof-Schöneberg,True,2026,2026-04-25,Room,False,17.8,333.94,491.08,18.76,19,8.03,4
3011,Charlottenburg,Charlottenburg-Wilmersdorf,True,2026,2026-06-29,Apartment,False,64.3,1100.21,1370.38,17.11,22,8.45,4
3012,Prenzlauer Berg,Pankow,True,2026,2026-05-02,Room,True,24.1,612.35,803.14,25.41,12,8.56,4
3013,Charlottenburg,Charlottenburg-Wilmersdorf,True,2026,2026-08-18,Room,False,22.8,455.02,620.26,19.96,22,8.45,4
3014,Kreuzberg,Friedrichshain-Kreuzberg,True,2026,2026-01-07,Apartment,False,56.3,1127.69,1380.47,20.03,14,8.35,6
3015,Mitte,Mitte,True,2026,2026-03-11,Apartment,True,72.1,1919.11,2249.84,26.62,6,9.1,5
3016,Mitte,Mitte,True,2026,2026-04-01,Room,False,14.9,366.75,553.45,24.61,6,9.1,5
3017,Mitte,Mitte,True,2026,2026-03-02,Room,True,24.1,659.34,812.07,27.36,6,9.1,5
3018,Lichtenberg,Lichtenberg,False,2026,2026-02-05,Apartment,False,57.1,851.21,1091.88,14.91,24,6.96,3
3019,Neukölln,Neukölln,True,2026,2026-02-09,Apartment,False,53.7,993.11,1238.73,18.49,18,7.28,7
3020,Friedrichshain,Friedrichshain-Kreuzberg,True,2026,2026-05-19,Apartment,True,75.9,1955.42,2291.69,25.76,10,8.03,6
3021,Friedrichshain,Friedrichshain-Kreuzberg,True,2026,2026-05-07,Apartment,False,83.5,1609.07,1967.16,19.27,10,8.03,6
3022,Mitte,Mitte,True,2026,2026-03-02,Room,False,25.6,585.06,742.46,22.85,6,9.1,5
3023,Kreuzberg,Friedrichshain-Kreuzberg,True,2026,2026-08-30,Apartment,False,56.5,1059.79,1318.86,18.76,14,8.35,6
3024,Mitte,Mitte,True,2026,2026-01-15,Room,False,21.6,500.71,668.21,23.18,6,9.1,5
3025,Wedding,Mitte,True,2026,2026-08-01,Room,False,25.0,454.2,626.07,18.17,16,7.17,5
3026,Steglitz,Steglitz-Zehlendorf,False,2026,2026-02-04,Apartment,False,51.0,704.02,934.25,13.8,32,7.92,3
3027,Schöneberg,Tempelhof-Schöneberg,True,2026,2026-02-13,Apartment,True,60.4,1265.08,1526.37,20.95,19,8.03,4
3028,Charlottenburg,Charlottenburg-Wilmersdorf,True,2026,2026-05-30,Room,True,24.9,651.99,803.6,26.18,22,8.45,4
3029,Schöneberg,Tempelhof-Schöneberg,True,2026,2026-04-01,Room,True,16.6,397.26,569.26,23.93,19,8.03,4
3030,Steglitz,Steglitz-Zehlendorf,False,2026,2026-04-25,Apartment,False,55.3,807.37,1066.73,14.6,32,7.92,3
3031,Kreuzberg,Friedrichshain-Kreuzberg,True,2026,2026-08-31,Apartment,True,73.0,1981.72,2265.08,27.15,14,8.35,6
3032,Kreuzberg,Friedrichshain-Kreuzberg,True,2026,2026-07-21,Apartment,True,48.7,1182.87,1393.97,24.29,14,8.35,6
3033,Mitte,Mitte,True,2026,2026-02-04,Apartment,False,54.7,1264.57,1494.26,23.12,6,9.1,5
3034,Schöneberg,Tempelhof-Schöneberg,True,2026,2026-04-03,Room,True,25.6,616.13,807.46,24.07,19,8.03,4
3035,Schöneberg,Tempelhof-Schöneberg,True,2026,2026-01-20,Room,True,25.7,604.27,762.69,23.51,19,8.03,4
3036,Mitte,Mitte,True,2026,2026-02-04,Apartment,True,46.0,1181.21,1381.64,25.68,6,9.1,5
3037,Kreuzberg,Friedrichshain-Kreuzberg,True,2026,2026-01-02,Room,False,15.2,344.01,509.21,22.63,14,8.35,6
3038,Steglitz,Steglitz-Zehlendorf,False,2026,2026-01-10,Room,False,27.0,411.64,581.5,15.25,32,7.92,3
3039,Charlottenburg,Charlottenburg-Wilmersdorf,True,2026,2026-01-15,Room,False,26.9,565.3,750.69,21.01,22,8.45,4
3040,Moabit,Mitte,True,2026,2026-08-29,Apartment,False,54.5,864.71,1097.6,15.87,18,7.49,5
3041,Charlottenburg,Charlottenburg-Wilmersdorf,True,2026,2026-01-24,Room,False,17.2,331.55,491.76,19.28,22,8.45,4
3042,Moabit,Mitte,True,2026,2026-08-11,Apartment,False,77.9,1341.48,1651.91,17.22,18,7.49,5
3043,Prenzlauer Berg,Pankow,True,2026,2026-04-22,Apartment,True,67.1,1748.69,2046.7,26.06,12,8.56,4
3044,Neukölln,Neukölln,True,2026,2026-08-23,Room,True,15.4,370.59,531.54,24.06,18,7.28,7
3045,Steglitz,Steglitz-Zehlendorf,False,2026,2026-04-18,Room,True,20.6,422.33,591.78,20.5,32,7.92,3
3046,Mitte,Mitte,True,2026,2026-01-12,Room,False,25.1,610.05,766.15,24.3,6,9.1,5
3047,Neukölln,Neukölln,True,2026,2026-05-21,Apartment,False,58.7,1107.3,1335.65,18.86,18,7.28,7
3048,Moabit,Mitte,True,2026,2026-06-28,Room,True,25.8,596.68,752.44,23.13,18,7.49,5
3049,Kreuzberg,Friedrichshain-Kreuzberg,True,2026,2026-07-16,Room,True,21.8,568.02,728.05,26.06,14,8.35,6
3050,Moabit,Mitte,True,2026,2026-05-27,Room,True,20.0,429.72,614.8,21.49,18,7.49,5
3051,Neukölln,Neukölln,True,2026,2026-05-18,Room,False,14.2,276.0,437.2,19.44,18,7.28,7
3052,Charlottenburg,Charlottenburg-Wilmersdorf,True,2026,2026-04-30,Apartment,True,73.1,1631.13,1927.39,22.31,22,8.45,4
3053,Kreuzberg,Friedrichshain-Kreuzberg,True,2026,2026-01-01,Room,False,23.9,498.81,647.35,20.87,14,8.35,6
3054,Pankow,Pankow,False,2026,2026-08-30,Room,False,18.7,330.11,499.79,17.65,25,7.7,3
3055,Neukölln,Neukölln,True,2026,2026-01-05,Room,False,17.9,345.92,520.47,19.33,18,7.28,7
3056,Mitte,Mitte,True,2026,2026-08-05,Apartment,True,61.7,1587.95,1839.33,25.74,6,9.1,5
3057,Lichtenberg,Lichtenberg,False,2026,2026-05-14,Apartment,False,49.7,684.15,915.78,13.77,24,6.96,3
3058,Neukölln,Neukölln,True,2026,2026-04-26,Room,False,19.5,379.95,552.35,19.48,18,7.28,7
3059,Lichtenberg,Lichtenberg,False,2026,2026-08-13,Apartment,True,55.8,1062.56,1281.2,19.04,24,6.96,3
3060,Schöneberg,Tempelhof-Schöneberg,True,2026,2026-04-05,Apartment,False,81.2,1553.21,1918.93,19.13,19,8.03,4
3061,Lichtenberg,Lichtenberg,False,2026,2026-05-27,Room,False,21.3,357.29,538.88,16.77,24,6.96,3
3062,Mitte,Mitte,True,2026,2026-07-18,Apartment,True,58.8,1659.36,1888.62,28.22,6,9.1,5
3063,Wedding,Mitte,True,2026,2026-03-02,Room,True,20.4,453.89,602.81,22.25,16,7.17,5
3064,Charlottenburg,Charlottenburg-Wilmersdorf,True,2026,2026-03-05,Room,False,14.5,311.34,469.6,21.47,22,8.45,4
3065,Moabit,Mitte,True,2026,2026-06-15,Room,False,21.1,380.25,546.09,18.02,18,7.49,5
3066,Moabit,Mitte,True,2026,2026-08-27,Apartment,True,55.2,1228.76,1444.49,22.26,18,7.49,5
3067,Kreuzberg,Friedrichshain-Kreuzberg,True,2026,2026-07-18,Room,True,19.7,575.02,751.93,29.19,14,8.35,6
3068,Friedrichshain,Friedrichshain-Kreuzberg,True,2026,2026-02-25,Apartment,False,57.6,1180.61,1421.83,20.5,10,8.03,6
3069,Wedding,Mitte,True,2026,2026-02-22,Apartment,False,75.4,1068.53,1386.99,14.17,16,7.17,5
3070,Pankow,Pankow,False,2026,2026-05-09,Room,True,25.4,532.14,719.22,20.95,25,7.7,3
3071,Moabit,Mitte,True,2026,2026-08-05,Apartment,True,77.2,1706.71,2059.0,22.11,18,7.49,5
3072,Lichtenberg,Lichtenberg,False,2026,2026-03-09,Apartment,False,41.9,541.79,718.18,12.93,24,6.96,3
3073,Lichtenberg,Lichtenberg,False,2026,2026-06-24,Apartment,False,70.0,898.18,1218.63,12.83,24,6.96,3
3074,Steglitz,Steglitz-Zehlendorf,False,2026,2026-04-13,Room,False,16.9,285.9,468.21,16.92,32,7.92,3
3075,Kreuzberg,Friedrichshain-Kreuzberg,True,2026,2026-07-27,Apartment,False,79.8,1473.7,1790.7,18.47,14,8.35,6
3076,Pankow,Pankow,False,2026,2026-05-26,Apartment,False,60.4,897.15,1163.25,14.85,25,7.7,3
3077,Wedding,Mitte,True,2026,2026-08-15,Apartment,False,63.1,958.72,1216.84,15.19,16,7.17,5
3078,Prenzlauer Berg,Pankow,True,2026,2026-07-30,Apartment,True,39.5,1086.82,1255.9,27.51,12,8.56,4
3079,Neukölln,Neukölln,True,2026,2026-05-18,Apartment,True,64.4,1291.78,1576.81,20.06,18,7.28,7
3080,Lichtenberg,Lichtenberg,False,2026,2026-06-25,Apartment,True,79.2,1369.36,1693.62,17.29,24,6.96,3
3081,Lichtenberg,Lichtenberg,False,2026,2026-01-07,Apartment,True,49.1,895.68,1100.76,18.24,24,6.96,3
3082,Schöneberg,Tempelhof-Schöneberg,True,2026,2026-06-05,Apartment,True,52.0,1124.19,1339.01,21.62,19,8.03,4
3083,Wedding,Mitte,True,2026,2026-03-13,Room,False,17.2,320.47,501.88,18.63,16,7.17,5
3084,Lichtenberg,Lichtenberg,False,2026,2026-07-30,Apartment,False,69.9,1018.77,1328.03,14.57,24,6.96,3
3085,Steglitz,Steglitz-Zehlendorf,False,2026,2026-01-02,Room,False,15.6,250.13,436.83,16.03,32,7.92,3
3086,Schöneberg,Tempelhof-Schöneberg,True,2026,2026-08-15,Apartment,False,48.6,824.56,1014.22,16.97,19,8.03,4
3087,Lichtenberg,Lichtenberg,False,2026,2026-06-16,Apartment,False,72.9,1087.43,1371.2,14.92,24,6.96,3
3088,Neukölln,Neukölln,True,2026,2026-05-11,Apartment,False,71.1,1180.24,1504.81,16.6,18,7.28,7
3089,Friedrichshain,Friedrichshain-Kreuzberg,True,2026,2026-02-09,Room,True,20.3,500.57,690.73,24.66,10,8.03,6
3090,Schöneberg,Tempelhof-Schöneberg,True,2026,2026-05-13,Apartment,True,79.0,1658.46,1997.01,20.99,19,8.03,4
3091,Lichtenberg,Lichtenberg,False,2026,2026-02-12,Apartment,False,38.3,499.16,649.88,13.03,24,6.96,3
3092,Pankow,Pankow,False,2026,2026-08-04,Apartment,False,67.6,1031.21,1338.77,15.25,25,7.7,3
3093,Wedding,Mitte,True,2026,2026-05-10,Room,False,23.2,377.98,532.61,16.29,16,7.17,5
3094,Lichtenberg,Lichtenberg,False,2026,2026-01-20,Apartment,True,63.2,1111.25,1367.09,17.58,24,6.96,3
3095,Schöneberg,Tempelhof-Schöneberg,True,2026,2026-08-17,Apartment,False,64.6,1073.53,1353.88,16.62,19,8.03,4
3096,Schöneberg,Tempelhof-Schöneberg,True,2026,2026-02-04,Apartment,True,58.6,1212.53,1436.96,20.69,19,8.03,4
3097,Mitte,Mitte,True,2026,2026-02-19,Room,True,14.8,429.41,618.94,29.01,6,9.1,5
3098,Lichtenberg,Lichtenberg,False,2026,2026-02-17,Apartment,True,48.5,816.02,1027.83,16.83,24,6.96,3
3099,Lichtenberg,Lichtenberg,False,2026,2026-01-21,Room,False,23.5,397.48,585.98,16.91,24,6.96,3
3100,Kreuzberg,Friedrichshain-Kreuzberg,True,2026,2026-02-11,Room,False,25.3,601.15,755.57,23.76,14,8.35,6
3101,Lichtenberg,Lichtenberg,False,2026,2026-02-27,Apartment,True,64.8,1179.98,1435.33,18.21,24,6.96,3
3102,Moabit,Mitte,True,2026,2026-08-26,Room,True,21.7,471.38,656.41,21.72,18,7.49,5
3103,Steglitz,Steglitz-Zehlendorf,False,2026,2026-07-13,Room,False,23.1,369.13,523.06,15.98,32,7.92,3
3104,Neukölln,Neukölln,True,2026,2026-02-26,Room,True,25.8,640.21,804.05,24.81,18,7.28,7
3105,Steglitz,Steglitz-Zehlendorf,False,2026,2026-07-19,Apartment,True,72.7,1343.1,1671.03,18.47,32,7.92,3
3106,Neukölln,Neukölln,True,2026,2026-08-13,Apartment,False,78.7,1476.79,1795.11,18.76,18,7.28,7
3107,Wedding,Mitte,True,2026,2026-04-05,Apartment,True,78.7,1596.7,1913.38,20.29,16,7.17,5
3108,Neukölln,Neukölln,True,2026,2026-04-20,Apartment,False,42.6,714.64,881.4,16.78,18,7.28,7
3109,Mitte,Mitte,True,2026,2026-03-14,Room,False,22.5,548.5,720.3,24.38,6,9.1,5
3110,Pankow,Pankow,False,2026,2026-06-20,Room,True,18.3,398.85,585.34,21.8,25,7.7,3
3111,Kreuzberg,Friedrichshain-Kreuzberg,True,2026,2026-04-16,Room,True,17.6,474.4,629.86,26.95,14,8.35,6
3112,Pankow,Pankow,False,2026,2026-05-30,Apartment,True,55.8,926.12,1184.94,16.6,25,7.7,3
3113,Schöneberg,Tempelhof-Schöneberg,True,2026,2026-08-31,Room,False,19.3,413.42,602.31,21.42,19,8.03,4
3114,Pankow,Pankow,False,2026,2026-02-25,Apartment,True,80.7,1547.89,1894.36,19.18,25,7.7,3
3115,Charlottenburg,Charlottenburg-Wilmersdorf,True,2026,2026-07-01,Apartment,False,78.3,1395.2,1729.02,17.82,22,8.45,4
3116,Moabit,Mitte,True,2026,2026-05-15,Apartment,True,80.8,1622.1,1947.11,20.08,18,7.49,5
3117,Kreuzberg,Friedrichshain-Kreuzberg,True,2026,2026-01-25,Room,False,25.3,598.17,782.76,23.64,14,8.35,6
3118,Charlottenburg,Charlottenburg-Wilmersdorf,True,2026,2026-02-02,Room,False,16.7,351.76,503.57,21.06,22,8.45,4
3119,Schöneberg,Tempelhof-Schöneberg,True,2026,2026-04-30,Room,True,14.9,350.74,528.36,23.54,19,8.03,4
3120,Schöneberg,Tempelhof-Schöneberg,True,2026,2026-07-09,Room,False,24.5,457.76,641.42,18.68,19,8.03,4
3121,Lichtenberg,Lichtenberg,False,2026,2026-02-25,Apartment,False,78.5,1134.07,1472.22,14.45,24,6.96,3
3122,Neukölln,Neukölln,True,2026,2026-05-20,Room,True,25.4,587.25,763.85,23.12,18,7.28,7
3123,Moabit,Mitte,True,2026,2026-04-09,Room,False,21.6,415.56,601.04,19.24,18,7.49,5
3124,Neukölln,Neukölln,True,2026,2026-03-26,Room,False,27.2,510.66,699.55,18.77,18,7.28,7
3125,Pankow,Pankow,False,2026,2026-03-01,Apartment,False,37.8,519.0,674.1,13.73,25,7.7,3
3126,Mitte,Mitte,True,2026,2026-06-09,Apartment,False,56.3,1252.75,1507.25,22.25,6,9.1,5
3127,Neukölln,Neukölln,True,2026,2026-07-31,Apartment,False,41.3,789.42,981.31,19.11,18,7.28,7
3128,Wedding,Mitte,True,2026,2026-05-17,Apartment,False,36.7,614.99,766.67,16.76,16,7.17,5
3129,Kreuzberg,Friedrichshain-Kreuzberg,True,2026,2026-04-15,Apartment,True,67.9,1693.45,1978.88,24.94,14,8.35,6
3130,Schöneberg,Tempelhof-Schöneberg,True,2026,2026-07-15,Room,False,22.0,470.79,625.67,21.4,19,8.03,4
3131,Lichtenberg,Lichtenberg,False,2026,2026-03-05,Apartment,False,73.6,1084.85,1364.98,14.74,24,6.96,3
3132,Neukölln,Neukölln,True,2026,2026-06-19,Apartment,True,43.2,866.0,1037.71,20.05,18,7.28,7
3133,Pankow,Pankow,False,2026,2026-06-14,Room,False,14.2,236.9,407.21,16.68,25,7.7,3
3134,Kreuzberg,Friedrichshain-Kreuzberg,True,2026,2026-05-28,Room,False,18.9,404.7,556.58,21.41,14,8.35,6
3135,Lichtenberg,Lichtenberg,False,2026,2026-07-04,Room,True,23.7,487.94,662.21,20.59,24,6.96,3
3136,Friedrichshain,Friedrichshain-Kreuzberg,True,2026,2026-07-07,Apartment,False,44.7,886.38,1063.88,19.83,10,8.03,6
3137,Kreuzberg,Friedrichshain-Kreuzberg,True,2026,2026-06-05,Apartment,False,50.5,1083.94,1288.87,21.46,14,8.35,6
3138,Mitte,Mitte,True,2026,2026-08-10,Apartment,False,36.3,827.66,983.06,22.8,6,9.1,5
3139,Kreuzberg,Friedrichshain-Kreuzberg,True,2026,2026-04-16,Apartment,True,38.3,990.44,1164.83,25.86,14,8.35,6
3140,Charlottenburg,Charlottenburg-Wilmersdorf,True,2026,2026-08-24,Room,False,15.0,302.65,452.19,20.18,22,8.45,4
3141,Steglitz,Steglitz-Zehlendorf,False,2026,2026-06-18,Apartment,False,52.9,736.32,948.71,13.92,32,7.92,3
3142,Kreuzberg,Friedrichshain-Kreuzberg,True,2026,2026-03-07,Apartment,False,38.9,765.59,920.15,19.68,14,8.35,6
3143,Mitte,Mitte,True,2026,2026-01-21,Apartment,True,74.7,1994.64,2315.11,26.7,6,9.1,5
3144,Steglitz,Steglitz-Zehlendorf,False,2026,2026-04-11,Apartment,True,79.8,1339.26,1700.01,16.78,32,7.92,3
3145,Lichtenberg,Lichtenberg,False,2026,2026-07-30,Room,False,15.6,246.08,423.18,15.77,24,6.96,3
3146,Moabit,Mitte,True,2026,2026-03-23,Room,True,22.2,544.41,724.67,24.52,18,7.49,5
3147,Neukölln,Neukölln,True,2026,2026-05-20,Room,True,14.3,357.06,540.54,24.97,18,7.28,7
3148,Kreuzberg,Friedrichshain-Kreuzberg,True,2026,2026-07-16,Room,False,14.3,305.4,470.62,21.36,14,8.35,6
3149,Kreuzberg,Friedrichshain-Kreuzberg,True,2026,2026-05-20,Apartment,False,37.0,749.8,920.88,20.26,14,8.35,6
3150,Wedding,Mitte,True,2026,2026-04-24,Room,False,22.8,411.73,560.68,18.06,16,7.17,5
3151,Wedding,Mitte,True,2026,2026-04-08,Apartment,True,51.1,980.09,1218.92,19.18,16,7.17,5
3152,Neukölln,Neukölln,True,2026,2026-07-04,Apartment,False,45.3,760.81,942.6,16.79,18,7.28,7
3153,Schöneberg,Tempelhof-Schöneberg,True,2026,2026-05-09,Room,True,16.7,422.13,608.38,25.28,19,8.03,4
3154,Wedding,Mitte,True,2026,2026-06-04,Apartment,False,77.0,1184.44,1512.08,15.38,16,7.17,5
3155,Wedding,Mitte,True,2026,2026-01-31,Apartment,False,64.8,917.31,1203.18,14.16,16,7.17,5
3156,Pankow,Pankow,False,2026,2026-08-10,Apartment,True,77.0,1487.74,1848.19,19.32,25,7.7,3
3157,Prenzlauer Berg,Pankow,True,2026,2026-03-27,Room,True,26.0,660.55,813.06,25.41,12,8.56,4
3158,Wedding,Mitte,True,2026,2026-01-31,Room,True,14.7,291.57,447.96,19.83,16,7.17,5
3159,Friedrichshain,Friedrichshain-Kreuzberg,True,2026,2026-02-10,Apartment,False,49.8,986.66,1206.55,19.81,10,8.03,6
3160,Kreuzberg,Friedrichshain-Kreuzberg,True,2026,2026-04-04,Room,True,26.7,732.89,923.73,27.45,14,8.35,6
3161,Steglitz,Steglitz-Zehlendorf,False,2026,2026-06-23,Room,False,23.8,399.82,586.68,16.8,32,7.92,3
3162,Lichtenberg,Lichtenberg,False,2026,2026-03-16,Apartment,False,79.8,1024.36,1381.52,12.84,24,6.96,3
3163,Schöneberg,Tempelhof-Schöneberg,True,2026,2026-04-18,Apartment,False,63.6,1181.73,1456.41,18.58,19,8.03,4
3164,Moabit,Mitte,True,2026,2026-06-29,Apartment,False,41.6,683.45,850.82,16.43,18,7.49,5
3165,Pankow,Pankow,False,2026,2026-05-17,Room,True,17.2,326.15,477.47,18.96,25,7.7,3
3166,Neukölln,Neukölln,True,2026,2026-05-13,Room,True,25.4,615.52,804.33,24.23,18,7.28,7
3167,Schöneberg,Tempelhof-Schöneberg,True,2026,2026-03-03,Room,False,14.7,282.07,447.9,19.19,19,8.03,4
3168,Schöneberg,Tempelhof-Schöneberg,True,2026,2026-04-20,Apartment,True,41.5,936.3,1118.16,22.56,19,8.03,4
3169,Neukölln,Neukölln,True,2026,2026-01-12,Apartment,False,64.4,1042.37,1299.63,16.19,18,7.28,7
3170,Pankow,Pankow,False,2026,2026-01-06,Room,True,25.3,467.79,632.21,18.49,25,7.7,3
3171,Pankow,Pankow,False,2026,2026-06-28,Room,True,16.8,366.44,540.02,21.81,25,7.7,3
3172,Pankow,Pankow,False,2026,2026-01-11,Room,False,22.0,385.01,576.62,17.5,25,7.7,3
3173,Mitte,Mitte,True,2026,2026-08-23,Apartment,False,37.1,862.24,1018.7,23.24,6,9.1,5
3174,Moabit,Mitte,True,2026,2026-02-05,Apartment,False,47.9,767.83,977.02,16.03,18,7.49,5
3175,Mitte,Mitte,True,2026,2026-03-26,Room,False,27.5,636.66,797.5,23.15,6,9.1,5
3176,Prenzlauer Berg,Pankow,True,2026,2026-03-31,Apartment,True,35.8,937.2,1092.42,26.18,12,8.56,4
3177,Lichtenberg,Lichtenberg,False,2026,2026-04-14,Room,True,26.4,545.24,711.16,20.65,24,6.96,3
3178,Kreuzberg,Friedrichshain-Kreuzberg,True,2026,2026-05-07,Apartment,False,69.3,1313.39,1607.5,18.95,14,8.35,6
3179,Mitte,Mitte,True,2026,2026-07-27,Room,False,14.2,363.64,530.02,25.61,6,9.1,5
3180,Schöneberg,Tempelhof-Schöneberg,True,2026,2026-02-09,Apartment,True,56.2,1208.13,1465.38,21.5,19,8.03,4
3181,Schöneberg,Tempelhof-Schöneberg,True,2026,2026-04-04,Apartment,False,41.6,723.21,918.52,17.38,19,8.03,4
3182,Wedding,Mitte,True,2026,2026-07-05,Room,True,27.4,571.34,729.71,20.85,16,7.17,5
3183,Lichtenberg,Lichtenberg,False,2026,2026-05-15,Apartment,False,75.4,1011.9,1302.08,13.42,24,6.96,3
3184,Moabit,Mitte,True,2026,2026-03-20,Apartment,True,44.0,854.54,1045.13,19.42,18,7.49,5
3185,Moabit,Mitte,True,2026,2026-06-24,Apartment,True,53.8,1092.92,1307.71,20.31,18,7.49,5
3186,Charlottenburg,Charlottenburg-Wilmersdorf,True,2026,2026-02-01,Apartment,False,58.4,975.39,1235.29,16.7,22,8.45,4
3187,Pankow,Pankow,False,2026,2026-07-10,Apartment,True,67.1,1225.12,1504.13,18.26,25,7.7,3
3188,Neukölln,Neukölln,True,2026,2026-05-22,Apartment,False,45.7,785.78,995.85,17.19,18,7.28,7
3189,Prenzlauer Berg,Pankow,True,2026,2026-05-21,Room,True,22.5,596.06,764.76,26.49,12,8.56,4
3190,Mitte,Mitte,True,2026,2026-06-27,Room,False,24.8,635.19,827.91,25.61,6,9.1,5
3191,Moabit,Mitte,True,2026,2026-07-26,Apartment,False,39.4,630.64,810.7,16.01,18,7.49,5
3192,Lichtenberg,Lichtenberg,False,2026,2026-08-06,Room,True,14.4,270.74,428.51,18.8,24,6.96,3
3193,Kreuzberg,Friedrichshain-Kreuzberg,True,2026,2026-05-25,Apartment,False,59.0,1253.53,1484.81,21.25,14,8.35,6
3194,Schöneberg,Tempelhof-Schöneberg,True,2026,2026-07-28,Room,True,26.2,657.6,839.94,25.1,19,8.03,4
3195,Schöneberg,Tempelhof-Schöneberg,True,2026,2026-02-17,Apartment,False,58.0,1057.03,1308.42,18.22,19,8.03,4
3196,Neukölln,Neukölln,True,2026,2026-07-04,Room,False,17.3,365.68,520.86,21.14,18,7.28,7
3197,Wedding,Mitte,True,2026,2026-05-28,Apartment,False,37.3,548.23,696.09,14.7,16,7.17,5
3198,Friedrichshain,Friedrichshain-Kreuzberg,True,2026,2026-07-24,Room,False,14.9,334.81,493.07,22.47,10,8.03,6
3199,Kreuzberg,Friedrichshain-Kreuzberg,True,2026,2026-05-15,Apartment,True,45.6,1118.73,1316.82,24.53,14,8.35,6
3200,Kreuzberg,Friedrichshain-Kreuzberg,True,2026,2026-08-04,Apartment,True,68.6,1639.05,1904.92,23.89,14,8.35,6
3201,Neukölln,Neukölln,True,2026,2026-06-26,Apartment,True,54.5,1279.72,1508.23,23.48,18,7.28,7
3202,Pankow,Pankow,False,2026,2026-07-21,Apartment,True,83.0,1330.43,1708.01,16.03,25,7.7,3
3203,Neukölln,Neukölln,True,2026,2026-07-19,Apartment,True,42.7,978.16,1164.45,22.91,18,7.28,7
3204,Kreuzberg,Friedrichshain-Kreuzberg,True,2026,2026-04-17,Apartment,False,58.4,1121.32,1392.61,19.2,14,8.35,6
3205,Steglitz,Steglitz-Zehlendorf,False,2026,2026-05-03,Apartment,False,82.7,1134.33,1470.83,13.72,32,7.92,3
3206,Mitte,Mitte,True,2026,2026-07-24,Apartment,False,45.4,966.57,1148.82,21.29,6,9.1,5
3207,Mitte,Mitte,True,2026,2026-07-06,Room,True,22.7,660.02,820.96,29.08,6,9.1,5
3208,Mitte,Mitte,True,2026,2026-03-11,Apartment,False,49.9,1002.61,1232.55,20.09,6,9.1,5
3209,Mitte,Mitte,True,2026,2026-04-20,Apartment,False,58.7,1340.4,1590.21,22.83,6,9.1,5
3210,Moabit,Mitte,True,2026,2026-08-04,Room,True,27.0,637.57,792.77,23.61,18,7.49,5
3211,Mitte,Mitte,True,2026,2026-08-05,Room,False,25.3,620.14,784.2,24.51,6,9.1,5
3212,Schöneberg,Tempelhof-Schöneberg,True,2026,2026-04-25,Apartment,False,82.3,1529.11,1862.79,18.58,19,8.03,4
3213,Neukölln,Neukölln,True,2026,2026-05-31,Room,False,22.2,414.75,604.39,18.68,18,7.28,7
3214,Steglitz,Steglitz-Zehlendorf,False,2026,2026-08-04,Apartment,False,72.4,1071.74,1393.0,14.8,32,7.92,3
3215,Pankow,Pankow,False,2026,2026-08-16,Apartment,True,80.7,1392.21,1752.62,17.25,25,7.7,3
3216,Charlottenburg,Charlottenburg-Wilmersdorf,True,2026,2026-04-17,Apartment,True,49.1,1162.32,1355.22,23.67,22,8.45,4
3217,Schöneberg,Tempelhof-Schöneberg,True,2026,2026-02-03,Room,True,24.4,613.66,778.81,25.15,19,8.03,4
3218,Friedrichshain,Friedrichshain-Kreuzberg,True,2026,2026-01-20,Room,False,23.9,557.82,742.07,23.34,10,8.03,6
3219,Lichtenberg,Lichtenberg,False,2026,2026-01-02,Apartment,True,65.8,1126.92,1391.85,17.13,24,6.96,3
3220,Steglitz,Steglitz-Zehlendorf,False,2026,2026-02-11,Room,False,20.1,333.27,522.63,16.58,32,7.92,3
3221,Kreuzberg,Friedrichshain-Kreuzberg,True,2026,2026-05-08,Apartment,False,83.6,1751.21,2091.78,20.95,14,8.35,6
3222,Neukölln,Neukölln,True,2026,2026-07-11,Room,False,22.9,443.88,624.06,19.38,18,7.28,7
3223,Wedding,Mitte,True,2026,2026-02-22,Apartment,True,60.7,1120.37,1403.76,18.46,16,7.17,5
3224,Moabit,Mitte,True,2026,2026-08-06,Apartment,False,59.2,958.93,1213.02,16.2,18,7.49,5
3225,Neukölln,Neukölln,True,2026,2026-06-28,Room,False,19.4,360.86,541.77,18.6,18,7.28,7
3226,Steglitz,Steglitz-Zehlendorf,False,2026,2026-06-03,Room,False,19.6,314.08,506.16,16.02,32,7.92,3
3227,Wedding,Mitte,True,2026,2026-04-20,Apartment,False,54.6,879.73,1103.16,16.11,16,7.17,5
3228,Lichtenberg,Lichtenberg,False,2026,2026-01-01,Room,True,24.9,485.56,657.93,19.5,24,6.96,3
3229,Pankow,Pankow,False,2026,2026-05-20,Apartment,False,45.1,691.91,865.35,15.34,25,7.7,3
3230,Mitte,Mitte,True,2026,2026-04-02,Apartment,True,39.2,992.6,1156.33,25.32,6,9.1,5
3231,Charlottenburg,Charlottenburg-Wilmersdorf,True,2026,2026-08-26,Apartment,False,55.3,963.55,1198.54,17.42,22,8.45,4
3232,Wedding,Mitte,True,2026,2026-02-14,Apartment,True,72.6,1352.05,1634.46,18.62,16,7.17,5
3233,Neukölln,Neukölln,True,2026,2026-07-27,Apartment,True,35.3,756.48,907.17,21.43,18,7.28,7
3234,Schöneberg,Tempelhof-Schöneberg,True,2026,2026-04-08,Apartment,False,49.6,815.6,1007.26,16.44,19,8.03,4
3235,Charlottenburg,Charlottenburg-Wilmersdorf,True,2026,2026-05-12,Room,True,16.5,380.29,531.38,23.05,22,8.45,4
3236,Pankow,Pankow,False,2026,2026-02-21,Apartment,False,35.2,539.82,699.98,15.34,25,7.7,3
3237,Wedding,Mitte,True,2026,2026-03-23,Room,False,20.0,351.69,510.19,17.58,16,7.17,5
3238,Moabit,Mitte,True,2026,2026-01-12,Apartment,False,57.6,1040.78,1280.82,18.07,18,7.49,5
3239,Pankow,Pankow,False,2026,2026-01-16,Room,False,16.2,258.8,435.73,15.98,25,7.7,3
3240,Kreuzberg,Friedrichshain-Kreuzberg,True,2026,2026-02-27,Room,False,24.2,543.57,724.68,22.46,14,8.35,6
3241,Mitte,Mitte,True,2026,2026-05-29,Apartment,False,48.9,985.47,1183.13,20.15,6,9.1,5
3242,Mitte,Mitte,True,2026,2026-08-11,Apartment,False,38.3,852.04,1018.14,22.25,6,9.1,5
3243,Pankow,Pankow,False,2026,2026-04-03,Apartment,True,48.6,958.73,1148.2,19.73,25,7.7,3
3244,Schöneberg,Tempelhof-Schöneberg,True,2026,2026-04-01,Apartment,False,49.9,956.57,1167.03,19.17,19,8.03,4
3245,Schöneberg,Tempelhof-Schöneberg,True,2026,2026-03-24,Apartment,False,84.4,1633.85,1955.65,19.36,19,8.03,4
3246,Moabit,Mitte,True,2026,2026-05-30,Apartment,False,63.7,1097.62,1390.6,17.23,18,7.49,5
3247,Lichtenberg,Lichtenberg,False,2026,2026-03-11,Apartment,True,67.9,1117.11,1412.83,16.45,24,6.96,3
3248,Kreuzberg,Friedrichshain-Kreuzberg,True,2026,2026-08-22,Apartment,False,37.2,716.26,860.63,19.25,14,8.35,6
3249,Wedding,Mitte,True,2026,2026-01-05,Apartment,False,51.6,764.38,999.54,14.81,16,7.17,5
3250,Moabit,Mitte,True,2026,2026-05-01,Room,True,14.6,316.38,494.3,21.67,18,7.49,5
