listing_id,district_name,borough,inside_ringbahn,property_type,is_furnished,size_sqm,cold_rent_eur,warm_rent_eur,effective_m2_cold,listing_date,hunting_difficulty_score,anmeldung_ease_score
1,Lichtenberg,Lichtenberg,False,Room,False,17.4,268.05,384.71,15.41,2026-06-15,2,4
2,Wedding,Mitte,True,Room,False,14.4,244.52,387.37,16.98,2025-06-14,3,3
3,Wedding,Mitte,True,Room,False,21.6,366.9,515.2,16.99,2026-07-20,3,3
4,Mitte,Mitte,True,Apartment,True,56.1,1450.03,1664.12,25.85,2025-07-23,5,4
5,Friedrichshain,Friedrichshain-Kreuzberg,True,Room,True,18.8,461.97,601.83,24.57,2025-08-03,5,3
6,Schöneberg,Tempelhof-Schöneberg,True,Room,True,22.8,592.58,715.08,25.99,2025-07-06,4,4
7,Mitte,Mitte,True,Apartment,False,84.3,1977.5,2309.62,23.46,2025-12-12,5,4
8,Neukölln,Neukölln,True,Apartment,False,43.1,747.5,907.15,17.34,2026-05-26,4,3
9,Lichtenberg,Lichtenberg,False,Apartment,False,43.6,641.29,776.28,14.71,2025-12-12,2,4
10,Neukölln,Neukölln,True,Apartment,False,62.8,1161.56,1407.2,18.5,2026-07-03,4,3
11,Mitte,Mitte,True,Room,True,18.4,500.71,672.0,27.21,2026-08-23,5,4
12,Steglitz,Steglitz-Zehlendorf,False,Room,False,19.5,348.98,488.81,17.9,2025-10-14,2,5
13,Kreuzberg,Friedrichshain-Kreuzberg,True,Room,False,17.7,404.67,573.03,22.86,2025-12-22,5,3
14,Charlottenburg,Charlottenburg-Wilmersdorf,True,Room,False,21.1,405.02,518.08,19.2,2025-07-27,4,4
15,Kreuzberg,Friedrichshain-Kreuzberg,True,Apartment,False,56.1,1036.03,1224.41,18.47,2026-01-26,5,3
16,Wedding,Mitte,True,Room,False,27.2,501.88,619.33,18.45,2026-08-28,3,3
17,Wedding,Mitte,True,Apartment,False,52.0,773.56,934.23,14.88,2025-06-02,3,3
18,Steglitz,Steglitz-Zehlendorf,False,Apartment,True,60.0,1073.28,1309.96,17.89,2025-10-31,2,5
19,Lichtenberg,Lichtenberg,False,Apartment,True,53.7,947.8,1162.97,17.65,2025-06-01,2,4
20,Pankow,Pankow,False,Room,True,27.0,610.27,740.26,22.6,2025-06-30,3,4
21,Prenzlauer Berg,Pankow,True,Apartment,False,39.3,807.51,924.74,20.55,2026-06-25,5,4
22,Wedding,Mitte,True,Apartment,True,58.8,1141.24,1373.32,19.41,2026-01-03,3,3
23,Prenzlauer Berg,Pankow,True,Apartment,False,69.5,1491.77,1726.6,21.46,2026-05-10,5,4
24,Lichtenberg,Lichtenberg,False,Room,False,20.3,319.18,433.34,15.72,2025-06-11,2,4
25,Pankow,Pankow,False,Apartment,False,35.4,544.9,650.06,15.39,2025-07-05,3,4
26,Mitte,Mitte,True,Apartment,True,46.9,1309.26,1452.72,27.92,2026-08-26,5,4
27,Pankow,Pankow,False,Apartment,True,58.6,1033.12,1249.4,17.63,2025-11-29,3,4
28,Schöneberg,Tempelhof-Schöneberg,True,Room,False,14.8,311.74,463.74,21.06,2025-07-02,4,4
29,Schöneberg,Tempelhof-Schöneberg,True,Apartment,False,40.5,690.85,834.36,17.06,2025-08-11,4,4
30,Schöneberg,Tempelhof-Schöneberg,True,Room,False,26.2,496.53,659.05,18.95,2026-08-13,4,4
31,Wedding,Mitte,True,Room,False,21.6,352.75,468.81,16.33,2026-06-21,3,3
32,Prenzlauer Berg,Pankow,True,Room,False,17.0,382.89,496.7,22.52,2025-12-12,5,4
33,Mitte,Mitte,True,Apartment,True,74.2,2037.76,2338.18,27.46,2026-07-07,5,4
34,Wedding,Mitte,True,Apartment,False,44.5,651.74,783.91,14.65,2026-06-12,3,3
35,Wedding,Mitte,True,Room,True,14.7,325.02,469.54,22.11,2025-06-30,3,3
36,Wedding,Mitte,True,Room,True,22.3,482.44,600.23,21.63,2026-08-30,3,3
37,Pankow,Pankow,False,Room,False,22.7,384.15,532.09,16.92,2026-02-23,3,4
38,Charlottenburg,Charlottenburg-Wilmersdorf,True,Apartment,True,70.8,1553.16,1815.55,21.94,2025-11-01,4,4
39,Moabit,Mitte,True,Room,False,15.0,285.71,460.61,19.05,2025-07-22,4,3
40,Friedrichshain,Friedrichshain-Kreuzberg,True,Apartment,False,41.6,802.93,927.0,19.3,2025-10-04,5,3
41,Charlottenburg,Charlottenburg-Wilmersdorf,True,Room,False,21.6,431.49,605.44,19.98,2026-07-19,4,4
42,Lichtenberg,Lichtenberg,False,Apartment,False,62.7,957.28,1146.9,15.27,2026-08-24,2,4
43,Kreuzberg,Friedrichshain-Kreuzberg,True,Room,False,24.4,515.82,644.13,21.14,2025-09-16,5,3
44,Steglitz,Steglitz-Zehlendorf,False,Room,False,25.9,432.04,558.36,16.68,2026-08-08,2,5
45,Mitte,Mitte,True,Room,False,17.9,395.51,555.63,22.1,2026-04-23,5,4
46,Neukölln,Neukölln,True,Room,False,23.9,488.02,605.29,20.42,2026-08-27,4,3
47,Steglitz,Steglitz-Zehlendorf,False,Apartment,False,76.7,1113.0,1349.06,14.51,2025-08-05,2,5
48,Mitte,Mitte,True,Room,False,25.1,647.54,815.97,25.8,2025-09-16,5,4
49,Lichtenberg,Lichtenberg,False,Room,True,24.9,521.49,671.83,20.94,2025-08-19,2,4
50,Prenzlauer Berg,Pankow,True,Apartment,False,75.5,1671.94,1893.14,22.14,2026-06-13,5,4
51,Charlottenburg,Charlottenburg-Wilmersdorf,True,Apartment,False,68.5,1315.63,1534.68,19.21,2025-08-21,4,4
52,Steglitz,Steglitz-Zehlendorf,False,Room,False,26.0,411.86,574.94,15.84,2026-01-22,2,5
53,Charlottenburg,Charlottenburg-Wilmersdorf,True,Room,False,17.2,325.89,448.44,18.95,2025-11-16,4,4
54,Neukölln,Neukölln,True,Apartment,False,49.0,898.91,1064.51,18.35,2026-08-06,4,3
55,Wedding,Mitte,True,Room,True,26.3,543.82,717.75,20.68,2025-06-20,3,3
56,Friedrichshain,Friedrichshain-Kreuzberg,True,Apartment,True,74.3,1966.73,2192.51,26.47,2026-03-23,5,3
57,Prenzlauer Berg,Pankow,True,Room,False,14.0,345.32,490.32,24.67,2026-06-04,5,4
58,Steglitz,Steglitz-Zehlendorf,False,Apartment,True,56.6,1176.72,1383.18,20.79,2026-05-06,2,5
59,Friedrichshain,Friedrichshain-Kreuzberg,True,Apartment,True,50.5,1243.22,1407.59,24.62,2025-08-05,5,3
60,Prenzlauer Berg,Pankow,True,Room,False,23.5,577.46,727.47,24.57,2025-11-02,5,4
61,Schöneberg,Tempelhof-Schöneberg,True,Apartment,True,49.3,1136.14,1317.84,23.05,2026-01-25,4,4
62,Moabit,Mitte,True,Room,True,20.6,520.83,641.86,25.28,2025-07-14,4,3
63,Neukölln,Neukölln,True,Apartment,False,51.8,982.36,1179.27,18.96,2026-05-11,4,3
64,Neukölln,Neukölln,True,Room,True,14.3,330.18,495.41,23.09,2025-07-08,4,3
65,Moabit,Mitte,True,Room,False,16.7,331.69,473.82,19.86,2025-10-03,4,3
66,Kreuzberg,Friedrichshain-Kreuzberg,True,Apartment,True,72.5,1874.74,2121.98,25.86,2025-08-30,5,3
67,Steglitz,Steglitz-Zehlendorf,False,Apartment,True,47.5,919.17,1102.6,19.35,2026-05-08,2,5
68,Wedding,Mitte,True,Apartment,False,82.5,1377.25,1677.15,16.69,2026-06-04,3,3
69,Wedding,Mitte,True,Room,False,20.2,339.18,505.18,16.79,2026-01-17,3,3
70,Neukölln,Neukölln,True,Apartment,False,48.9,920.39,1090.64,18.82,2025-10-01,4,3
71,Neukölln,Neukölln,True,Room,False,17.3,339.24,507.29,19.61,2025-07-12,4,3
72,Kreuzberg,Friedrichshain-Kreuzberg,True,Room,True,16.1,410.03,541.54,25.47,2026-01-25,5,3
73,Schöneberg,Tempelhof-Schöneberg,True,Room,False,19.5,419.03,590.52,21.49,2025-06-11,4,4
74,Pankow,Pankow,False,Room,True,18.9,418.99,590.96,22.17,2026-01-01,3,4
75,Wedding,Mitte,True,Apartment,False,65.2,955.47,1161.72,14.65,2026-01-10,3,3
76,Moabit,Mitte,True,Room,True,23.5,517.08,657.46,22.0,2025-08-05,4,3
77,Pankow,Pankow,False,Apartment,False,64.6,985.97,1179.82,15.26,2026-01-06,3,4
78,Kreuzberg,Friedrichshain-Kreuzberg,True,Apartment,True,48.0,1187.79,1346.43,24.75,2026-08-25,5,3
79,Schöneberg,Tempelhof-Schöneberg,True,Room,False,19.9,432.36,572.93,21.73,2026-06-19,4,4
80,Wedding,Mitte,True,Room,False,17.1,282.19,454.41,16.5,2025-06-21,3,3
81,Mitte,Mitte,True,Apartment,True,36.0,896.73,1030.05,24.91,2026-03-16,5,4
82,Prenzlauer Berg,Pankow,True,Apartment,True,53.4,1510.07,1710.96,28.28,2026-07-04,5,4
83,Kreuzberg,Friedrichshain-Kreuzberg,True,Apartment,True,36.3,919.04,1066.05,25.32,2025-12-21,5,3
84,Steglitz,Steglitz-Zehlendorf,False,Room,False,25.6,407.07,562.39,15.9,2025-11-02,2,5
85,Lichtenberg,Lichtenberg,False,Apartment,True,84.2,1566.2,1853.66,18.6,2025-12-07,2,4
86,Friedrichshain,Friedrichshain-Kreuzberg,True,Apartment,True,77.5,1992.62,2306.72,25.71,2026-04-22,5,3
87,Moabit,Mitte,True,Apartment,False,71.7,1316.85,1548.02,18.37,2026-07-19,4,3
88,Wedding,Mitte,True,Apartment,False,76.3,1204.4,1455.18,15.79,2025-10-04,3,3
89,Friedrichshain,Friedrichshain-Kreuzberg,True,Room,False,24.5,551.17,704.6,22.5,2025-11-20,5,3
90,Mitte,Mitte,True,Apartment,True,59.4,1567.72,1759.91,26.39,2026-04-02,5,4
91,Steglitz,Steglitz-Zehlendorf,False,Apartment,False,60.8,815.63,1009.56,13.41,2025-12-26,2,5
92,Moabit,Mitte,True,Apartment,True,58.8,1306.14,1477.88,22.21,2025-10-29,4,3
93,Prenzlauer Berg,Pankow,True,Room,True,23.3,628.87,761.21,26.99,2026-06-17,5,4
94,Wedding,Mitte,True,Room,False,17.8,304.11,421.95,17.08,2025-09-07,3,3
95,Charlottenburg,Charlottenburg-Wilmersdorf,True,Room,False,24.7,482.72,606.79,19.54,2026-02-03,4,4
96,Neukölln,Neukölln,True,Apartment,False,61.2,1045.94,1230.8,17.09,2025-09-08,4,3
97,Neukölln,Neukölln,True,Room,True,14.2,339.79,513.12,23.93,2026-03-11,4,3
98,Neukölln,Neukölln,True,Apartment,True,78.4,1859.19,2140.56,23.71,2026-01-27,4,3
99,Moabit,Mitte,True,Room,True,14.7,364.44,527.88,24.79,2025-12-23,4,3
100,Moabit,Mitte,True,Room,False,14.8,266.26,412.84,17.99,2025-11-03,4,3
101,Friedrichshain,Friedrichshain-Kreuzberg,True,Apartment,True,73.2,1959.85,2191.95,26.77,2026-02-23,5,3
102,Schöneberg,Tempelhof-Schöneberg,True,Apartment,False,78.0,1552.24,1807.02,19.9,2026-04-14,4,4
103,Mitte,Mitte,True,Apartment,False,82.4,1703.5,1963.33,20.67,2026-05-05,5,4
104,Friedrichshain,Friedrichshain-Kreuzberg,True,Room,True,15.1,365.43,514.03,24.2,2025-10-28,5,3
105,Mitte,Mitte,True,Room,False,23.8,572.19,726.87,24.04,2025-10-14,5,4
106,Lichtenberg,Lichtenberg,False,Apartment,False,44.9,584.27,726.59,13.01,2025-08-16,2,4
107,Neukölln,Neukölln,True,Apartment,True,43.3,976.05,1131.2,22.54,2025-10-26,4,3
108,Moabit,Mitte,True,Room,False,23.8,492.75,635.28,20.7,2026-02-08,4,3
109,Moabit,Mitte,True,Room,True,20.0,436.7,552.64,21.84,2026-05-12,4,3
110,Pankow,Pankow,False,Apartment,True,73.2,1480.51,1759.82,20.23,2025-08-29,3,4
111,Moabit,Mitte,True,Apartment,False,48.9,903.18,1070.57,18.47,2026-07-22,4,3
112,Moabit,Mitte,True,Apartment,False,55.4,899.67,1067.28,16.24,2025-08-22,4,3
113,Charlottenburg,Charlottenburg-Wilmersdorf,True,Room,False,23.3,473.87,633.3,20.34,2025-06-19,4,4
114,Moabit,Mitte,True,Room,True,15.6,388.14,551.76,24.88,2025-06-01,4,3
115,Lichtenberg,Lichtenberg,False,Apartment,False,37.7,532.58,670.08,14.13,2026-02-11,2,4
116,Lichtenberg,Lichtenberg,False,Room,True,17.7,320.91,488.17,18.13,2026-02-04,2,4
117,Friedrichshain,Friedrichshain-Kreuzberg,True,Room,False,25.2,580.88,711.08,23.05,2025-06-08,5,3
118,Wedding,Mitte,True,Room,True,25.8,534.54,686.64,20.72,2025-08-18,3,3
119,Moabit,Mitte,True,Apartment,True,70.3,1480.46,1724.17,21.06,2026-01-20,4,3
120,Wedding,Mitte,True,Room,True,22.4,486.43,600.97,21.72,2026-07-01,3,3
121,Schöneberg,Tempelhof-Schöneberg,True,Room,False,17.7,330.73,487.92,18.69,2026-08-03,4,4
122,Pankow,Pankow,False,Apartment,False,78.3,1145.92,1418.5,14.63,2025-11-18,3,4
123,Wedding,Mitte,True,Apartment,True,81.6,1827.78,2087.8,22.4,2025-12-14,3,3
124,Prenzlauer Berg,Pankow,True,Apartment,False,50.9,1043.19,1246.59,20.49,2025-12-13,5,4
125,Schöneberg,Tempelhof-Schöneberg,True,Apartment,False,67.6,1143.62,1417.93,16.92,2025-08-04,4,4
126,Wedding,Mitte,True,Apartment,True,40.0,804.44,964.14,20.11,2025-06-08,3,3
127,Steglitz,Steglitz-Zehlendorf,False,Room,False,27.6,425.1,585.9,15.4,2025-10-14,2,5
128,Charlottenburg,Charlottenburg-Wilmersdorf,True,Apartment,True,39.0,900.36,1038.43,23.09,2025-11-10,4,4
129,Lichtenberg,Lichtenberg,False,Apartment,False,78.6,1005.69,1240.08,12.8,2026-04-20,2,4
130,Lichtenberg,Lichtenberg,False,Apartment,False,72.3,1004.52,1222.73,13.89,2026-04-21,2,4
131,Steglitz,Steglitz-Zehlendorf,False,Apartment,False,69.7,1074.05,1280.03,15.41,2026-07-13,2,5
132,Mitte,Mitte,True,Room,True,16.0,470.56,632.07,29.41,2025-08-27,5,4
133,Kreuzberg,Friedrichshain-Kreuzberg,True,Room,False,22.7,487.66,656.99,21.48,2025-08-13,5,3
134,Prenzlauer Berg,Pankow,True,Apartment,True,47.8,1175.59,1365.9,24.59,2026-05-13,5,4
135,Wedding,Mitte,True,Room,False,18.8,341.33,492.86,18.16,2026-01-04,3,3
136,Steglitz,Steglitz-Zehlendorf,False,Room,False,16.8,274.22,415.63,16.32,2025-09-30,2,5
137,Schöneberg,Tempelhof-Schöneberg,True,Apartment,False,84.6,1474.33,1818.95,17.43,2026-05-04,4,4
138,Schöneberg,Tempelhof-Schöneberg,True,Room,False,23.6,504.97,618.16,21.4,2026-04-07,4,4
139,Steglitz,Steglitz-Zehlendorf,False,Apartment,False,49.3,745.26,924.14,15.12,2025-11-28,2,5
140,Prenzlauer Berg,Pankow,True,Apartment,False,68.9,1481.11,1735.42,21.5,2026-08-04,5,4
141,Kreuzberg,Friedrichshain-Kreuzberg,True,Apartment,False,67.3,1308.27,1539.04,19.44,2026-03-24,5,3
142,Charlottenburg,Charlottenburg-Wilmersdorf,True,Apartment,True,49.8,1175.69,1328.01,23.61,2026-03-04,4,4
143,Charlottenburg,Charlottenburg-Wilmersdorf,True,Apartment,False,76.5,1337.61,1635.17,17.49,2026-02-02,4,4
144,Neukölln,Neukölln,True,Apartment,True,40.8,970.03,1135.67,23.78,2026-08-15,4,3
145,Lichtenberg,Lichtenberg,False,Apartment,False,83.4,1244.05,1522.52,14.92,2026-07-10,2,4
146,Schöneberg,Tempelhof-Schöneberg,True,Room,False,20.4,431.14,584.84,21.13,2026-03-27,4,4
147,Schöneberg,Tempelhof-Schöneberg,True,Apartment,False,40.4,695.22,813.59,17.21,2026-08-27,4,4
148,Wedding,Mitte,True,Room,False,23.1,422.92,563.1,18.31,2026-05-25,3,3
149,Neukölln,Neukölln,True,Apartment,True,37.3,816.9,930.27,21.9,2025-09-29,4,3
150,Wedding,Mitte,True,Room,False,23.4,436.45,607.94,18.65,2026-01-01,3,3
151,Pankow,Pankow,False,Apartment,True,55.7,966.55,1155.36,17.35,2025-10-22,3,4
152,Mitte,Mitte,True,Apartment,True,57.2,1492.1,1725.31,26.09,2025-12-06,5,4
153,Wedding,Mitte,True,Apartment,False,38.0,563.26,717.61,14.82,2026-08-09,3,3
154,Moabit,Mitte,True,Room,True,23.0,552.61,684.29,24.03,2025-08-04,4,3
155,Pankow,Pankow,False,Room,False,21.8,380.07,542.92,17.43,2025-09-28,3,4
156,Charlottenburg,Charlottenburg-Wilmersdorf,True,Apartment,False,64.8,1137.77,1402.21,17.56,2025-08-06,4,4
157,Wedding,Mitte,True,Room,True,23.3,439.1,600.45,18.85,2025-09-30,3,3
158,Pankow,Pankow,False,Room,True,14.7,316.61,475.08,21.54,2026-01-30,3,4
159,Moabit,Mitte,True,Apartment,False,40.5,682.13,845.53,16.84,2025-06-23,4,3
160,Steglitz,Steglitz-Zehlendorf,False,Apartment,False,61.1,865.33,1113.2,14.16,2025-07-02,2,5
161,Moabit,Mitte,True,Apartment,False,40.4,708.25,846.91,17.53,2025-07-12,4,3
162,Charlottenburg,Charlottenburg-Wilmersdorf,True,Apartment,True,48.8,1178.84,1339.4,24.16,2026-04-02,4,4
163,Wedding,Mitte,True,Room,False,20.0,376.22,493.66,18.81,2026-05-02,3,3
164,Lichtenberg,Lichtenberg,False,Apartment,False,78.3,1087.04,1397.56,13.88,2025-12-29,2,4
165,Charlottenburg,Charlottenburg-Wilmersdorf,True,Apartment,True,71.5,1576.67,1805.89,22.05,2025-08-18,4,4
166,Lichtenberg,Lichtenberg,False,Apartment,True,76.6,1205.04,1495.09,15.73,2026-07-21,2,4
167,Kreuzberg,Friedrichshain-Kreuzberg,True,Apartment,False,63.1,1231.8,1424.05,19.52,2025-11-29,5,3
168,Lichtenberg,Lichtenberg,False,Apartment,False,80.8,1037.31,1299.52,12.84,2025-11-07,2,4
169,Charlottenburg,Charlottenburg-Wilmersdorf,True,Room,False,16.2,334.36,499.43,20.64,2025-11-27,4,4
170,Wedding,Mitte,True,Room,False,22.0,414.83,579.77,18.86,2026-06-28,3,3
171,Pankow,Pankow,False,Apartment,False,36.3,582.05,723.45,16.03,2025-10-15,3,4
172,Mitte,Mitte,True,Room,False,18.3,430.93,541.33,23.55,2026-08-20,5,4
173,Kreuzberg,Friedrichshain-Kreuzberg,True,Apartment,False,42.1,872.45,996.09,20.72,2026-06-18,5,3
174,Wedding,Mitte,True,Room,False,18.8,328.3,485.2,17.46,2026-07-03,3,3
175,Pankow,Pankow,False,Apartment,False,42.8,664.59,791.27,15.53,2025-07-12,3,4
176,Neukölln,Neukölln,True,Room,False,22.5,447.55,571.56,19.89,2026-02-18,4,3
177,Friedrichshain,Friedrichshain-Kreuzberg,True,Room,True,23.5,638.43,768.48,27.17,2025-09-21,5,3
178,Schöneberg,Tempelhof-Schöneberg,True,Apartment,True,45.2,1173.48,1346.01,25.96,2025-10-27,4,4
179,Charlottenburg,Charlottenburg-Wilmersdorf,True,Room,False,20.0,386.73,531.35,19.34,2025-09-26,4,4
180,Wedding,Mitte,True,Apartment,False,52.7,800.57,1000.33,15.19,2026-01-10,3,3
181,Mitte,Mitte,True,Apartment,True,50.7,1382.23,1568.21,27.26,2025-10-27,5,4
182,Friedrichshain,Friedrichshain-Kreuzberg,True,Room,False,16.4,393.48,533.39,23.99,2026-05-20,5,3
183,Charlottenburg,Charlottenburg-Wilmersdorf,True,Room,False,17.4,365.97,510.03,21.03,2025-12-20,4,4
184,Neukölln,Neukölln,True,Apartment,True,74.0,1568.46,1830.18,21.2,2025-09-08,4,3
185,Charlottenburg,Charlottenburg-Wilmersdorf,True,Room,False,23.0,446.31,562.99,19.4,2025-10-10,4,4
186,Prenzlauer Berg,Pankow,True,Room,True,24.6,649.11,799.93,26.39,2026-01-24,5,4
187,Pankow,Pankow,False,Apartment,False,81.2,1216.13,1513.51,14.98,2026-04-16,3,4
188,Charlottenburg,Charlottenburg-Wilmersdorf,True,Apartment,False,42.5,714.25,860.05,16.81,2025-11-03,4,4
189,Neukölln,Neukölln,True,Apartment,True,38.7,826.6,955.95,21.36,2025-10-25,4,3
190,Friedrichshain,Friedrichshain-Kreuzberg,True,Apartment,False,39.5,800.15,932.92,20.26,2026-03-25,5,3
191,Wedding,Mitte,True,Apartment,False,37.1,621.33,754.37,16.75,2025-09-05,3,3
192,Charlottenburg,Charlottenburg-Wilmersdorf,True,Apartment,False,82.9,1507.28,1828.36,18.18,2026-08-03,4,4
193,Charlottenburg,Charlottenburg-Wilmersdorf,True,Apartment,True,67.3,1468.07,1743.27,21.81,2026-02-24,4,4
194,Wedding,Mitte,True,Apartment,True,80.9,1614.39,1914.91,19.96,2025-06-27,3,3
195,Lichtenberg,Lichtenberg,False,Apartment,True,39.7,718.69,868.3,18.1,2026-05-03,2,4
196,Pankow,Pankow,False,Apartment,True,64.1,1103.91,1364.24,17.22,2026-05-24,3,4
197,Lichtenberg,Lichtenberg,False,Room,False,27.1,431.01,565.49,15.9,2026-07-11,2,4
198,Charlottenburg,Charlottenburg-Wilmersdorf,True,Apartment,False,76.4,1468.38,1752.78,19.22,2026-02-25,4,4
199,Friedrichshain,Friedrichshain-Kreuzberg,True,Apartment,False,53.1,1027.7,1193.18,19.35,2025-09-18,5,3
200,Charlottenburg,Charlottenburg-Wilmersdorf,True,Apartment,False,46.3,789.66,928.22,17.06,2026-08-07,4,4
201,Friedrichshain,Friedrichshain-Kreuzberg,True,Apartment,False,71.9,1437.53,1703.15,19.99,2026-08-23,5,3
202,Pankow,Pankow,False,Room,True,16.3,363.71,526.3,22.31,2025-08-24,3,4
203,Steglitz,Steglitz-Zehlendorf,False,Room,False,23.5,373.31,512.18,15.89,2025-10-24,2,5
204,Steglitz,Steglitz-Zehlendorf,False,Apartment,True,47.0,965.09,1152.37,20.53,2025-09-08,2,5
205,Charlottenburg,Charlottenburg-Wilmersdorf,True,Apartment,False,57.0,1101.81,1320.33,19.33,2026-02-13,4,4
206,Wedding,Mitte,True,Room,True,16.8,378.53,491.92,22.53,2026-02-02,3,3
207,Charlottenburg,Charlottenburg-Wilmersdorf,True,Apartment,True,77.3,1885.2,2180.16,24.39,2025-10-18,4,4
208,Moabit,Mitte,True,Apartment,True,56.9,1284.43,1480.24,22.57,2025-11-26,4,3
209,Mitte,Mitte,True,Room,True,19.2,528.08,652.68,27.5,2025-11-11,5,4
210,Friedrichshain,Friedrichshain-Kreuzberg,True,Apartment,False,74.6,1378.36,1620.38,18.48,2026-07-30,5,3
211,Moabit,Mitte,True,Apartment,True,70.3,1406.39,1616.94,20.01,2025-10-10,4,3
212,Prenzlauer Berg,Pankow,True,Apartment,False,71.4,1479.14,1695.73,20.72,2025-10-26,5,4
213,Prenzlauer Berg,Pankow,True,Room,True,19.9,574.11,691.32,28.85,2026-02-11,5,4
214,Pankow,Pankow,False,Apartment,False,63.8,984.04,1191.36,15.42,2025-06-01,3,4
215,Pankow,Pankow,False,Room,False,16.6,293.57,437.6,17.68,2025-12-02,3,4
216,Friedrichshain,Friedrichshain-Kreuzberg,True,Apartment,False,74.3,1480.04,1697.32,19.92,2026-08-22,5,3
217,Moabit,Mitte,True,Room,True,19.2,456.13,570.52,23.76,2025-10-02,4,3
218,Steglitz,Steglitz-Zehlendorf,False,Apartment,True,64.1,1172.94,1385.93,18.3,2025-11-21,2,5
219,Lichtenberg,Lichtenberg,False,Room,False,20.5,349.24,500.3,17.04,2026-07-21,2,4
220,Kreuzberg,Friedrichshain-Kreuzberg,True,Room,False,20.4,442.56,555.41,21.69,2025-09-11,5,3
221,Mitte,Mitte,True,Room,True,19.6,600.84,713.22,30.66,2026-04-28,5,4
222,Prenzlauer Berg,Pankow,True,Room,False,14.7,346.38,474.14,23.56,2026-07-15,5,4
223,Charlottenburg,Charlottenburg-Wilmersdorf,True,Room,False,20.2,452.27,584.31,22.39,2025-09-04,4,4
224,Moabit,Mitte,True,Apartment,True,74.9,1458.39,1713.75,19.47,2026-01-07,4,3
225,Pankow,Pankow,False,Apartment,True,49.7,846.68,1008.44,17.04,2026-01-15,3,4
226,Pankow,Pankow,False,Apartment,True,57.2,1095.94,1324.39,19.16,2026-04-11,3,4
227,Schöneberg,Tempelhof-Schöneberg,True,Room,False,27.3,517.34,668.78,18.95,2025-12-04,4,4
228,Wedding,Mitte,True,Apartment,False,82.6,1190.93,1490.69,14.42,2026-07-06,3,3
229,Moabit,Mitte,True,Room,True,24.9,554.27,701.14,22.26,2026-04-06,4,3
230,Kreuzberg,Friedrichshain-Kreuzberg,True,Apartment,False,53.6,1138.35,1330.7,21.24,2026-02-27,5,3
231,Charlottenburg,Charlottenburg-Wilmersdorf,True,Room,False,17.5,337.38,495.2,19.28,2026-02-11,4,4
232,Wedding,Mitte,True,Room,False,17.7,302.91,441.92,17.11,2026-04-10,3,3
233,Neukölln,Neukölln,True,Apartment,False,45.0,745.88,880.38,16.58,2025-08-28,4,3
234,Steglitz,Steglitz-Zehlendorf,False,Room,True,23.5,491.39,623.97,20.91,2025-07-04,2,5
235,Wedding,Mitte,True,Apartment,False,77.6,1253.08,1564.47,16.15,2026-04-23,3,3
236,Kreuzberg,Friedrichshain-Kreuzberg,True,Apartment,False,41.1,781.39,907.43,19.01,2026-07-10,5,3
237,Moabit,Mitte,True,Room,False,19.2,388.39,534.25,20.23,2026-04-10,4,3
238,Friedrichshain,Friedrichshain-Kreuzberg,True,Room,True,24.0,632.76,769.37,26.36,2026-03-22,5,3
239,Friedrichshain,Friedrichshain-Kreuzberg,True,Room,True,15.0,398.1,516.44,26.54,2026-07-30,5,3
240,Wedding,Mitte,True,Apartment,True,83.3,1703.4,1950.51,20.45,2025-08-03,3,3
241,Wedding,Mitte,True,Room,True,18.5,406.39,577.55,21.97,2025-10-24,3,3
242,Friedrichshain,Friedrichshain-Kreuzberg,True,Room,False,21.7,449.96,579.64,20.74,2026-03-01,5,3
243,Friedrichshain,Friedrichshain-Kreuzberg,True,Apartment,True,82.1,1977.11,2286.2,24.08,2026-04-06,5,3
244,Charlottenburg,Charlottenburg-Wilmersdorf,True,Apartment,False,76.3,1271.32,1496.75,16.66,2026-04-25,4,4
245,Pankow,Pankow,False,Room,True,22.0,444.71,612.49,20.21,2026-03-07,3,4
246,Neukölln,Neukölln,True,Apartment,True,47.2,1126.37,1288.94,23.86,2026-05-19,4,3
247,Mitte,Mitte,True,Room,False,20.5,482.77,602.11,23.55,2026-08-16,5,4
248,Steglitz,Steglitz-Zehlendorf,False,Room,False,18.8,307.65,467.09,16.36,2026-02-19,2,5
249,Wedding,Mitte,True,Room,True,15.7,323.79,437.08,20.62,2025-12-14,3,3
250,Pankow,Pankow,False,Room,False,26.6,482.24,652.93,18.13,2026-06-05,3,4
251,Charlottenburg,Charlottenburg-Wilmersdorf,True,Room,True,27.9,710.87,853.2,25.48,2025-07-17,4,4
252,Schöneberg,Tempelhof-Schöneberg,True,Apartment,False,45.8,807.56,943.16,17.63,2026-02-09,4,4
253,Pankow,Pankow,False,Apartment,False,58.5,871.44,1100.56,14.9,2026-01-07,3,4
254,Kreuzberg,Friedrichshain-Kreuzberg,True,Apartment,False,73.2,1439.49,1686.96,19.67,2026-03-19,5,3
255,Wedding,Mitte,True,Room,False,15.0,268.36,428.05,17.89,2025-10-22,3,3
256,Pankow,Pankow,False,Apartment,True,83.8,1601.05,1878.17,19.11,2025-12-05,3,4
257,Kreuzberg,Friedrichshain-Kreuzberg,True,Room,False,21.0,434.65,553.56,20.7,2025-11-18,5,3
258,Moabit,Mitte,True,Apartment,True,79.7,1670.09,1931.68,20.95,2025-12-19,4,3
259,Pankow,Pankow,False,Apartment,True,51.8,1043.64,1237.92,20.15,2025-11-01,3,4
260,Moabit,Mitte,True,Apartment,True,68.7,1628.78,1893.69,23.71,2026-06-07,4,3
261,Steglitz,Steglitz-Zehlendorf,False,Apartment,False,48.3,710.77,907.18,14.72,2026-03-24,2,5
262,Pankow,Pankow,False,Room,True,20.7,436.24,596.59,21.07,2025-12-12,3,4
263,Kreuzberg,Friedrichshain-Kreuzberg,True,Apartment,True,63.6,1640.17,1858.27,25.79,2026-01-01,5,3
264,Kreuzberg,Friedrichshain-Kreuzberg,True,Room,True,21.0,577.49,742.63,27.5,2026-06-08,5,3
265,Mitte,Mitte,True,Apartment,False,63.0,1516.53,1735.39,24.07,2025-12-10,5,4
266,Charlottenburg,Charlottenburg-Wilmersdorf,True,Apartment,False,61.7,1143.09,1372.06,18.53,2026-08-19,4,4
267,Steglitz,Steglitz-Zehlendorf,False,Apartment,False,48.2,686.16,881.31,14.24,2025-10-21,2,5
268,Wedding,Mitte,True,Room,False,27.8,521.0,676.82,18.74,2026-05-20,3,3
269,Steglitz,Steglitz-Zehlendorf,False,Apartment,False,63.0,976.28,1213.54,15.5,2025-10-26,2,5
270,Friedrichshain,Friedrichshain-Kreuzberg,True,Apartment,False,79.8,1554.4,1818.87,19.48,2026-07-01,5,3
271,Kreuzberg,Friedrichshain-Kreuzberg,True,Room,True,24.0,627.87,754.54,26.16,2026-02-01,5,3
272,Prenzlauer Berg,Pankow,True,Room,False,27.1,643.04,761.96,23.73,2026-04-12,5,4
273,Steglitz,Steglitz-Zehlendorf,False,Apartment,True,68.5,1275.13,1478.09,18.62,2025-12-29,2,5
274,Charlottenburg,Charlottenburg-Wilmersdorf,True,Apartment,True,73.5,1562.83,1857.93,21.26,2025-12-26,4,4
275,Lichtenberg,Lichtenberg,False,Apartment,False,58.9,780.22,1019.16,13.25,2025-11-12,2,4
276,Neukölln,Neukölln,True,Apartment,False,39.5,715.32,855.24,18.11,2026-06-06,4,3
277,Mitte,Mitte,True,Apartment,True,79.1,2173.34,2497.38,27.48,2025-12-21,5,4
278,Moabit,Mitte,True,Room,False,26.2,483.91,596.35,18.47,2025-10-31,4,3
279,Pankow,Pankow,False,Apartment,False,51.8,759.26,949.34,14.66,2026-02-24,3,4
280,Moabit,Mitte,True,Apartment,True,60.2,1279.09,1477.56,21.25,2026-06-10,4,3
281,Moabit,Mitte,True,Apartment,False,35.7,581.64,697.81,16.29,2026-05-12,4,3
282,Prenzlauer Berg,Pankow,True,Room,False,26.6,645.4,788.89,24.26,2025-07-15,5,4
283,Schöneberg,Tempelhof-Schöneberg,True,Apartment,True,42.0,910.8,1045.74,21.69,2025-09-29,4,4
284,Moabit,Mitte,True,Apartment,False,50.1,880.03,1026.01,17.57,2026-05-01,4,3
285,Charlottenburg,Charlottenburg-Wilmersdorf,True,Apartment,True,40.9,910.91,1054.18,22.27,2026-08-29,4,4
286,Steglitz,Steglitz-Zehlendorf,False,Apartment,False,66.9,1037.87,1261.39,15.51,2025-09-22,2,5
287,Prenzlauer Berg,Pankow,True,Apartment,False,57.7,1302.8,1496.0,22.58,2026-05-26,5,4
288,Wedding,Mitte,True,Apartment,False,75.1,1238.69,1525.14,16.49,2026-05-15,3,3
289,Pankow,Pankow,False,Apartment,True,57.3,1067.92,1272.88,18.64,2025-07-02,3,4
290,Wedding,Mitte,True,Apartment,True,61.8,1188.88,1400.87,19.24,2026-05-15,3,3
291,Prenzlauer Berg,Pankow,True,Apartment,False,79.9,1628.66,1865.7,20.38,2025-08-07,5,4
292,Wedding,Mitte,True,Room,False,21.8,401.72,531.75,18.43,2025-06-12,3,3
293,Schöneberg,Tempelhof-Schöneberg,True,Room,True,17.1,386.24,541.77,22.59,2026-03-05,4,4
294,Mitte,Mitte,True,Apartment,True,81.7,2052.4,2364.72,25.12,2026-06-28,5,4
295,Lichtenberg,Lichtenberg,False,Apartment,False,56.0,864.43,1052.53,15.44,2026-08-20,2,4
296,Schöneberg,Tempelhof-Schöneberg,True,Room,False,23.3,481.07,633.55,20.65,2025-11-26,4,4
297,Friedrichshain,Friedrichshain-Kreuzberg,True,Room,False,21.4,494.82,619.29,23.12,2025-06-02,5,3
298,Mitte,Mitte,True,Apartment,False,71.0,1533.87,1772.08,21.6,2025-09-26,5,4
299,Prenzlauer Berg,Pankow,True,Apartment,True,44.4,1291.32,1421.8,29.08,2026-05-05,5,4
300,Schöneberg,Tempelhof-Schöneberg,True,Apartment,False,79.5,1370.01,1606.98,17.23,2026-04-01,4,4
301,Mitte,Mitte,True,Room,False,26.2,606.2,719.08,23.14,2026-01-11,5,4
302,Prenzlauer Berg,Pankow,True,Apartment,False,73.8,1413.28,1715.28,19.15,2025-09-28,5,4
303,Steglitz,Steglitz-Zehlendorf,False,Apartment,False,73.6,1116.62,1350.98,15.17,2026-08-23,2,5
304,Kreuzberg,Friedrichshain-Kreuzberg,True,Apartment,False,55.7,1075.32,1274.06,19.31,2026-03-30,5,3
305,Steglitz,Steglitz-Zehlendorf,False,Apartment,False,56.4,804.7,1034.06,14.27,2026-04-26,2,5
306,Lichtenberg,Lichtenberg,False,Room,False,23.7,383.79,513.28,16.19,2025-09-03,2,4
307,Wedding,Mitte,True,Apartment,False,50.0,806.75,1000.1,16.14,2025-06-30,3,3
308,Wedding,Mitte,True,Room,False,21.4,374.96,501.53,17.52,2025-11-17,3,3
309,Lichtenberg,Lichtenberg,False,Room,False,19.2,318.1,482.01,16.57,2025-06-27,2,4
310,Neukölln,Neukölln,True,Room,False,14.6,272.47,434.77,18.66,2026-03-28,4,3
311,Steglitz,Steglitz-Zehlendorf,False,Apartment,True,45.4,871.9,1053.08,19.2,2025-09-17,2,5
312,Prenzlauer Berg,Pankow,True,Apartment,True,85.0,2156.39,2464.54,25.37,2025-09-13,5,4
313,Schöneberg,Tempelhof-Schöneberg,True,Apartment,False,73.8,1308.56,1569.84,17.73,2025-12-01,4,4
314,Neukölln,Neukölln,True,Room,False,21.0,393.85,567.64,18.75,2026-01-27,4,3
315,Charlottenburg,Charlottenburg-Wilmersdorf,True,Apartment,True,55.7,1276.59,1447.87,22.92,2025-10-12,4,4
316,Wedding,Mitte,True,Apartment,False,55.9,807.61,991.85,14.45,2025-12-12,3,3
317,Pankow,Pankow,False,Apartment,False,67.7,1037.57,1254.81,15.33,2026-07-26,3,4
318,Moabit,Mitte,True,Apartment,False,59.5,936.24,1165.55,15.74,2025-08-26,4,3
319,Kreuzberg,Friedrichshain-Kreuzberg,True,Apartment,False,80.8,1645.32,1941.87,20.36,2025-07-01,5,3
320,Wedding,Mitte,True,Room,False,27.2,500.83,660.51,18.41,2025-12-29,3,3
321,Kreuzberg,Friedrichshain-Kreuzberg,True,Apartment,True,70.4,1639.42,1875.11,23.29,2026-04-13,5,3
322,Lichtenberg,Lichtenberg,False,Apartment,False,59.2,831.31,1003.46,14.04,2026-03-10,2,4
323,Schöneberg,Tempelhof-Schöneberg,True,Room,False,17.8,396.01,507.12,22.25,2026-07-22,4,4
324,Steglitz,Steglitz-Zehlendorf,False,Apartment,False,80.5,1060.96,1303.71,13.18,2025-08-16,2,5
325,Prenzlauer Berg,Pankow,True,Room,False,25.4,558.2,694.0,21.98,2025-12-09,5,4
326,Schöneberg,Tempelhof-Schöneberg,True,Apartment,True,69.9,1614.65,1824.12,23.1,2026-08-14,4,4
327,Lichtenberg,Lichtenberg,False,Apartment,True,54.0,928.01,1085.22,17.19,2025-08-27,2,4
328,Friedrichshain,Friedrichshain-Kreuzberg,True,Apartment,False,74.2,1494.9,1786.47,20.15,2025-07-19,5,3
329,Wedding,Mitte,True,Apartment,True,80.1,1655.99,1914.34,20.67,2025-07-09,3,3
330,Lichtenberg,Lichtenberg,False,Apartment,False,63.2,808.13,1061.85,12.79,2025-11-09,2,4
331,Mitte,Mitte,True,Apartment,False,72.6,1658.52,1903.76,22.84,2025-07-10,5,4
332,Neukölln,Neukölln,True,Room,True,25.7,630.84,762.4,24.55,2026-06-22,4,3
333,Steglitz,Steglitz-Zehlendorf,False,Room,False,24.1,401.68,575.01,16.67,2025-06-28,2,5
334,Friedrichshain,Friedrichshain-Kreuzberg,True,Room,False,18.8,437.76,609.83,23.29,2025-12-21,5,3
335,Charlottenburg,Charlottenburg-Wilmersdorf,True,Room,True,27.9,683.73,854.9,24.51,2026-01-08,4,4
336,Kreuzberg,Friedrichshain-Kreuzberg,True,Apartment,False,39.3,812.16,963.77,20.67,2026-06-01,5,3
337,Friedrichshain,Friedrichshain-Kreuzberg,True,Room,True,24.0,668.29,798.87,27.85,2025-07-25,5,3
338,Friedrichshain,Friedrichshain-Kreuzberg,True,Room,True,19.0,470.95,593.13,24.79,2026-01-16,5,3
339,Wedding,Mitte,True,Apartment,False,36.3,546.67,655.99,15.06,2026-04-03,3,3
340,Charlottenburg,Charlottenburg-Wilmersdorf,True,Apartment,True,55.7,1411.63,1610.56,25.34,2025-10-03,4,4
341,Pankow,Pankow,False,Apartment,False,43.5,614.21,754.37,14.12,2025-08-14,3,4
342,Friedrichshain,Friedrichshain-Kreuzberg,True,Room,True,18.2,503.83,675.2,27.68,2026-06-05,5,3
343,Lichtenberg,Lichtenberg,False,Apartment,False,57.9,756.75,925.13,13.07,2025-12-20,2,4
344,Charlottenburg,Charlottenburg-Wilmersdorf,True,Apartment,True,78.1,1792.07,2095.74,22.95,2026-04-30,4,4
345,Pankow,Pankow,False,Room,True,27.3,524.26,696.96,19.2,2025-11-11,3,4
346,Neukölln,Neukölln,True,Apartment,False,83.4,1571.0,1845.47,18.84,2025-10-22,4,3
347,Schöneberg,Tempelhof-Schöneberg,True,Room,False,16.8,374.98,496.68,22.32,2026-06-29,4,4
348,Wedding,Mitte,True,Room,False,27.2,461.09,622.94,16.95,2026-07-31,3,3
349,Steglitz,Steglitz-Zehlendorf,False,Room,False,25.1,431.19,550.24,17.18,2025-11-03,2,5
350,Prenzlauer Berg,Pankow,True,Room,True,19.9,533.22,682.09,26.79,2026-03-26,5,4
351,Schöneberg,Tempelhof-Schöneberg,True,Apartment,False,78.5,1402.41,1633.52,17.87,2025-12-02,4,4
352,Steglitz,Steglitz-Zehlendorf,False,Apartment,False,66.9,877.59,1133.33,13.12,2026-05-03,2,5
353,Lichtenberg,Lichtenberg,False,Room,False,14.6,261.08,415.12,17.88,2025-12-22,2,4
354,Charlottenburg,Charlottenburg-Wilmersdorf,True,Apartment,False,35.5,620.95,745.65,17.49,2026-02-21,4,4
355,Wedding,Mitte,True,Apartment,False,57.3,869.42,1088.7,15.17,2026-03-29,3,3
356,Steglitz,Steglitz-Zehlendorf,False,Apartment,True,36.2,601.98,748.74,16.63,2025-07-30,2,5
357,Steglitz,Steglitz-Zehlendorf,False,Room,True,20.4,386.1,527.05,18.93,2026-01-11,2,5
358,Steglitz,Steglitz-Zehlendorf,False,Apartment,True,50.0,921.99,1117.94,18.44,2026-04-28,2,5
359,Friedrichshain,Friedrichshain-Kreuzberg,True,Apartment,True,84.2,1950.4,2210.76,23.16,2026-03-14,5,3
360,Schöneberg,Tempelhof-Schöneberg,True,Apartment,True,55.3,1220.78,1409.83,22.08,2025-06-15,4,4
361,Steglitz,Steglitz-Zehlendorf,False,Apartment,True,64.6,1178.25,1381.54,18.24,2026-06-21,2,5
362,Steglitz,Steglitz-Zehlendorf,False,Apartment,True,40.1,754.5,886.48,18.82,2026-01-21,2,5
363,Friedrichshain,Friedrichshain-Kreuzberg,True,Room,False,21.4,487.3,636.1,22.77,2026-04-09,5,3
364,Schöneberg,Tempelhof-Schöneberg,True,Apartment,True,77.3,1898.16,2187.82,24.56,2025-10-31,4,4
365,Pankow,Pankow,False,Apartment,False,50.7,711.42,865.57,14.03,2025-12-09,3,4
366,Steglitz,Steglitz-Zehlendorf,False,Room,True,22.3,449.0,590.63,20.13,2026-03-03,2,5
367,Steglitz,Steglitz-Zehlendorf,False,Apartment,False,43.7,583.27,725.15,13.35,2025-09-04,2,5
368,Charlottenburg,Charlottenburg-Wilmersdorf,True,Apartment,False,78.3,1564.95,1837.55,19.99,2025-09-08,4,4
369,Schöneberg,Tempelhof-Schöneberg,True,Apartment,False,59.7,1123.17,1326.08,18.81,2026-08-05,4,4
370,Moabit,Mitte,True,Apartment,True,36.5,803.18,921.07,22.0,2026-03-03,4,3
371,Neukölln,Neukölln,True,Room,False,24.4,516.24,661.97,21.16,2025-07-28,4,3
372,Pankow,Pankow,False,Room,False,25.5,427.45,590.92,16.76,2025-06-22,3,4
373,Steglitz,Steglitz-Zehlendorf,False,Room,True,20.0,422.12,548.21,21.11,2026-08-22,2,5
374,Mitte,Mitte,True,Room,True,25.4,760.89,921.31,29.96,2025-09-30,5,4
375,Prenzlauer Berg,Pankow,True,Apartment,False,52.5,1126.41,1318.52,21.46,2025-08-24,5,4
376,Pankow,Pankow,False,Room,True,16.9,316.87,445.14,18.75,2026-03-03,3,4
377,Kreuzberg,Friedrichshain-Kreuzberg,True,Room,False,18.1,390.76,556.53,21.59,2026-05-14,5,3
378,Friedrichshain,Friedrichshain-Kreuzberg,True,Room,False,19.8,405.4,533.43,20.47,2026-05-02,5,3
379,Kreuzberg,Friedrichshain-Kreuzberg,True,Apartment,True,42.3,1020.0,1185.49,24.11,2025-12-19,5,3
380,Moabit,Mitte,True,Room,False,22.8,427.8,542.71,18.76,2026-07-12,4,3
381,Friedrichshain,Friedrichshain-Kreuzberg,True,Room,False,23.7,562.03,701.59,23.71,2026-02-05,5,3
382,Charlottenburg,Charlottenburg-Wilmersdorf,True,Apartment,False,77.4,1307.7,1622.45,16.9,2026-04-22,4,4
383,Lichtenberg,Lichtenberg,False,Apartment,False,74.8,1031.77,1335.59,13.79,2026-07-28,2,4
384,Prenzlauer Berg,Pankow,True,Apartment,True,49.2,1247.79,1440.8,25.36,2026-07-09,5,4
385,Charlottenburg,Charlottenburg-Wilmersdorf,True,Apartment,False,37.3,701.77,847.39,18.81,2025-06-09,4,4
386,Friedrichshain,Friedrichshain-Kreuzberg,True,Apartment,True,57.8,1593.5,1830.18,27.57,2025-08-07,5,3
387,Lichtenberg,Lichtenberg,False,Room,False,26.3,401.6,535.03,15.27,2025-07-13,2,4
388,Charlottenburg,Charlottenburg-Wilmersdorf,True,Apartment,False,37.6,707.34,849.14,18.81,2026-06-22,4,4
389,Prenzlauer Berg,Pankow,True,Room,True,15.3,385.39,533.98,25.19,2026-02-21,5,4
390,Lichtenberg,Lichtenberg,False,Room,True,18.8,356.69,511.8,18.97,2026-01-31,2,4
391,Friedrichshain,Friedrichshain-Kreuzberg,True,Room,True,25.3,619.98,749.43,24.51,2025-12-13,5,3
392,Kreuzberg,Friedrichshain-Kreuzberg,True,Apartment,False,38.4,785.15,924.63,20.45,2025-08-24,5,3
393,Moabit,Mitte,True,Room,True,24.5,612.27,751.02,24.99,2025-09-20,4,3
394,Friedrichshain,Friedrichshain-Kreuzberg,True,Apartment,True,41.2,1072.87,1213.58,26.04,2026-07-11,5,3
395,Kreuzberg,Friedrichshain-Kreuzberg,True,Room,False,17.5,401.25,558.13,22.93,2025-10-24,5,3
396,Steglitz,Steglitz-Zehlendorf,False,Room,False,26.3,415.28,564.73,15.79,2025-09-05,2,5
397,Steglitz,Steglitz-Zehlendorf,False,Room,False,25.0,438.44,564.0,17.54,2025-12-15,2,5
398,Friedrichshain,Friedrichshain-Kreuzberg,True,Room,False,15.0,356.39,467.17,23.76,2025-12-02,5,3
399,Charlottenburg,Charlottenburg-Wilmersdorf,True,Room,False,22.0,444.58,598.97,20.21,2026-06-26,4,4
400,Moabit,Mitte,True,Apartment,False,35.8,551.42,666.5,15.4,2025-06-21,4,3
401,Mitte,Mitte,True,Apartment,True,49.3,1481.06,1649.09,30.04,2025-12-23,5,4
402,Friedrichshain,Friedrichshain-Kreuzberg,True,Apartment,False,42.6,778.13,905.71,18.27,2025-09-13,5,3
403,Kreuzberg,Friedrichshain-Kreuzberg,True,Apartment,True,66.7,1869.16,2067.88,28.02,2026-05-24,5,3
404,Schöneberg,Tempelhof-Schöneberg,True,Apartment,False,37.9,632.28,761.95,16.68,2026-01-19,4,4
405,Pankow,Pankow,False,Apartment,True,72.1,1360.02,1630.36,18.86,2026-05-26,3,4
406,Mitte,Mitte,True,Room,False,21.3,542.35,699.2,25.46,2025-08-25,5,4
407,Charlottenburg,Charlottenburg-Wilmersdorf,True,Room,False,17.8,393.93,554.07,22.13,2025-06-16,4,4
408,Charlottenburg,Charlottenburg-Wilmersdorf,True,Apartment,True,38.2,939.85,1054.16,24.6,2026-01-20,4,4
409,Wedding,Mitte,True,Room,False,21.9,382.27,508.85,17.46,2025-07-23,3,3
410,Pankow,Pankow,False,Apartment,True,72.0,1277.0,1486.86,17.74,2025-06-24,3,4
411,Moabit,Mitte,True,Room,False,16.5,342.61,454.91,20.76,2026-07-17,4,3
412,Steglitz,Steglitz-Zehlendorf,False,Apartment,False,51.1,717.73,910.09,14.05,2025-10-17,2,5
413,Friedrichshain,Friedrichshain-Kreuzberg,True,Apartment,True,68.7,1537.64,1779.39,22.38,2025-06-24,5,3
414,Schöneberg,Tempelhof-Schöneberg,True,Room,False,18.0,391.74,523.01,21.76,2026-03-11,4,4
415,Moabit,Mitte,True,Room,True,21.9,491.67,631.83,22.45,2026-03-30,4,3
416,Moabit,Mitte,True,Apartment,False,71.6,1216.03,1492.06,16.98,2025-08-17,4,3
417,Mitte,Mitte,True,Apartment,True,62.1,1823.22,2004.03,29.36,2025-11-19,5,4
418,Mitte,Mitte,True,Apartment,True,71.9,1867.41,2160.74,25.97,2026-01-01,5,4
419,Moabit,Mitte,True,Apartment,False,42.1,677.95,802.26,16.1,2025-09-27,4,3
420,Wedding,Mitte,True,Room,False,20.4,380.8,528.55,18.67,2026-02-14,3,3
421,Kreuzberg,Friedrichshain-Kreuzberg,True,Apartment,True,64.6,1549.74,1747.21,23.99,2025-10-28,5,3
422,Neukölln,Neukölln,True,Apartment,False,54.6,1038.04,1217.76,19.01,2026-01-18,4,3
423,Neukölln,Neukölln,True,Room,False,15.9,336.64,453.72,21.17,2025-07-25,4,3
424,Kreuzberg,Friedrichshain-Kreuzberg,True,Room,True,15.7,422.93,562.3,26.94,2026-01-24,5,3
425,Neukölln,Neukölln,True,Apartment,True,75.4,1689.87,1963.12,22.41,2025-09-19,4,3
426,Charlottenburg,Charlottenburg-Wilmersdorf,True,Room,False,27.6,560.89,674.07,20.32,2025-11-01,4,4
427,Neukölln,Neukölln,True,Apartment,True,82.6,2023.81,2317.88,24.5,2025-07-19,4,3
428,Moabit,Mitte,True,Room,False,15.7,277.75,438.51,17.69,2025-09-22,4,3
429,Kreuzberg,Friedrichshain-Kreuzberg,True,Room,False,23.6,572.99,688.45,24.28,2026-03-28,5,3
430,Neukölln,Neukölln,True,Apartment,True,84.9,1848.92,2177.58,21.78,2025-07-18,4,3
431,Charlottenburg,Charlottenburg-Wilmersdorf,True,Room,False,14.7,327.37,465.53,22.27,2026-06-06,4,4
432,Schöneberg,Tempelhof-Schöneberg,True,Apartment,True,56.3,1326.77,1508.62,23.57,2026-01-15,4,4
433,Kreuzberg,Friedrichshain-Kreuzberg,True,Room,False,17.4,377.59,514.37,21.7,2026-03-09,5,3
434,Moabit,Mitte,True,Room,True,15.9,357.64,501.82,22.49,2026-04-19,4,3
435,Wedding,Mitte,True,Apartment,False,74.1,1117.11,1380.42,15.08,2026-02-04,3,3
436,Charlottenburg,Charlottenburg-Wilmersdorf,True,Apartment,False,54.4,936.08,1114.66,17.21,2025-09-21,4,4
437,Mitte,Mitte,True,Apartment,False,37.9,911.25,1045.24,24.04,2026-06-28,5,4
438,Pankow,Pankow,False,Apartment,False,40.0,609.8,738.59,15.24,2026-07-23,3,4
439,Steglitz,Steglitz-Zehlendorf,False,Room,False,17.1,302.57,464.4,17.69,2025-11-29,2,5
440,Kreuzberg,Friedrichshain-Kreuzberg,True,Room,False,25.3,589.9,759.31,23.32,2025-06-15,5,3
441,Steglitz,Steglitz-Zehlendorf,False,Apartment,False,63.2,913.66,1111.22,14.46,2026-07-20,2,5
442,Moabit,Mitte,True,Apartment,True,36.9,731.55,839.44,19.83,2026-01-31,4,3
443,Mitte,Mitte,True,Room,False,25.3,595.87,717.4,23.55,2026-07-16,5,4
444,Charlottenburg,Charlottenburg-Wilmersdorf,True,Room,True,23.9,537.87,682.08,22.51,2025-12-04,4,4
445,Friedrichshain,Friedrichshain-Kreuzberg,True,Room,False,19.5,402.48,532.09,20.64,2025-08-09,5,3
446,Kreuzberg,Friedrichshain-Kreuzberg,True,Apartment,False,67.0,1349.74,1569.55,20.15,2026-05-29,5,3
447,Wedding,Mitte,True,Apartment,False,74.3,1089.43,1357.41,14.66,2025-08-29,3,3
448,Schöneberg,Tempelhof-Schöneberg,True,Room,False,15.8,337.16,508.83,21.34,2026-03-21,4,4
449,Schöneberg,Tempelhof-Schöneberg,True,Apartment,False,63.4,1079.33,1287.4,17.02,2026-07-20,4,4
450,Pankow,Pankow,False,Room,False,27.1,435.51,593.96,16.07,2025-09-30,3,4
451,Charlottenburg,Charlottenburg-Wilmersdorf,True,Apartment,True,79.3,1748.59,2039.38,22.05,2026-08-28,4,4
452,Charlottenburg,Charlottenburg-Wilmersdorf,True,Room,True,17.5,393.18,510.2,22.47,2025-06-01,4,4
453,Mitte,Mitte,True,Room,False,27.6,714.87,856.92,25.9,2025-12-11,5,4
454,Charlottenburg,Charlottenburg-Wilmersdorf,True,Apartment,True,59.0,1506.0,1725.75,25.53,2025-08-23,4,4
455,Moabit,Mitte,True,Room,False,18.1,336.12,507.98,18.57,2025-07-08,4,3
456,Charlottenburg,Charlottenburg-Wilmersdorf,True,Room,True,24.2,626.43,742.48,25.89,2026-04-01,4,4
457,Pankow,Pankow,False,Apartment,False,56.6,862.33,1067.72,15.24,2026-01-09,3,4
458,Kreuzberg,Friedrichshain-Kreuzberg,True,Room,True,27.6,737.21,907.37,26.71,2026-03-04,5,3
459,Neukölln,Neukölln,True,Apartment,True,39.8,891.96,1030.83,22.41,2025-06-28,4,3
460,Charlottenburg,Charlottenburg-Wilmersdorf,True,Room,True,25.5,646.64,762.94,25.36,2025-09-14,4,4
461,Kreuzberg,Friedrichshain-Kreuzberg,True,Apartment,False,58.7,1096.13,1321.65,18.67,2026-01-28,5,3
462,Moabit,Mitte,True,Apartment,True,67.1,1386.73,1612.03,20.67,2025-09-04,4,3
463,Moabit,Mitte,True,Room,False,17.7,360.07,506.75,20.34,2025-08-17,4,3
464,Steglitz,Steglitz-Zehlendorf,False,Apartment,True,52.2,1011.19,1199.51,19.37,2026-03-11,2,5
465,Mitte,Mitte,True,Apartment,False,55.9,1234.42,1454.68,22.08,2026-01-30,5,4
466,Pankow,Pankow,False,Apartment,False,38.9,620.77,766.92,15.96,2026-02-13,3,4
467,Pankow,Pankow,False,Apartment,False,68.9,1043.06,1252.81,15.14,2026-06-23,3,4
468,Moabit,Mitte,True,Room,False,27.6,558.76,676.96,20.24,2026-01-03,4,3
469,Friedrichshain,Friedrichshain-Kreuzberg,True,Apartment,False,84.9,1730.79,2061.98,20.39,2025-10-11,5,3
470,Charlottenburg,Charlottenburg-Wilmersdorf,True,Apartment,False,38.4,689.55,819.22,17.96,2025-11-14,4,4
471,Neukölln,Neukölln,True,Apartment,False,35.6,660.43,788.77,18.55,2026-07-06,4,3
472,Schöneberg,Tempelhof-Schöneberg,True,Room,True,21.9,567.94,684.45,25.93,2025-07-25,4,4
473,Pankow,Pankow,False,Apartment,False,78.4,1245.96,1555.91,15.89,2025-10-14,3,4
474,Schöneberg,Tempelhof-Schöneberg,True,Apartment,False,58.7,997.26,1195.88,16.99,2026-04-13,4,4
475,Pankow,Pankow,False,Apartment,False,54.8,870.72,1075.05,15.89,2025-06-26,3,4
476,Steglitz,Steglitz-Zehlendorf,False,Apartment,True,53.6,977.51,1152.95,18.24,2026-08-06,2,5
477,Moabit,Mitte,True,Apartment,False,83.6,1331.94,1604.52,15.93,2026-06-16,4,3
478,Moabit,Mitte,True,Apartment,True,71.4,1488.1,1733.01,20.84,2026-07-27,4,3
479,Schöneberg,Tempelhof-Schöneberg,True,Apartment,False,78.4,1513.03,1788.87,19.3,2025-08-21,4,4
480,Friedrichshain,Friedrichshain-Kreuzberg,True,Room,False,15.9,375.42,542.58,23.61,2025-06-15,5,3
481,Kreuzberg,Friedrichshain-Kreuzberg,True,Room,False,25.7,553.0,692.67,21.52,2025-12-02,5,3
482,Steglitz,Steglitz-Zehlendorf,False,Room,True,20.5,416.62,570.9,20.32,2025-10-02,2,5
483,Charlottenburg,Charlottenburg-Wilmersdorf,True,Apartment,False,83.0,1516.29,1811.9,18.27,2025-11-24,4,4
484,Kreuzberg,Friedrichshain-Kreuzberg,True,Apartment,True,76.5,1710.94,1937.35,22.37,2026-08-12,5,3
485,Pankow,Pankow,False,Apartment,True,46.1,794.09,963.83,17.23,2026-02-18,3,4
486,Mitte,Mitte,True,Apartment,False,69.1,1507.67,1719.03,21.82,2025-08-28,5,4
487,Pankow,Pankow,False,Apartment,True,65.4,1373.94,1619.27,21.01,2025-10-19,3,4
488,Schöneberg,Tempelhof-Schöneberg,True,Apartment,False,57.9,993.15,1182.05,17.15,2026-02-22,4,4
489,Pankow,Pankow,False,Room,True,21.2,462.3,596.62,21.81,2026-04-28,3,4
490,Pankow,Pankow,False,Apartment,True,40.4,736.71,884.93,18.24,2026-08-16,3,4
491,Neukölln,Neukölln,True,Room,False,26.5,516.1,635.85,19.48,2026-06-27,4,3
492,Prenzlauer Berg,Pankow,True,Apartment,False,75.1,1577.71,1855.03,21.01,2026-05-15,5,4
493,Kreuzberg,Friedrichshain-Kreuzberg,True,Apartment,False,84.9,1633.76,1922.61,19.24,2025-12-16,5,3
494,Steglitz,Steglitz-Zehlendorf,False,Room,False,22.0,346.37,503.6,15.74,2025-09-22,2,5
495,Lichtenberg,Lichtenberg,False,Apartment,False,80.3,1168.39,1450.14,14.55,2026-08-07,2,4
496,Kreuzberg,Friedrichshain-Kreuzberg,True,Apartment,False,44.1,820.37,955.03,18.6,2025-10-11,5,3
497,Steglitz,Steglitz-Zehlendorf,False,Apartment,False,44.2,653.42,799.4,14.78,2025-07-16,2,5
498,Prenzlauer Berg,Pankow,True,Room,False,18.3,441.11,572.65,24.1,2025-10-12,5,4
499,Pankow,Pankow,False,Room,False,20.6,376.8,524.73,18.29,2026-04-14,3,4
500,Friedrichshain,Friedrichshain-Kreuzberg,True,Apartment,True,41.0,1080.37,1219.59,26.35,2026-08-20,5,3
501,Kreuzberg,Friedrichshain-Kreuzberg,True,Room,True,19.7,557.29,697.03,28.29,2025-11-09,5,3
502,Steglitz,Steglitz-Zehlendorf,False,Room,True,18.7,400.08,513.85,21.39,2026-01-18,2,5
503,Neukölln,Neukölln,True,Room,False,22.1,419.25,580.29,18.97,2026-07-05,4,3
504,Friedrichshain,Friedrichshain-Kreuzberg,True,Room,False,20.0,438.78,579.81,21.94,2025-06-03,5,3
505,Mitte,Mitte,True,Apartment,False,82.5,1948.29,2262.47,23.62,2026-02-27,5,4
506,Prenzlauer Berg,Pankow,True,Room,True,24.3,655.91,786.2,26.99,2025-07-23,5,4
507,Schöneberg,Tempelhof-Schöneberg,True,Apartment,True,38.3,850.24,982.26,22.2,2026-02-22,4,4
508,Pankow,Pankow,False,Apartment,False,69.3,951.35,1235.16,13.73,2026-02-06,3,4
509,Charlottenburg,Charlottenburg-Wilmersdorf,True,Apartment,True,80.3,1881.89,2136.38,23.44,2025-08-07,4,4
510,Prenzlauer Berg,Pankow,True,Apartment,False,43.4,870.82,1030.56,20.06,2025-06-20,5,4
511,Schöneberg,Tempelhof-Schöneberg,True,Apartment,True,61.7,1377.63,1605.57,22.33,2026-05-01,4,4
512,Mitte,Mitte,True,Room,True,20.2,536.87,692.49,26.58,2025-09-14,5,4
513,Steglitz,Steglitz-Zehlendorf,False,Apartment,True,56.0,942.07,1146.32,16.82,2026-05-25,2,5
514,Kreuzberg,Friedrichshain-Kreuzberg,True,Room,False,21.2,487.5,615.88,23.0,2026-07-07,5,3
515,Friedrichshain,Friedrichshain-Kreuzberg,True,Apartment,False,73.9,1565.41,1866.02,21.18,2025-12-01,5,3
516,Steglitz,Steglitz-Zehlendorf,False,Room,True,21.7,473.0,614.24,21.8,2025-09-29,2,5
517,Mitte,Mitte,True,Room,True,15.5,456.6,628.31,29.46,2026-07-05,5,4
518,Wedding,Mitte,True,Room,False,26.7,489.59,629.28,18.34,2025-10-30,3,3
519,Neukölln,Neukölln,True,Apartment,True,43.7,882.45,1051.22,20.19,2025-11-08,4,3
520,Schöneberg,Tempelhof-Schöneberg,True,Apartment,True,72.9,1600.95,1870.39,21.96,2025-08-27,4,4
521,Charlottenburg,Charlottenburg-Wilmersdorf,True,Room,False,22.7,501.71,617.75,22.1,2026-07-23,4,4
522,Charlottenburg,Charlottenburg-Wilmersdorf,True,Room,False,27.5,546.23,681.3,19.86,2026-08-10,4,4
523,Moabit,Mitte,True,Apartment,False,74.8,1163.37,1442.78,15.55,2025-07-01,4,3
524,Kreuzberg,Friedrichshain-Kreuzberg,True,Room,False,20.8,474.23,612.71,22.8,2026-04-09,5,3
525,Schöneberg,Tempelhof-Schöneberg,True,Apartment,False,78.1,1523.62,1818.27,19.51,2026-08-31,4,4
526,Kreuzberg,Friedrichshain-Kreuzberg,True,Apartment,False,79.4,1584.91,1821.2,19.96,2026-05-02,5,3
527,Charlottenburg,Charlottenburg-Wilmersdorf,True,Room,False,21.3,460.16,617.21,21.6,2025-09-23,4,4
528,Lichtenberg,Lichtenberg,False,Apartment,False,69.4,999.52,1236.83,14.4,2026-06-08,2,4
529,Prenzlauer Berg,Pankow,True,Apartment,False,67.1,1287.28,1548.41,19.18,2026-08-31,5,4
530,Pankow,Pankow,False,Room,False,16.2,295.45,460.82,18.24,2026-08-20,3,4
531,Kreuzberg,Friedrichshain-Kreuzberg,True,Room,False,17.4,424.74,538.01,24.41,2025-09-23,5,3
532,Wedding,Mitte,True,Apartment,False,46.7,718.23,898.56,15.38,2026-01-16,3,3
533,Friedrichshain,Friedrichshain-Kreuzberg,True,Apartment,False,40.9,813.08,963.76,19.88,2025-07-23,5,3
534,Schöneberg,Tempelhof-Schöneberg,True,Room,False,14.0,266.11,415.38,19.01,2026-04-13,4,4
535,Lichtenberg,Lichtenberg,False,Room,False,16.9,286.73,458.5,16.97,2025-12-04,2,4
536,Mitte,Mitte,True,Apartment,False,51.6,1190.92,1377.71,23.08,2026-06-02,5,4
537,Lichtenberg,Lichtenberg,False,Room,False,15.4,260.71,370.85,16.93,2025-11-29,2,4
538,Lichtenberg,Lichtenberg,False,Apartment,True,61.1,1079.09,1268.32,17.66,2025-08-11,2,4
539,Steglitz,Steglitz-Zehlendorf,False,Apartment,False,47.7,640.54,785.78,13.43,2026-08-11,2,5
540,Schöneberg,Tempelhof-Schöneberg,True,Room,False,16.7,332.51,491.72,19.91,2025-06-24,4,4
541,Lichtenberg,Lichtenberg,False,Apartment,False,73.6,1025.94,1297.53,13.94,2026-02-14,2,4
542,Kreuzberg,Friedrichshain-Kreuzberg,True,Apartment,True,71.8,1853.37,2112.0,25.81,2026-02-16,5,3
543,Kreuzberg,Friedrichshain-Kreuzberg,True,Apartment,True,75.8,1833.48,2108.44,24.19,2025-11-12,5,3
544,Wedding,Mitte,True,Apartment,False,65.4,1052.24,1261.38,16.09,2025-12-21,3,3
545,Charlottenburg,Charlottenburg-Wilmersdorf,True,Apartment,False,41.7,752.51,908.47,18.05,2026-06-19,4,4
546,Wedding,Mitte,True,Room,False,26.0,482.35,653.16,18.55,2026-04-20,3,3
547,Prenzlauer Berg,Pankow,True,Room,False,18.1,403.54,557.24,22.3,2026-05-30,5,4
548,Lichtenberg,Lichtenberg,False,Apartment,True,62.1,1172.74,1409.52,18.88,2026-03-15,2,4
549,Moabit,Mitte,True,Apartment,False,70.5,1227.05,1507.12,17.4,2026-03-01,4,3
550,Neukölln,Neukölln,True,Apartment,False,35.6,586.43,705.94,16.47,2025-06-28,4,3
551,Lichtenberg,Lichtenberg,False,Room,True,25.0,544.65,664.17,21.79,2025-07-02,2,4
552,Steglitz,Steglitz-Zehlendorf,False,Apartment,True,62.1,1093.19,1319.19,17.6,2026-05-12,2,5
553,Steglitz,Steglitz-Zehlendorf,False,Apartment,True,67.4,1201.96,1461.87,17.83,2026-05-23,2,5
554,Neukölln,Neukölln,True,Apartment,True,54.1,1252.16,1453.53,23.15,2026-03-10,4,3
555,Mitte,Mitte,True,Room,True,22.7,714.74,878.69,31.49,2026-04-21,5,4
556,Steglitz,Steglitz-Zehlendorf,False,Apartment,True,64.4,1183.52,1426.3,18.38,2025-09-08,2,5
557,Neukölln,Neukölln,True,Room,False,15.0,327.97,485.75,21.86,2025-08-01,4,3
558,Schöneberg,Tempelhof-Schöneberg,True,Room,True,17.7,420.97,531.34,23.78,2026-01-25,4,4
559,Steglitz,Steglitz-Zehlendorf,False,Apartment,True,81.4,1558.82,1855.97,19.15,2026-08-06,2,5
560,Lichtenberg,Lichtenberg,False,Room,False,21.7,330.05,486.05,15.21,2026-02-25,2,4
561,Prenzlauer Berg,Pankow,True,Apartment,False,74.3,1428.63,1692.52,19.23,2025-12-24,5,4
562,Friedrichshain,Friedrichshain-Kreuzberg,True,Room,False,23.3,502.14,631.22,21.55,2026-06-21,5,3
563,Pankow,Pankow,False,Apartment,False,76.2,1233.32,1455.11,16.19,2026-05-09,3,4
564,Charlottenburg,Charlottenburg-Wilmersdorf,True,Room,False,22.6,478.03,650.36,21.15,2026-05-16,4,4
565,Charlottenburg,Charlottenburg-Wilmersdorf,True,Room,False,15.6,308.99,466.05,19.81,2025-06-13,4,4
566,Wedding,Mitte,True,Apartment,True,75.1,1389.88,1688.62,18.51,2025-09-07,3,3
567,Charlottenburg,Charlottenburg-Wilmersdorf,True,Apartment,False,43.4,868.11,1021.99,20.0,2025-06-04,4,4
568,Lichtenberg,Lichtenberg,False,Room,False,24.8,434.84,572.41,17.53,2025-07-24,2,4
569,Prenzlauer Berg,Pankow,True,Apartment,False,83.8,1819.79,2127.83,21.72,2025-07-07,5,4
570,Steglitz,Steglitz-Zehlendorf,False,Apartment,True,70.8,1113.4,1333.84,15.73,2025-10-07,2,5
571,Wedding,Mitte,True,Room,False,26.8,471.22,610.54,17.58,2025-12-25,3,3
572,Schöneberg,Tempelhof-Schöneberg,True,Room,True,15.7,358.73,472.84,22.85,2026-06-17,4,4
573,Pankow,Pankow,False,Room,False,19.0,326.39,455.23,17.18,2026-05-18,3,4
574,Neukölln,Neukölln,True,Apartment,True,81.3,1875.75,2114.53,23.07,2025-08-20,4,3
575,Wedding,Mitte,True,Room,False,25.2,478.56,607.73,18.99,2026-04-21,3,3
576,Kreuzberg,Friedrichshain-Kreuzberg,True,Room,False,27.5,659.91,812.03,24.0,2025-06-06,5,3
577,Wedding,Mitte,True,Apartment,True,37.1,734.57,866.54,19.8,2025-07-14,3,3
578,Neukölln,Neukölln,True,Room,False,24.2,463.73,632.6,19.16,2026-08-10,4,3
579,Wedding,Mitte,True,Room,True,22.6,448.58,602.19,19.85,2026-03-18,3,3
580,Mitte,Mitte,True,Apartment,False,84.7,1843.36,2144.86,21.76,2025-10-27,5,4
581,Lichtenberg,Lichtenberg,False,Room,True,24.2,470.27,588.6,19.43,2026-05-02,2,4
582,Prenzlauer Berg,Pankow,True,Room,False,26.6,590.05,729.34,22.18,2026-04-12,5,4
583,Lichtenberg,Lichtenberg,False,Room,False,21.9,351.83,482.39,16.07,2026-01-06,2,4
584,Kreuzberg,Friedrichshain-Kreuzberg,True,Room,True,17.1,479.36,643.97,28.03,2025-08-08,5,3
585,Lichtenberg,Lichtenberg,False,Apartment,False,58.1,795.16,984.95,13.69,2026-03-10,2,4
586,Friedrichshain,Friedrichshain-Kreuzberg,True,Room,False,25.8,609.93,729.03,23.64,2026-03-03,5,3
587,Prenzlauer Berg,Pankow,True,Room,False,15.1,320.0,431.21,21.19,2026-02-15,5,4
588,Lichtenberg,Lichtenberg,False,Room,False,19.7,329.53,498.44,16.73,2026-03-10,2,4
589,Neukölln,Neukölln,True,Apartment,False,58.6,1102.45,1298.11,18.81,2025-09-23,4,3
590,Pankow,Pankow,False,Apartment,True,58.2,1086.38,1290.23,18.67,2026-05-06,3,4
591,Prenzlauer Berg,Pankow,True,Apartment,False,65.7,1264.99,1496.05,19.25,2026-01-15,5,4
592,Kreuzberg,Friedrichshain-Kreuzberg,True,Room,False,23.2,566.09,723.92,24.4,2026-02-03,5,3
593,Charlottenburg,Charlottenburg-Wilmersdorf,True,Room,False,17.2,341.17,466.38,19.84,2026-05-09,4,4
594,Prenzlauer Berg,Pankow,True,Apartment,False,54.4,1212.7,1428.01,22.29,2025-06-21,5,4
595,Lichtenberg,Lichtenberg,False,Room,False,21.3,371.26,535.53,17.43,2025-10-13,2,4
596,Pankow,Pankow,False,Apartment,True,67.7,1265.34,1529.54,18.69,2026-02-20,3,4
597,Neukölln,Neukölln,True,Room,False,21.2,417.01,583.41,19.67,2026-02-05,4,3
598,Moabit,Mitte,True,Apartment,True,79.1,1624.06,1902.29,20.53,2025-10-22,4,3
599,Prenzlauer Berg,Pankow,True,Room,True,22.4,659.83,796.78,29.46,2025-11-17,5,4
600,Steglitz,Steglitz-Zehlendorf,False,Room,False,20.7,350.55,502.62,16.93,2025-12-28,2,5
601,Mitte,Mitte,True,Room,True,22.3,607.07,774.97,27.22,2025-08-15,5,4
602,Mitte,Mitte,True,Room,False,21.2,505.23,678.23,23.83,2026-04-23,5,4
603,Mitte,Mitte,True,Apartment,False,76.1,1815.23,2055.7,23.85,2026-04-07,5,4
604,Moabit,Mitte,True,Apartment,True,76.5,1732.04,2029.21,22.64,2025-09-02,4,3
605,Pankow,Pankow,False,Apartment,True,71.2,1294.09,1551.03,18.18,2025-09-26,3,4
606,Schöneberg,Tempelhof-Schöneberg,True,Room,True,16.8,439.99,577.28,26.19,2025-08-16,4,4
607,Pankow,Pankow,False,Room,False,22.6,356.16,517.11,15.76,2026-02-13,3,4
608,Friedrichshain,Friedrichshain-Kreuzberg,True,Room,False,26.6,595.19,705.27,22.38,2026-07-02,5,3
609,Lichtenberg,Lichtenberg,False,Apartment,False,53.5,685.65,874.81,12.82,2025-09-26,2,4
610,Moabit,Mitte,True,Apartment,True,64.5,1494.17,1735.15,23.17,2025-07-21,4,3
611,Schöneberg,Tempelhof-Schöneberg,True,Room,False,17.3,377.4,505.81,21.82,2026-08-23,4,4
612,Wedding,Mitte,True,Room,True,23.9,542.66,660.32,22.71,2025-06-04,3,3
613,Schöneberg,Tempelhof-Schöneberg,True,Apartment,False,50.8,897.42,1054.18,17.67,2026-04-30,4,4
614,Pankow,Pankow,False,Room,False,19.9,333.5,461.41,16.76,2026-05-15,3,4
615,Schöneberg,Tempelhof-Schöneberg,True,Apartment,False,74.2,1342.54,1590.68,18.09,2026-03-12,4,4
616,Moabit,Mitte,True,Room,True,18.8,457.6,623.17,24.34,2026-05-04,4,3
617,Friedrichshain,Friedrichshain-Kreuzberg,True,Apartment,False,70.0,1299.97,1520.98,18.57,2025-12-23,5,3
618,Charlottenburg,Charlottenburg-Wilmersdorf,True,Apartment,False,69.2,1158.92,1391.91,16.75,2026-04-22,4,4
619,Mitte,Mitte,True,Apartment,False,58.6,1310.36,1486.5,22.36,2025-10-13,5,4
620,Prenzlauer Berg,Pankow,True,Room,False,24.1,594.95,730.99,24.69,2026-05-02,5,4
621,Wedding,Mitte,True,Room,False,14.8,277.48,398.87,18.75,2026-02-09,3,3
622,Moabit,Mitte,True,Room,False,27.0,519.81,642.47,19.25,2026-07-07,4,3
623,Pankow,Pankow,False,Apartment,False,65.8,1006.39,1225.62,15.29,2026-05-02,3,4
624,Mitte,Mitte,True,Apartment,True,48.8,1364.28,1529.54,27.96,2025-09-11,5,4
625,Wedding,Mitte,True,Room,False,26.9,485.14,642.34,18.03,2026-03-14,3,3
626,Pankow,Pankow,False,Room,False,17.9,313.17,435.81,17.5,2025-12-24,3,4
627,Pankow,Pankow,False,Room,True,21.1,439.4,571.5,20.82,2025-07-30,3,4
628,Wedding,Mitte,True,Apartment,False,75.7,1190.89,1473.48,15.73,2025-12-11,3,3
629,Pankow,Pankow,False,Apartment,True,52.0,1055.65,1262.39,20.3,2026-08-16,3,4
630,Mitte,Mitte,True,Apartment,True,54.1,1545.72,1748.13,28.57,2026-07-15,5,4
631,Charlottenburg,Charlottenburg-Wilmersdorf,True,Room,True,21.5,542.4,671.07,25.23,2025-12-22,4,4
632,Lichtenberg,Lichtenberg,False,Apartment,True,62.7,1031.24,1229.51,16.45,2026-03-21,2,4
633,Neukölln,Neukölln,True,Room,False,27.0,515.28,673.19,19.08,2025-09-29,4,3
634,Steglitz,Steglitz-Zehlendorf,False,Room,True,17.2,374.71,507.85,21.79,2026-07-04,2,5
635,Friedrichshain,Friedrichshain-Kreuzberg,True,Room,True,27.4,699.64,865.35,25.53,2025-06-22,5,3
636,Moabit,Mitte,True,Room,True,26.6,658.2,786.06,24.74,2025-09-02,4,3
637,Wedding,Mitte,True,Room,True,22.1,447.31,588.4,20.24,2026-03-04,3,3
638,Mitte,Mitte,True,Apartment,True,69.3,1915.82,2174.86,27.65,2026-01-22,5,4
639,Charlottenburg,Charlottenburg-Wilmersdorf,True,Apartment,True,45.5,1059.81,1225.22,23.29,2025-10-11,4,4
640,Kreuzberg,Friedrichshain-Kreuzberg,True,Apartment,True,58.6,1518.07,1723.08,25.91,2025-09-16,5,3
641,Schöneberg,Tempelhof-Schöneberg,True,Apartment,True,77.7,1656.14,1893.7,21.31,2026-03-22,4,4
642,Lichtenberg,Lichtenberg,False,Room,True,17.8,333.2,467.96,18.72,2025-08-14,2,4
643,Steglitz,Steglitz-Zehlendorf,False,Room,False,16.5,274.95,449.66,16.66,2026-08-09,2,5
644,Lichtenberg,Lichtenberg,False,Apartment,False,74.3,1004.84,1270.43,13.52,2026-03-18,2,4
645,Mitte,Mitte,True,Room,False,14.8,378.82,519.8,25.6,2026-04-19,5,4
646,Friedrichshain,Friedrichshain-Kreuzberg,True,Room,True,19.1,533.28,660.03,27.92,2025-06-11,5,3
647,Schöneberg,Tempelhof-Schöneberg,True,Room,False,27.5,533.58,681.01,19.4,2026-04-29,4,4
648,Wedding,Mitte,True,Room,False,19.0,350.15,491.84,18.43,2026-06-13,3,3
649,Moabit,Mitte,True,Apartment,True,49.3,1039.87,1192.75,21.09,2026-07-19,4,3
650,Charlottenburg,Charlottenburg-Wilmersdorf,True,Room,False,19.7,437.48,552.62,22.21,2025-11-23,4,4
651,Prenzlauer Berg,Pankow,True,Room,False,23.9,558.25,693.95,23.36,2026-08-29,5,4
652,Moabit,Mitte,True,Apartment,False,72.4,1223.49,1472.57,16.9,2025-08-25,4,3
653,Kreuzberg,Friedrichshain-Kreuzberg,True,Apartment,True,46.7,1176.78,1354.23,25.2,2025-09-16,5,3
654,Kreuzberg,Friedrichshain-Kreuzberg,True,Room,True,27.1,701.84,861.95,25.9,2026-02-24,5,3
655,Friedrichshain,Friedrichshain-Kreuzberg,True,Room,False,15.2,363.72,499.06,23.93,2025-09-26,5,3
656,Prenzlauer Berg,Pankow,True,Apartment,False,41.3,855.41,983.64,20.71,2025-06-18,5,4
657,Lichtenberg,Lichtenberg,False,Room,False,26.1,427.17,593.78,16.37,2025-10-18,2,4
658,Wedding,Mitte,True,Room,False,23.8,400.98,549.82,16.85,2026-04-20,3,3
659,Steglitz,Steglitz-Zehlendorf,False,Apartment,False,61.2,897.85,1098.07,14.67,2025-11-25,2,5
660,Moabit,Mitte,True,Apartment,False,57.1,935.7,1119.09,16.39,2025-11-03,4,3
661,Mitte,Mitte,True,Room,False,25.9,610.35,750.85,23.57,2025-06-05,5,4
662,Steglitz,Steglitz-Zehlendorf,False,Apartment,False,58.9,760.14,961.37,12.91,2025-10-28,2,5
663,Pankow,Pankow,False,Room,True,19.2,391.34,527.0,20.38,2025-08-23,3,4
664,Steglitz,Steglitz-Zehlendorf,False,Apartment,True,53.9,927.19,1098.99,17.2,2026-06-27,2,5
665,Pankow,Pankow,False,Apartment,False,49.2,762.33,952.76,15.49,2025-12-29,3,4
666,Prenzlauer Berg,Pankow,True,Apartment,True,49.5,1353.77,1513.48,27.35,2026-04-15,5,4
667,Moabit,Mitte,True,Room,True,14.7,331.71,448.36,22.57,2025-10-16,4,3
668,Kreuzberg,Friedrichshain-Kreuzberg,True,Apartment,False,46.6,876.67,1039.41,18.81,2025-11-23,5,3
669,Schöneberg,Tempelhof-Schöneberg,True,Room,False,28.0,570.37,731.81,20.37,2025-11-17,4,4
670,Friedrichshain,Friedrichshain-Kreuzberg,True,Apartment,False,37.8,792.48,905.34,20.97,2026-01-27,5,3
671,Kreuzberg,Friedrichshain-Kreuzberg,True,Room,False,25.4,605.55,723.48,23.84,2026-06-29,5,3
672,Steglitz,Steglitz-Zehlendorf,False,Room,False,20.2,350.89,463.07,17.37,2026-01-22,2,5
673,Steglitz,Steglitz-Zehlendorf,False,Apartment,False,84.1,1194.55,1507.21,14.2,2025-11-07,2,5
674,Charlottenburg,Charlottenburg-Wilmersdorf,True,Room,False,24.4,509.67,627.61,20.89,2026-02-02,4,4
675,Lichtenberg,Lichtenberg,False,Room,True,14.7,310.83,436.17,21.14,2026-01-09,2,4
676,Charlottenburg,Charlottenburg-Wilmersdorf,True,Room,False,22.2,451.12,576.92,20.32,2025-06-22,4,4
677,Pankow,Pankow,False,Apartment,False,64.8,934.23,1129.11,14.42,2025-08-20,3,4
678,Moabit,Mitte,True,Room,False,27.0,564.02,714.65,20.89,2025-07-01,4,3
679,Charlottenburg,Charlottenburg-Wilmersdorf,True,Apartment,False,74.6,1269.17,1506.34,17.01,2026-03-13,4,4
680,Lichtenberg,Lichtenberg,False,Apartment,False,56.9,752.71,964.78,13.23,2025-12-01,2,4
681,Steglitz,Steglitz-Zehlendorf,False,Room,False,20.8,342.77,471.93,16.48,2026-05-23,2,5
682,Moabit,Mitte,True,Room,True,18.9,444.77,608.81,23.53,2026-08-15,4,3
683,Wedding,Mitte,True,Room,False,20.3,383.56,528.76,18.89,2026-01-19,3,3
684,Mitte,Mitte,True,Apartment,False,71.7,1690.44,1951.69,23.58,2025-12-04,5,4
685,Pankow,Pankow,False,Room,False,23.2,401.11,536.3,17.29,2026-02-24,3,4
686,Lichtenberg,Lichtenberg,False,Apartment,False,65.7,892.62,1133.68,13.59,2025-07-27,2,4
687,Friedrichshain,Friedrichshain-Kreuzberg,True,Apartment,True,76.8,1885.61,2126.95,24.55,2026-02-04,5,3
688,Prenzlauer Berg,Pankow,True,Room,False,25.7,605.81,749.99,23.57,2026-05-26,5,4
689,Pankow,Pankow,False,Room,True,22.5,443.48,567.05,19.71,2026-02-07,3,4
690,Friedrichshain,Friedrichshain-Kreuzberg,True,Apartment,False,53.0,1104.5,1314.83,20.84,2026-07-26,5,3
691,Charlottenburg,Charlottenburg-Wilmersdorf,True,Apartment,True,65.8,1591.78,1848.49,24.19,2025-07-10,4,4
692,Prenzlauer Berg,Pankow,True,Apartment,True,71.3,1815.83,2067.62,25.47,2025-10-06,5,4
693,Pankow,Pankow,False,Apartment,True,72.5,1282.02,1547.83,17.68,2025-12-01,3,4
694,Lichtenberg,Lichtenberg,False,Apartment,False,79.1,1040.67,1287.18,13.16,2025-12-23,2,4
695,Wedding,Mitte,True,Room,True,28.0,587.25,717.74,20.97,2025-11-14,3,3
696,Charlottenburg,Charlottenburg-Wilmersdorf,True,Room,False,25.6,513.37,639.02,20.05,2026-03-07,4,4
697,Prenzlauer Berg,Pankow,True,Room,False,24.4,545.46,684.87,22.35,2025-12-21,5,4
698,Mitte,Mitte,True,Apartment,False,64.8,1425.97,1691.14,22.01,2025-11-02,5,4
699,Mitte,Mitte,True,Room,True,26.0,710.38,865.21,27.32,2025-10-20,5,4
700,Wedding,Mitte,True,Apartment,False,63.6,907.61,1127.19,14.27,2025-08-19,3,3
701,Kreuzberg,Friedrichshain-Kreuzberg,True,Room,False,17.5,377.03,506.55,21.54,2026-03-20,5,3
702,Schöneberg,Tempelhof-Schöneberg,True,Apartment,True,38.9,867.75,1003.35,22.31,2026-05-20,4,4
703,Steglitz,Steglitz-Zehlendorf,False,Apartment,False,64.8,889.13,1133.88,13.72,2026-03-23,2,5
704,Schöneberg,Tempelhof-Schöneberg,True,Room,True,24.8,609.32,746.39,24.57,2026-08-19,4,4
705,Friedrichshain,Friedrichshain-Kreuzberg,True,Apartment,True,67.6,1648.19,1907.29,24.38,2025-12-13,5,3
706,Mitte,Mitte,True,Room,True,21.6,589.18,713.53,27.28,2025-06-26,5,4
707,Lichtenberg,Lichtenberg,False,Apartment,True,57.3,1048.12,1229.56,18.29,2025-10-27,2,4
708,Schöneberg,Tempelhof-Schöneberg,True,Room,True,20.7,533.69,660.76,25.78,2025-12-22,4,4
709,Wedding,Mitte,True,Room,False,24.7,440.06,562.94,17.82,2025-12-20,3,3
710,Lichtenberg,Lichtenberg,False,Apartment,False,84.9,1200.73,1471.63,14.14,2025-10-15,2,4
711,Schöneberg,Tempelhof-Schöneberg,True,Room,False,15.3,323.3,460.83,21.13,2025-11-26,4,4
712,Prenzlauer Berg,Pankow,True,Room,False,14.3,316.45,490.65,22.13,2026-04-12,5,4
713,Moabit,Mitte,True,Apartment,False,81.2,1295.18,1597.44,15.95,2025-08-19,4,3
714,Steglitz,Steglitz-Zehlendorf,False,Apartment,True,37.7,784.32,932.95,20.8,2026-07-25,2,5
715,Neukölln,Neukölln,True,Room,False,15.6,312.32,423.8,20.02,2025-09-16,4,3
716,Steglitz,Steglitz-Zehlendorf,False,Apartment,True,61.2,1059.42,1290.51,17.31,2025-08-12,2,5
717,Steglitz,Steglitz-Zehlendorf,False,Apartment,True,64.2,1141.58,1340.88,17.78,2025-10-24,2,5
718,Prenzlauer Berg,Pankow,True,Apartment,False,37.7,800.34,910.05,21.23,2025-12-16,5,4
719,Lichtenberg,Lichtenberg,False,Room,False,23.2,406.74,517.98,17.53,2026-08-19,2,4
720,Lichtenberg,Lichtenberg,False,Room,False,21.1,360.35,529.1,17.08,2026-02-04,2,4
721,Pankow,Pankow,False,Apartment,True,60.0,1178.4,1353.95,19.64,2025-10-05,3,4
722,Wedding,Mitte,True,Room,False,24.4,398.76,553.24,16.34,2025-11-29,3,3
723,Lichtenberg,Lichtenberg,False,Room,False,27.7,437.81,551.84,15.81,2025-10-10,2,4
724,Schöneberg,Tempelhof-Schöneberg,True,Apartment,False,36.5,669.83,787.95,18.35,2025-08-17,4,4
725,Charlottenburg,Charlottenburg-Wilmersdorf,True,Apartment,False,39.4,706.68,866.36,17.94,2026-04-10,4,4
726,Lichtenberg,Lichtenberg,False,Apartment,False,63.6,882.33,1090.61,13.87,2026-04-06,2,4
727,Charlottenburg,Charlottenburg-Wilmersdorf,True,Room,True,23.1,591.16,714.31,25.59,2025-08-10,4,4
728,Neukölln,Neukölln,True,Apartment,False,80.5,1417.22,1738.48,17.61,2026-06-30,4,3
729,Kreuzberg,Friedrichshain-Kreuzberg,True,Apartment,False,42.9,792.99,944.84,18.48,2026-06-04,5,3
730,Friedrichshain,Friedrichshain-Kreuzberg,True,Room,False,16.0,325.71,456.42,20.36,2025-12-29,5,3
731,Schöneberg,Tempelhof-Schöneberg,True,Room,False,25.5,535.58,693.57,21.0,2025-08-17,4,4
732,Prenzlauer Berg,Pankow,True,Room,True,24.7,679.65,826.51,27.52,2025-09-27,5,4
733,Pankow,Pankow,False,Room,False,19.0,337.17,478.15,17.75,2026-02-13,3,4
734,Pankow,Pankow,False,Apartment,False,44.2,639.29,792.6,14.46,2025-08-23,3,4
735,Prenzlauer Berg,Pankow,True,Room,False,27.6,680.76,852.52,24.67,2025-09-22,5,4
736,Steglitz,Steglitz-Zehlendorf,False,Apartment,True,45.2,812.08,966.99,17.97,2026-04-12,2,5
737,Moabit,Mitte,True,Apartment,False,79.4,1317.32,1621.54,16.59,2026-04-08,4,3
738,Steglitz,Steglitz-Zehlendorf,False,Apartment,False,54.7,848.37,1044.54,15.51,2026-03-02,2,5
739,Wedding,Mitte,True,Apartment,False,36.9,528.27,655.51,14.32,2026-08-24,3,3
740,Mitte,Mitte,True,Apartment,True,61.9,1792.25,2000.54,28.95,2026-06-27,5,4
741,Lichtenberg,Lichtenberg,False,Apartment,True,57.0,1135.5,1320.36,19.92,2025-08-25,2,4
742,Schöneberg,Tempelhof-Schöneberg,True,Room,False,23.7,520.88,661.01,21.98,2026-04-27,4,4
743,Moabit,Mitte,True,Room,False,16.5,321.46,489.59,19.48,2026-03-07,4,3
744,Kreuzberg,Friedrichshain-Kreuzberg,True,Room,True,14.3,395.97,564.2,27.69,2026-08-26,5,3
745,Moabit,Mitte,True,Room,True,23.1,536.54,694.2,23.23,2025-07-17,4,3
746,Friedrichshain,Friedrichshain-Kreuzberg,True,Apartment,False,39.3,813.45,961.7,20.7,2026-02-17,5,3
747,Pankow,Pankow,False,Apartment,True,54.0,1123.84,1317.08,20.81,2026-05-04,3,4
748,Kreuzberg,Friedrichshain-Kreuzberg,True,Room,True,24.8,606.82,764.28,24.47,2026-01-15,5,3
749,Neukölln,Neukölln,True,Apartment,True,41.6,904.46,1037.74,21.74,2026-01-21,4,3
750,Moabit,Mitte,True,Apartment,False,35.3,638.68,751.13,18.09,2026-03-29,4,3
751,Lichtenberg,Lichtenberg,False,Apartment,False,39.0,559.74,684.29,14.35,2026-03-08,2,4
752,Neukölln,Neukölln,True,Apartment,False,76.3,1241.49,1476.33,16.27,2026-05-01,4,3
753,Charlottenburg,Charlottenburg-Wilmersdorf,True,Room,False,23.3,511.49,640.89,21.95,2025-07-15,4,4
754,Mitte,Mitte,True,Room,False,16.3,379.93,532.89,23.31,2026-05-25,5,4
755,Pankow,Pankow,False,Apartment,False,83.3,1292.24,1569.81,15.51,2025-06-19,3,4
756,Friedrichshain,Friedrichshain-Kreuzberg,True,Apartment,True,79.9,2218.96,2531.53,27.77,2025-07-04,5,3
757,Neukölln,Neukölln,True,Apartment,True,78.0,1698.33,1944.17,21.77,2025-09-16,4,3
758,Pankow,Pankow,False,Room,False,27.7,478.06,593.76,17.26,2026-06-06,3,4
759,Steglitz,Steglitz-Zehlendorf,False,Apartment,False,70.3,989.53,1264.92,14.08,2025-10-11,2,5
760,Wedding,Mitte,True,Apartment,False,81.4,1290.31,1574.86,15.85,2026-06-09,3,3
761,Lichtenberg,Lichtenberg,False,Apartment,False,79.2,1056.39,1313.68,13.34,2025-09-08,2,4
762,Mitte,Mitte,True,Room,False,25.2,636.7,760.18,25.27,2026-04-12,5,4
763,Schöneberg,Tempelhof-Schöneberg,True,Room,True,21.8,527.12,650.2,24.18,2025-10-23,4,4
764,Neukölln,Neukölln,True,Apartment,True,60.3,1247.99,1472.49,20.7,2025-11-22,4,3
765,Schöneberg,Tempelhof-Schöneberg,True,Apartment,False,36.5,620.55,740.88,17.0,2025-11-21,4,4
766,Lichtenberg,Lichtenberg,False,Apartment,False,36.8,481.0,594.58,13.07,2026-01-22,2,4
767,Wedding,Mitte,True,Apartment,False,75.7,1272.1,1496.72,16.8,2026-02-22,3,3
768,Neukölln,Neukölln,True,Apartment,False,62.8,1015.19,1240.82,16.17,2025-11-17,4,3
769,Charlottenburg,Charlottenburg-Wilmersdorf,True,Room,True,25.8,616.18,760.91,23.88,2025-08-24,4,4
770,Pankow,Pankow,False,Apartment,True,40.8,793.66,953.98,19.45,2026-05-30,3,4
771,Mitte,Mitte,True,Room,True,26.3,768.03,897.7,29.2,2026-02-24,5,4
772,Neukölln,Neukölln,True,Room,True,14.5,321.52,464.41,22.17,2026-07-15,4,3
773,Moabit,Mitte,True,Apartment,True,52.0,1161.13,1331.3,22.33,2025-11-15,4,3
774,Kreuzberg,Friedrichshain-Kreuzberg,True,Apartment,True,84.1,2298.35,2562.95,27.33,2025-06-19,5,3
775,Moabit,Mitte,True,Room,False,15.6,289.28,402.14,18.54,2026-08-09,4,3
776,Pankow,Pankow,False,Apartment,True,79.5,1425.78,1727.46,17.93,2025-06-12,3,4
777,Pankow,Pankow,False,Apartment,False,45.5,633.43,781.03,13.92,2026-02-28,3,4
778,Charlottenburg,Charlottenburg-Wilmersdorf,True,Apartment,False,48.6,832.37,979.99,17.13,2026-04-15,4,4
779,Wedding,Mitte,True,Apartment,True,52.5,958.66,1155.28,18.26,2025-10-24,3,3
780,Pankow,Pankow,False,Room,True,22.6,450.14,568.59,19.92,2026-01-28,3,4
781,Lichtenberg,Lichtenberg,False,Room,True,15.2,299.52,467.45,19.71,2026-04-19,2,4
782,Steglitz,Steglitz-Zehlendorf,False,Apartment,False,50.6,767.54,957.57,15.17,2026-05-10,2,5
783,Wedding,Mitte,True,Room,False,24.7,446.9,562.94,18.09,2026-07-16,3,3
784,Steglitz,Steglitz-Zehlendorf,False,Apartment,False,69.2,1028.91,1268.24,14.87,2025-09-27,2,5
785,Prenzlauer Berg,Pankow,True,Room,False,17.6,393.7,515.62,22.37,2026-05-07,5,4
786,Charlottenburg,Charlottenburg-Wilmersdorf,True,Apartment,False,57.7,961.8,1162.04,16.67,2025-11-27,4,4
787,Moabit,Mitte,True,Apartment,True,73.4,1536.83,1758.76,20.94,2026-07-24,4,3
788,Steglitz,Steglitz-Zehlendorf,False,Apartment,True,67.5,1304.45,1532.67,19.33,2025-12-29,2,5
789,Prenzlauer Berg,Pankow,True,Apartment,False,83.7,1685.27,1962.22,20.13,2026-07-22,5,4
790,Steglitz,Steglitz-Zehlendorf,False,Apartment,False,56.8,856.8,1058.63,15.08,2025-09-29,2,5
791,Kreuzberg,Friedrichshain-Kreuzberg,True,Apartment,True,81.5,2125.8,2420.06,26.08,2026-01-24,5,3
792,Charlottenburg,Charlottenburg-Wilmersdorf,True,Apartment,False,43.8,876.05,1006.73,20.0,2025-07-26,4,4
793,Lichtenberg,Lichtenberg,False,Apartment,False,53.9,757.85,956.86,14.06,2025-07-17,2,4
794,Prenzlauer Berg,Pankow,True,Apartment,False,80.2,1696.55,1929.15,21.15,2025-08-15,5,4
795,Lichtenberg,Lichtenberg,False,Room,False,19.5,325.49,448.21,16.69,2026-05-15,2,4
796,Charlottenburg,Charlottenburg-Wilmersdorf,True,Room,False,23.5,522.86,693.74,22.25,2026-06-03,4,4
797,Charlottenburg,Charlottenburg-Wilmersdorf,True,Apartment,False,65.6,1206.88,1463.85,18.4,2026-08-11,4,4
798,Neukölln,Neukölln,True,Room,False,27.6,507.92,654.32,18.4,2025-12-01,4,3
799,Friedrichshain,Friedrichshain-Kreuzberg,True,Apartment,False,46.8,967.76,1125.62,20.68,2025-11-10,5,3
800,Steglitz,Steglitz-Zehlendorf,False,Room,True,21.6,443.53,565.76,20.53,2025-12-14,2,5
801,Charlottenburg,Charlottenburg-Wilmersdorf,True,Apartment,True,84.9,1965.33,2218.85,23.15,2025-06-09,4,4
802,Kreuzberg,Friedrichshain-Kreuzberg,True,Apartment,False,56.8,1257.4,1427.89,22.14,2026-04-25,5,3
803,Schöneberg,Tempelhof-Schöneberg,True,Apartment,False,69.8,1374.22,1628.84,19.69,2026-01-19,4,4
804,Wedding,Mitte,True,Room,False,19.4,329.86,467.47,17.0,2025-06-04,3,3
805,Pankow,Pankow,False,Apartment,False,70.6,996.93,1280.17,14.12,2026-03-23,3,4
806,Charlottenburg,Charlottenburg-Wilmersdorf,True,Room,True,20.8,508.07,680.58,24.43,2025-07-11,4,4
807,Kreuzberg,Friedrichshain-Kreuzberg,True,Apartment,False,78.0,1652.69,1905.04,21.19,2026-02-20,5,3
808,Friedrichshain,Friedrichshain-Kreuzberg,True,Apartment,False,47.3,964.9,1139.74,20.4,2026-05-09,5,3
809,Friedrichshain,Friedrichshain-Kreuzberg,True,Apartment,False,64.0,1301.17,1556.17,20.33,2026-03-01,5,3
810,Mitte,Mitte,True,Apartment,False,58.5,1341.72,1540.93,22.94,2026-07-14,5,4
811,Neukölln,Neukölln,True,Room,True,26.9,693.92,840.56,25.8,2025-07-02,4,3
812,Lichtenberg,Lichtenberg,False,Apartment,True,37.6,766.57,903.78,20.39,2025-10-25,2,4
813,Moabit,Mitte,True,Room,False,25.9,477.34,595.96,18.43,2025-10-22,4,3
814,Neukölln,Neukölln,True,Apartment,True,40.6,874.39,999.49,21.54,2026-01-15,4,3
815,Charlottenburg,Charlottenburg-Wilmersdorf,True,Apartment,True,70.0,1691.33,1966.74,24.16,2025-11-23,4,4
816,Friedrichshain,Friedrichshain-Kreuzberg,True,Apartment,False,76.1,1613.83,1903.26,21.21,2025-12-29,5,3
817,Schöneberg,Tempelhof-Schöneberg,True,Room,False,22.9,445.32,603.05,19.45,2025-11-24,4,4
818,Mitte,Mitte,True,Apartment,False,40.8,836.43,974.27,20.5,2025-11-02,5,4
819,Moabit,Mitte,True,Apartment,False,61.6,1012.29,1243.09,16.43,2026-01-29,4,3
820,Neukölln,Neukölln,True,Room,False,14.2,308.68,447.85,21.74,2026-05-14,4,3
821,Charlottenburg,Charlottenburg-Wilmersdorf,True,Apartment,False,37.1,736.95,872.92,19.86,2026-08-07,4,4
822,Schöneberg,Tempelhof-Schöneberg,True,Apartment,False,48.6,842.64,1030.37,17.34,2025-10-09,4,4
823,Lichtenberg,Lichtenberg,False,Apartment,False,68.8,919.4,1174.39,13.36,2026-06-30,2,4
824,Prenzlauer Berg,Pankow,True,Apartment,False,84.7,1681.26,1927.97,19.85,2025-06-05,5,4
825,Friedrichshain,Friedrichshain-Kreuzberg,True,Room,True,15.5,399.74,528.15,25.79,2025-09-07,5,3
826,Mitte,Mitte,True,Room,True,27.1,832.94,1004.72,30.74,2026-04-23,5,4
827,Friedrichshain,Friedrichshain-Kreuzberg,True,Apartment,True,77.8,1863.48,2173.11,23.95,2026-03-17,5,3
828,Kreuzberg,Friedrichshain-Kreuzberg,True,Apartment,False,47.7,957.11,1149.03,20.07,2026-04-24,5,3
829,Moabit,Mitte,True,Apartment,True,56.3,1345.05,1530.17,23.89,2025-08-22,4,3
830,Friedrichshain,Friedrichshain-Kreuzberg,True,Room,True,19.4,551.66,714.49,28.44,2025-08-31,5,3
831,Moabit,Mitte,True,Room,False,16.8,316.22,468.18,18.82,2025-07-26,4,3
832,Kreuzberg,Friedrichshain-Kreuzberg,True,Apartment,False,65.7,1224.43,1449.77,18.64,2025-10-11,5,3
833,Friedrichshain,Friedrichshain-Kreuzberg,True,Room,True,24.2,649.99,792.34,26.86,2026-05-01,5,3
834,Lichtenberg,Lichtenberg,False,Room,True,19.5,356.19,491.63,18.27,2025-06-02,2,4
835,Wedding,Mitte,True,Apartment,False,58.9,895.98,1118.23,15.21,2026-07-21,3,3
836,Friedrichshain,Friedrichshain-Kreuzberg,True,Apartment,True,82.7,2223.31,2519.43,26.88,2025-12-01,5,3
837,Charlottenburg,Charlottenburg-Wilmersdorf,True,Apartment,False,66.6,1332.78,1533.17,20.01,2026-03-01,4,4
838,Charlottenburg,Charlottenburg-Wilmersdorf,True,Room,False,24.7,524.88,646.36,21.25,2025-06-21,4,4
839,Schöneberg,Tempelhof-Schöneberg,True,Apartment,True,54.5,1190.21,1380.08,21.84,2026-08-28,4,4
840,Lichtenberg,Lichtenberg,False,Room,True,14.5,273.07,398.57,18.83,2025-12-17,2,4
841,Friedrichshain,Friedrichshain-Kreuzberg,True,Apartment,False,60.0,1302.2,1534.65,21.7,2025-06-09,5,3
842,Mitte,Mitte,True,Room,True,24.1,672.66,825.16,27.91,2026-02-23,5,4
843,Moabit,Mitte,True,Apartment,False,61.8,1089.25,1285.75,17.63,2025-07-07,4,3
844,Mitte,Mitte,True,Apartment,False,36.0,852.51,983.62,23.68,2025-10-03,5,4
845,Steglitz,Steglitz-Zehlendorf,False,Apartment,True,66.6,1358.19,1559.11,20.39,2026-04-09,2,5
846,Kreuzberg,Friedrichshain-Kreuzberg,True,Apartment,True,75.9,1826.75,2102.93,24.07,2025-07-03,5,3
847,Prenzlauer Berg,Pankow,True,Room,False,27.8,657.63,788.71,23.66,2026-05-17,5,4
848,Pankow,Pankow,False,Apartment,True,83.2,1401.55,1660.15,16.85,2025-07-03,3,4
849,Friedrichshain,Friedrichshain-Kreuzberg,True,Room,False,16.4,355.96,476.69,21.7,2025-10-03,5,3
850,Pankow,Pankow,False,Room,True,25.9,556.93,667.95,21.5,2026-02-05,3,4
851,Friedrichshain,Friedrichshain-Kreuzberg,True,Room,True,15.2,429.68,566.73,28.27,2026-07-19,5,3
852,Moabit,Mitte,True,Apartment,True,67.0,1429.26,1698.98,21.33,2026-04-09,4,3
853,Steglitz,Steglitz-Zehlendorf,False,Room,True,21.0,458.47,619.34,21.83,2025-11-26,2,5
854,Schöneberg,Tempelhof-Schöneberg,True,Room,True,15.6,372.88,506.4,23.9,2026-06-25,4,4
855,Wedding,Mitte,True,Apartment,False,66.3,969.08,1165.57,14.62,2025-07-28,3,3
856,Kreuzberg,Friedrichshain-Kreuzberg,True,Apartment,False,58.7,1110.27,1327.7,18.91,2025-06-23,5,3
857,Mitte,Mitte,True,Apartment,True,56.7,1588.93,1804.96,28.02,2025-06-23,5,4
858,Friedrichshain,Friedrichshain-Kreuzberg,True,Apartment,False,43.8,919.95,1072.46,21.0,2025-07-30,5,3
859,Friedrichshain,Friedrichshain-Kreuzberg,True,Apartment,False,64.6,1241.05,1443.8,19.21,2026-05-13,5,3
860,Charlottenburg,Charlottenburg-Wilmersdorf,True,Room,True,17.2,404.36,527.36,23.51,2026-08-31,4,4
861,Prenzlauer Berg,Pankow,True,Room,False,14.8,335.44,459.49,22.66,2026-04-09,5,4
862,Moabit,Mitte,True,Room,True,20.4,438.93,566.46,21.52,2025-11-19,4,3
863,Kreuzberg,Friedrichshain-Kreuzberg,True,Room,False,17.9,375.22,515.48,20.96,2026-01-01,5,3
864,Kreuzberg,Friedrichshain-Kreuzberg,True,Apartment,True,49.8,1237.5,1438.86,24.85,2025-08-27,5,3
865,Pankow,Pankow,False,Apartment,False,39.3,621.93,758.97,15.83,2025-09-19,3,4
866,Pankow,Pankow,False,Apartment,False,35.7,520.56,661.47,14.58,2025-10-05,3,4
867,Charlottenburg,Charlottenburg-Wilmersdorf,True,Room,True,27.0,749.16,917.55,27.75,2025-12-31,4,4
868,Mitte,Mitte,True,Room,False,24.8,551.19,695.71,22.23,2026-02-01,5,4
869,Steglitz,Steglitz-Zehlendorf,False,Apartment,False,47.0,678.86,815.86,14.44,2026-06-10,2,5
870,Schöneberg,Tempelhof-Schöneberg,True,Apartment,True,49.8,1129.07,1302.16,22.67,2025-11-04,4,4
871,Kreuzberg,Friedrichshain-Kreuzberg,True,Apartment,False,72.4,1325.84,1575.32,18.31,2026-07-01,5,3
872,Kreuzberg,Friedrichshain-Kreuzberg,True,Apartment,False,74.5,1466.37,1723.93,19.68,2026-04-21,5,3
873,Mitte,Mitte,True,Apartment,True,79.7,2036.96,2308.82,25.56,2025-10-17,5,4
874,Steglitz,Steglitz-Zehlendorf,False,Apartment,False,74.7,1126.89,1350.78,15.09,2026-08-25,2,5
875,Charlottenburg,Charlottenburg-Wilmersdorf,True,Apartment,True,82.3,2083.49,2333.12,25.32,2025-12-05,4,4
876,Moabit,Mitte,True,Apartment,True,43.8,902.28,1066.58,20.6,2025-09-13,4,3
877,Kreuzberg,Friedrichshain-Kreuzberg,True,Apartment,True,40.7,1097.52,1243.88,26.97,2026-05-26,5,3
878,Prenzlauer Berg,Pankow,True,Apartment,False,51.0,1132.79,1311.51,22.21,2026-01-03,5,4
879,Neukölln,Neukölln,True,Room,True,20.3,505.72,646.28,24.91,2026-02-28,4,3
880,Lichtenberg,Lichtenberg,False,Apartment,False,57.6,789.82,1003.4,13.71,2026-05-21,2,4
881,Friedrichshain,Friedrichshain-Kreuzberg,True,Room,False,15.2,331.16,452.78,21.79,2025-07-10,5,3
882,Friedrichshain,Friedrichshain-Kreuzberg,True,Room,True,16.1,392.63,564.52,24.39,2025-06-12,5,3
883,Neukölln,Neukölln,True,Room,False,27.0,542.86,680.17,20.11,2026-06-13,4,3
884,Lichtenberg,Lichtenberg,False,Room,True,14.3,306.02,449.8,21.4,2025-11-19,2,4
885,Schöneberg,Tempelhof-Schöneberg,True,Apartment,False,74.3,1345.33,1620.17,18.11,2026-02-27,4,4
886,Wedding,Mitte,True,Room,True,15.8,346.68,473.58,21.94,2026-02-03,3,3
887,Charlottenburg,Charlottenburg-Wilmersdorf,True,Apartment,False,37.4,666.89,795.81,17.83,2025-08-25,4,4
888,Pankow,Pankow,False,Apartment,False,49.3,796.8,989.42,16.16,2026-05-21,3,4
889,Lichtenberg,Lichtenberg,False,Apartment,True,40.8,810.17,950.08,19.86,2025-12-07,2,4
890,Kreuzberg,Friedrichshain-Kreuzberg,True,Room,False,23.3,569.49,689.11,24.44,2026-01-16,5,3
891,Wedding,Mitte,True,Apartment,False,41.1,577.86,742.97,14.06,2026-06-29,3,3
892,Kreuzberg,Friedrichshain-Kreuzberg,True,Apartment,False,42.8,944.07,1096.24,22.06,2026-02-15,5,3
893,Charlottenburg,Charlottenburg-Wilmersdorf,True,Apartment,True,79.8,2101.05,2427.66,26.33,2026-05-08,4,4
894,Kreuzberg,Friedrichshain-Kreuzberg,True,Apartment,False,81.1,1586.09,1832.21,19.56,2026-02-01,5,3
895,Mitte,Mitte,True,Room,False,18.3,435.82,600.48,23.82,2026-01-15,5,4
896,Charlottenburg,Charlottenburg-Wilmersdorf,True,Room,True,23.0,566.53,737.35,24.63,2025-10-21,4,4
897,Prenzlauer Berg,Pankow,True,Room,False,20.2,477.29,592.97,23.63,2026-02-18,5,4
898,Schöneberg,Tempelhof-Schöneberg,True,Room,True,22.5,617.66,751.13,27.45,2025-08-15,4,4
899,Steglitz,Steglitz-Zehlendorf,False,Apartment,True,53.6,918.34,1136.65,17.13,2026-08-22,2,5
900,Wedding,Mitte,True,Room,False,20.2,392.82,555.06,19.45,2025-10-26,3,3
901,Kreuzberg,Friedrichshain-Kreuzberg,True,Apartment,False,56.2,1223.24,1395.63,21.77,2026-03-28,5,3
902,Pankow,Pankow,False,Room,True,20.6,470.58,584.88,22.84,2026-03-30,3,4
903,Schöneberg,Tempelhof-Schöneberg,True,Room,False,26.8,541.11,687.24,20.19,2026-05-30,4,4
904,Pankow,Pankow,False,Apartment,True,44.3,821.18,951.9,18.54,2026-07-29,3,4
905,Neukölln,Neukölln,True,Apartment,True,63.0,1344.28,1527.16,21.34,2025-10-13,4,3
906,Neukölln,Neukölln,True,Apartment,False,58.6,1077.56,1310.27,18.39,2025-12-31,4,3
907,Kreuzberg,Friedrichshain-Kreuzberg,True,Apartment,False,47.2,882.1,1034.68,18.69,2025-07-05,5,3
908,Pankow,Pankow,False,Apartment,False,63.3,1003.82,1235.09,15.86,2026-01-30,3,4
909,Steglitz,Steglitz-Zehlendorf,False,Apartment,True,71.6,1146.91,1404.53,16.02,2025-08-14,2,5
910,Charlottenburg,Charlottenburg-Wilmersdorf,True,Apartment,False,52.9,886.1,1062.44,16.75,2026-04-22,4,4
911,Charlottenburg,Charlottenburg-Wilmersdorf,True,Room,True,22.9,512.64,663.46,22.39,2026-06-27,4,4
912,Friedrichshain,Friedrichshain-Kreuzberg,True,Apartment,True,51.1,1299.88,1497.12,25.44,2025-10-17,5,3
913,Lichtenberg,Lichtenberg,False,Apartment,True,61.7,1030.05,1219.12,16.69,2025-10-23,2,4
914,Charlottenburg,Charlottenburg-Wilmersdorf,True,Apartment,False,81.0,1388.9,1644.98,17.15,2026-02-13,4,4
915,Prenzlauer Berg,Pankow,True,Apartment,False,62.9,1344.19,1598.49,21.37,2026-08-08,5,4
916,Wedding,Mitte,True,Apartment,False,75.1,1145.48,1445.82,15.25,2025-07-30,3,3
917,Kreuzberg,Friedrichshain-Kreuzberg,True,Apartment,False,50.6,994.38,1190.73,19.65,2026-08-30,5,3
918,Pankow,Pankow,False,Apartment,False,43.6,620.15,785.54,14.22,2025-07-31,3,4
919,Prenzlauer Berg,Pankow,True,Room,False,23.6,522.51,646.15,22.14,2025-07-11,5,4
920,Schöneberg,Tempelhof-Schöneberg,True,Apartment,False,38.9,744.31,892.47,19.13,2025-06-22,4,4
921,Prenzlauer Berg,Pankow,True,Room,False,21.2,447.87,565.6,21.13,2025-10-08,5,4
922,Mitte,Mitte,True,Room,False,24.6,626.31,796.12,25.46,2025-09-14,5,4
923,Pankow,Pankow,False,Apartment,True,52.6,949.42,1161.41,18.05,2026-03-24,3,4
924,Charlottenburg,Charlottenburg-Wilmersdorf,True,Room,False,24.9,525.93,668.75,21.12,2025-07-05,4,4
925,Friedrichshain,Friedrichshain-Kreuzberg,True,Apartment,False,61.4,1272.92,1522.03,20.73,2025-08-27,5,3
926,Wedding,Mitte,True,Room,False,26.9,516.93,682.26,19.22,2026-01-30,3,3
927,Charlottenburg,Charlottenburg-Wilmersdorf,True,Apartment,True,68.7,1542.83,1822.96,22.46,2026-01-04,4,4
928,Prenzlauer Berg,Pankow,True,Apartment,False,73.1,1451.3,1704.16,19.85,2026-02-22,5,4
929,Kreuzberg,Friedrichshain-Kreuzberg,True,Apartment,True,49.4,1262.21,1434.74,25.55,2025-12-15,5,3
930,Neukölln,Neukölln,True,Apartment,False,69.4,1321.64,1541.71,19.04,2025-12-26,4,3
931,Neukölln,Neukölln,True,Apartment,False,77.8,1496.22,1796.76,19.23,2026-05-14,4,3
932,Charlottenburg,Charlottenburg-Wilmersdorf,True,Room,False,20.9,402.28,540.75,19.25,2026-05-04,4,4
933,Lichtenberg,Lichtenberg,False,Room,True,19.6,380.4,550.54,19.41,2025-08-26,2,4
934,Friedrichshain,Friedrichshain-Kreuzberg,True,Room,True,16.8,471.63,596.77,28.07,2026-01-04,5,3
935,Steglitz,Steglitz-Zehlendorf,False,Apartment,False,73.3,1065.94,1345.03,14.54,2026-07-16,2,5
936,Lichtenberg,Lichtenberg,False,Apartment,True,68.3,1410.47,1650.46,20.65,2025-08-15,2,4
937,Moabit,Mitte,True,Room,True,21.0,479.59,596.06,22.84,2025-06-28,4,3
938,Friedrichshain,Friedrichshain-Kreuzberg,True,Apartment,True,44.0,1115.53,1259.12,25.35,2026-04-16,5,3
939,Friedrichshain,Friedrichshain-Kreuzberg,True,Apartment,False,61.0,1211.43,1422.44,19.86,2025-10-29,5,3
940,Lichtenberg,Lichtenberg,False,Apartment,False,62.1,927.16,1147.53,14.93,2025-06-10,2,4
941,Mitte,Mitte,True,Apartment,False,41.0,890.34,1051.2,21.72,2026-01-13,5,4
942,Moabit,Mitte,True,Room,True,23.2,578.83,699.5,24.95,2026-01-07,4,3
943,Kreuzberg,Friedrichshain-Kreuzberg,True,Room,True,24.7,675.24,821.24,27.34,2026-03-04,5,3
944,Pankow,Pankow,False,Apartment,False,42.8,577.87,715.52,13.5,2026-03-30,3,4
945,Schöneberg,Tempelhof-Schöneberg,True,Apartment,True,83.9,1769.81,2017.66,21.09,2026-08-03,4,4
946,Charlottenburg,Charlottenburg-Wilmersdorf,True,Room,False,14.4,318.95,451.13,22.15,2025-07-20,4,4
947,Schöneberg,Tempelhof-Schöneberg,True,Room,True,18.9,468.31,620.44,24.78,2026-03-31,4,4
948,Friedrichshain,Friedrichshain-Kreuzberg,True,Apartment,True,50.2,1162.88,1328.11,23.16,2026-01-22,5,3
949,Lichtenberg,Lichtenberg,False,Apartment,False,80.1,1075.89,1375.08,13.43,2026-03-29,2,4
950,Mitte,Mitte,True,Apartment,True,54.5,1601.6,1766.19,29.39,2026-05-12,5,4
951,Prenzlauer Berg,Pankow,True,Room,False,24.7,550.1,700.06,22.27,2025-12-04,5,4
952,Schöneberg,Tempelhof-Schöneberg,True,Room,False,27.6,523.05,688.32,18.95,2025-09-18,4,4
953,Neukölln,Neukölln,True,Room,True,22.0,568.07,740.34,25.82,2026-06-03,4,3
954,Pankow,Pankow,False,Room,True,14.9,322.81,446.44,21.67,2026-07-13,3,4
955,Friedrichshain,Friedrichshain-Kreuzberg,True,Apartment,True,75.2,1890.81,2126.94,25.14,2025-12-23,5,3
956,Neukölln,Neukölln,True,Apartment,False,73.2,1224.79,1438.7,16.73,2026-05-27,4,3
957,Wedding,Mitte,True,Apartment,False,45.6,771.04,943.89,16.91,2026-01-26,3,3
958,Neukölln,Neukölln,True,Apartment,False,65.7,1234.63,1459.35,18.79,2026-03-17,4,3
959,Steglitz,Steglitz-Zehlendorf,False,Apartment,False,53.2,707.22,871.11,13.29,2026-05-17,2,5
960,Neukölln,Neukölln,True,Apartment,False,78.0,1504.54,1790.08,19.29,2026-08-08,4,3
961,Schöneberg,Tempelhof-Schöneberg,True,Room,True,16.2,402.8,528.3,24.86,2025-08-16,4,4
962,Prenzlauer Berg,Pankow,True,Room,False,18.3,418.47,592.9,22.87,2026-01-03,5,4
963,Lichtenberg,Lichtenberg,False,Apartment,True,48.6,818.67,975.81,16.85,2026-03-09,2,4
964,Kreuzberg,Friedrichshain-Kreuzberg,True,Apartment,True,71.1,1831.06,2113.74,25.75,2025-11-08,5,3
965,Pankow,Pankow,False,Room,True,27.4,613.12,780.69,22.38,2025-12-21,3,4
966,Steglitz,Steglitz-Zehlendorf,False,Apartment,True,63.5,1104.6,1339.36,17.4,2026-03-25,2,5
967,Wedding,Mitte,True,Room,False,17.3,288.45,450.88,16.67,2025-11-16,3,3
968,Pankow,Pankow,False,Apartment,False,72.2,1159.02,1387.29,16.05,2025-07-25,3,4
969,Kreuzberg,Friedrichshain-Kreuzberg,True,Room,True,19.7,545.9,690.58,27.71,2026-05-25,5,3
970,Friedrichshain,Friedrichshain-Kreuzberg,True,Room,False,23.6,567.69,734.85,24.05,2025-08-14,5,3
971,Charlottenburg,Charlottenburg-Wilmersdorf,True,Apartment,True,50.4,1271.3,1419.57,25.22,2026-06-14,4,4
972,Lichtenberg,Lichtenberg,False,Apartment,True,80.9,1457.14,1729.1,18.01,2026-04-24,2,4
973,Steglitz,Steglitz-Zehlendorf,False,Room,False,15.7,278.75,444.5,17.75,2025-12-16,2,5
974,Mitte,Mitte,True,Apartment,True,83.9,2125.79,2451.93,25.34,2025-09-29,5,4
975,Neukölln,Neukölln,True,Room,False,26.8,554.03,721.2,20.67,2026-06-28,4,3
976,Lichtenberg,Lichtenberg,False,Room,True,26.1,565.34,705.96,21.66,2025-12-29,2,4
977,Charlottenburg,Charlottenburg-Wilmersdorf,True,Apartment,False,76.0,1484.12,1768.22,19.53,2026-02-15,4,4
978,Friedrichshain,Friedrichshain-Kreuzberg,True,Room,False,25.4,588.31,727.77,23.16,2025-06-15,5,3
979,Mitte,Mitte,True,Apartment,True,57.2,1547.52,1727.13,27.05,2025-11-04,5,4
980,Charlottenburg,Charlottenburg-Wilmersdorf,True,Apartment,True,47.5,1194.96,1369.71,25.16,2025-08-06,4,4
981,Pankow,Pankow,False,Apartment,False,51.0,751.09,943.98,14.73,2025-10-12,3,4
982,Kreuzberg,Friedrichshain-Kreuzberg,True,Apartment,False,75.0,1425.2,1680.0,19.0,2025-09-02,5,3
983,Schöneberg,Tempelhof-Schöneberg,True,Apartment,False,79.2,1360.27,1680.06,17.18,2026-03-13,4,4
984,Lichtenberg,Lichtenberg,False,Apartment,True,39.4,682.23,836.76,17.32,2025-06-26,2,4
985,Schöneberg,Tempelhof-Schöneberg,True,Apartment,False,42.5,840.93,972.86,19.79,2026-03-18,4,4
986,Friedrichshain,Friedrichshain-Kreuzberg,True,Room,False,24.8,593.12,756.89,23.92,2026-02-09,5,3
987,Friedrichshain,Friedrichshain-Kreuzberg,True,Room,True,27.2,750.85,909.37,27.6,2025-12-13,5,3
988,Kreuzberg,Friedrichshain-Kreuzberg,True,Room,True,17.0,495.19,617.5,29.13,2025-09-01,5,3
989,Schöneberg,Tempelhof-Schöneberg,True,Apartment,True,83.8,1828.66,2096.65,21.82,2026-03-26,4,4
990,Lichtenberg,Lichtenberg,False,Apartment,True,58.4,1187.19,1384.41,20.33,2025-09-17,2,4
991,Steglitz,Steglitz-Zehlendorf,False,Room,False,22.4,344.89,491.09,15.4,2025-06-27,2,5
992,Charlottenburg,Charlottenburg-Wilmersdorf,True,Apartment,False,52.7,987.75,1183.0,18.74,2026-07-16,4,4
993,Pankow,Pankow,False,Apartment,False,35.3,522.55,641.06,14.8,2025-12-20,3,4
994,Lichtenberg,Lichtenberg,False,Room,False,21.8,364.04,490.96,16.7,2026-02-13,2,4
995,Moabit,Mitte,True,Apartment,False,41.6,675.05,822.17,16.23,2025-08-12,4,3
996,Neukölln,Neukölln,True,Room,True,15.8,419.75,578.36,26.57,2026-01-07,4,3
997,Neukölln,Neukölln,True,Apartment,True,76.5,1890.48,2152.33,24.71,2025-08-24,4,3
998,Charlottenburg,Charlottenburg-Wilmersdorf,True,Apartment,False,82.5,1531.24,1861.85,18.56,2026-04-22,4,4
999,Moabit,Mitte,True,Room,True,17.2,356.06,511.95,20.7,2026-01-10,4,3
1000,Friedrichshain,Friedrichshain-Kreuzberg,True,Apartment,False,37.0,715.23,854.01,19.33,2026-02-04,5,3
1001,Moabit,Mitte,True,Apartment,False,78.3,1220.55,1456.41,15.59,2026-08-19,4,3
1002,Neukölln,Neukölln,True,Room,True,21.1,506.74,654.81,24.02,2026-03-26,4,3
1003,Mitte,Mitte,True,Apartment,False,55.8,1122.16,1335.42,20.11,2026-05-13,5,4
1004,Friedrichshain,Friedrichshain-Kreuzberg,True,Apartment,True,69.1,1791.84,2041.18,25.93,2025-07-25,5,3
1005,Charlottenburg,Charlottenburg-Wilmersdorf,True,Room,True,25.6,651.64,823.73,25.45,2026-04-01,4,4
1006,Lichtenberg,Lichtenberg,False,Room,False,23.2,412.63,543.75,17.79,2026-06-10,2,4
1007,Steglitz,Steglitz-Zehlendorf,False,Apartment,False,41.5,634.83,795.1,15.3,2025-10-23,2,5
1008,Charlottenburg,Charlottenburg-Wilmersdorf,True,Apartment,False,62.4,1168.64,1356.53,18.73,2025-10-09,4,4
1009,Kreuzberg,Friedrichshain-Kreuzberg,True,Room,False,19.6,403.73,527.26,20.6,2025-12-16,5,3
1010,Schöneberg,Tempelhof-Schöneberg,True,Room,False,23.2,443.51,585.41,19.12,2026-01-08,4,4
1011,Steglitz,Steglitz-Zehlendorf,False,Apartment,True,69.2,1191.6,1461.37,17.22,2026-02-18,2,5
1012,Prenzlauer Berg,Pankow,True,Apartment,False,58.8,1226.49,1426.86,20.86,2026-06-23,5,4
1013,Schöneberg,Tempelhof-Schöneberg,True,Apartment,False,56.7,1014.51,1181.69,17.89,2025-11-22,4,4
1014,Moabit,Mitte,True,Apartment,False,70.7,1290.36,1540.12,18.25,2026-04-28,4,3
1015,Wedding,Mitte,True,Room,False,15.1,284.45,413.98,18.84,2025-08-05,3,3
1016,Lichtenberg,Lichtenberg,False,Apartment,False,61.2,826.91,1007.9,13.51,2025-07-10,2,4
1017,Mitte,Mitte,True,Apartment,False,55.7,1213.04,1422.72,21.78,2026-07-22,5,4
1018,Neukölln,Neukölln,True,Room,False,24.8,457.77,615.9,18.46,2026-01-23,4,3
1019,Kreuzberg,Friedrichshain-Kreuzberg,True,Apartment,False,37.3,740.94,880.64,19.86,2025-11-08,5,3
1020,Pankow,Pankow,False,Apartment,False,57.5,901.76,1092.06,15.68,2026-08-21,3,4
1021,Kreuzberg,Friedrichshain-Kreuzberg,True,Room,True,27.8,729.53,867.73,26.24,2025-06-10,5,3
1022,Mitte,Mitte,True,Room,True,23.2,664.75,817.5,28.65,2026-06-17,5,4
1023,Pankow,Pankow,False,Apartment,True,75.7,1492.92,1799.94,19.72,2026-05-12,3,4
1024,Schöneberg,Tempelhof-Schöneberg,True,Apartment,True,41.8,942.75,1098.88,22.55,2025-09-05,4,4
1025,Mitte,Mitte,True,Room,False,23.1,553.54,704.23,23.96,2026-07-10,5,4
1026,Wedding,Mitte,True,Room,True,20.5,420.29,541.09,20.5,2025-08-18,3,3
1027,Steglitz,Steglitz-Zehlendorf,False,Apartment,False,58.6,895.84,1106.93,15.29,2025-09-12,2,5
1028,Neukölln,Neukölln,True,Apartment,False,37.5,604.78,741.9,16.13,2026-06-01,4,3
1029,Schöneberg,Tempelhof-Schöneberg,True,Apartment,False,71.9,1329.95,1586.29,18.5,2025-10-27,4,4
1030,Mitte,Mitte,True,Apartment,False,64.6,1447.65,1687.6,22.41,2026-07-24,5,4
1031,Moabit,Mitte,True,Room,True,14.3,335.27,462.68,23.45,2026-04-28,4,3
1032,Schöneberg,Tempelhof-Schöneberg,True,Apartment,True,66.1,1564.43,1790.72,23.67,2025-08-22,4,4
1033,Neukölln,Neukölln,True,Apartment,False,56.9,1017.19,1222.33,17.88,2026-05-17,4,3
1034,Charlottenburg,Charlottenburg-Wilmersdorf,True,Apartment,False,70.8,1291.85,1572.2,18.25,2026-06-06,4,4
1035,Steglitz,Steglitz-Zehlendorf,False,Room,False,27.2,465.61,599.03,17.12,2026-01-28,2,5
1036,Kreuzberg,Friedrichshain-Kreuzberg,True,Apartment,True,72.5,1843.89,2071.5,25.43,2026-04-07,5,3
1037,Moabit,Mitte,True,Room,False,27.9,516.67,640.28,18.52,2025-06-25,4,3
1038,Mitte,Mitte,True,Room,True,23.5,663.23,805.96,28.22,2026-07-19,5,4
1039,Friedrichshain,Friedrichshain-Kreuzberg,True,Room,True,17.2,463.16,637.75,26.93,2026-07-07,5,3
1040,Charlottenburg,Charlottenburg-Wilmersdorf,True,Apartment,False,62.9,1244.59,1491.42,19.79,2026-08-22,4,4
1041,Wedding,Mitte,True,Apartment,True,37.5,834.51,986.58,22.25,2026-06-22,3,3
1042,Friedrichshain,Friedrichshain-Kreuzberg,True,Apartment,False,65.5,1394.35,1592.31,21.29,2026-03-15,5,3
1043,Mitte,Mitte,True,Apartment,True,40.9,1059.99,1214.35,25.92,2026-05-29,5,4
1044,Moabit,Mitte,True,Apartment,False,78.5,1231.6,1493.51,15.69,2026-07-25,4,3
1045,Kreuzberg,Friedrichshain-Kreuzberg,True,Room,True,27.6,749.61,913.87,27.16,2026-01-29,5,3
1046,Charlottenburg,Charlottenburg-Wilmersdorf,True,Room,True,17.7,453.41,604.32,25.62,2025-10-04,4,4
1047,Kreuzberg,Friedrichshain-Kreuzberg,True,Apartment,False,74.4,1395.93,1649.98,18.76,2025-12-27,5,3
1048,Moabit,Mitte,True,Apartment,False,69.1,1264.14,1501.23,18.29,2026-06-30,4,3
1049,Mitte,Mitte,True,Apartment,False,38.5,817.54,947.75,21.23,2026-07-01,5,4
1050,Kreuzberg,Friedrichshain-Kreuzberg,True,Room,True,14.5,409.15,556.5,28.22,2026-04-20,5,3
1051,Steglitz,Steglitz-Zehlendorf,False,Apartment,False,83.6,1174.92,1506.22,14.05,2026-05-25,2,5
1052,Wedding,Mitte,True,Apartment,False,50.7,762.03,959.37,15.03,2026-02-26,3,3
1053,Pankow,Pankow,False,Apartment,False,57.3,798.47,1002.07,13.93,2026-07-09,3,4
1054,Pankow,Pankow,False,Apartment,False,79.4,1239.16,1507.96,15.61,2025-09-10,3,4
1055,Neukölln,Neukölln,True,Room,False,19.5,409.27,576.46,20.99,2026-02-22,4,3
1056,Wedding,Mitte,True,Room,True,21.7,477.3,597.7,22.0,2025-06-15,3,3
1057,Wedding,Mitte,True,Apartment,True,73.7,1608.75,1832.25,21.83,2025-07-01,3,3
1058,Charlottenburg,Charlottenburg-Wilmersdorf,True,Room,False,15.7,339.93,511.12,21.65,2026-01-16,4,4
1059,Neukölln,Neukölln,True,Apartment,True,51.9,1152.44,1339.17,22.21,2026-06-01,4,3
1060,Lichtenberg,Lichtenberg,False,Apartment,False,46.7,631.47,804.27,13.52,2026-07-23,2,4
1061,Steglitz,Steglitz-Zehlendorf,False,Apartment,True,53.9,979.36,1169.07,18.17,2025-09-07,2,5
1062,Charlottenburg,Charlottenburg-Wilmersdorf,True,Apartment,True,56.3,1233.07,1425.05,21.9,2025-08-06,4,4
1063,Moabit,Mitte,True,Room,True,23.5,534.39,695.01,22.74,2026-08-21,4,3
1064,Neukölln,Neukölln,True,Apartment,False,84.8,1569.78,1912.15,18.51,2026-06-10,4,3
1065,Schöneberg,Tempelhof-Schöneberg,True,Apartment,True,41.4,954.53,1109.59,23.06,2026-08-16,4,4
1066,Wedding,Mitte,True,Room,True,20.6,478.4,612.41,23.22,2025-07-31,3,3
1067,Pankow,Pankow,False,Apartment,True,53.5,969.83,1132.54,18.13,2025-11-04,3,4
1068,Charlottenburg,Charlottenburg-Wilmersdorf,True,Room,False,25.1,486.55,634.88,19.38,2025-06-25,4,4
1069,Neukölln,Neukölln,True,Apartment,True,76.0,1649.18,1901.38,21.7,2026-08-20,4,3
1070,Mitte,Mitte,True,Room,False,21.9,568.73,729.52,25.97,2026-01-30,5,4
1071,Steglitz,Steglitz-Zehlendorf,False,Apartment,True,41.9,807.4,962.46,19.27,2025-08-16,2,5
1072,Steglitz,Steglitz-Zehlendorf,False,Room,False,23.3,382.04,507.17,16.4,2025-12-20,2,5
1073,Charlottenburg,Charlottenburg-Wilmersdorf,True,Apartment,False,79.5,1527.14,1819.31,19.21,2026-08-18,4,4
1074,Kreuzberg,Friedrichshain-Kreuzberg,True,Apartment,False,74.8,1572.09,1839.37,21.02,2025-08-03,5,3
1075,Lichtenberg,Lichtenberg,False,Apartment,True,65.9,1137.37,1373.57,17.26,2025-09-05,2,4
1076,Moabit,Mitte,True,Apartment,True,67.9,1545.87,1765.18,22.77,2025-09-14,4,3
1077,Prenzlauer Berg,Pankow,True,Apartment,False,64.0,1211.26,1437.84,18.93,2025-11-12,5,4
1078,Schöneberg,Tempelhof-Schöneberg,True,Apartment,False,81.7,1436.8,1691.43,17.59,2025-06-13,4,4
1079,Wedding,Mitte,True,Room,True,15.6,302.17,421.53,19.37,2025-10-09,3,3
1080,Friedrichshain,Friedrichshain-Kreuzberg,True,Room,False,23.5,481.12,653.59,20.47,2025-09-01,5,3
1081,Mitte,Mitte,True,Apartment,True,39.9,1085.39,1213.45,27.2,2026-07-29,5,4
1082,Friedrichshain,Friedrichshain-Kreuzberg,True,Room,True,22.4,569.63,712.42,25.43,2025-07-29,5,3
1083,Neukölln,Neukölln,True,Room,False,19.7,396.82,533.31,20.14,2025-09-28,4,3
1084,Mitte,Mitte,True,Room,False,23.5,543.89,689.95,23.14,2026-07-08,5,4
1085,Kreuzberg,Friedrichshain-Kreuzberg,True,Room,False,15.2,350.64,473.86,23.07,2025-08-12,5,3
1086,Charlottenburg,Charlottenburg-Wilmersdorf,True,Apartment,True,47.3,1270.94,1439.62,26.87,2025-06-22,4,4
1087,Mitte,Mitte,True,Apartment,False,66.0,1490.82,1695.48,22.59,2025-07-01,5,4
1088,Moabit,Mitte,True,Room,True,23.5,606.12,729.95,25.79,2026-08-05,4,3
1089,Wedding,Mitte,True,Room,True,21.5,411.31,566.71,19.13,2026-07-31,3,3
1090,Kreuzberg,Friedrichshain-Kreuzberg,True,Apartment,False,78.9,1503.12,1779.73,19.05,2026-07-16,5,3
1091,Charlottenburg,Charlottenburg-Wilmersdorf,True,Apartment,False,66.8,1341.79,1592.24,20.09,2025-10-18,4,4
1092,Prenzlauer Berg,Pankow,True,Apartment,True,45.5,1276.57,1458.43,28.06,2025-08-08,5,4
1093,Lichtenberg,Lichtenberg,False,Apartment,False,35.2,447.83,557.24,12.72,2026-03-12,2,4
1094,Steglitz,Steglitz-Zehlendorf,False,Apartment,False,61.9,933.73,1161.45,15.08,2025-07-10,2,5
1095,Wedding,Mitte,True,Room,False,23.4,431.16,564.1,18.43,2026-07-22,3,3
1096,Schöneberg,Tempelhof-Schöneberg,True,Apartment,True,43.9,1094.43,1222.18,24.93,2026-01-23,4,4
1097,Charlottenburg,Charlottenburg-Wilmersdorf,True,Apartment,False,46.1,766.7,915.94,16.63,2026-05-30,4,4
1098,Charlottenburg,Charlottenburg-Wilmersdorf,True,Room,False,22.8,498.02,622.39,21.84,2026-02-08,4,4
1099,Charlottenburg,Charlottenburg-Wilmersdorf,True,Room,False,23.9,504.2,614.66,21.1,2026-07-26,4,4
1100,Lichtenberg,Lichtenberg,False,Room,False,22.0,361.8,507.67,16.45,2026-05-04,2,4
1101,Steglitz,Steglitz-Zehlendorf,False,Apartment,False,63.3,826.89,1020.2,13.06,2025-07-04,2,5
1102,Kreuzberg,Friedrichshain-Kreuzberg,True,Room,False,17.2,388.99,549.84,22.62,2025-09-07,5,3
1103,Lichtenberg,Lichtenberg,False,Room,False,23.5,394.77,549.01,16.8,2026-08-27,2,4
1104,Moabit,Mitte,True,Room,False,23.4,461.05,626.55,19.7,2025-11-13,4,3
1105,Schöneberg,Tempelhof-Schöneberg,True,Apartment,False,41.1,748.89,892.52,18.22,2026-02-20,4,4
1106,Mitte,Mitte,True,Apartment,True,48.9,1337.75,1479.86,27.36,2025-09-08,5,4
1107,Charlottenburg,Charlottenburg-Wilmersdorf,True,Room,False,14.4,310.77,484.35,21.58,2026-01-03,4,4
1108,Friedrichshain,Friedrichshain-Kreuzberg,True,Apartment,True,51.5,1211.68,1362.75,23.53,2026-01-08,5,3
1109,Mitte,Mitte,True,Apartment,False,51.7,1078.29,1234.91,20.86,2025-10-01,5,4
1110,Charlottenburg,Charlottenburg-Wilmersdorf,True,Apartment,False,61.0,1062.15,1244.39,17.41,2026-04-04,4,4
1111,Pankow,Pankow,False,Room,True,20.3,405.73,575.32,19.99,2025-12-11,3,4
1112,Charlottenburg,Charlottenburg-Wilmersdorf,True,Apartment,False,74.1,1243.64,1529.88,16.78,2025-06-29,4,4
1113,Neukölln,Neukölln,True,Apartment,False,40.1,653.44,772.24,16.3,2026-08-10,4,3
1114,Schöneberg,Tempelhof-Schöneberg,True,Room,False,19.8,432.34,593.53,21.84,2026-04-16,4,4
1115,Mitte,Mitte,True,Apartment,False,56.4,1266.01,1436.42,22.45,2026-04-30,5,4
1116,Lichtenberg,Lichtenberg,False,Apartment,False,51.4,679.88,835.27,13.23,2026-04-01,2,4
1117,Steglitz,Steglitz-Zehlendorf,False,Room,False,16.7,281.94,433.37,16.88,2025-10-10,2,5
1118,Charlottenburg,Charlottenburg-Wilmersdorf,True,Room,False,20.2,399.1,560.91,19.76,2025-07-01,4,4
1119,Kreuzberg,Friedrichshain-Kreuzberg,True,Room,False,27.4,645.11,775.34,23.54,2026-08-28,5,3
1120,Wedding,Mitte,True,Apartment,True,50.4,950.7,1097.35,18.86,2026-03-28,3,3
1121,Lichtenberg,Lichtenberg,False,Apartment,True,60.4,1203.98,1409.73,19.93,2025-09-09,2,4
1122,Prenzlauer Berg,Pankow,True,Apartment,True,38.4,944.62,1087.86,24.6,2026-01-26,5,4
1123,Pankow,Pankow,False,Apartment,False,63.3,906.04,1112.37,14.31,2025-11-16,3,4
1124,Kreuzberg,Friedrichshain-Kreuzberg,True,Room,False,26.7,600.93,770.73,22.51,2026-04-24,5,3
1125,Prenzlauer Berg,Pankow,True,Apartment,False,45.7,938.05,1112.72,20.53,2026-07-23,5,4
1126,Charlottenburg,Charlottenburg-Wilmersdorf,True,Apartment,True,55.0,1290.32,1450.47,23.46,2025-12-01,4,4
1127,Mitte,Mitte,True,Apartment,True,57.0,1714.18,1904.1,30.07,2025-06-16,5,4
1128,Prenzlauer Berg,Pankow,True,Room,True,26.4,744.58,890.62,28.2,2025-08-31,5,4
1129,Prenzlauer Berg,Pankow,True,Room,False,26.7,559.89,713.92,20.97,2025-12-12,5,4
1130,Lichtenberg,Lichtenberg,False,Apartment,True,81.8,1368.78,1685.46,16.73,2026-05-05,2,4
1131,Kreuzberg,Friedrichshain-Kreuzberg,True,Apartment,False,84.9,1842.96,2178.66,21.71,2025-07-04,5,3
1132,Friedrichshain,Friedrichshain-Kreuzberg,True,Room,False,25.1,527.08,661.66,21.0,2025-12-09,5,3
1133,Charlottenburg,Charlottenburg-Wilmersdorf,True,Apartment,False,47.2,789.48,961.25,16.73,2025-09-05,4,4
1134,Wedding,Mitte,True,Room,True,17.5,377.04,495.26,21.55,2026-02-16,3,3
1135,Pankow,Pankow,False,Apartment,True,39.1,747.18,863.61,19.11,2026-02-16,3,4
1136,Schöneberg,Tempelhof-Schöneberg,True,Apartment,False,60.5,1098.13,1307.29,18.15,2025-11-12,4,4
1137,Steglitz,Steglitz-Zehlendorf,False,Room,False,24.0,399.59,527.03,16.65,2025-12-23,2,5
1138,Lichtenberg,Lichtenberg,False,Apartment,False,36.8,489.51,605.19,13.3,2026-08-16,2,4
1139,Prenzlauer Berg,Pankow,True,Room,True,26.4,762.26,896.58,28.87,2026-03-09,5,4
1140,Friedrichshain,Friedrichshain-Kreuzberg,True,Room,True,20.2,528.03,668.27,26.14,2026-04-15,5,3
1141,Charlottenburg,Charlottenburg-Wilmersdorf,True,Room,False,19.7,430.02,560.63,21.83,2025-12-13,4,4
1142,Mitte,Mitte,True,Room,True,23.0,629.53,794.3,27.37,2026-02-18,5,4
1143,Wedding,Mitte,True,Apartment,False,81.3,1161.22,1403.95,14.28,2025-06-20,3,3
1144,Wedding,Mitte,True,Room,True,18.6,395.11,549.54,21.24,2025-10-19,3,3
1145,Prenzlauer Berg,Pankow,True,Apartment,False,84.9,1835.85,2157.43,21.62,2025-10-12,5,4
1146,Mitte,Mitte,True,Apartment,True,52.3,1688.98,1892.23,32.29,2026-06-23,5,4
1147,Lichtenberg,Lichtenberg,False,Room,False,27.8,494.5,660.76,17.79,2025-09-25,2,4
1148,Prenzlauer Berg,Pankow,True,Apartment,True,46.7,1255.47,1417.17,26.88,2026-07-22,5,4
1149,Moabit,Mitte,True,Room,True,25.8,608.19,745.34,23.57,2026-01-11,4,3
1150,Moabit,Mitte,True,Apartment,True,41.9,942.92,1101.53,22.5,2026-02-11,4,3
1151,Lichtenberg,Lichtenberg,False,Apartment,True,56.0,1029.79,1244.51,18.39,2026-03-03,2,4
1152,Neukölln,Neukölln,True,Room,True,25.0,632.79,804.71,25.31,2025-11-17,4,3
1153,Pankow,Pankow,False,Apartment,False,65.4,1036.86,1303.44,15.85,2025-09-13,3,4
1154,Schöneberg,Tempelhof-Schöneberg,True,Room,True,20.6,510.29,661.83,24.77,2025-11-03,4,4
1155,Friedrichshain,Friedrichshain-Kreuzberg,True,Room,False,16.5,387.96,537.18,23.51,2025-06-14,5,3
1156,Kreuzberg,Friedrichshain-Kreuzberg,True,Room,False,19.4,414.04,542.96,21.34,2026-02-24,5,3
1157,Friedrichshain,Friedrichshain-Kreuzberg,True,Apartment,True,35.6,914.19,1034.14,25.68,2025-07-27,5,3
1158,Kreuzberg,Friedrichshain-Kreuzberg,True,Apartment,False,38.4,844.73,995.98,22.0,2025-08-06,5,3
1159,Prenzlauer Berg,Pankow,True,Room,False,23.3,501.71,649.09,21.53,2025-11-06,5,4
1160,Pankow,Pankow,False,Room,False,20.4,331.65,506.07,16.26,2026-01-15,3,4
1161,Friedrichshain,Friedrichshain-Kreuzberg,True,Apartment,False,47.3,909.23,1078.71,19.22,2026-02-07,5,3
1162,Moabit,Mitte,True,Apartment,True,39.6,917.2,1048.52,23.16,2026-08-06,4,3
1163,Steglitz,Steglitz-Zehlendorf,False,Apartment,True,76.2,1467.73,1705.13,19.26,2026-04-13,2,5
1164,Steglitz,Steglitz-Zehlendorf,False,Room,True,23.2,464.18,619.59,20.01,2025-06-23,2,5
1165,Prenzlauer Berg,Pankow,True,Apartment,True,79.1,2134.38,2370.11,26.98,2026-06-07,5,4
1166,Steglitz,Steglitz-Zehlendorf,False,Apartment,False,55.6,834.73,1004.06,15.01,2025-12-06,2,5
1167,Friedrichshain,Friedrichshain-Kreuzberg,True,Apartment,False,74.0,1445.91,1675.15,19.54,2025-09-15,5,3
1168,Wedding,Mitte,True,Room,True,22.9,505.03,637.37,22.05,2025-12-22,3,3
1169,Prenzlauer Berg,Pankow,True,Room,True,15.6,454.46,613.12,29.13,2026-02-04,5,4
1170,Moabit,Mitte,True,Room,False,17.4,360.69,479.81,20.73,2026-07-26,4,3
1171,Neukölln,Neukölln,True,Apartment,True,35.9,734.8,861.94,20.47,2025-12-18,4,3
1172,Kreuzberg,Friedrichshain-Kreuzberg,True,Room,False,23.5,496.61,629.89,21.13,2025-09-19,5,3
1173,Steglitz,Steglitz-Zehlendorf,False,Room,False,17.0,293.24,457.61,17.25,2026-07-21,2,5
1174,Wedding,Mitte,True,Apartment,False,79.9,1212.2,1473.47,15.17,2025-06-27,3,3
1175,Pankow,Pankow,False,Room,False,24.7,456.51,590.86,18.48,2025-10-01,3,4
1176,Prenzlauer Berg,Pankow,True,Room,False,27.9,621.09,743.58,22.26,2026-05-09,5,4
1177,Friedrichshain,Friedrichshain-Kreuzberg,True,Room,False,25.2,592.92,713.83,23.53,2025-08-25,5,3
1178,Mitte,Mitte,True,Room,True,18.6,532.87,656.33,28.65,2026-03-05,5,4
1179,Schöneberg,Tempelhof-Schöneberg,True,Apartment,True,45.7,988.68,1143.26,21.63,2025-11-09,4,4
1180,Mitte,Mitte,True,Room,False,14.9,381.46,533.71,25.6,2025-12-06,5,4
1181,Mitte,Mitte,True,Room,True,18.2,560.42,677.04,30.79,2026-03-02,5,4
1182,Pankow,Pankow,False,Room,False,22.4,417.61,572.87,18.64,2026-05-14,3,4
1183,Steglitz,Steglitz-Zehlendorf,False,Room,True,24.7,530.8,684.11,21.49,2025-07-05,2,5
1184,Charlottenburg,Charlottenburg-Wilmersdorf,True,Room,False,20.3,421.14,579.36,20.75,2026-02-13,4,4
1185,Pankow,Pankow,False,Apartment,True,36.1,683.67,798.6,18.94,2026-01-06,3,4
1186,Prenzlauer Berg,Pankow,True,Apartment,True,53.7,1298.94,1467.84,24.19,2025-06-20,5,4
1187,Prenzlauer Berg,Pankow,True,Apartment,False,82.3,1775.26,2046.39,21.57,2025-10-21,5,4
1188,Charlottenburg,Charlottenburg-Wilmersdorf,True,Apartment,False,61.0,1224.83,1449.17,20.08,2025-10-26,4,4
1189,Mitte,Mitte,True,Room,False,18.8,431.82,545.33,22.97,2026-05-07,5,4
1190,Prenzlauer Berg,Pankow,True,Apartment,False,46.1,1019.26,1181.8,22.11,2025-09-02,5,4
1191,Moabit,Mitte,True,Apartment,True,59.6,1319.29,1563.08,22.14,2025-09-13,4,3
1192,Kreuzberg,Friedrichshain-Kreuzberg,True,Room,False,25.6,620.96,746.32,24.26,2025-07-11,5,3
1193,Schöneberg,Tempelhof-Schöneberg,True,Apartment,True,71.1,1504.05,1731.48,21.15,2025-10-25,4,4
1194,Pankow,Pankow,False,Room,False,17.8,320.95,436.15,18.03,2025-12-02,3,4
1195,Schöneberg,Tempelhof-Schöneberg,True,Room,False,19.9,415.96,554.13,20.9,2025-08-19,4,4
1196,Moabit,Mitte,True,Room,True,26.0,648.35,797.04,24.94,2025-08-18,4,3
1197,Wedding,Mitte,True,Apartment,True,58.2,1123.26,1334.36,19.3,2025-07-07,3,3
1198,Charlottenburg,Charlottenburg-Wilmersdorf,True,Room,False,16.2,316.87,427.7,19.56,2026-02-12,4,4
1199,Steglitz,Steglitz-Zehlendorf,False,Apartment,False,81.3,1261.19,1591.64,15.51,2025-12-09,2,5
1200,Schöneberg,Tempelhof-Schöneberg,True,Apartment,False,64.4,1148.33,1338.09,17.83,2025-08-03,4,4
