listing_id,district_id,district_name,property_type,is_furnished,size_sqm,cold_rent_eur,warm_rent_eur,sample_size_total
1,1,Mitte,Apartment,No,58,948,1118,480
2,1,Mitte,Apartment,No,50,709,884,480
3,1,Mitte,Apartment,Yes,71,1213,1459,480
4,1,Mitte,Apartment,No,61,878,1058,480
5,1,Mitte,Apartment,No,55,837,1018,480
6,1,Mitte,Apartment,No,29,409,499,480
7,1,Mitte,Apartment,No,70,1004,1233,480
8,1,Mitte,Apartment,No,49,675,819,480
9,1,Mitte,Apartment,No,45,728,858,480
10,1,Mitte,Apartment,No,48,742,911,480
11,1,Mitte,Apartment,No,62,916,1117,480
12,1,Mitte,Apartment,Yes,37,661,788,480
13,1,Mitte,Apartment,No,61,849,1022,480
14,1,Mitte,Apartment,No,54,800,963,480
15,1,Mitte,Apartment,No,46,674,808,480
16,1,Mitte,Apartment,No,65,1080,1313,480
17,1,Mitte,Apartment,Yes,44,749,897,480
18,1,Mitte,Apartment,Yes,59,1205,1374,480
19,1,Mitte,Apartment,No,42,708,837,480
20,1,Mitte,Apartment,No,48,664,811,480
21,1,Mitte,Apartment,No,62,1050,1230,480
22,1,Mitte,Apartment,Yes,68,1384,1605,480
23,1,Mitte,Apartment,No,52,809,956,480
24,1,Mitte,Apartment,No,71,994,1229,480
25,1,Mitte,Apartment,No,53,902,1068,480
26,1,Mitte,Apartment,No,28,460,540,480
27,1,Mitte,Apartment,Yes,42,898,1037,480
28,1,Mitte,Apartment,Yes,46,971,1107,480
29,1,Mitte,Apartment,Yes,53,1102,1264,480
30,1,Mitte,Apartment,No,64,896,1097,480
31,1,Mitte,Apartment,No,56,763,939,480
32,1,Mitte,Apartment,No,55,794,963,480
33,1,Mitte,Apartment,Yes,50,972,1127,480
34,1,Mitte,Apartment,Yes,57,1230,1401,480
35,1,Mitte,Apartment,No,29,425,520,480
36,1,Mitte,Apartment,No,52,805,962,480
37,1,Mitte,Apartment,No,50,707,886,480
38,1,Mitte,Apartment,No,56,812,1003,480
39,1,Mitte,Apartment,No,61,914,1116,480
40,1,Mitte,Apartment,No,41,640,782,480
41,1,Mitte,Apartment,No,40,550,684,480
42,1,Mitte,Apartment,No,45,614,748,480
43,1,Mitte,Apartment,No,39,632,770,480
44,1,Mitte,Apartment,No,58,818,986,480
45,1,Mitte,Apartment,No,62,1034,1234,480
46,1,Mitte,Apartment,No,37,537,667,480
47,1,Mitte,Apartment,No,55,818,1004,480
48,1,Mitte,Apartment,Yes,61,1294,1503,480
49,1,Mitte,Apartment,Yes,44,781,926,480
50,1,Mitte,Apartment,No,55,749,932,480
51,1,Mitte,Apartment,No,74,1188,1437,480
52,1,Mitte,Apartment,No,58,840,1037,480
53,1,Mitte,Apartment,No,64,1029,1213,480
54,1,Mitte,Apartment,No,57,854,1025,480
55,1,Mitte,Apartment,No,51,865,1040,480
56,1,Mitte,Apartment,No,56,867,1046,480
57,1,Mitte,Apartment,No,60,879,1078,480
58,1,Mitte,Apartment,Yes,42,749,899,480
59,1,Mitte,Apartment,Yes,49,836,990,480
60,1,Mitte,Apartment,Yes,61,1314,1526,480
61,1,Mitte,Apartment,No,42,706,829,480
62,1,Mitte,Apartment,Yes,34,667,781,480
63,1,Mitte,Apartment,Yes,41,815,934,480
64,1,Mitte,Apartment,Yes,54,1049,1232,480
65,1,Mitte,Apartment,No,65,972,1196,480
66,1,Mitte,Apartment,Yes,65,1353,1582,480
67,1,Mitte,Apartment,No,58,963,1158,480
68,1,Mitte,Apartment,Yes,85,1763,2024,480
69,1,Mitte,Apartment,No,43,678,814,480
70,1,Mitte,Apartment,No,49,766,926,480
71,1,Mitte,Apartment,No,46,647,804,480
72,1,Mitte,Apartment,No,65,936,1122,480
73,1,Mitte,Apartment,No,53,828,1007,480
74,1,Mitte,Apartment,No,44,760,895,480
75,1,Mitte,Apartment,No,44,671,795,480
76,1,Mitte,Apartment,Yes,62,1335,1543,480
77,1,Mitte,Apartment,No,38,539,662,480
78,1,Mitte,Apartment,No,48,782,927,480
79,1,Mitte,Apartment,No,77,1168,1406,480
80,1,Mitte,Apartment,No,64,1053,1238,480
81,1,Mitte,Apartment,No,57,877,1059,480
82,1,Mitte,Apartment,No,61,938,1130,480
83,1,Mitte,Apartment,No,72,1151,1374,480
84,1,Mitte,Apartment,No,35,558,680,480
85,1,Mitte,Apartment,No,40,554,667,480
86,1,Mitte,Apartment,Yes,58,1146,1335,480
87,1,Mitte,Apartment,No,71,1088,1340,480
88,1,Mitte,Apartment,Yes,37,696,826,480
89,1,Mitte,Apartment,No,55,762,953,480
90,1,Mitte,Apartment,Yes,45,769,905,480
91,1,Mitte,Apartment,Yes,56,1117,1307,480
92,1,Mitte,Apartment,No,44,731,860,480
93,1,Mitte,Apartment,No,61,1057,1246,480
94,1,Mitte,Apartment,No,59,975,1184,480
95,1,Mitte,Apartment,Yes,49,1006,1147,480
96,1,Mitte,Apartment,No,65,1105,1330,480
97,1,Mitte,Apartment,No,60,904,1115,480
98,1,Mitte,Apartment,No,48,669,840,480
99,1,Mitte,Apartment,No,53,847,1008,480
100,1,Mitte,Apartment,No,59,875,1076,480
101,1,Mitte,Apartment,No,59,822,990,480
102,1,Mitte,Apartment,No,60,940,1151,480
103,1,Mitte,Apartment,Yes,42,742,880,480
104,1,Mitte,Apartment,No,48,671,832,480
105,1,Mitte,Apartment,Yes,46,800,943,480
106,1,Mitte,Apartment,Yes,55,1031,1227,480
107,1,Mitte,Apartment,No,43,711,846,480
108,1,Mitte,Apartment,No,49,834,991,480
109,1,Mitte,Apartment,No,52,718,868,480
110,1,Mitte,Apartment,Yes,49,982,1142,480
111,1,Mitte,Apartment,Yes,51,935,1087,480
112,1,Mitte,Apartment,No,57,982,1186,480
113,1,Mitte,Apartment,No,55,763,960,480
114,1,Mitte,Apartment,No,52,809,984,480
115,1,Mitte,Apartment,Yes,78,1540,1761,480
116,1,Mitte,Apartment,Yes,43,787,938,480
117,1,Mitte,Apartment,No,78,1142,1389,480
118,1,Mitte,Apartment,No,42,627,747,480
119,1,Mitte,Apartment,Yes,56,1033,1220,480
120,1,Mitte,Apartment,Yes,75,1332,1591,480
121,1,Mitte,Apartment,Yes,36,770,872,480
122,1,Mitte,Apartment,No,74,1013,1268,480
123,1,Mitte,Apartment,Yes,31,668,776,480
124,1,Mitte,Apartment,No,68,1044,1249,480
125,1,Mitte,Apartment,Yes,52,1072,1253,480
126,1,Mitte,Apartment,No,53,770,924,480
127,1,Mitte,Apartment,No,53,766,941,480
128,1,Mitte,Apartment,No,58,867,1061,480
129,1,Mitte,Apartment,Yes,71,1380,1610,480
130,1,Mitte,Apartment,Yes,53,1041,1207,480
131,1,Mitte,Apartment,No,60,975,1150,480
132,1,Mitte,Apartment,No,68,928,1150,480
133,1,Mitte,Apartment,No,38,646,768,480
134,1,Mitte,Apartment,No,28,463,555,480
135,1,Mitte,Apartment,Yes,32,613,715,480
136,1,Mitte,Apartment,No,51,756,909,480
137,1,Mitte,Apartment,No,56,799,996,480
138,1,Mitte,Apartment,No,41,631,751,480
139,1,Mitte,Apartment,No,46,656,789,480
140,1,Mitte,Apartment,No,42,644,774,480
141,1,Mitte,Apartment,Yes,76,1305,1556,480
142,1,Mitte,Apartment,Yes,52,903,1087,480
143,1,Mitte,Apartment,Yes,51,1060,1210,480
144,1,Mitte,Apartment,No,49,705,861,480
145,1,Mitte,Apartment,Yes,34,652,748,480
146,1,Mitte,Apartment,Yes,68,1236,1475,480
147,1,Mitte,Apartment,No,85,1190,1464,480
148,1,Mitte,Apartment,No,65,943,1145,480
149,1,Mitte,Apartment,Yes,44,772,916,480
150,1,Mitte,Apartment,Yes,39,787,912,480
151,1,Mitte,Apartment,Yes,53,1047,1214,480
152,1,Mitte,Apartment,No,42,591,721,480
153,1,Mitte,Apartment,Yes,63,1176,1383,480
154,1,Mitte,Apartment,No,75,1086,1305,480
155,1,Mitte,Apartment,No,44,629,758,480
156,1,Mitte,Apartment,No,46,781,929,480
157,1,Mitte,Apartment,No,55,771,968,480
158,1,Mitte,Apartment,Yes,51,1075,1228,480
159,1,Mitte,Apartment,No,58,992,1181,480
160,1,Mitte,Apartment,Yes,40,732,850,480
161,1,Mitte,Apartment,No,43,667,791,480
162,1,Mitte,Apartment,No,30,477,575,480
163,1,Mitte,Apartment,No,51,796,953,480
164,1,Mitte,Apartment,No,37,522,655,480
165,1,Mitte,Apartment,No,64,931,1149,480
166,1,Mitte,Apartment,No,45,713,854,480
167,1,Mitte,Apartment,Yes,59,1234,1405,480
168,1,Mitte,Apartment,Yes,50,1022,1169,480
169,1,Mitte,Apartment,Yes,53,1044,1198,480
170,1,Mitte,Apartment,No,50,830,977,480
171,1,Mitte,Apartment,No,57,918,1094,480
172,1,Mitte,Apartment,No,47,794,956,480
173,1,Mitte,Apartment,No,28,429,524,480
174,1,Mitte,Apartment,No,40,620,761,480
175,1,Mitte,Apartment,No,62,1055,1234,480
176,1,Mitte,Apartment,No,28,480,566,480
177,1,Mitte,Apartment,No,56,892,1089,480
178,1,Mitte,Apartment,No,47,779,922,480
179,1,Mitte,Apartment,No,62,850,1061,480
180,1,Mitte,Apartment,No,42,710,855,480
181,1,Mitte,Apartment,No,49,813,959,480
182,1,Mitte,Apartment,Yes,40,816,949,480
183,1,Mitte,Apartment,No,57,829,997,480
184,1,Mitte,Apartment,No,75,1276,1510,480
185,1,Mitte,Apartment,No,60,850,1042,480
186,1,Mitte,Apartment,No,51,811,989,480
187,1,Mitte,Apartment,Yes,53,1075,1253,480
188,1,Mitte,Apartment,No,61,864,1064,480
189,1,Mitte,Apartment,Yes,71,1519,1743,480
190,1,Mitte,Apartment,Yes,46,806,966,480
191,1,Mitte,Apartment,No,53,839,990,480
192,1,Mitte,Apartment,Yes,65,1207,1389,480
193,1,Mitte,Apartment,Yes,40,781,904,480
194,1,Mitte,Apartment,Yes,32,596,697,480
195,1,Mitte,Apartment,No,49,692,849,480
196,1,Mitte,Apartment,Yes,34,645,750,480
197,1,Mitte,Apartment,No,74,1009,1227,480
198,1,Mitte,Apartment,No,66,1136,1343,480
199,1,Mitte,Apartment,Yes,83,1436,1682,480
200,1,Mitte,Apartment,No,53,900,1056,480
201,1,Mitte,Apartment,No,52,818,996,480
202,1,Mitte,Apartment,No,45,689,831,480
203,1,Mitte,Apartment,No,67,950,1184,480
204,1,Mitte,Apartment,No,28,481,565,480
205,1,Mitte,Apartment,No,39,534,666,480
206,1,Mitte,Apartment,No,73,1174,1391,480
207,1,Mitte,Apartment,No,61,834,1044,480
208,1,Mitte,Apartment,No,38,542,656,480
209,1,Mitte,Apartment,Yes,49,999,1169,480
210,1,Mitte,Apartment,No,48,724,866,480
211,1,Mitte,Apartment,No,59,805,980,480
212,1,Mitte,Apartment,No,48,657,814,480
213,1,Mitte,Apartment,No,63,1051,1240,480
214,1,Mitte,Apartment,No,50,751,902,480
215,1,Mitte,Apartment,No,37,580,692,480
216,1,Mitte,Apartment,Yes,73,1567,1780,480
217,1,Mitte,Apartment,Yes,52,1103,1266,480
218,1,Mitte,Apartment,No,65,889,1099,480
219,1,Mitte,Apartment,Yes,36,635,764,480
220,1,Mitte,Apartment,No,61,950,1134,480
221,1,Mitte,Apartment,No,54,790,969,480
222,1,Mitte,Apartment,No,40,669,781,480
223,1,Mitte,Apartment,No,55,872,1034,480
224,1,Mitte,Apartment,No,64,1091,1290,480
225,1,Mitte,Apartment,Yes,45,800,929,480
226,1,Mitte,Apartment,No,52,825,987,480
227,1,Mitte,Apartment,No,41,668,801,480
228,1,Mitte,Apartment,No,36,554,682,480
229,1,Mitte,Apartment,No,42,576,714,480
230,1,Mitte,Apartment,No,60,827,1024,480
231,1,Mitte,Apartment,No,66,923,1146,480
232,1,Mitte,Apartment,No,44,680,819,480
233,1,Mitte,Apartment,No,60,996,1177,480
234,1,Mitte,Apartment,No,45,712,841,480
235,1,Mitte,Apartment,No,51,729,907,480
236,1,Mitte,Apartment,Yes,59,1206,1402,480
237,1,Mitte,Apartment,No,62,901,1086,480
238,1,Mitte,Apartment,Yes,58,1256,1420,480
239,1,Mitte,Apartment,No,57,813,1014,480
240,1,Mitte,Apartment,No,54,741,905,480
241,1,Mitte,Apartment,Yes,52,1095,1254,480
242,1,Mitte,Apartment,No,60,1003,1200,480
243,1,Mitte,Apartment,No,47,652,796,480
244,1,Mitte,Apartment,No,48,784,931,480
245,1,Mitte,Apartment,No,69,1021,1263,480
246,1,Mitte,Apartment,No,54,859,1011,480
247,1,Mitte,Apartment,Yes,53,1135,1326,480
248,1,Mitte,Apartment,Yes,65,1212,1415,480
249,1,Mitte,Apartment,Yes,80,1689,1962,480
250,1,Mitte,Apartment,No,48,728,891,480
251,1,Mitte,Apartment,No,47,702,845,480
252,1,Mitte,Apartment,No,49,709,847,480
253,1,Mitte,Apartment,No,52,782,937,480
254,1,Mitte,Apartment,Yes,55,1181,1339,480
255,1,Mitte,Apartment,No,64,1098,1309,480
256,1,Mitte,Apartment,Yes,49,871,1017,480
257,1,Mitte,Apartment,No,54,858,1019,480
258,1,Mitte,Apartment,No,58,827,998,480
259,1,Mitte,Apartment,Yes,44,759,913,480
260,1,Mitte,Apartment,Yes,66,1410,1604,480
261,1,Mitte,Apartment,No,69,1119,1357,480
262,1,Mitte,Apartment,No,45,650,795,480
263,1,Mitte,Apartment,Yes,71,1237,1451,480
264,1,Mitte,Apartment,Yes,74,1302,1566,480
265,1,Mitte,Apartment,No,55,883,1041,480
266,1,Mitte,Apartment,No,56,847,1015,480
267,1,Mitte,Apartment,No,52,723,897,480
268,1,Mitte,Apartment,Yes,74,1284,1521,480
269,1,Mitte,Apartment,No,82,1370,1644,480
270,1,Mitte,Apartment,No,46,723,884,480
271,1,Mitte,Apartment,Yes,59,1239,1438,480
272,1,Mitte,Apartment,No,65,1089,1306,480
273,1,Mitte,Apartment,Yes,69,1224,1465,480
274,1,Mitte,Apartment,Yes,60,1028,1202,480
275,1,Mitte,Apartment,Yes,66,1171,1400,480
276,1,Mitte,Apartment,No,42,651,778,480
277,1,Mitte,Apartment,No,54,863,1042,480
278,1,Mitte,Apartment,Yes,53,1035,1188,480
279,1,Mitte,Apartment,No,55,947,1129,480
280,1,Mitte,Apartment,No,71,1215,1467,480
281,1,Mitte,Apartment,Yes,47,865,999,480
282,1,Mitte,Apartment,No,54,853,1031,480
283,1,Mitte,Apartment,No,45,740,867,480
284,1,Mitte,Apartment,No,57,844,1039,480
285,1,Mitte,Apartment,Yes,45,823,964,480
286,1,Mitte,Apartment,No,75,1147,1405,480
287,1,Mitte,Apartment,No,40,556,689,480
288,1,Mitte,Apartment,Yes,61,1115,1293,480
289,1,Mitte,Apartment,No,60,910,1097,480
290,1,Mitte,Apartment,Yes,51,932,1092,480
291,1,Mitte,Apartment,No,49,705,868,480
292,1,Mitte,Apartment,Yes,56,1049,1227,480
293,1,Mitte,Apartment,Yes,56,1155,1346,480
294,1,Mitte,Apartment,No,57,909,1070,480
295,1,Mitte,Apartment,No,54,896,1052,480
296,1,Mitte,Apartment,No,61,858,1050,480
297,1,Mitte,Apartment,No,52,719,876,480
298,1,Mitte,Apartment,No,35,581,692,480
299,1,Mitte,Apartment,No,47,745,903,480
300,1,Mitte,Apartment,Yes,28,589,668,480
301,1,Mitte,Apartment,Yes,40,725,842,480
302,1,Mitte,Apartment,No,51,789,960,480
303,1,Mitte,Apartment,No,49,726,867,480
304,1,Mitte,Apartment,No,52,776,925,480
305,1,Mitte,Apartment,No,40,629,767,480
306,1,Mitte,Apartment,No,49,703,844,480
307,1,Mitte,Apartment,Yes,69,1182,1378,480
308,1,Mitte,Apartment,Yes,63,1231,1451,480
309,1,Mitte,Apartment,Yes,63,1171,1351,480
310,1,Mitte,Apartment,No,60,1018,1225,480
311,1,Mitte,Apartment,Yes,77,1499,1720,480
312,1,Mitte,Apartment,No,44,608,737,480
313,1,Mitte,Apartment,No,48,829,970,480
314,1,Mitte,Apartment,No,57,945,1127,480
315,1,Mitte,Apartment,Yes,73,1319,1580,480
316,1,Mitte,Apartment,No,57,915,1106,480
317,1,Mitte,Apartment,Yes,49,1033,1199,480
318,1,Mitte,Apartment,No,32,486,585,480
319,1,Mitte,Apartment,Yes,55,1048,1223,480
320,1,Mitte,Apartment,Yes,65,1372,1576,480
321,1,Mitte,Apartment,No,60,1022,1220,480
322,1,Mitte,Apartment,Yes,33,659,755,480
323,1,Mitte,Apartment,No,58,828,1035,480
324,1,Mitte,Apartment,Yes,55,981,1157,480
325,1,Mitte,Apartment,No,59,901,1083,480
326,1,Mitte,Apartment,No,48,760,909,480
327,1,Mitte,Apartment,No,36,594,723,480
328,1,Mitte,Apartment,No,66,1010,1199,480
329,1,Mitte,Apartment,Yes,53,985,1152,480
330,1,Mitte,Apartment,No,37,538,663,480
331,1,Mitte,Apartment,Yes,48,824,984,480
332,1,Mitte,Apartment,Yes,48,923,1088,480
333,1,Mitte,Apartment,No,64,919,1112,480
334,1,Mitte,Apartment,No,55,759,954,480
335,1,Mitte,Apartment,No,61,902,1075,480
336,1,Mitte,Apartment,Yes,51,902,1084,480
337,1,Mitte,Apartment,No,63,964,1165,480
338,1,Mitte,Apartment,No,56,902,1060,480
339,1,Mitte,Apartment,No,65,933,1165,480
340,1,Mitte,Apartment,No,40,558,684,480
341,1,Mitte,Apartment,Yes,50,1013,1191,480
342,1,Mitte,Apartment,No,55,889,1070,480
343,1,Mitte,Apartment,Yes,54,925,1106,480
344,1,Mitte,Apartment,No,65,1049,1265,480
345,1,Mitte,Apartment,No,72,1007,1266,480
346,1,Mitte,Apartment,Yes,38,654,773,480
347,1,Mitte,Apartment,Yes,56,1101,1297,480
348,1,Mitte,Apartment,No,57,862,1052,480
349,1,Mitte,Apartment,No,59,980,1184,480
350,1,Mitte,Apartment,No,60,843,1011,480
351,1,Mitte,Apartment,No,39,588,709,480
352,1,Mitte,Apartment,No,35,535,643,480
353,1,Mitte,Apartment,No,72,1147,1370,480
354,1,Mitte,Apartment,No,64,1078,1282,480
355,1,Mitte,Apartment,No,35,552,667,480
356,1,Mitte,Apartment,Yes,32,659,767,480
357,1,Mitte,Apartment,Yes,61,1106,1280,480
358,1,Mitte,Apartment,No,55,941,1099,480
359,1,Mitte,Apartment,No,32,469,579,480
360,1,Mitte,Apartment,No,51,797,965,480
361,1,Mitte,Apartment,No,40,606,724,480
362,1,Mitte,Apartment,No,63,1018,1221,480
363,1,Mitte,Apartment,No,45,708,869,480
364,1,Mitte,Apartment,Yes,56,1079,1260,480
365,1,Mitte,Apartment,No,54,928,1115,480
366,1,Mitte,Apartment,No,47,796,936,480
367,1,Mitte,Apartment,Yes,35,733,841,480
368,1,Mitte,Apartment,Yes,73,1322,1542,480
369,1,Mitte,Apartment,No,48,773,931,480
370,1,Mitte,Apartment,No,67,1025,1222,480
371,1,Mitte,Apartment,No,60,864,1033,480
372,1,Mitte,Apartment,No,57,913,1098,480
373,1,Mitte,Apartment,No,45,713,875,480
374,1,Mitte,Apartment,No,36,508,620,480
375,1,Mitte,Apartment,Yes,72,1458,1667,480
376,1,Mitte,Apartment,Yes,45,787,934,480
377,1,Mitte,Apartment,Yes,47,817,956,480
378,1,Mitte,Apartment,No,50,741,895,480
379,1,Mitte,Apartment,Yes,52,900,1055,480
380,1,Mitte,Apartment,Yes,43,840,983,480
381,1,Mitte,Apartment,No,28,416,517,480
382,1,Mitte,Apartment,No,56,901,1091,480
383,1,Mitte,Apartment,Yes,44,864,993,480
384,1,Mitte,Apartment,No,51,826,991,480
385,1,Mitte,Apartment,No,51,839,1009,480
386,1,Mitte,Apartment,Yes,41,850,972,480
387,1,Mitte,Apartment,Yes,39,845,971,480
388,1,Mitte,Apartment,No,48,805,963,480
389,1,Mitte,Apartment,Yes,54,950,1135,480
390,1,Mitte,Apartment,No,48,781,927,480
391,1,Mitte,Apartment,Yes,43,748,887,480
392,1,Mitte,Apartment,No,36,531,645,480
393,1,Mitte,Apartment,No,57,972,1177,480
394,1,Mitte,Apartment,No,82,1378,1669,480
395,1,Mitte,Apartment,Yes,53,996,1181,480
396,1,Mitte,Apartment,Yes,51,1060,1215,480
397,1,Mitte,Apartment,No,50,712,866,480
398,1,Mitte,Apartment,No,43,743,892,480
399,1,Mitte,Apartment,Yes,52,1032,1185,480
400,1,Mitte,Apartment,No,62,960,1141,480
401,1,Mitte,Apartment,No,45,616,777,480
402,1,Mitte,Apartment,Yes,50,979,1136,480
403,1,Mitte,Apartment,No,53,808,984,480
404,1,Mitte,Apartment,No,28,403,496,480
405,1,Mitte,Apartment,Yes,49,846,985,480
406,1,Mitte,Apartment,Yes,70,1419,1628,480
407,1,Mitte,Apartment,No,45,729,873,480
408,1,Mitte,Apartment,Yes,48,1041,1199,480
409,1,Mitte,Apartment,No,63,982,1165,480
410,1,Mitte,Apartment,No,34,576,676,480
411,1,Mitte,Apartment,Yes,38,794,924,480
412,1,Mitte,Apartment,No,30,409,505,480
413,1,Mitte,Apartment,No,45,702,828,480
414,1,Mitte,Apartment,Yes,57,1033,1229,480
415,1,Mitte,Apartment,No,52,728,893,480
416,1,Mitte,Apartment,No,59,990,1178,480
417,1,Mitte,Apartment,No,47,770,916,480
418,1,Mitte,Apartment,No,41,618,759,480
419,1,Mitte,Apartment,No,44,712,844,480
420,1,Mitte,Apartment,No,64,1073,1298,480
421,1,Mitte,Apartment,Yes,78,1568,1826,480
422,1,Mitte,Apartment,No,45,716,861,480
423,1,Mitte,Apartment,No,58,900,1064,480
424,1,Mitte,Apartment,Yes,44,765,891,480
425,1,Mitte,Apartment,Yes,36,671,791,480
426,1,Mitte,Apartment,No,40,572,687,480
427,1,Mitte,Apartment,No,66,963,1152,480
428,1,Mitte,Apartment,No,61,1052,1260,480
429,1,Mitte,Apartment,No,35,503,618,480
430,1,Mitte,Apartment,No,70,1156,1382,480
431,1,Mitte,Apartment,No,44,761,905,480
432,1,Mitte,Apartment,Yes,63,1293,1502,480
433,1,Mitte,Apartment,No,48,820,969,480
434,1,Mitte,Apartment,No,42,639,777,480
435,1,Mitte,Apartment,No,49,830,978,480
436,1,Mitte,Apartment,Yes,49,1021,1191,480
437,1,Mitte,Apartment,No,50,822,996,480
438,1,Mitte,Apartment,Yes,55,1123,1306,480
439,1,Mitte,Apartment,Yes,54,1168,1321,480
440,1,Mitte,Apartment,No,36,512,634,480
441,1,Mitte,Apartment,Yes,46,891,1047,480
442,1,Mitte,Apartment,No,59,923,1112,480
443,1,Mitte,Apartment,Yes,59,1194,1389,480
444,1,Mitte,Apartment,No,31,510,608,480
445,1,Mitte,Apartment,No,49,814,973,480
446,1,Mitte,Apartment,No,42,687,811,480
447,1,Mitte,Apartment,No,66,1035,1260,480
448,1,Mitte,Apartment,Yes,45,772,905,480
449,1,Mitte,Apartment,No,51,756,911,480
450,1,Mitte,Apartment,Yes,57,1204,1380,480
451,1,Mitte,Apartment,No,73,1236,1463,480
452,1,Mitte,Apartment,No,47,712,844,480
453,1,Mitte,Apartment,No,34,564,675,480
454,1,Mitte,Apartment,No,67,1032,1223,480
455,1,Mitte,Apartment,No,71,1115,1352,480
456,1,Mitte,Apartment,No,76,1264,1527,480
457,1,Mitte,Apartment,No,42,580,724,480
458,1,Mitte,Apartment,Yes,52,1057,1224,480
459,1,Mitte,Apartment,No,38,563,672,480
460,1,Mitte,Apartment,No,50,721,890,480
461,1,Mitte,Apartment,Yes,40,800,916,480
462,1,Mitte,Apartment,Yes,74,1400,1630,480
463,1,Mitte,Apartment,No,75,1071,1301,480
464,1,Mitte,Apartment,No,71,972,1218,480
465,1,Mitte,Apartment,Yes,54,993,1155,480
466,1,Mitte,Apartment,Yes,31,589,697,480
467,1,Mitte,Apartment,No,58,889,1058,480
468,1,Mitte,Apartment,Yes,46,799,946,480
469,1,Mitte,Apartment,No,72,1187,1424,480
470,1,Mitte,Apartment,Yes,47,828,984,480
471,1,Mitte,Apartment,No,51,743,923,480
472,1,Mitte,Apartment,No,50,727,897,480
473,1,Mitte,Apartment,No,70,969,1167,480
474,1,Mitte,Apartment,Yes,49,847,990,480
475,1,Mitte,Apartment,Yes,28,522,601,480
476,1,Mitte,Apartment,Yes,63,1268,1473,480
477,1,Mitte,Apartment,Yes,33,674,773,480
478,1,Mitte,Apartment,No,46,739,889,480
479,1,Mitte,Apartment,No,58,921,1089,480
480,1,Mitte,Apartment,No,52,736,892,480
481,2,Friedrichshain,Apartment,No,54,885,1073,420
482,2,Friedrichshain,Apartment,No,66,1134,1356,420
483,2,Friedrichshain,Apartment,No,42,678,801,420
484,2,Friedrichshain,Apartment,Yes,53,1197,1374,420
485,2,Friedrichshain,Apartment,No,28,473,553,420
486,2,Friedrichshain,Apartment,Yes,40,817,944,420
487,2,Friedrichshain,Apartment,No,44,658,808,420
488,2,Friedrichshain,Apartment,No,42,688,835,420
489,2,Friedrichshain,Apartment,Yes,48,1094,1229,420
490,2,Friedrichshain,Apartment,No,33,481,597,420
491,2,Friedrichshain,Apartment,No,50,736,909,420
492,2,Friedrichshain,Apartment,Yes,85,1681,1985,420
493,2,Friedrichshain,Apartment,Yes,53,1024,1197,420
494,2,Friedrichshain,Apartment,Yes,35,736,845,420
495,2,Friedrichshain,Apartment,No,53,792,974,420
496,2,Friedrichshain,Apartment,Yes,62,1207,1426,420
497,2,Friedrichshain,Apartment,Yes,48,903,1063,420
498,2,Friedrichshain,Apartment,No,47,701,856,420
499,2,Friedrichshain,Apartment,No,52,944,1131,420
500,2,Friedrichshain,Apartment,No,69,1171,1373,420
501,2,Friedrichshain,Apartment,No,50,748,910,420
502,2,Friedrichshain,Apartment,Yes,64,1313,1538,420
503,2,Friedrichshain,Apartment,Yes,54,1016,1203,420
504,2,Friedrichshain,Apartment,Yes,48,988,1134,420
505,2,Friedrichshain,Apartment,No,68,1097,1314,420
506,2,Friedrichshain,Apartment,No,51,898,1048,420
507,2,Friedrichshain,Apartment,No,62,912,1093,420
508,2,Friedrichshain,Apartment,No,59,926,1127,420
509,2,Friedrichshain,Apartment,Yes,67,1316,1529,420
510,2,Friedrichshain,Apartment,No,70,1274,1477,420
511,2,Friedrichshain,Apartment,No,38,647,759,420
512,2,Friedrichshain,Apartment,No,66,1169,1398,420
513,2,Friedrichshain,Apartment,No,62,1058,1247,420
514,2,Friedrichshain,Apartment,No,36,546,656,420
515,2,Friedrichshain,Apartment,Yes,58,1289,1488,420
516,2,Friedrichshain,Apartment,No,54,915,1105,420
517,2,Friedrichshain,Apartment,No,60,885,1075,420
518,2,Friedrichshain,Apartment,No,75,1331,1564,420
519,2,Friedrichshain,Apartment,Yes,46,992,1131,420
520,2,Friedrichshain,Apartment,No,51,904,1084,420
521,2,Friedrichshain,Apartment,Yes,61,1097,1303,420
522,2,Friedrichshain,Apartment,Yes,59,1145,1323,420
523,2,Friedrichshain,Apartment,No,56,823,980,420
524,2,Friedrichshain,Apartment,No,74,1197,1440,420
525,2,Friedrichshain,Apartment,No,39,673,810,420
526,2,Friedrichshain,Apartment,No,39,690,818,420
527,2,Friedrichshain,Apartment,No,51,891,1058,420
528,2,Friedrichshain,Apartment,Yes,50,1142,1303,420
529,2,Friedrichshain,Apartment,Yes,41,753,890,420
530,2,Friedrichshain,Apartment,Yes,55,1210,1389,420
531,2,Friedrichshain,Apartment,No,28,436,532,420
532,2,Friedrichshain,Apartment,Yes,60,1253,1442,420
533,2,Friedrichshain,Apartment,Yes,71,1479,1691,420
534,2,Friedrichshain,Apartment,No,68,1112,1323,420
535,2,Friedrichshain,Apartment,No,78,1411,1676,420
536,2,Friedrichshain,Apartment,No,50,816,959,420
537,2,Friedrichshain,Apartment,No,43,696,821,420
538,2,Friedrichshain,Apartment,Yes,36,693,803,420
539,2,Friedrichshain,Apartment,No,35,586,690,420
540,2,Friedrichshain,Apartment,No,51,835,978,420
541,2,Friedrichshain,Apartment,No,48,840,994,420
542,2,Friedrichshain,Apartment,Yes,43,832,966,420
543,2,Friedrichshain,Apartment,No,55,812,988,420
544,2,Friedrichshain,Apartment,No,43,765,910,420
545,2,Friedrichshain,Apartment,No,43,687,839,420
546,2,Friedrichshain,Apartment,No,34,583,687,420
547,2,Friedrichshain,Apartment,No,46,705,856,420
548,2,Friedrichshain,Apartment,No,54,920,1088,420
549,2,Friedrichshain,Apartment,No,28,414,509,420
550,2,Friedrichshain,Apartment,No,43,627,760,420
551,2,Friedrichshain,Apartment,No,54,918,1095,420
552,2,Friedrichshain,Apartment,No,57,818,1019,420
553,2,Friedrichshain,Apartment,No,63,1083,1305,420
554,2,Friedrichshain,Apartment,No,55,802,962,420
555,2,Friedrichshain,Apartment,No,52,805,975,420
556,2,Friedrichshain,Apartment,No,50,724,886,420
557,2,Friedrichshain,Apartment,Yes,67,1416,1641,420
558,2,Friedrichshain,Apartment,No,42,673,800,420
559,2,Friedrichshain,Apartment,Yes,64,1287,1508,420
560,2,Friedrichshain,Apartment,Yes,44,975,1113,420
561,2,Friedrichshain,Apartment,No,62,979,1188,420
562,2,Friedrichshain,Apartment,No,31,528,619,420
563,2,Friedrichshain,Apartment,No,39,696,810,420
564,2,Friedrichshain,Apartment,No,49,706,868,420
565,2,Friedrichshain,Apartment,No,45,717,867,420
566,2,Friedrichshain,Apartment,No,49,819,965,420
567,2,Friedrichshain,Apartment,No,52,886,1052,420
568,2,Friedrichshain,Apartment,No,55,793,989,420
569,2,Friedrichshain,Apartment,No,47,678,816,420
570,2,Friedrichshain,Apartment,Yes,51,918,1080,420
571,2,Friedrichshain,Apartment,Yes,59,1089,1269,420
572,2,Friedrichshain,Apartment,No,48,856,1022,420
573,2,Friedrichshain,Apartment,No,51,808,973,420
574,2,Friedrichshain,Apartment,No,57,851,1035,420
575,2,Friedrichshain,Apartment,No,60,964,1144,420
576,2,Friedrichshain,Apartment,No,58,875,1053,420
577,2,Friedrichshain,Apartment,No,28,465,553,420
578,2,Friedrichshain,Apartment,No,61,1025,1215,420
579,2,Friedrichshain,Apartment,No,65,1091,1294,420
580,2,Friedrichshain,Apartment,No,76,1099,1345,420
581,2,Friedrichshain,Apartment,Yes,55,1130,1290,420
582,2,Friedrichshain,Apartment,No,58,1012,1211,420
583,2,Friedrichshain,Apartment,No,59,1066,1253,420
584,2,Friedrichshain,Apartment,No,48,874,1042,420
585,2,Friedrichshain,Apartment,No,31,479,585,420
586,2,Friedrichshain,Apartment,No,67,1062,1276,420
587,2,Friedrichshain,Apartment,No,65,1184,1409,420
588,2,Friedrichshain,Apartment,No,55,954,1150,420
589,2,Friedrichshain,Apartment,No,50,885,1059,420
590,2,Friedrichshain,Apartment,No,50,893,1068,420
591,2,Friedrichshain,Apartment,Yes,59,1239,1405,420
592,2,Friedrichshain,Apartment,No,28,454,549,420
593,2,Friedrichshain,Apartment,No,43,667,815,420
594,2,Friedrichshain,Apartment,No,57,879,1082,420
595,2,Friedrichshain,Apartment,No,63,975,1189,420
596,2,Friedrichshain,Apartment,Yes,58,1278,1447,420
597,2,Friedrichshain,Apartment,Yes,62,1312,1528,420
598,2,Friedrichshain,Apartment,No,61,1022,1217,420
599,2,Friedrichshain,Apartment,No,50,796,950,420
600,2,Friedrichshain,Apartment,Yes,43,793,946,420
601,2,Friedrichshain,Apartment,No,29,424,524,420
602,2,Friedrichshain,Apartment,No,55,942,1099,420
603,2,Friedrichshain,Apartment,No,33,503,617,420
604,2,Friedrichshain,Apartment,No,43,774,926,420
605,2,Friedrichshain,Apartment,No,49,745,921,420
606,2,Friedrichshain,Apartment,No,28,468,561,420
607,2,Friedrichshain,Apartment,No,28,466,546,420
608,2,Friedrichshain,Apartment,No,54,919,1101,420
609,2,Friedrichshain,Apartment,No,58,957,1126,420
610,2,Friedrichshain,Apartment,No,58,1009,1194,420
611,2,Friedrichshain,Apartment,No,44,740,890,420
612,2,Friedrichshain,Apartment,No,47,732,883,420
613,2,Friedrichshain,Apartment,No,48,847,991,420
614,2,Friedrichshain,Apartment,No,54,932,1088,420
615,2,Friedrichshain,Apartment,No,36,636,760,420
616,2,Friedrichshain,Apartment,No,42,750,898,420
617,2,Friedrichshain,Apartment,No,57,836,1018,420
618,2,Friedrichshain,Apartment,No,51,808,980,420
619,2,Friedrichshain,Apartment,Yes,64,1452,1680,420
620,2,Friedrichshain,Apartment,No,67,1146,1339,420
621,2,Friedrichshain,Apartment,No,59,856,1066,420
622,2,Friedrichshain,Apartment,No,66,1076,1285,420
623,2,Friedrichshain,Apartment,No,45,710,864,420
624,2,Friedrichshain,Apartment,Yes,37,738,867,420
625,2,Friedrichshain,Apartment,Yes,59,1194,1369,420
626,2,Friedrichshain,Apartment,No,38,646,761,420
627,2,Friedrichshain,Apartment,No,57,983,1172,420
628,2,Friedrichshain,Apartment,Yes,41,814,935,420
629,2,Friedrichshain,Apartment,No,48,757,896,420
630,2,Friedrichshain,Apartment,No,59,965,1170,420
631,2,Friedrichshain,Apartment,No,49,797,955,420
632,2,Friedrichshain,Apartment,No,40,667,794,420
633,2,Friedrichshain,Apartment,No,52,884,1062,420
634,2,Friedrichshain,Apartment,No,59,1026,1237,420
635,2,Friedrichshain,Apartment,No,60,887,1056,420
636,2,Friedrichshain,Apartment,Yes,59,1141,1331,420
637,2,Friedrichshain,Apartment,No,37,530,653,420
638,2,Friedrichshain,Apartment,Yes,34,773,869,420
639,2,Friedrichshain,Apartment,No,54,940,1108,420
640,2,Friedrichshain,Apartment,No,55,853,1017,420
641,2,Friedrichshain,Apartment,No,51,881,1026,420
642,2,Friedrichshain,Apartment,Yes,32,725,835,420
643,2,Friedrichshain,Apartment,No,52,943,1104,420
644,2,Friedrichshain,Apartment,No,55,836,996,420
645,2,Friedrichshain,Apartment,No,67,1113,1344,420
646,2,Friedrichshain,Apartment,No,59,993,1190,420
647,2,Friedrichshain,Apartment,No,42,754,887,420
648,2,Friedrichshain,Apartment,Yes,37,825,930,420
649,2,Friedrichshain,Apartment,Yes,42,779,914,420
650,2,Friedrichshain,Apartment,No,77,1176,1433,420
651,2,Friedrichshain,Apartment,No,50,876,1038,420
652,2,Friedrichshain,Apartment,No,48,769,910,420
653,2,Friedrichshain,Apartment,Yes,35,635,760,420
654,2,Friedrichshain,Apartment,Yes,49,1070,1217,420
655,2,Friedrichshain,Apartment,No,33,530,624,420
656,2,Friedrichshain,Apartment,Yes,58,1217,1388,420
657,2,Friedrichshain,Apartment,No,57,987,1168,420
658,2,Friedrichshain,Apartment,No,52,893,1065,420
659,2,Friedrichshain,Apartment,Yes,41,849,980,420
660,2,Friedrichshain,Apartment,No,58,833,1012,420
661,2,Friedrichshain,Apartment,Yes,37,721,846,420
662,2,Friedrichshain,Apartment,No,59,867,1034,420
663,2,Friedrichshain,Apartment,No,77,1138,1378,420
664,2,Friedrichshain,Apartment,Yes,49,1100,1239,420
665,2,Friedrichshain,Apartment,Yes,44,873,1029,420
666,2,Friedrichshain,Apartment,No,68,1230,1440,420
667,2,Friedrichshain,Apartment,No,44,728,874,420
668,2,Friedrichshain,Apartment,No,61,931,1147,420
669,2,Friedrichshain,Apartment,No,52,790,937,420
670,2,Friedrichshain,Apartment,Yes,41,769,893,420
671,2,Friedrichshain,Apartment,No,53,850,1020,420
672,2,Friedrichshain,Apartment,No,59,1022,1204,420
673,2,Friedrichshain,Apartment,No,50,871,1031,420
674,2,Friedrichshain,Apartment,No,63,953,1139,420
675,2,Friedrichshain,Apartment,No,63,953,1133,420
676,2,Friedrichshain,Apartment,No,47,848,995,420
677,2,Friedrichshain,Apartment,No,57,891,1086,420
678,2,Friedrichshain,Apartment,No,57,964,1164,420
679,2,Friedrichshain,Apartment,No,31,496,586,420
680,2,Friedrichshain,Apartment,No,56,972,1147,420
681,2,Friedrichshain,Apartment,No,44,800,934,420
682,2,Friedrichshain,Apartment,No,52,807,953,420
683,2,Friedrichshain,Apartment,Yes,60,1294,1482,420
684,2,Friedrichshain,Apartment,No,38,590,718,420
685,2,Friedrichshain,Apartment,Yes,46,908,1066,420
686,2,Friedrichshain,Apartment,Yes,58,1321,1502,420
687,2,Friedrichshain,Apartment,No,73,1067,1313,420
688,2,Friedrichshain,Apartment,Yes,64,1198,1407,420
689,2,Friedrichshain,Apartment,Yes,60,1162,1366,420
690,2,Friedrichshain,Apartment,No,34,500,609,420
691,2,Friedrichshain,Apartment,No,59,1038,1237,420
692,2,Friedrichshain,Apartment,Yes,50,1009,1177,420
693,2,Friedrichshain,Apartment,Yes,60,1155,1332,420
694,2,Friedrichshain,Apartment,No,57,894,1098,420
695,2,Friedrichshain,Apartment,No,57,980,1183,420
696,2,Friedrichshain,Apartment,No,61,993,1172,420
697,2,Friedrichshain,Apartment,No,60,950,1158,420
698,2,Friedrichshain,Apartment,Yes,62,1113,1335,420
699,2,Friedrichshain,Apartment,Yes,34,727,837,420
700,2,Friedrichshain,Apartment,No,48,871,1025,420
701,2,Friedrichshain,Apartment,Yes,60,1127,1322,420
702,2,Friedrichshain,Apartment,No,57,906,1105,420
703,2,Friedrichshain,Apartment,Yes,46,889,1043,420
704,2,Friedrichshain,Apartment,No,42,734,873,420
705,2,Friedrichshain,Apartment,No,67,1200,1424,420
706,2,Friedrichshain,Apartment,No,55,798,965,420
707,2,Friedrichshain,Apartment,No,40,671,806,420
708,2,Friedrichshain,Apartment,No,36,573,696,420
709,2,Friedrichshain,Apartment,No,46,784,915,420
710,2,Friedrichshain,Apartment,Yes,32,632,738,420
711,2,Friedrichshain,Apartment,No,65,982,1203,420
712,2,Friedrichshain,Apartment,No,69,1015,1223,420
713,2,Friedrichshain,Apartment,No,56,816,981,420
714,2,Friedrichshain,Apartment,No,51,927,1086,420
715,2,Friedrichshain,Apartment,No,63,1007,1203,420
716,2,Friedrichshain,Apartment,No,64,983,1187,420
717,2,Friedrichshain,Apartment,Yes,41,867,1002,420
718,2,Friedrichshain,Apartment,No,40,585,727,420
719,2,Friedrichshain,Apartment,No,45,751,900,420
720,2,Friedrichshain,Apartment,No,49,753,928,420
721,2,Friedrichshain,Apartment,No,62,1061,1250,420
722,2,Friedrichshain,Apartment,No,38,585,718,420
723,2,Friedrichshain,Apartment,No,59,892,1090,420
724,2,Friedrichshain,Apartment,No,56,953,1110,420
725,2,Friedrichshain,Apartment,Yes,34,684,790,420
726,2,Friedrichshain,Apartment,No,58,1024,1218,420
727,2,Friedrichshain,Apartment,Yes,52,954,1138,420
728,2,Friedrichshain,Apartment,No,50,802,959,420
729,2,Friedrichshain,Apartment,No,73,1230,1476,420
730,2,Friedrichshain,Apartment,No,69,1012,1254,420
731,2,Friedrichshain,Apartment,No,43,662,785,420
732,2,Friedrichshain,Apartment,Yes,44,887,1032,420
733,2,Friedrichshain,Apartment,Yes,45,1018,1173,420
734,2,Friedrichshain,Apartment,Yes,55,1209,1387,420
735,2,Friedrichshain,Apartment,Yes,58,1252,1439,420
736,2,Friedrichshain,Apartment,No,37,540,671,420
737,2,Friedrichshain,Apartment,No,65,1000,1229,420
738,2,Friedrichshain,Apartment,Yes,80,1696,1949,420
739,2,Friedrichshain,Apartment,No,36,616,730,420
740,2,Friedrichshain,Apartment,Yes,60,1267,1438,420
741,2,Friedrichshain,Apartment,No,45,723,860,420
742,2,Friedrichshain,Apartment,No,62,1011,1209,420
743,2,Friedrichshain,Apartment,No,46,778,913,420
744,2,Friedrichshain,Apartment,No,69,1031,1234,420
745,2,Friedrichshain,Apartment,No,61,1070,1246,420
746,2,Friedrichshain,Apartment,No,56,866,1034,420
747,2,Friedrichshain,Apartment,No,85,1337,1631,420
748,2,Friedrichshain,Apartment,No,67,1169,1406,420
749,2,Friedrichshain,Apartment,No,50,786,964,420
750,2,Friedrichshain,Apartment,No,56,996,1170,420
751,2,Friedrichshain,Apartment,Yes,54,1018,1198,420
752,2,Friedrichshain,Apartment,Yes,85,1874,2163,420
753,2,Friedrichshain,Apartment,No,77,1151,1378,420
754,2,Friedrichshain,Apartment,No,38,649,759,420
755,2,Friedrichshain,Apartment,No,64,1047,1230,420
756,2,Friedrichshain,Apartment,No,63,906,1127,420
757,2,Friedrichshain,Apartment,No,43,633,771,420
758,2,Friedrichshain,Apartment,No,37,619,724,420
759,2,Friedrichshain,Apartment,Yes,35,664,779,420
760,2,Friedrichshain,Apartment,No,45,744,885,420
761,2,Friedrichshain,Apartment,No,74,1265,1502,420
762,2,Friedrichshain,Apartment,Yes,57,1136,1324,420
763,2,Friedrichshain,Apartment,No,40,669,792,420
764,2,Friedrichshain,Apartment,No,53,789,946,420
765,2,Friedrichshain,Apartment,No,62,938,1132,420
766,2,Friedrichshain,Apartment,Yes,49,881,1021,420
767,2,Friedrichshain,Apartment,No,83,1395,1644,420
768,2,Friedrichshain,Apartment,Yes,39,700,826,420
769,2,Friedrichshain,Apartment,No,56,989,1161,420
770,2,Friedrichshain,Apartment,No,57,995,1163,420
771,2,Friedrichshain,Apartment,Yes,42,832,980,420
772,2,Friedrichshain,Apartment,No,51,771,950,420
773,2,Friedrichshain,Apartment,No,62,1126,1332,420
774,2,Friedrichshain,Apartment,No,28,409,505,420
775,2,Friedrichshain,Apartment,No,29,440,530,420
776,2,Friedrichshain,Apartment,No,59,860,1047,420
777,2,Friedrichshain,Apartment,No,63,1079,1266,420
778,2,Friedrichshain,Apartment,No,67,1135,1323,420
779,2,Friedrichshain,Apartment,No,59,973,1174,420
780,2,Friedrichshain,Apartment,Yes,60,1247,1451,420
781,2,Friedrichshain,Apartment,No,53,788,963,420
782,2,Friedrichshain,Apartment,No,69,1191,1395,420
783,2,Friedrichshain,Apartment,Yes,56,1254,1438,420
784,2,Friedrichshain,Apartment,Yes,58,1226,1415,420
785,2,Friedrichshain,Apartment,Yes,40,810,931,420
786,2,Friedrichshain,Apartment,No,57,861,1032,420
787,2,Friedrichshain,Apartment,No,48,860,1002,420
788,2,Friedrichshain,Apartment,No,35,512,621,420
789,2,Friedrichshain,Apartment,No,58,1014,1209,420
790,2,Friedrichshain,Apartment,Yes,64,1229,1441,420
791,2,Friedrichshain,Apartment,No,38,573,686,420
792,2,Friedrichshain,Apartment,No,41,684,821,420
793,2,Friedrichshain,Apartment,No,59,1023,1192,420
794,2,Friedrichshain,Apartment,No,60,1025,1214,420
795,2,Friedrichshain,Apartment,No,56,810,981,420
796,2,Friedrichshain,Apartment,Yes,33,738,839,420
797,2,Friedrichshain,Apartment,No,56,857,1017,420
798,2,Friedrichshain,Apartment,Yes,56,1028,1199,420
799,2,Friedrichshain,Apartment,Yes,61,1351,1534,420
800,2,Friedrichshain,Apartment,No,59,854,1025,420
801,2,Friedrichshain,Apartment,No,52,906,1065,420
802,2,Friedrichshain,Apartment,No,50,846,987,420
803,2,Friedrichshain,Apartment,No,59,1023,1228,420
804,2,Friedrichshain,Apartment,No,68,1141,1365,420
805,2,Friedrichshain,Apartment,Yes,55,1143,1330,420
806,2,Friedrichshain,Apartment,Yes,65,1306,1508,420
807,2,Friedrichshain,Apartment,Yes,58,1305,1483,420
808,2,Friedrichshain,Apartment,No,35,574,700,420
809,2,Friedrichshain,Apartment,No,60,1000,1190,420
810,2,Friedrichshain,Apartment,No,63,1071,1266,420
811,2,Friedrichshain,Apartment,No,76,1298,1528,420
812,2,Friedrichshain,Apartment,No,52,776,947,420
813,2,Friedrichshain,Apartment,No,59,951,1156,420
814,2,Friedrichshain,Apartment,No,41,614,754,420
815,2,Friedrichshain,Apartment,Yes,71,1566,1819,420
816,2,Friedrichshain,Apartment,No,62,1019,1213,420
817,2,Friedrichshain,Apartment,Yes,55,1060,1240,420
818,2,Friedrichshain,Apartment,No,38,633,741,420
819,2,Friedrichshain,Apartment,No,51,747,926,420
820,2,Friedrichshain,Apartment,No,47,838,978,420
821,2,Friedrichshain,Apartment,Yes,60,1159,1375,420
822,2,Friedrichshain,Apartment,Yes,42,758,897,420
823,2,Friedrichshain,Apartment,No,52,919,1079,420
824,2,Friedrichshain,Apartment,Yes,57,1039,1236,420
825,2,Friedrichshain,Apartment,No,50,730,879,420
826,2,Friedrichshain,Apartment,No,43,696,820,420
827,2,Friedrichshain,Apartment,Yes,49,1113,1288,420
828,2,Friedrichshain,Apartment,No,49,787,955,420
829,2,Friedrichshain,Apartment,No,38,579,693,420
830,2,Friedrichshain,Apartment,No,39,613,724,420
831,2,Friedrichshain,Apartment,No,59,879,1085,420
832,2,Friedrichshain,Apartment,No,45,672,815,420
833,2,Friedrichshain,Apartment,No,59,1033,1226,420
834,2,Friedrichshain,Apartment,No,31,506,608,420
835,2,Friedrichshain,Apartment,No,51,746,901,420
836,2,Friedrichshain,Apartment,No,31,545,642,420
837,2,Friedrichshain,Apartment,No,73,1211,1461,420
838,2,Friedrichshain,Apartment,No,48,851,1006,420
839,2,Friedrichshain,Apartment,No,49,739,905,420
840,2,Friedrichshain,Apartment,No,62,1009,1224,420
841,2,Friedrichshain,Apartment,No,63,1003,1202,420
842,2,Friedrichshain,Apartment,No,48,832,974,420
843,2,Friedrichshain,Apartment,No,75,1219,1443,420
844,2,Friedrichshain,Apartment,No,72,1188,1428,420
845,2,Friedrichshain,Apartment,No,55,828,992,420
846,2,Friedrichshain,Apartment,Yes,39,733,851,420
847,2,Friedrichshain,Apartment,Yes,39,770,891,420
848,2,Friedrichshain,Apartment,No,55,806,997,420
849,2,Friedrichshain,Apartment,No,46,781,918,420
850,2,Friedrichshain,Apartment,No,58,1031,1206,420
851,2,Friedrichshain,Apartment,No,58,1003,1187,420
852,2,Friedrichshain,Apartment,No,67,1052,1266,420
853,2,Friedrichshain,Apartment,Yes,41,782,912,420
854,2,Friedrichshain,Apartment,Yes,44,889,1018,420
855,2,Friedrichshain,Apartment,Yes,28,584,680,420
856,2,Friedrichshain,Apartment,Yes,46,914,1049,420
857,2,Friedrichshain,Apartment,Yes,54,1131,1304,420
858,2,Friedrichshain,Apartment,No,28,456,535,420
859,2,Friedrichshain,Apartment,No,28,494,573,420
860,2,Friedrichshain,Apartment,No,73,1175,1382,420
861,2,Friedrichshain,Apartment,No,45,753,885,420
862,2,Friedrichshain,Apartment,Yes,56,1107,1281,420
863,2,Friedrichshain,Apartment,No,46,800,954,420
864,2,Friedrichshain,Apartment,Yes,56,1159,1333,420
865,2,Friedrichshain,Apartment,No,53,922,1085,420
866,2,Friedrichshain,Apartment,Yes,68,1227,1454,420
867,2,Friedrichshain,Apartment,No,51,854,1010,420
868,2,Friedrichshain,Apartment,Yes,55,1216,1409,420
869,2,Friedrichshain,Apartment,Yes,41,791,906,420
870,2,Friedrichshain,Apartment,Yes,63,1351,1559,420
871,2,Friedrichshain,Apartment,No,45,723,861,420
872,2,Friedrichshain,Apartment,Yes,49,1080,1224,420
873,2,Friedrichshain,Apartment,No,60,873,1049,420
874,2,Friedrichshain,Apartment,No,50,834,1013,420
875,2,Friedrichshain,Apartment,No,53,810,986,420
876,2,Friedrichshain,Apartment,Yes,28,605,696,420
877,2,Friedrichshain,Apartment,Yes,41,815,959,420
878,2,Friedrichshain,Apartment,No,73,1308,1553,420
879,2,Friedrichshain,Apartment,No,42,632,764,420
880,2,Friedrichshain,Apartment,No,45,793,945,420
881,2,Friedrichshain,Apartment,No,30,488,586,420
882,2,Friedrichshain,Apartment,No,55,882,1041,420
883,2,Friedrichshain,Apartment,Yes,63,1235,1445,420
884,2,Friedrichshain,Apartment,Yes,53,1193,1365,420
885,2,Friedrichshain,Apartment,No,61,970,1141,420
886,2,Friedrichshain,Apartment,Yes,55,1210,1369,420
887,2,Friedrichshain,Apartment,Yes,38,702,815,420
888,2,Friedrichshain,Apartment,No,81,1181,1456,420
889,2,Friedrichshain,Apartment,No,53,871,1027,420
890,2,Friedrichshain,Apartment,No,49,812,986,420
891,2,Friedrichshain,Apartment,No,29,421,518,420
892,2,Friedrichshain,Apartment,No,42,677,815,420
893,2,Friedrichshain,Apartment,Yes,58,1141,1341,420
894,2,Friedrichshain,Apartment,No,33,535,637,420
895,2,Friedrichshain,Apartment,No,45,681,824,420
896,2,Friedrichshain,Apartment,Yes,64,1298,1489,420
897,2,Friedrichshain,Apartment,No,66,1161,1370,420
898,2,Friedrichshain,Apartment,Yes,46,892,1025,420
899,2,Friedrichshain,Apartment,No,54,887,1059,420
900,2,Friedrichshain,Apartment,No,57,908,1098,420
901,3,Kreuzberg,Apartment,No,53,903,1069,390
902,3,Kreuzberg,Apartment,No,57,837,1039,390
903,3,Kreuzberg,Apartment,No,45,703,844,390
904,3,Kreuzberg,Apartment,Yes,55,1204,1385,390
905,3,Kreuzberg,Apartment,No,36,527,640,390
906,3,Kreuzberg,Apartment,No,43,726,849,390
907,3,Kreuzberg,Apartment,Yes,38,705,813,390
908,3,Kreuzberg,Apartment,No,47,746,911,390
909,3,Kreuzberg,Apartment,Yes,34,689,810,390
910,3,Kreuzberg,Apartment,Yes,56,1056,1255,390
911,3,Kreuzberg,Apartment,No,55,919,1106,390
912,3,Kreuzberg,Apartment,No,60,979,1168,390
913,3,Kreuzberg,Apartment,Yes,61,1128,1325,390
914,3,Kreuzberg,Apartment,No,59,1036,1219,390
915,3,Kreuzberg,Apartment,No,50,878,1039,390
916,3,Kreuzberg,Apartment,No,56,865,1036,390
917,3,Kreuzberg,Apartment,No,51,872,1042,390
918,3,Kreuzberg,Apartment,Yes,57,1240,1418,390
919,3,Kreuzberg,Apartment,No,44,798,942,390
920,3,Kreuzberg,Apartment,No,62,1043,1223,390
921,3,Kreuzberg,Apartment,No,36,556,669,390
922,3,Kreuzberg,Apartment,No,59,876,1061,390
923,3,Kreuzberg,Apartment,No,57,829,993,390
924,3,Kreuzberg,Apartment,No,55,786,967,390
925,3,Kreuzberg,Apartment,Yes,46,823,988,390
926,3,Kreuzberg,Apartment,No,45,664,821,390
927,3,Kreuzberg,Apartment,No,50,721,884,390
928,3,Kreuzberg,Apartment,No,61,962,1161,390
929,3,Kreuzberg,Apartment,No,51,844,1027,390
930,3,Kreuzberg,Apartment,No,52,851,1026,390
931,3,Kreuzberg,Apartment,No,58,911,1076,390
932,3,Kreuzberg,Apartment,Yes,49,974,1143,390
933,3,Kreuzberg,Apartment,Yes,44,960,1087,390
934,3,Kreuzberg,Apartment,No,43,688,838,390
935,3,Kreuzberg,Apartment,No,28,435,525,390
936,3,Kreuzberg,Apartment,No,48,713,878,390
937,3,Kreuzberg,Apartment,No,45,666,805,390
938,3,Kreuzberg,Apartment,No,57,903,1065,390
939,3,Kreuzberg,Apartment,No,51,866,1035,390
940,3,Kreuzberg,Apartment,Yes,47,896,1061,390
941,3,Kreuzberg,Apartment,No,40,634,768,390
942,3,Kreuzberg,Apartment,No,43,752,901,390
943,3,Kreuzberg,Apartment,No,39,668,798,390
944,3,Kreuzberg,Apartment,No,48,734,907,390
945,3,Kreuzberg,Apartment,No,63,1111,1311,390
946,3,Kreuzberg,Apartment,No,74,1233,1466,390
947,3,Kreuzberg,Apartment,No,61,1072,1288,390
948,3,Kreuzberg,Apartment,Yes,29,614,708,390
949,3,Kreuzberg,Apartment,No,41,707,850,390
950,3,Kreuzberg,Apartment,No,44,644,802,390
951,3,Kreuzberg,Apartment,No,63,977,1183,390
952,3,Kreuzberg,Apartment,No,57,946,1132,390
953,3,Kreuzberg,Apartment,No,32,552,659,390
954,3,Kreuzberg,Apartment,No,46,697,853,390
955,3,Kreuzberg,Apartment,No,55,967,1153,390
956,3,Kreuzberg,Apartment,No,40,623,765,390
957,3,Kreuzberg,Apartment,No,47,671,812,390
958,3,Kreuzberg,Apartment,No,28,401,489,390
959,3,Kreuzberg,Apartment,No,37,569,701,390
960,3,Kreuzberg,Apartment,Yes,54,973,1149,390
961,3,Kreuzberg,Apartment,No,52,754,925,390
962,3,Kreuzberg,Apartment,Yes,85,1654,1920,390
963,3,Kreuzberg,Apartment,No,57,877,1068,390
964,3,Kreuzberg,Apartment,Yes,43,955,1099,390
965,3,Kreuzberg,Apartment,No,56,862,1031,390
966,3,Kreuzberg,Apartment,No,54,814,993,390
967,3,Kreuzberg,Apartment,No,49,838,1001,390
968,3,Kreuzberg,Apartment,No,53,870,1024,390
969,3,Kreuzberg,Apartment,No,55,805,991,390
970,3,Kreuzberg,Apartment,No,60,1038,1206,390
971,3,Kreuzberg,Apartment,No,41,624,757,390
972,3,Kreuzberg,Apartment,Yes,68,1494,1715,390
973,3,Kreuzberg,Apartment,No,42,688,826,390
974,3,Kreuzberg,Apartment,No,52,819,969,390
975,3,Kreuzberg,Apartment,Yes,44,821,960,390
976,3,Kreuzberg,Apartment,Yes,49,1000,1176,390
977,3,Kreuzberg,Apartment,No,67,1039,1248,390
978,3,Kreuzberg,Apartment,No,56,945,1116,390
979,3,Kreuzberg,Apartment,No,56,825,1013,390
980,3,Kreuzberg,Apartment,Yes,41,871,1014,390
981,3,Kreuzberg,Apartment,No,73,1217,1423,390
982,3,Kreuzberg,Apartment,No,52,798,969,390
983,3,Kreuzberg,Apartment,Yes,48,883,1022,390
984,3,Kreuzberg,Apartment,No,57,918,1102,390
985,3,Kreuzberg,Apartment,No,54,884,1063,390
986,3,Kreuzberg,Apartment,No,41,716,847,390
987,3,Kreuzberg,Apartment,No,39,602,739,390
988,3,Kreuzberg,Apartment,No,62,1080,1290,390
989,3,Kreuzberg,Apartment,No,69,1108,1340,390
990,3,Kreuzberg,Apartment,No,36,591,718,390
991,3,Kreuzberg,Apartment,No,40,676,812,390
992,3,Kreuzberg,Apartment,No,67,1073,1311,390
993,3,Kreuzberg,Apartment,Yes,46,950,1093,390
994,3,Kreuzberg,Apartment,No,48,694,848,390
995,3,Kreuzberg,Apartment,No,57,1035,1211,390
996,3,Kreuzberg,Apartment,No,40,632,772,390
997,3,Kreuzberg,Apartment,No,30,505,605,390
998,3,Kreuzberg,Apartment,Yes,36,651,779,390
999,3,Kreuzberg,Apartment,No,57,845,1032,390
1000,3,Kreuzberg,Apartment,No,54,892,1058,390
1001,3,Kreuzberg,Apartment,Yes,49,910,1055,390
1002,3,Kreuzberg,Apartment,No,40,578,709,390
1003,3,Kreuzberg,Apartment,Yes,55,1071,1249,390
1004,3,Kreuzberg,Apartment,No,64,930,1156,390
1005,3,Kreuzberg,Apartment,No,33,488,592,390
1006,3,Kreuzberg,Apartment,No,42,696,845,390
1007,3,Kreuzberg,Apartment,No,58,1015,1200,390
1008,3,Kreuzberg,Apartment,Yes,70,1462,1702,390
1009,3,Kreuzberg,Apartment,Yes,54,993,1186,390
1010,3,Kreuzberg,Apartment,Yes,51,951,1095,390
1011,3,Kreuzberg,Apartment,Yes,57,1177,1367,390
1012,3,Kreuzberg,Apartment,Yes,28,564,664,390
1013,3,Kreuzberg,Apartment,No,44,702,839,390
1014,3,Kreuzberg,Apartment,No,47,678,844,390
1015,3,Kreuzberg,Apartment,No,36,575,699,390
1016,3,Kreuzberg,Apartment,No,46,804,946,390
1017,3,Kreuzberg,Apartment,No,55,962,1151,390
1018,3,Kreuzberg,Apartment,No,69,1144,1390,390
1019,3,Kreuzberg,Apartment,No,79,1192,1449,390
1020,3,Kreuzberg,Apartment,No,63,942,1149,390
1021,3,Kreuzberg,Apartment,No,54,816,971,390
1022,3,Kreuzberg,Apartment,No,71,1134,1343,390
1023,3,Kreuzberg,Apartment,No,46,663,811,390
1024,3,Kreuzberg,Apartment,No,37,597,725,390
1025,3,Kreuzberg,Apartment,No,52,752,921,390
1026,3,Kreuzberg,Apartment,Yes,38,782,905,390
1027,3,Kreuzberg,Apartment,No,54,906,1098,390
1028,3,Kreuzberg,Apartment,No,36,632,735,390
1029,3,Kreuzberg,Apartment,No,51,750,903,390
1030,3,Kreuzberg,Apartment,Yes,51,997,1168,390
1031,3,Kreuzberg,Apartment,No,64,929,1143,390
1032,3,Kreuzberg,Apartment,No,28,469,558,390
1033,3,Kreuzberg,Apartment,No,48,746,884,390
1034,3,Kreuzberg,Apartment,No,51,918,1091,390
1035,3,Kreuzberg,Apartment,No,41,621,742,390
1036,3,Kreuzberg,Apartment,No,33,573,680,390
1037,3,Kreuzberg,Apartment,No,62,899,1090,390
1038,3,Kreuzberg,Apartment,Yes,51,1104,1257,390
1039,3,Kreuzberg,Apartment,No,53,801,967,390
1040,3,Kreuzberg,Apartment,No,53,958,1140,390
1041,3,Kreuzberg,Apartment,No,67,1064,1296,390
1042,3,Kreuzberg,Apartment,Yes,41,892,1009,390
1043,3,Kreuzberg,Apartment,No,42,666,797,390
1044,3,Kreuzberg,Apartment,Yes,57,1159,1325,390
1045,3,Kreuzberg,Apartment,No,40,590,732,390
1046,3,Kreuzberg,Apartment,Yes,72,1592,1851,390
1047,3,Kreuzberg,Apartment,No,45,759,900,390
1048,3,Kreuzberg,Apartment,No,38,594,718,390
1049,3,Kreuzberg,Apartment,No,51,837,988,390
1050,3,Kreuzberg,Apartment,No,37,635,749,390
1051,3,Kreuzberg,Apartment,No,56,854,1036,390
1052,3,Kreuzberg,Apartment,Yes,69,1498,1725,390
1053,3,Kreuzberg,Apartment,No,39,595,723,390
1054,3,Kreuzberg,Apartment,No,52,845,991,390
1055,3,Kreuzberg,Apartment,No,30,514,612,390
1056,3,Kreuzberg,Apartment,No,52,933,1098,390
1057,3,Kreuzberg,Apartment,No,55,902,1079,390
1058,3,Kreuzberg,Apartment,No,43,764,885,390
1059,3,Kreuzberg,Apartment,No,55,976,1166,390
1060,3,Kreuzberg,Apartment,Yes,65,1293,1522,390
1061,3,Kreuzberg,Apartment,No,37,565,676,390
1062,3,Kreuzberg,Apartment,No,55,849,1029,390
1063,3,Kreuzberg,Apartment,No,75,1091,1311,390
1064,3,Kreuzberg,Apartment,No,37,602,714,390
1065,3,Kreuzberg,Apartment,No,67,956,1179,390
1066,3,Kreuzberg,Apartment,Yes,47,1021,1153,390
1067,3,Kreuzberg,Apartment,No,80,1347,1631,390
1068,3,Kreuzberg,Apartment,Yes,34,772,875,390
1069,3,Kreuzberg,Apartment,No,56,853,1016,390
1070,3,Kreuzberg,Apartment,No,49,863,1027,390
1071,3,Kreuzberg,Apartment,No,61,1051,1242,390
1072,3,Kreuzberg,Apartment,Yes,43,809,952,390
1073,3,Kreuzberg,Apartment,Yes,50,1082,1250,390
1074,3,Kreuzberg,Apartment,No,57,1028,1194,390
1075,3,Kreuzberg,Apartment,No,66,1088,1299,390
1076,3,Kreuzberg,Apartment,No,63,974,1183,390
1077,3,Kreuzberg,Apartment,No,42,664,788,390
1078,3,Kreuzberg,Apartment,Yes,61,1320,1509,390
1079,3,Kreuzberg,Apartment,No,57,1001,1204,390
1080,3,Kreuzberg,Apartment,No,55,864,1021,390
1081,3,Kreuzberg,Apartment,No,40,608,746,390
1082,3,Kreuzberg,Apartment,No,52,919,1100,390
1083,3,Kreuzberg,Apartment,No,57,844,1047,390
1084,3,Kreuzberg,Apartment,No,59,998,1187,390
1085,3,Kreuzberg,Apartment,No,54,793,979,390
1086,3,Kreuzberg,Apartment,No,79,1392,1673,390
1087,3,Kreuzberg,Apartment,Yes,66,1418,1653,390
1088,3,Kreuzberg,Apartment,Yes,37,715,822,390
1089,3,Kreuzberg,Apartment,No,64,1081,1305,390
1090,3,Kreuzberg,Apartment,No,62,923,1132,390
1091,3,Kreuzberg,Apartment,No,66,1038,1267,390
1092,3,Kreuzberg,Apartment,No,51,836,1008,390
1093,3,Kreuzberg,Apartment,Yes,82,1644,1928,390
1094,3,Kreuzberg,Apartment,No,55,936,1127,390
1095,3,Kreuzberg,Apartment,Yes,67,1311,1537,390
1096,3,Kreuzberg,Apartment,No,65,953,1181,390
1097,3,Kreuzberg,Apartment,No,65,994,1225,390
1098,3,Kreuzberg,Apartment,Yes,69,1328,1543,390
1099,3,Kreuzberg,Apartment,No,57,894,1069,390
1100,3,Kreuzberg,Apartment,No,52,846,1028,390
1101,3,Kreuzberg,Apartment,Yes,85,1569,1824,390
1102,3,Kreuzberg,Apartment,No,80,1161,1423,390
1103,3,Kreuzberg,Apartment,No,32,554,665,390
1104,3,Kreuzberg,Apartment,No,31,520,618,390
1105,3,Kreuzberg,Apartment,No,62,1007,1210,390
1106,3,Kreuzberg,Apartment,No,42,762,911,390
1107,3,Kreuzberg,Apartment,No,47,706,846,390
1108,3,Kreuzberg,Apartment,Yes,50,889,1063,390
1109,3,Kreuzberg,Apartment,No,43,632,777,390
1110,3,Kreuzberg,Apartment,No,58,1038,1206,390
1111,3,Kreuzberg,Apartment,No,28,440,534,390
1112,3,Kreuzberg,Apartment,No,54,791,985,390
1113,3,Kreuzberg,Apartment,No,67,1043,1267,390
1114,3,Kreuzberg,Apartment,Yes,47,954,1118,390
1115,3,Kreuzberg,Apartment,Yes,55,1109,1296,390
1116,3,Kreuzberg,Apartment,No,52,791,978,390
1117,3,Kreuzberg,Apartment,No,40,570,690,390
1118,3,Kreuzberg,Apartment,No,68,1187,1422,390
1119,3,Kreuzberg,Apartment,No,43,623,763,390
1120,3,Kreuzberg,Apartment,No,43,661,794,390
1121,3,Kreuzberg,Apartment,Yes,28,512,592,390
1122,3,Kreuzberg,Apartment,No,51,785,941,390
1123,3,Kreuzberg,Apartment,No,58,853,1021,390
1124,3,Kreuzberg,Apartment,Yes,45,816,949,390
1125,3,Kreuzberg,Apartment,Yes,54,981,1143,390
1126,3,Kreuzberg,Apartment,No,68,1198,1435,390
1127,3,Kreuzberg,Apartment,Yes,52,1122,1305,390
1128,3,Kreuzberg,Apartment,Yes,48,1047,1189,390
1129,3,Kreuzberg,Apartment,No,40,628,757,390
1130,3,Kreuzberg,Apartment,No,40,594,711,390
1131,3,Kreuzberg,Apartment,Yes,52,1129,1301,390
1132,3,Kreuzberg,Apartment,No,28,415,495,390
1133,3,Kreuzberg,Apartment,No,37,532,664,390
1134,3,Kreuzberg,Apartment,No,30,540,625,390
1135,3,Kreuzberg,Apartment,No,47,844,1004,390
1136,3,Kreuzberg,Apartment,Yes,38,696,814,390
1137,3,Kreuzberg,Apartment,No,44,735,863,390
1138,3,Kreuzberg,Apartment,Yes,66,1479,1711,390
1139,3,Kreuzberg,Apartment,No,66,957,1158,390
1140,3,Kreuzberg,Apartment,No,58,970,1139,390
1141,3,Kreuzberg,Apartment,No,67,1054,1252,390
1142,3,Kreuzberg,Apartment,No,57,864,1053,390
1143,3,Kreuzberg,Apartment,Yes,71,1389,1599,390
1144,3,Kreuzberg,Apartment,Yes,62,1246,1429,390
1145,3,Kreuzberg,Apartment,No,68,974,1182,390
1146,3,Kreuzberg,Apartment,No,39,563,680,390
1147,3,Kreuzberg,Apartment,No,43,636,759,390
1148,3,Kreuzberg,Apartment,No,50,891,1050,390
1149,3,Kreuzberg,Apartment,No,48,858,1029,390
1150,3,Kreuzberg,Apartment,Yes,43,808,947,390
1151,3,Kreuzberg,Apartment,No,54,882,1040,390
1152,3,Kreuzberg,Apartment,No,64,1142,1340,390
1153,3,Kreuzberg,Apartment,Yes,43,966,1107,390
1154,3,Kreuzberg,Apartment,No,66,1168,1366,390
1155,3,Kreuzberg,Apartment,Yes,34,729,836,390
1156,3,Kreuzberg,Apartment,Yes,50,973,1131,390
1157,3,Kreuzberg,Apartment,No,28,499,594,390
1158,3,Kreuzberg,Apartment,No,50,871,1028,390
1159,3,Kreuzberg,Apartment,Yes,47,1020,1175,390
1160,3,Kreuzberg,Apartment,Yes,64,1372,1594,390
1161,3,Kreuzberg,Apartment,No,45,711,853,390
1162,3,Kreuzberg,Apartment,No,50,859,1024,390
1163,3,Kreuzberg,Apartment,No,59,966,1145,390
1164,3,Kreuzberg,Apartment,No,43,739,867,390
1165,3,Kreuzberg,Apartment,Yes,51,1026,1190,390
1166,3,Kreuzberg,Apartment,No,59,1004,1190,390
1167,3,Kreuzberg,Apartment,No,49,697,873,390
1168,3,Kreuzberg,Apartment,No,48,729,896,390
1169,3,Kreuzberg,Apartment,No,38,650,779,390
1170,3,Kreuzberg,Apartment,Yes,54,1165,1341,390
1171,3,Kreuzberg,Apartment,Yes,67,1214,1408,390
1172,3,Kreuzberg,Apartment,Yes,36,698,816,390
1173,3,Kreuzberg,Apartment,No,45,792,949,390
1174,3,Kreuzberg,Apartment,Yes,28,510,607,390
1175,3,Kreuzberg,Apartment,Yes,49,911,1069,390
1176,3,Kreuzberg,Apartment,No,37,619,729,390
1177,3,Kreuzberg,Apartment,Yes,51,1047,1217,390
1178,3,Kreuzberg,Apartment,Yes,49,976,1141,390
1179,3,Kreuzberg,Apartment,No,53,808,987,390
1180,3,Kreuzberg,Apartment,No,61,897,1094,390
1181,3,Kreuzberg,Apartment,No,76,1131,1381,390
1182,3,Kreuzberg,Apartment,Yes,67,1512,1749,390
1183,3,Kreuzberg,Apartment,No,58,869,1060,390
1184,3,Kreuzberg,Apartment,No,69,1145,1367,390
1185,3,Kreuzberg,Apartment,Yes,55,1031,1193,390
1186,3,Kreuzberg,Apartment,No,28,408,501,390
1187,3,Kreuzberg,Apartment,No,32,526,639,390
1188,3,Kreuzberg,Apartment,No,46,822,963,390
1189,3,Kreuzberg,Apartment,No,28,500,591,390
1190,3,Kreuzberg,Apartment,No,48,823,961,390
1191,3,Kreuzberg,Apartment,No,52,866,1032,390
1192,3,Kreuzberg,Apartment,No,58,923,1090,390
1193,3,Kreuzberg,Apartment,No,46,690,847,390
1194,3,Kreuzberg,Apartment,No,60,868,1042,390
1195,3,Kreuzberg,Apartment,No,51,895,1055,390
1196,3,Kreuzberg,Apartment,No,45,647,794,390
1197,3,Kreuzberg,Apartment,No,30,464,557,390
1198,3,Kreuzberg,Apartment,Yes,61,1114,1332,390
1199,3,Kreuzberg,Apartment,No,71,1090,1315,390
1200,3,Kreuzberg,Apartment,Yes,62,1250,1438,390
1201,3,Kreuzberg,Apartment,No,58,838,1043,390
1202,3,Kreuzberg,Apartment,No,49,815,962,390
1203,3,Kreuzberg,Apartment,No,63,1035,1216,390
1204,3,Kreuzberg,Apartment,Yes,47,839,985,390
1205,3,Kreuzberg,Apartment,Yes,43,909,1049,390
1206,3,Kreuzberg,Apartment,No,54,795,979,390
1207,3,Kreuzberg,Apartment,Yes,64,1343,1554,390
1208,3,Kreuzberg,Apartment,No,49,722,867,390
1209,3,Kreuzberg,Apartment,No,54,912,1071,390
1210,3,Kreuzberg,Apartment,No,56,964,1131,390
1211,3,Kreuzberg,Apartment,No,47,729,866,390
1212,3,Kreuzberg,Apartment,No,53,960,1114,390
1213,3,Kreuzberg,Apartment,No,60,954,1123,390
1214,3,Kreuzberg,Apartment,No,44,632,784,390
1215,3,Kreuzberg,Apartment,Yes,62,1221,1401,390
1216,3,Kreuzberg,Apartment,Yes,53,1187,1375,390
1217,3,Kreuzberg,Apartment,No,39,699,819,390
1218,3,Kreuzberg,Apartment,Yes,69,1465,1710,390
1219,3,Kreuzberg,Apartment,No,59,1011,1194,390
1220,3,Kreuzberg,Apartment,No,45,690,851,390
1221,3,Kreuzberg,Apartment,No,68,1229,1463,390
1222,3,Kreuzberg,Apartment,Yes,63,1255,1441,390
1223,3,Kreuzberg,Apartment,No,66,1041,1249,390
1224,3,Kreuzberg,Apartment,No,43,738,860,390
1225,3,Kreuzberg,Apartment,No,49,729,882,390
1226,3,Kreuzberg,Apartment,No,29,419,521,390
1227,3,Kreuzberg,Apartment,No,56,943,1131,390
1228,3,Kreuzberg,Apartment,No,39,618,727,390
1229,3,Kreuzberg,Apartment,No,65,934,1167,390
1230,3,Kreuzberg,Apartment,No,67,1064,1300,390
1231,3,Kreuzberg,Apartment,Yes,59,1281,1468,390
1232,3,Kreuzberg,Apartment,No,72,1159,1416,390
1233,3,Kreuzberg,Apartment,No,46,811,942,390
1234,3,Kreuzberg,Apartment,No,55,902,1095,390
1235,3,Kreuzberg,Apartment,No,58,953,1160,390
1236,3,Kreuzberg,Apartment,No,46,747,893,390
1237,3,Kreuzberg,Apartment,No,47,704,847,390
1238,3,Kreuzberg,Apartment,No,62,1073,1258,390
1239,3,Kreuzberg,Apartment,No,46,825,990,390
1240,3,Kreuzberg,Apartment,No,40,645,786,390
1241,3,Kreuzberg,Apartment,No,74,1340,1553,390
1242,3,Kreuzberg,Apartment,No,48,819,960,390
1243,3,Kreuzberg,Apartment,No,46,739,884,390
1244,3,Kreuzberg,Apartment,Yes,56,1003,1160,390
1245,3,Kreuzberg,Apartment,No,57,908,1089,390
1246,3,Kreuzberg,Apartment,Yes,55,1083,1276,390
1247,3,Kreuzberg,Apartment,Yes,65,1453,1661,390
1248,3,Kreuzberg,Apartment,No,33,528,646,390
1249,3,Kreuzberg,Apartment,No,55,843,1015,390
1250,3,Kreuzberg,Apartment,No,39,708,835,390
1251,3,Kreuzberg,Apartment,No,58,884,1050,390
1252,3,Kreuzberg,Apartment,Yes,28,540,640,390
1253,3,Kreuzberg,Apartment,No,62,1104,1318,390
1254,3,Kreuzberg,Apartment,No,30,539,627,390
1255,3,Kreuzberg,Apartment,No,53,757,924,390
1256,3,Kreuzberg,Apartment,Yes,59,1251,1463,390
1257,3,Kreuzberg,Apartment,No,56,914,1078,390
1258,3,Kreuzberg,Apartment,Yes,30,678,774,390
1259,3,Kreuzberg,Apartment,No,36,589,705,390
1260,3,Kreuzberg,Apartment,No,58,1052,1232,390
1261,3,Kreuzberg,Apartment,No,45,708,850,390
1262,3,Kreuzberg,Apartment,No,58,1004,1203,390
1263,3,Kreuzberg,Apartment,No,30,523,612,390
1264,3,Kreuzberg,Apartment,No,63,1021,1198,390
1265,3,Kreuzberg,Apartment,Yes,54,1079,1255,390
1266,3,Kreuzberg,Apartment,No,78,1375,1629,390
1267,3,Kreuzberg,Apartment,No,55,938,1096,390
1268,3,Kreuzberg,Apartment,No,64,1026,1250,390
1269,3,Kreuzberg,Apartment,No,61,1100,1286,390
1270,3,Kreuzberg,Apartment,No,48,782,927,390
1271,3,Kreuzberg,Apartment,No,50,781,941,390
1272,3,Kreuzberg,Apartment,No,46,712,852,390
1273,3,Kreuzberg,Apartment,No,51,815,998,390
1274,3,Kreuzberg,Apartment,No,56,850,1039,390
1275,3,Kreuzberg,Apartment,No,43,726,867,390
1276,3,Kreuzberg,Apartment,No,54,926,1114,390
1277,3,Kreuzberg,Apartment,Yes,34,627,724,390
1278,3,Kreuzberg,Apartment,No,49,735,897,390
1279,3,Kreuzberg,Apartment,No,39,599,715,390
1280,3,Kreuzberg,Apartment,Yes,54,1069,1230,390
1281,3,Kreuzberg,Apartment,Yes,36,813,937,390
1282,3,Kreuzberg,Apartment,No,33,501,602,390
1283,3,Kreuzberg,Apartment,Yes,53,1146,1330,390
1284,3,Kreuzberg,Apartment,No,31,485,580,390
1285,3,Kreuzberg,Apartment,No,54,770,935,390
1286,3,Kreuzberg,Apartment,Yes,48,1018,1164,390
1287,3,Kreuzberg,Apartment,Yes,45,899,1050,390
1288,3,Kreuzberg,Apartment,No,63,1142,1352,390
1289,3,Kreuzberg,Apartment,Yes,61,1131,1330,390
1290,3,Kreuzberg,Apartment,No,54,826,992,390
1291,4,Prenzlauer Berg,Apartment,No,63,972,1175,360
1292,4,Prenzlauer Berg,Apartment,No,54,730,902,360
1293,4,Prenzlauer Berg,Apartment,No,41,623,746,360
1294,4,Prenzlauer Berg,Apartment,No,45,677,836,360
1295,4,Prenzlauer Berg,Apartment,Yes,57,977,1173,360
1296,4,Prenzlauer Berg,Apartment,No,61,986,1188,360
1297,4,Prenzlauer Berg,Apartment,No,55,864,1041,360
1298,4,Prenzlauer Berg,Apartment,No,66,888,1077,360
1299,4,Prenzlauer Berg,Apartment,No,31,475,579,360
1300,4,Prenzlauer Berg,Apartment,No,45,732,862,360
1301,4,Prenzlauer Berg,Apartment,No,28,384,482,360
1302,4,Prenzlauer Berg,Apartment,No,77,1262,1482,360
1303,4,Prenzlauer Berg,Apartment,No,45,643,803,360
1304,4,Prenzlauer Berg,Apartment,Yes,47,915,1073,360
1305,4,Prenzlauer Berg,Apartment,No,56,803,975,360
1306,4,Prenzlauer Berg,Apartment,No,46,783,922,360
1307,4,Prenzlauer Berg,Apartment,Yes,65,1334,1567,360
1308,4,Prenzlauer Berg,Apartment,Yes,63,1068,1277,360
1309,4,Prenzlauer Berg,Apartment,Yes,41,806,951,360
1310,4,Prenzlauer Berg,Apartment,No,56,837,1010,360
1311,4,Prenzlauer Berg,Apartment,No,58,871,1053,360
1312,4,Prenzlauer Berg,Apartment,Yes,63,1186,1395,360
1313,4,Prenzlauer Berg,Apartment,Yes,55,933,1103,360
1314,4,Prenzlauer Berg,Apartment,No,29,438,535,360
1315,4,Prenzlauer Berg,Apartment,No,67,959,1153,360
1316,4,Prenzlauer Berg,Apartment,No,63,992,1199,360
1317,4,Prenzlauer Berg,Apartment,No,31,422,529,360
1318,4,Prenzlauer Berg,Apartment,No,28,398,495,360
1319,4,Prenzlauer Berg,Apartment,No,48,737,875,360
1320,4,Prenzlauer Berg,Apartment,Yes,58,1210,1408,360
1321,4,Prenzlauer Berg,Apartment,No,29,445,544,360
1322,4,Prenzlauer Berg,Apartment,No,43,665,792,360
1323,4,Prenzlauer Berg,Apartment,No,66,883,1098,360
1324,4,Prenzlauer Berg,Apartment,No,56,916,1088,360
1325,4,Prenzlauer Berg,Apartment,Yes,33,554,663,360
1326,4,Prenzlauer Berg,Apartment,Yes,60,1160,1360,360
1327,4,Prenzlauer Berg,Apartment,No,45,620,770,360
1328,4,Prenzlauer Berg,Apartment,Yes,38,784,910,360
1329,4,Prenzlauer Berg,Apartment,Yes,56,1093,1281,360
1330,4,Prenzlauer Berg,Apartment,No,67,1099,1327,360
1331,4,Prenzlauer Berg,Apartment,No,46,722,886,360
1332,4,Prenzlauer Berg,Apartment,No,61,820,999,360
1333,4,Prenzlauer Berg,Apartment,No,42,596,744,360
1334,4,Prenzlauer Berg,Apartment,No,59,832,1033,360
1335,4,Prenzlauer Berg,Apartment,No,63,873,1061,360
1336,4,Prenzlauer Berg,Apartment,No,52,723,893,360
1337,4,Prenzlauer Berg,Apartment,No,42,629,780,360
1338,4,Prenzlauer Berg,Apartment,No,65,936,1136,360
1339,4,Prenzlauer Berg,Apartment,No,33,551,667,360
1340,4,Prenzlauer Berg,Apartment,No,57,781,982,360
1341,4,Prenzlauer Berg,Apartment,No,60,949,1126,360
1342,4,Prenzlauer Berg,Apartment,No,51,737,886,360
1343,4,Prenzlauer Berg,Apartment,No,50,813,958,360
1344,4,Prenzlauer Berg,Apartment,No,41,644,762,360
1345,4,Prenzlauer Berg,Apartment,No,46,724,878,360
1346,4,Prenzlauer Berg,Apartment,No,65,1030,1226,360
1347,4,Prenzlauer Berg,Apartment,No,51,847,1024,360
1348,4,Prenzlauer Berg,Apartment,No,45,765,916,360
1349,4,Prenzlauer Berg,Apartment,Yes,61,1046,1261,360
1350,4,Prenzlauer Berg,Apartment,No,44,648,786,360
1351,4,Prenzlauer Berg,Apartment,Yes,30,605,712,360
1352,4,Prenzlauer Berg,Apartment,Yes,45,786,939,360
1353,4,Prenzlauer Berg,Apartment,Yes,51,912,1081,360
1354,4,Prenzlauer Berg,Apartment,No,51,815,987,360
1355,4,Prenzlauer Berg,Apartment,No,51,798,974,360
1356,4,Prenzlauer Berg,Apartment,No,48,681,831,360
1357,4,Prenzlauer Berg,Apartment,Yes,41,686,810,360
1358,4,Prenzlauer Berg,Apartment,Yes,55,1124,1287,360
1359,4,Prenzlauer Berg,Apartment,Yes,62,1309,1508,360
1360,4,Prenzlauer Berg,Apartment,No,37,602,735,360
1361,4,Prenzlauer Berg,Apartment,Yes,45,806,946,360
1362,4,Prenzlauer Berg,Apartment,No,48,655,827,360
1363,4,Prenzlauer Berg,Apartment,Yes,38,662,793,360
1364,4,Prenzlauer Berg,Apartment,No,74,1063,1274,360
1365,4,Prenzlauer Berg,Apartment,No,55,922,1113,360
1366,4,Prenzlauer Berg,Apartment,Yes,40,748,883,360
1367,4,Prenzlauer Berg,Apartment,No,46,721,863,360
1368,4,Prenzlauer Berg,Apartment,Yes,39,746,870,360
1369,4,Prenzlauer Berg,Apartment,No,49,797,969,360
1370,4,Prenzlauer Berg,Apartment,No,67,994,1215,360
1371,4,Prenzlauer Berg,Apartment,No,39,533,669,360
1372,4,Prenzlauer Berg,Apartment,No,49,696,862,360
1373,4,Prenzlauer Berg,Apartment,Yes,53,922,1107,360
1374,4,Prenzlauer Berg,Apartment,No,28,462,557,360
1375,4,Prenzlauer Berg,Apartment,No,53,795,944,360
1376,4,Prenzlauer Berg,Apartment,Yes,48,893,1044,360
1377,4,Prenzlauer Berg,Apartment,No,41,669,791,360
1378,4,Prenzlauer Berg,Apartment,No,61,866,1077,360
1379,4,Prenzlauer Berg,Apartment,No,33,545,649,360
1380,4,Prenzlauer Berg,Apartment,No,46,696,848,360
1381,4,Prenzlauer Berg,Apartment,Yes,28,539,635,360
1382,4,Prenzlauer Berg,Apartment,Yes,28,525,617,360
1383,4,Prenzlauer Berg,Apartment,No,35,526,650,360
1384,4,Prenzlauer Berg,Apartment,Yes,52,946,1114,360
1385,4,Prenzlauer Berg,Apartment,No,60,828,1001,360
1386,4,Prenzlauer Berg,Apartment,No,78,1219,1486,360
1387,4,Prenzlauer Berg,Apartment,Yes,45,834,986,360
1388,4,Prenzlauer Berg,Apartment,No,46,684,816,360
1389,4,Prenzlauer Berg,Apartment,Yes,60,1029,1205,360
1390,4,Prenzlauer Berg,Apartment,No,32,503,611,360
1391,4,Prenzlauer Berg,Apartment,Yes,60,1170,1342,360
1392,4,Prenzlauer Berg,Apartment,No,65,945,1178,360
1393,4,Prenzlauer Berg,Apartment,No,70,1110,1319,360
1394,4,Prenzlauer Berg,Apartment,No,44,632,763,360
1395,4,Prenzlauer Berg,Apartment,No,51,743,914,360
1396,4,Prenzlauer Berg,Apartment,No,55,901,1062,360
1397,4,Prenzlauer Berg,Apartment,No,58,782,959,360
1398,4,Prenzlauer Berg,Apartment,Yes,67,1230,1461,360
1399,4,Prenzlauer Berg,Apartment,Yes,59,1093,1281,360
1400,4,Prenzlauer Berg,Apartment,Yes,50,1040,1183,360
1401,4,Prenzlauer Berg,Apartment,Yes,45,917,1053,360
1402,4,Prenzlauer Berg,Apartment,No,59,994,1166,360
1403,4,Prenzlauer Berg,Apartment,No,81,1272,1561,360
1404,4,Prenzlauer Berg,Apartment,No,66,890,1076,360
1405,4,Prenzlauer Berg,Apartment,Yes,61,1204,1375,360
1406,4,Prenzlauer Berg,Apartment,No,53,812,982,360
1407,4,Prenzlauer Berg,Apartment,Yes,55,1044,1219,360
1408,4,Prenzlauer Berg,Apartment,No,46,638,773,360
1409,4,Prenzlauer Berg,Apartment,Yes,55,956,1133,360
1410,4,Prenzlauer Berg,Apartment,No,63,856,1045,360
1411,4,Prenzlauer Berg,Apartment,No,58,983,1167,360
1412,4,Prenzlauer Berg,Apartment,No,58,934,1122,360
1413,4,Prenzlauer Berg,Apartment,Yes,42,780,926,360
1414,4,Prenzlauer Berg,Apartment,No,53,725,885,360
1415,4,Prenzlauer Berg,Apartment,No,46,719,877,360
1416,4,Prenzlauer Berg,Apartment,No,56,794,961,360
1417,4,Prenzlauer Berg,Apartment,Yes,60,1034,1230,360
1418,4,Prenzlauer Berg,Apartment,No,57,786,953,360
1419,4,Prenzlauer Berg,Apartment,No,64,878,1099,360
1420,4,Prenzlauer Berg,Apartment,No,62,1041,1262,360
1421,4,Prenzlauer Berg,Apartment,No,28,461,550,360
1422,4,Prenzlauer Berg,Apartment,Yes,61,1154,1365,360
1423,4,Prenzlauer Berg,Apartment,No,32,484,580,360
1424,4,Prenzlauer Berg,Apartment,No,40,650,773,360
1425,4,Prenzlauer Berg,Apartment,No,49,825,969,360
1426,4,Prenzlauer Berg,Apartment,No,47,706,839,360
1427,4,Prenzlauer Berg,Apartment,No,58,891,1074,360
1428,4,Prenzlauer Berg,Apartment,No,29,490,577,360
1429,4,Prenzlauer Berg,Apartment,No,49,790,955,360
1430,4,Prenzlauer Berg,Apartment,No,33,442,555,360
1431,4,Prenzlauer Berg,Apartment,Yes,61,1073,1246,360
1432,4,Prenzlauer Berg,Apartment,No,29,478,579,360
1433,4,Prenzlauer Berg,Apartment,Yes,68,1233,1430,360
1434,4,Prenzlauer Berg,Apartment,No,42,587,707,360
1435,4,Prenzlauer Berg,Apartment,No,51,854,1008,360
1436,4,Prenzlauer Berg,Apartment,No,55,876,1074,360
1437,4,Prenzlauer Berg,Apartment,No,62,838,1012,360
1438,4,Prenzlauer Berg,Apartment,Yes,38,808,938,360
1439,4,Prenzlauer Berg,Apartment,No,29,403,493,360
1440,4,Prenzlauer Berg,Apartment,No,53,854,1006,360
1441,4,Prenzlauer Berg,Apartment,Yes,60,1176,1366,360
1442,4,Prenzlauer Berg,Apartment,No,50,733,908,360
1443,4,Prenzlauer Berg,Apartment,No,45,685,834,360
1444,4,Prenzlauer Berg,Apartment,No,58,976,1163,360
1445,4,Prenzlauer Berg,Apartment,Yes,62,1071,1252,360
1446,4,Prenzlauer Berg,Apartment,No,63,909,1104,360
1447,4,Prenzlauer Berg,Apartment,Yes,51,945,1090,360
1448,4,Prenzlauer Berg,Apartment,No,32,443,549,360
1449,4,Prenzlauer Berg,Apartment,No,85,1309,1560,360
1450,4,Prenzlauer Berg,Apartment,No,68,986,1188,360
1451,4,Prenzlauer Berg,Apartment,No,44,608,756,360
1452,4,Prenzlauer Berg,Apartment,Yes,64,1256,1483,360
1453,4,Prenzlauer Berg,Apartment,Yes,42,747,872,360
1454,4,Prenzlauer Berg,Apartment,Yes,58,985,1166,360
1455,4,Prenzlauer Berg,Apartment,Yes,55,939,1104,360
1456,4,Prenzlauer Berg,Apartment,No,60,874,1044,360
1457,4,Prenzlauer Berg,Apartment,No,39,577,710,360
1458,4,Prenzlauer Berg,Apartment,No,52,847,1008,360
1459,4,Prenzlauer Berg,Apartment,Yes,40,814,932,360
1460,4,Prenzlauer Berg,Apartment,No,48,704,863,360
1461,4,Prenzlauer Berg,Apartment,Yes,46,889,1038,360
1462,4,Prenzlauer Berg,Apartment,No,68,950,1186,360
1463,4,Prenzlauer Berg,Apartment,Yes,68,1405,1645,360
1464,4,Prenzlauer Berg,Apartment,No,68,930,1161,360
1465,4,Prenzlauer Berg,Apartment,Yes,59,1028,1227,360
1466,4,Prenzlauer Berg,Apartment,No,69,941,1144,360
1467,4,Prenzlauer Berg,Apartment,No,65,1015,1240,360
1468,4,Prenzlauer Berg,Apartment,No,28,395,492,360
1469,4,Prenzlauer Berg,Apartment,No,52,881,1039,360
1470,4,Prenzlauer Berg,Apartment,No,67,1051,1288,360
1471,4,Prenzlauer Berg,Apartment,No,53,822,981,360
1472,4,Prenzlauer Berg,Apartment,Yes,43,788,915,360
1473,4,Prenzlauer Berg,Apartment,Yes,55,1110,1273,360
1474,4,Prenzlauer Berg,Apartment,Yes,67,1292,1503,360
1475,4,Prenzlauer Berg,Apartment,No,51,706,888,360
1476,4,Prenzlauer Berg,Apartment,Yes,58,1051,1254,360
1477,4,Prenzlauer Berg,Apartment,No,44,704,855,360
1478,4,Prenzlauer Berg,Apartment,No,49,733,901,360
1479,4,Prenzlauer Berg,Apartment,No,40,588,717,360
1480,4,Prenzlauer Berg,Apartment,No,28,457,547,360
1481,4,Prenzlauer Berg,Apartment,Yes,38,681,809,360
1482,4,Prenzlauer Berg,Apartment,No,63,974,1152,360
1483,4,Prenzlauer Berg,Apartment,No,54,828,983,360
1484,4,Prenzlauer Berg,Apartment,Yes,81,1421,1674,360
1485,4,Prenzlauer Berg,Apartment,Yes,44,740,882,360
1486,4,Prenzlauer Berg,Apartment,No,51,775,948,360
1487,4,Prenzlauer Berg,Apartment,No,47,706,847,360
1488,4,Prenzlauer Berg,Apartment,No,47,738,901,360
1489,4,Prenzlauer Berg,Apartment,Yes,43,770,911,360
1490,4,Prenzlauer Berg,Apartment,No,50,797,958,360
1491,4,Prenzlauer Berg,Apartment,Yes,53,1108,1279,360
1492,4,Prenzlauer Berg,Apartment,Yes,46,863,1017,360
1493,4,Prenzlauer Berg,Apartment,No,51,725,886,360
1494,4,Prenzlauer Berg,Apartment,No,43,665,791,360
1495,4,Prenzlauer Berg,Apartment,No,67,1057,1295,360
1496,4,Prenzlauer Berg,Apartment,No,52,868,1015,360
1497,4,Prenzlauer Berg,Apartment,Yes,61,1289,1489,360
1498,4,Prenzlauer Berg,Apartment,No,58,886,1060,360
1499,4,Prenzlauer Berg,Apartment,Yes,78,1500,1736,360
1500,4,Prenzlauer Berg,Apartment,No,44,678,816,360
1501,4,Prenzlauer Berg,Apartment,No,62,1053,1251,360
1502,4,Prenzlauer Berg,Apartment,No,65,945,1172,360
1503,4,Prenzlauer Berg,Apartment,Yes,61,1073,1247,360
1504,4,Prenzlauer Berg,Apartment,No,56,930,1101,360
1505,4,Prenzlauer Berg,Apartment,No,61,823,1036,360
1506,4,Prenzlauer Berg,Apartment,No,52,769,932,360
1507,4,Prenzlauer Berg,Apartment,No,61,984,1203,360
1508,4,Prenzlauer Berg,Apartment,No,50,752,902,360
1509,4,Prenzlauer Berg,Apartment,Yes,38,799,914,360
1510,4,Prenzlauer Berg,Apartment,Yes,49,950,1124,360
1511,4,Prenzlauer Berg,Apartment,No,52,842,1011,360
1512,4,Prenzlauer Berg,Apartment,No,64,880,1086,360
1513,4,Prenzlauer Berg,Apartment,No,63,1065,1245,360
1514,4,Prenzlauer Berg,Apartment,Yes,80,1536,1824,360
1515,4,Prenzlauer Berg,Apartment,No,30,500,599,360
1516,4,Prenzlauer Berg,Apartment,No,44,652,787,360
1517,4,Prenzlauer Berg,Apartment,No,63,1060,1277,360
1518,4,Prenzlauer Berg,Apartment,No,39,527,638,360
1519,4,Prenzlauer Berg,Apartment,Yes,64,1257,1473,360
1520,4,Prenzlauer Berg,Apartment,No,58,971,1139,360
1521,4,Prenzlauer Berg,Apartment,No,39,605,734,360
1522,4,Prenzlauer Berg,Apartment,No,53,708,877,360
1523,4,Prenzlauer Berg,Apartment,Yes,50,931,1095,360
1524,4,Prenzlauer Berg,Apartment,No,58,837,1010,360
1525,4,Prenzlauer Berg,Apartment,Yes,49,866,1011,360
1526,4,Prenzlauer Berg,Apartment,No,51,694,837,360
1527,4,Prenzlauer Berg,Apartment,No,54,890,1043,360
1528,4,Prenzlauer Berg,Apartment,Yes,53,1074,1256,360
1529,4,Prenzlauer Berg,Apartment,Yes,33,678,796,360
1530,4,Prenzlauer Berg,Apartment,No,53,736,893,360
1531,4,Prenzlauer Berg,Apartment,Yes,45,763,890,360
1532,4,Prenzlauer Berg,Apartment,No,58,952,1153,360
1533,4,Prenzlauer Berg,Apartment,No,63,1055,1235,360
1534,4,Prenzlauer Berg,Apartment,No,53,755,941,360
1535,4,Prenzlauer Berg,Apartment,Yes,79,1384,1666,360
1536,4,Prenzlauer Berg,Apartment,No,42,601,721,360
1537,4,Prenzlauer Berg,Apartment,No,54,748,914,360
1538,4,Prenzlauer Berg,Apartment,No,85,1296,1535,360
1539,4,Prenzlauer Berg,Apartment,No,62,910,1121,360
1540,4,Prenzlauer Berg,Apartment,No,64,1079,1275,360
1541,4,Prenzlauer Berg,Apartment,No,56,778,966,360
1542,4,Prenzlauer Berg,Apartment,No,37,570,686,360
1543,4,Prenzlauer Berg,Apartment,Yes,51,868,1014,360
1544,4,Prenzlauer Berg,Apartment,Yes,52,1036,1193,360
1545,4,Prenzlauer Berg,Apartment,Yes,64,1327,1544,360
1546,4,Prenzlauer Berg,Apartment,No,29,396,487,360
1547,4,Prenzlauer Berg,Apartment,Yes,44,771,910,360
1548,4,Prenzlauer Berg,Apartment,No,52,751,932,360
1549,4,Prenzlauer Berg,Apartment,No,42,578,727,360
1550,4,Prenzlauer Berg,Apartment,No,63,975,1181,360
1551,4,Prenzlauer Berg,Apartment,No,66,1007,1199,360
1552,4,Prenzlauer Berg,Apartment,Yes,46,880,1020,360
1553,4,Prenzlauer Berg,Apartment,No,56,797,958,360
1554,4,Prenzlauer Berg,Apartment,No,58,929,1109,360
1555,4,Prenzlauer Berg,Apartment,No,73,1003,1236,360
1556,4,Prenzlauer Berg,Apartment,Yes,52,996,1149,360
1557,4,Prenzlauer Berg,Apartment,No,59,907,1092,360
1558,4,Prenzlauer Berg,Apartment,No,63,871,1074,360
1559,4,Prenzlauer Berg,Apartment,No,35,584,684,360
1560,4,Prenzlauer Berg,Apartment,Yes,66,1236,1463,360
1561,4,Prenzlauer Berg,Apartment,No,64,916,1141,360
1562,4,Prenzlauer Berg,Apartment,No,52,865,1046,360
1563,4,Prenzlauer Berg,Apartment,No,40,568,688,360
1564,4,Prenzlauer Berg,Apartment,No,46,667,807,360
1565,4,Prenzlauer Berg,Apartment,Yes,32,584,696,360
1566,4,Prenzlauer Berg,Apartment,No,76,1225,1483,360
1567,4,Prenzlauer Berg,Apartment,No,65,925,1114,360
1568,4,Prenzlauer Berg,Apartment,No,45,742,877,360
1569,4,Prenzlauer Berg,Apartment,No,67,1055,1289,360
1570,4,Prenzlauer Berg,Apartment,No,83,1201,1434,360
1571,4,Prenzlauer Berg,Apartment,No,34,521,638,360
1572,4,Prenzlauer Berg,Apartment,No,37,523,650,360
1573,4,Prenzlauer Berg,Apartment,No,71,1120,1365,360
1574,4,Prenzlauer Berg,Apartment,No,57,821,1015,360
1575,4,Prenzlauer Berg,Apartment,Yes,34,638,758,360
1576,4,Prenzlauer Berg,Apartment,No,41,629,773,360
1577,4,Prenzlauer Berg,Apartment,Yes,49,977,1148,360
1578,4,Prenzlauer Berg,Apartment,No,48,713,864,360
1579,4,Prenzlauer Berg,Apartment,No,43,696,845,360
1580,4,Prenzlauer Berg,Apartment,No,40,596,711,360
1581,4,Prenzlauer Berg,Apartment,Yes,44,928,1067,360
1582,4,Prenzlauer Berg,Apartment,Yes,49,867,1018,360
1583,4,Prenzlauer Berg,Apartment,No,55,925,1089,360
1584,4,Prenzlauer Berg,Apartment,No,38,638,748,360
1585,4,Prenzlauer Berg,Apartment,Yes,65,1226,1443,360
1586,4,Prenzlauer Berg,Apartment,Yes,55,935,1107,360
1587,4,Prenzlauer Berg,Apartment,No,58,838,1000,360
1588,4,Prenzlauer Berg,Apartment,Yes,31,581,682,360
1589,4,Prenzlauer Berg,Apartment,No,43,599,747,360
1590,4,Prenzlauer Berg,Apartment,Yes,46,959,1096,360
1591,4,Prenzlauer Berg,Apartment,Yes,48,824,983,360
1592,4,Prenzlauer Berg,Apartment,No,61,850,1035,360
1593,4,Prenzlauer Berg,Apartment,No,48,815,963,360
1594,4,Prenzlauer Berg,Apartment,No,72,1087,1307,360
1595,4,Prenzlauer Berg,Apartment,Yes,59,1239,1444,360
1596,4,Prenzlauer Berg,Apartment,Yes,57,1094,1267,360
1597,4,Prenzlauer Berg,Apartment,No,32,482,596,360
1598,4,Prenzlauer Berg,Apartment,No,41,594,726,360
1599,4,Prenzlauer Berg,Apartment,Yes,50,933,1103,360
1600,4,Prenzlauer Berg,Apartment,No,34,507,611,360
1601,4,Prenzlauer Berg,Apartment,Yes,39,692,828,360
1602,4,Prenzlauer Berg,Apartment,No,51,813,977,360
1603,4,Prenzlauer Berg,Apartment,No,59,829,1026,360
1604,4,Prenzlauer Berg,Apartment,Yes,45,834,963,360
1605,4,Prenzlauer Berg,Apartment,No,62,1033,1225,360
1606,4,Prenzlauer Berg,Apartment,No,52,812,998,360
1607,4,Prenzlauer Berg,Apartment,No,36,559,666,360
1608,4,Prenzlauer Berg,Apartment,Yes,28,587,683,360
1609,4,Prenzlauer Berg,Apartment,No,35,584,684,360
1610,4,Prenzlauer Berg,Apartment,Yes,62,1293,1470,360
1611,4,Prenzlauer Berg,Apartment,No,29,428,523,360
1612,4,Prenzlauer Berg,Apartment,No,56,944,1105,360
1613,4,Prenzlauer Berg,Apartment,No,34,561,661,360
1614,4,Prenzlauer Berg,Apartment,Yes,66,1157,1356,360
1615,4,Prenzlauer Berg,Apartment,No,43,624,777,360
1616,4,Prenzlauer Berg,Apartment,No,60,1006,1191,360
1617,4,Prenzlauer Berg,Apartment,Yes,52,977,1161,360
1618,4,Prenzlauer Berg,Apartment,No,38,560,694,360
1619,4,Prenzlauer Berg,Apartment,No,43,609,731,360
1620,4,Prenzlauer Berg,Apartment,No,31,487,575,360
1621,4,Prenzlauer Berg,Apartment,No,60,988,1176,360
1622,4,Prenzlauer Berg,Apartment,No,45,762,896,360
1623,4,Prenzlauer Berg,Apartment,Yes,42,773,911,360
1624,4,Prenzlauer Berg,Apartment,Yes,46,854,985,360
1625,4,Prenzlauer Berg,Apartment,No,56,873,1048,360
1626,4,Prenzlauer Berg,Apartment,No,35,550,666,360
1627,4,Prenzlauer Berg,Apartment,No,44,656,813,360
1628,4,Prenzlauer Berg,Apartment,No,49,739,906,360
1629,4,Prenzlauer Berg,Apartment,Yes,28,571,664,360
1630,4,Prenzlauer Berg,Apartment,No,52,702,879,360
1631,4,Prenzlauer Berg,Apartment,No,48,796,959,360
1632,4,Prenzlauer Berg,Apartment,No,46,693,822,360
1633,4,Prenzlauer Berg,Apartment,No,46,705,860,360
1634,4,Prenzlauer Berg,Apartment,No,65,1096,1299,360
1635,4,Prenzlauer Berg,Apartment,No,54,779,967,360
1636,4,Prenzlauer Berg,Apartment,No,57,836,1017,360
1637,4,Prenzlauer Berg,Apartment,No,57,772,957,360
1638,4,Prenzlauer Berg,Apartment,Yes,37,691,819,360
1639,4,Prenzlauer Berg,Apartment,Yes,54,1133,1321,360
1640,4,Prenzlauer Berg,Apartment,No,35,505,616,360
1641,4,Prenzlauer Berg,Apartment,No,49,821,984,360
1642,4,Prenzlauer Berg,Apartment,No,50,835,1000,360
1643,4,Prenzlauer Berg,Apartment,No,58,848,1035,360
1644,4,Prenzlauer Berg,Apartment,No,60,799,977,360
1645,4,Prenzlauer Berg,Apartment,No,61,876,1071,360
1646,4,Prenzlauer Berg,Apartment,No,45,744,873,360
1647,4,Prenzlauer Berg,Apartment,Yes,68,1305,1548,360
1648,4,Prenzlauer Berg,Apartment,No,43,699,836,360
1649,4,Prenzlauer Berg,Apartment,No,39,616,743,360
1650,4,Prenzlauer Berg,Apartment,No,48,744,911,360
1651,5,Charlottenburg,Apartment,No,48,760,925,380
1652,5,Charlottenburg,Apartment,No,32,489,582,380
1653,5,Charlottenburg,Apartment,No,50,828,976,380
1654,5,Charlottenburg,Apartment,Yes,60,1172,1365,380
1655,5,Charlottenburg,Apartment,No,52,814,993,380
1656,5,Charlottenburg,Apartment,Yes,61,1122,1337,380
1657,5,Charlottenburg,Apartment,Yes,52,1063,1214,380
1658,5,Charlottenburg,Apartment,No,60,964,1156,380
1659,5,Charlottenburg,Apartment,No,48,728,886,380
1660,5,Charlottenburg,Apartment,No,48,675,816,380
1661,5,Charlottenburg,Apartment,Yes,75,1491,1721,380
1662,5,Charlottenburg,Apartment,No,64,1069,1273,380
1663,5,Charlottenburg,Apartment,No,66,987,1177,380
1664,5,Charlottenburg,Apartment,No,70,1211,1414,380
1665,5,Charlottenburg,Apartment,No,65,1103,1297,380
1666,5,Charlottenburg,Apartment,No,31,532,624,380
1667,5,Charlottenburg,Apartment,No,53,783,933,380
1668,5,Charlottenburg,Apartment,Yes,58,1066,1248,380
1669,5,Charlottenburg,Apartment,No,57,874,1057,380
1670,5,Charlottenburg,Apartment,Yes,55,1185,1342,380
1671,5,Charlottenburg,Apartment,No,60,1034,1228,380
1672,5,Charlottenburg,Apartment,No,73,1251,1484,380
1673,5,Charlottenburg,Apartment,Yes,50,938,1089,380
1674,5,Charlottenburg,Apartment,No,48,746,887,380
1675,5,Charlottenburg,Apartment,No,73,1247,1490,380
1676,5,Charlottenburg,Apartment,Yes,51,909,1057,380
1677,5,Charlottenburg,Apartment,Yes,43,932,1078,380
1678,5,Charlottenburg,Apartment,No,62,906,1110,380
1679,5,Charlottenburg,Apartment,Yes,48,1047,1192,380
1680,5,Charlottenburg,Apartment,No,55,930,1104,380
1681,5,Charlottenburg,Apartment,No,61,1010,1212,380
1682,5,Charlottenburg,Apartment,Yes,31,637,725,380
1683,5,Charlottenburg,Apartment,No,50,739,898,380
1684,5,Charlottenburg,Apartment,No,66,1133,1357,380
1685,5,Charlottenburg,Apartment,Yes,51,1120,1271,380
1686,5,Charlottenburg,Apartment,No,41,643,771,380
1687,5,Charlottenburg,Apartment,Yes,60,1098,1294,380
1688,5,Charlottenburg,Apartment,No,61,929,1129,380
1689,5,Charlottenburg,Apartment,No,44,691,843,380
1690,5,Charlottenburg,Apartment,No,85,1347,1637,380
1691,5,Charlottenburg,Apartment,No,41,646,791,380
1692,5,Charlottenburg,Apartment,No,48,695,845,380
1693,5,Charlottenburg,Apartment,No,67,1040,1242,380
1694,5,Charlottenburg,Apartment,No,46,723,874,380
1695,5,Charlottenburg,Apartment,Yes,73,1584,1844,380
1696,5,Charlottenburg,Apartment,No,58,853,1029,380
1697,5,Charlottenburg,Apartment,No,51,704,849,380
1698,5,Charlottenburg,Apartment,No,59,935,1123,380
1699,5,Charlottenburg,Apartment,No,64,1043,1264,380
1700,5,Charlottenburg,Apartment,No,56,965,1146,380
1701,5,Charlottenburg,Apartment,Yes,62,1115,1331,380
1702,5,Charlottenburg,Apartment,No,57,984,1185,380
1703,5,Charlottenburg,Apartment,No,59,824,1023,380
1704,5,Charlottenburg,Apartment,No,29,449,535,380
1705,5,Charlottenburg,Apartment,No,47,734,878,380
1706,5,Charlottenburg,Apartment,No,37,646,750,380
1707,5,Charlottenburg,Apartment,No,64,955,1173,380
1708,5,Charlottenburg,Apartment,No,50,804,946,380
1709,5,Charlottenburg,Apartment,No,56,816,997,380
1710,5,Charlottenburg,Apartment,Yes,40,743,882,380
1711,5,Charlottenburg,Apartment,No,47,666,804,380
1712,5,Charlottenburg,Apartment,No,54,946,1118,380
1713,5,Charlottenburg,Apartment,No,69,984,1192,380
1714,5,Charlottenburg,Apartment,No,36,618,745,380
1715,5,Charlottenburg,Apartment,No,46,772,936,380
1716,5,Charlottenburg,Apartment,No,62,979,1171,380
1717,5,Charlottenburg,Apartment,Yes,53,1024,1183,380
1718,5,Charlottenburg,Apartment,No,48,759,920,380
1719,5,Charlottenburg,Apartment,No,60,870,1048,380
1720,5,Charlottenburg,Apartment,Yes,42,896,1031,380
1721,5,Charlottenburg,Apartment,No,37,517,640,380
1722,5,Charlottenburg,Apartment,Yes,44,870,1007,380
1723,5,Charlottenburg,Apartment,No,51,802,963,380
1724,5,Charlottenburg,Apartment,Yes,75,1460,1726,380
1725,5,Charlottenburg,Apartment,No,49,768,912,380
1726,5,Charlottenburg,Apartment,Yes,51,1063,1244,380
1727,5,Charlottenburg,Apartment,No,56,922,1103,380
1728,5,Charlottenburg,Apartment,No,49,834,986,380
1729,5,Charlottenburg,Apartment,Yes,84,1522,1803,380
1730,5,Charlottenburg,Apartment,No,49,793,954,380
1731,5,Charlottenburg,Apartment,No,28,449,537,380
1732,5,Charlottenburg,Apartment,Yes,60,1083,1278,380
1733,5,Charlottenburg,Apartment,Yes,39,689,807,380
1734,5,Charlottenburg,Apartment,No,66,1016,1202,380
1735,5,Charlottenburg,Apartment,No,54,801,959,380
1736,5,Charlottenburg,Apartment,No,68,1169,1373,380
1737,5,Charlottenburg,Apartment,No,54,862,1029,380
1738,5,Charlottenburg,Apartment,No,47,686,854,380
1739,5,Charlottenburg,Apartment,No,56,862,1030,380
1740,5,Charlottenburg,Apartment,No,38,643,766,380
1741,5,Charlottenburg,Apartment,Yes,41,723,844,380
1742,5,Charlottenburg,Apartment,No,45,738,879,380
1743,5,Charlottenburg,Apartment,No,28,396,489,380
1744,5,Charlottenburg,Apartment,No,46,751,897,380
1745,5,Charlottenburg,Apartment,Yes,45,780,914,380
1746,5,Charlottenburg,Apartment,No,45,659,790,380
1747,5,Charlottenburg,Apartment,No,44,628,763,380
1748,5,Charlottenburg,Apartment,No,54,890,1052,380
1749,5,Charlottenburg,Apartment,No,42,665,792,380
1750,5,Charlottenburg,Apartment,Yes,56,1126,1328,380
1751,5,Charlottenburg,Apartment,No,34,497,605,380
1752,5,Charlottenburg,Apartment,Yes,72,1366,1589,380
1753,5,Charlottenburg,Apartment,No,35,594,709,380
1754,5,Charlottenburg,Apartment,Yes,34,640,736,380
1755,5,Charlottenburg,Apartment,No,52,795,968,380
1756,5,Charlottenburg,Apartment,Yes,65,1123,1328,380
1757,5,Charlottenburg,Apartment,No,41,633,761,380
1758,5,Charlottenburg,Apartment,No,47,769,937,380
1759,5,Charlottenburg,Apartment,No,67,951,1157,380
1760,5,Charlottenburg,Apartment,Yes,57,1136,1299,380
1761,5,Charlottenburg,Apartment,Yes,60,1188,1362,380
1762,5,Charlottenburg,Apartment,No,39,556,695,380
1763,5,Charlottenburg,Apartment,Yes,31,624,732,380
1764,5,Charlottenburg,Apartment,No,42,738,859,380
1765,5,Charlottenburg,Apartment,No,66,981,1207,380
1766,5,Charlottenburg,Apartment,No,57,797,980,380
1767,5,Charlottenburg,Apartment,No,72,1089,1324,380
1768,5,Charlottenburg,Apartment,No,57,904,1075,380
1769,5,Charlottenburg,Apartment,Yes,52,1104,1282,380
1770,5,Charlottenburg,Apartment,No,33,499,602,380
1771,5,Charlottenburg,Apartment,No,54,778,963,380
1772,5,Charlottenburg,Apartment,Yes,52,958,1133,380
1773,5,Charlottenburg,Apartment,No,51,831,1000,380
1774,5,Charlottenburg,Apartment,No,59,914,1103,380
1775,5,Charlottenburg,Apartment,No,68,1128,1325,380
1776,5,Charlottenburg,Apartment,No,54,892,1082,380
1777,5,Charlottenburg,Apartment,Yes,60,1075,1243,380
1778,5,Charlottenburg,Apartment,No,28,404,498,380
1779,5,Charlottenburg,Apartment,No,55,899,1053,380
1780,5,Charlottenburg,Apartment,No,58,825,1019,380
1781,5,Charlottenburg,Apartment,No,71,1119,1329,380
1782,5,Charlottenburg,Apartment,Yes,45,955,1113,380
1783,5,Charlottenburg,Apartment,Yes,40,799,921,380
1784,5,Charlottenburg,Apartment,No,58,947,1138,380
1785,5,Charlottenburg,Apartment,No,39,584,721,380
1786,5,Charlottenburg,Apartment,No,44,673,812,380
1787,5,Charlottenburg,Apartment,No,66,1154,1384,380
1788,5,Charlottenburg,Apartment,No,42,669,810,380
1789,5,Charlottenburg,Apartment,No,78,1339,1614,380
1790,5,Charlottenburg,Apartment,No,54,899,1076,380
1791,5,Charlottenburg,Apartment,No,48,721,858,380
1792,5,Charlottenburg,Apartment,No,53,735,898,380
1793,5,Charlottenburg,Apartment,No,32,461,564,380
1794,5,Charlottenburg,Apartment,No,47,683,837,380
1795,5,Charlottenburg,Apartment,No,62,1024,1221,380
1796,5,Charlottenburg,Apartment,No,62,1006,1210,380
1797,5,Charlottenburg,Apartment,No,52,787,959,380
1798,5,Charlottenburg,Apartment,Yes,70,1437,1652,380
1799,5,Charlottenburg,Apartment,No,56,960,1140,380
1800,5,Charlottenburg,Apartment,Yes,70,1398,1648,380
1801,5,Charlottenburg,Apartment,No,53,854,1006,380
1802,5,Charlottenburg,Apartment,Yes,61,1274,1460,380
1803,5,Charlottenburg,Apartment,Yes,62,1089,1275,380
1804,5,Charlottenburg,Apartment,Yes,46,922,1076,380
1805,5,Charlottenburg,Apartment,No,72,1086,1345,380
1806,5,Charlottenburg,Apartment,No,43,716,849,380
1807,5,Charlottenburg,Apartment,Yes,71,1405,1606,380
1808,5,Charlottenburg,Apartment,No,56,850,1027,380
1809,5,Charlottenburg,Apartment,Yes,55,1092,1246,380
1810,5,Charlottenburg,Apartment,Yes,52,1081,1232,380
1811,5,Charlottenburg,Apartment,No,50,867,1028,380
1812,5,Charlottenburg,Apartment,No,42,601,746,380
1813,5,Charlottenburg,Apartment,No,55,950,1133,380
1814,5,Charlottenburg,Apartment,No,43,605,731,380
1815,5,Charlottenburg,Apartment,No,41,637,757,380
1816,5,Charlottenburg,Apartment,No,65,1079,1295,380
1817,5,Charlottenburg,Apartment,No,58,827,1001,380
1818,5,Charlottenburg,Apartment,No,42,699,846,380
1819,5,Charlottenburg,Apartment,No,51,822,981,380
1820,5,Charlottenburg,Apartment,No,54,891,1069,380
1821,5,Charlottenburg,Apartment,Yes,42,744,879,380
1822,5,Charlottenburg,Apartment,No,35,577,684,380
1823,5,Charlottenburg,Apartment,No,65,1118,1324,380
1824,5,Charlottenburg,Apartment,Yes,45,781,907,380
1825,5,Charlottenburg,Apartment,Yes,52,980,1127,380
1826,5,Charlottenburg,Apartment,No,60,960,1139,380
1827,5,Charlottenburg,Apartment,No,75,1241,1507,380
1828,5,Charlottenburg,Apartment,No,41,590,713,380
1829,5,Charlottenburg,Apartment,No,61,900,1082,380
1830,5,Charlottenburg,Apartment,No,57,797,976,380
1831,5,Charlottenburg,Apartment,Yes,53,976,1163,380
1832,5,Charlottenburg,Apartment,No,33,526,628,380
1833,5,Charlottenburg,Apartment,Yes,71,1375,1627,380
1834,5,Charlottenburg,Apartment,No,45,677,806,380
1835,5,Charlottenburg,Apartment,Yes,47,855,993,380
1836,5,Charlottenburg,Apartment,No,36,558,679,380
1837,5,Charlottenburg,Apartment,No,64,1020,1203,380
1838,5,Charlottenburg,Apartment,Yes,48,933,1091,380
1839,5,Charlottenburg,Apartment,No,52,740,898,380
1840,5,Charlottenburg,Apartment,Yes,67,1377,1580,380
1841,5,Charlottenburg,Apartment,No,28,430,511,380
1842,5,Charlottenburg,Apartment,No,50,726,874,380
1843,5,Charlottenburg,Apartment,No,45,681,837,380
1844,5,Charlottenburg,Apartment,Yes,39,677,814,380
1845,5,Charlottenburg,Apartment,No,80,1302,1567,380
1846,5,Charlottenburg,Apartment,No,74,1032,1266,380
1847,5,Charlottenburg,Apartment,Yes,64,1134,1324,380
1848,5,Charlottenburg,Apartment,No,54,825,993,380
1849,5,Charlottenburg,Apartment,No,52,875,1041,380
1850,5,Charlottenburg,Apartment,Yes,38,808,929,380
1851,5,Charlottenburg,Apartment,No,58,927,1102,380
1852,5,Charlottenburg,Apartment,No,48,808,980,380
1853,5,Charlottenburg,Apartment,No,55,840,1033,380
1854,5,Charlottenburg,Apartment,No,48,737,873,380
1855,5,Charlottenburg,Apartment,No,43,611,754,380
1856,5,Charlottenburg,Apartment,No,56,924,1084,380
1857,5,Charlottenburg,Apartment,Yes,45,951,1098,380
1858,5,Charlottenburg,Apartment,No,58,873,1041,380
1859,5,Charlottenburg,Apartment,No,84,1272,1532,380
1860,5,Charlottenburg,Apartment,Yes,56,1136,1300,380
1861,5,Charlottenburg,Apartment,Yes,40,808,950,380
1862,5,Charlottenburg,Apartment,Yes,48,890,1027,380
1863,5,Charlottenburg,Apartment,No,45,773,923,380
1864,5,Charlottenburg,Apartment,No,54,915,1068,380
1865,5,Charlottenburg,Apartment,No,48,685,842,380
1866,5,Charlottenburg,Apartment,No,61,847,1019,380
1867,5,Charlottenburg,Apartment,No,63,1104,1289,380
1868,5,Charlottenburg,Apartment,No,50,862,1008,380
1869,5,Charlottenburg,Apartment,Yes,53,1098,1255,380
1870,5,Charlottenburg,Apartment,No,54,787,948,380
1871,5,Charlottenburg,Apartment,No,69,1157,1394,380
1872,5,Charlottenburg,Apartment,No,48,815,958,380
1873,5,Charlottenburg,Apartment,No,41,583,705,380
1874,5,Charlottenburg,Apartment,Yes,38,737,847,380
1875,5,Charlottenburg,Apartment,Yes,64,1131,1339,380
1876,5,Charlottenburg,Apartment,Yes,66,1251,1449,380
1877,5,Charlottenburg,Apartment,No,51,866,1035,380
1878,5,Charlottenburg,Apartment,No,52,760,938,380
1879,5,Charlottenburg,Apartment,Yes,80,1552,1808,380
1880,5,Charlottenburg,Apartment,Yes,46,977,1121,380
1881,5,Charlottenburg,Apartment,No,46,779,927,380
1882,5,Charlottenburg,Apartment,No,35,590,706,380
1883,5,Charlottenburg,Apartment,No,47,790,932,380
1884,5,Charlottenburg,Apartment,No,49,835,1010,380
1885,5,Charlottenburg,Apartment,No,41,676,819,380
1886,5,Charlottenburg,Apartment,No,51,729,879,380
1887,5,Charlottenburg,Apartment,No,52,875,1035,380
1888,5,Charlottenburg,Apartment,No,53,777,949,380
1889,5,Charlottenburg,Apartment,No,36,626,755,380
1890,5,Charlottenburg,Apartment,No,61,843,1030,380
1891,5,Charlottenburg,Apartment,No,78,1204,1468,380
1892,5,Charlottenburg,Apartment,Yes,33,676,775,380
1893,5,Charlottenburg,Apartment,No,69,1048,1259,380
1894,5,Charlottenburg,Apartment,No,73,1045,1256,380
1895,5,Charlottenburg,Apartment,Yes,65,1414,1599,380
1896,5,Charlottenburg,Apartment,Yes,67,1436,1647,380
1897,5,Charlottenburg,Apartment,Yes,56,1106,1267,380
1898,5,Charlottenburg,Apartment,No,53,769,942,380
1899,5,Charlottenburg,Apartment,No,46,774,910,380
1900,5,Charlottenburg,Apartment,Yes,50,979,1150,380
1901,5,Charlottenburg,Apartment,No,29,507,598,380
1902,5,Charlottenburg,Apartment,Yes,52,965,1121,380
1903,5,Charlottenburg,Apartment,No,53,789,942,380
1904,5,Charlottenburg,Apartment,No,37,602,706,380
1905,5,Charlottenburg,Apartment,No,48,804,976,380
1906,5,Charlottenburg,Apartment,No,58,882,1047,380
1907,5,Charlottenburg,Apartment,No,57,902,1067,380
1908,5,Charlottenburg,Apartment,No,51,840,998,380
1909,5,Charlottenburg,Apartment,No,58,870,1057,380
1910,5,Charlottenburg,Apartment,No,49,829,1003,380
1911,5,Charlottenburg,Apartment,No,45,742,882,380
1912,5,Charlottenburg,Apartment,Yes,58,1216,1384,380
1913,5,Charlottenburg,Apartment,No,44,669,794,380
1914,5,Charlottenburg,Apartment,No,28,459,542,380
1915,5,Charlottenburg,Apartment,No,58,907,1099,380
1916,5,Charlottenburg,Apartment,No,58,863,1059,380
1917,5,Charlottenburg,Apartment,Yes,43,790,928,380
1918,5,Charlottenburg,Apartment,Yes,46,872,1015,380
1919,5,Charlottenburg,Apartment,No,39,593,723,380
1920,5,Charlottenburg,Apartment,No,45,669,797,380
1921,5,Charlottenburg,Apartment,No,47,816,973,380
1922,5,Charlottenburg,Apartment,No,37,546,651,380
1923,5,Charlottenburg,Apartment,Yes,42,758,876,380
1924,5,Charlottenburg,Apartment,No,46,732,879,380
1925,5,Charlottenburg,Apartment,Yes,30,559,664,380
1926,5,Charlottenburg,Apartment,No,59,856,1064,380
1927,5,Charlottenburg,Apartment,No,60,909,1105,380
1928,5,Charlottenburg,Apartment,No,28,442,531,380
1929,5,Charlottenburg,Apartment,No,57,806,998,380
1930,5,Charlottenburg,Apartment,No,68,1143,1342,380
1931,5,Charlottenburg,Apartment,No,64,887,1083,380
1932,5,Charlottenburg,Apartment,No,66,1078,1294,380
1933,5,Charlottenburg,Apartment,Yes,65,1197,1411,380
1934,5,Charlottenburg,Apartment,No,49,823,967,380
1935,5,Charlottenburg,Apartment,No,37,596,710,380
1936,5,Charlottenburg,Apartment,No,69,979,1205,380
1937,5,Charlottenburg,Apartment,No,72,1132,1357,380
1938,5,Charlottenburg,Apartment,No,54,749,942,380
1939,5,Charlottenburg,Apartment,Yes,48,961,1112,380
1940,5,Charlottenburg,Apartment,No,62,858,1057,380
1941,5,Charlottenburg,Apartment,No,59,952,1119,380
1942,5,Charlottenburg,Apartment,Yes,58,1228,1402,380
1943,5,Charlottenburg,Apartment,No,41,571,692,380
1944,5,Charlottenburg,Apartment,No,60,904,1096,380
1945,5,Charlottenburg,Apartment,No,31,430,527,380
1946,5,Charlottenburg,Apartment,Yes,50,932,1102,380
1947,5,Charlottenburg,Apartment,No,52,742,896,380
1948,5,Charlottenburg,Apartment,No,66,1020,1248,380
1949,5,Charlottenburg,Apartment,No,51,847,1023,380
1950,5,Charlottenburg,Apartment,Yes,65,1253,1459,380
1951,5,Charlottenburg,Apartment,Yes,52,1010,1190,380
1952,5,Charlottenburg,Apartment,No,60,953,1143,380
1953,5,Charlottenburg,Apartment,No,78,1322,1594,380
1954,5,Charlottenburg,Apartment,No,46,730,870,380
1955,5,Charlottenburg,Apartment,No,55,768,958,380
1956,5,Charlottenburg,Apartment,No,30,428,523,380
1957,5,Charlottenburg,Apartment,Yes,71,1374,1608,380
1958,5,Charlottenburg,Apartment,No,53,753,920,380
1959,5,Charlottenburg,Apartment,No,70,1119,1325,380
1960,5,Charlottenburg,Apartment,No,45,659,800,380
1961,5,Charlottenburg,Apartment,Yes,37,754,865,380
1962,5,Charlottenburg,Apartment,Yes,53,1037,1200,380
1963,5,Charlottenburg,Apartment,No,42,676,826,380
1964,5,Charlottenburg,Apartment,Yes,54,1114,1296,380
1965,5,Charlottenburg,Apartment,Yes,37,789,907,380
1966,5,Charlottenburg,Apartment,No,78,1352,1604,380
1967,5,Charlottenburg,Apartment,No,35,482,594,380
1968,5,Charlottenburg,Apartment,No,49,746,922,380
1969,5,Charlottenburg,Apartment,No,44,628,778,380
1970,5,Charlottenburg,Apartment,Yes,28,558,640,380
1971,5,Charlottenburg,Apartment,No,33,483,579,380
1972,5,Charlottenburg,Apartment,No,57,852,1057,380
1973,5,Charlottenburg,Apartment,No,43,625,748,380
1974,5,Charlottenburg,Apartment,Yes,47,1003,1144,380
1975,5,Charlottenburg,Apartment,No,47,762,904,380
1976,5,Charlottenburg,Apartment,No,52,757,920,380
1977,5,Charlottenburg,Apartment,Yes,59,1175,1346,380
1978,5,Charlottenburg,Apartment,No,41,688,807,380
1979,5,Charlottenburg,Apartment,No,45,782,931,380
1980,5,Charlottenburg,Apartment,Yes,74,1409,1636,380
1981,5,Charlottenburg,Apartment,No,62,1090,1285,380
1982,5,Charlottenburg,Apartment,No,44,693,817,380
1983,5,Charlottenburg,Apartment,No,43,665,815,380
1984,5,Charlottenburg,Apartment,No,41,675,811,380
1985,5,Charlottenburg,Apartment,No,56,772,970,380
1986,5,Charlottenburg,Apartment,Yes,53,1148,1329,380
1987,5,Charlottenburg,Apartment,No,52,762,941,380
1988,5,Charlottenburg,Apartment,No,41,586,732,380
1989,5,Charlottenburg,Apartment,No,52,750,913,380
1990,5,Charlottenburg,Apartment,No,54,807,1000,380
1991,5,Charlottenburg,Apartment,No,58,799,1004,380
1992,5,Charlottenburg,Apartment,No,44,654,800,380
1993,5,Charlottenburg,Apartment,No,64,959,1187,380
1994,5,Charlottenburg,Apartment,No,66,1142,1371,380
1995,5,Charlottenburg,Apartment,No,28,402,492,380
1996,5,Charlottenburg,Apartment,No,35,485,605,380
1997,5,Charlottenburg,Apartment,No,65,1121,1332,380
1998,5,Charlottenburg,Apartment,No,69,1158,1369,380
1999,5,Charlottenburg,Apartment,No,65,1041,1265,380
2000,5,Charlottenburg,Apartment,No,51,831,995,380
2001,5,Charlottenburg,Apartment,No,46,702,864,380
2002,5,Charlottenburg,Apartment,No,66,932,1139,380
2003,5,Charlottenburg,Apartment,No,72,1010,1256,380
2004,5,Charlottenburg,Apartment,No,41,694,838,380
2005,5,Charlottenburg,Apartment,No,62,969,1188,380
2006,5,Charlottenburg,Apartment,No,56,964,1133,380
2007,5,Charlottenburg,Apartment,No,33,491,606,380
2008,5,Charlottenburg,Apartment,No,34,477,577,380
2009,5,Charlottenburg,Apartment,Yes,46,851,1012,380
2010,5,Charlottenburg,Apartment,No,50,731,890,380
2011,5,Charlottenburg,Apartment,No,56,881,1076,380
2012,5,Charlottenburg,Apartment,No,58,801,1005,380
2013,5,Charlottenburg,Apartment,No,56,885,1065,380
2014,5,Charlottenburg,Apartment,No,72,1172,1415,380
2015,5,Charlottenburg,Apartment,No,52,806,980,380
2016,5,Charlottenburg,Apartment,No,52,766,948,380
2017,5,Charlottenburg,Apartment,No,62,1089,1274,380
2018,5,Charlottenburg,Apartment,Yes,50,1088,1232,380
2019,5,Charlottenburg,Apartment,No,66,914,1113,380
2020,5,Charlottenburg,Apartment,No,52,888,1062,380
2021,5,Charlottenburg,Apartment,No,39,542,660,380
2022,5,Charlottenburg,Apartment,Yes,60,1265,1455,380
2023,5,Charlottenburg,Apartment,No,70,1185,1396,380
2024,5,Charlottenburg,Apartment,No,71,1050,1274,380
2025,5,Charlottenburg,Apartment,No,42,694,818,380
2026,5,Charlottenburg,Apartment,No,50,767,930,380
2027,5,Charlottenburg,Apartment,No,42,665,788,380
2028,5,Charlottenburg,Apartment,No,28,480,568,380
2029,5,Charlottenburg,Apartment,No,52,826,1001,380
2030,5,Charlottenburg,Apartment,No,45,650,805,380
2031,6,Schöneberg,Apartment,No,34,404,503,310
2032,6,Schöneberg,Apartment,No,52,728,880,310
2033,6,Schöneberg,Apartment,No,57,729,903,310
2034,6,Schöneberg,Apartment,No,38,455,567,310
2035,6,Schöneberg,Apartment,No,74,929,1167,310
2036,6,Schöneberg,Apartment,Yes,42,718,855,310
2037,6,Schöneberg,Apartment,Yes,82,1508,1759,310
2038,6,Schöneberg,Apartment,No,40,499,627,310
2039,6,Schöneberg,Apartment,Yes,52,775,954,310
2040,6,Schöneberg,Apartment,No,72,910,1136,310
2041,6,Schöneberg,Apartment,No,75,1093,1322,310
2042,6,Schöneberg,Apartment,No,55,778,949,310
2043,6,Schöneberg,Apartment,No,57,742,918,310
2044,6,Schöneberg,Apartment,No,60,757,961,310
2045,6,Schöneberg,Apartment,Yes,48,777,926,310
2046,6,Schöneberg,Apartment,No,32,383,488,310
2047,6,Schöneberg,Apartment,No,34,446,555,310
2048,6,Schöneberg,Apartment,No,74,987,1200,310
2049,6,Schöneberg,Apartment,No,37,463,595,310
2050,6,Schöneberg,Apartment,No,57,825,1000,310
2051,6,Schöneberg,Apartment,No,52,612,779,310
2052,6,Schöneberg,Apartment,No,34,497,614,310
2053,6,Schöneberg,Apartment,No,48,624,768,310
2054,6,Schöneberg,Apartment,No,55,691,863,310
2055,6,Schöneberg,Apartment,Yes,44,669,803,310
2056,6,Schöneberg,Apartment,No,66,914,1124,310
2057,6,Schöneberg,Apartment,No,73,875,1132,310
2058,6,Schöneberg,Apartment,No,52,618,793,310
2059,6,Schöneberg,Apartment,No,28,340,421,310
2060,6,Schöneberg,Apartment,Yes,36,596,704,310
2061,6,Schöneberg,Apartment,Yes,55,958,1130,310
2062,6,Schöneberg,Apartment,No,52,738,889,310
2063,6,Schöneberg,Apartment,No,47,679,835,310
2064,6,Schöneberg,Apartment,No,36,504,615,310
2065,6,Schöneberg,Apartment,Yes,30,449,536,310
2066,6,Schöneberg,Apartment,Yes,63,940,1132,310
2067,6,Schöneberg,Apartment,No,36,467,578,310
2068,6,Schöneberg,Apartment,Yes,66,1075,1287,310
2069,6,Schöneberg,Apartment,No,84,1234,1508,310
2070,6,Schöneberg,Apartment,No,53,767,953,310
2071,6,Schöneberg,Apartment,No,54,709,900,310
2072,6,Schöneberg,Apartment,No,58,767,961,310
2073,6,Schöneberg,Apartment,No,39,483,610,310
2074,6,Schöneberg,Apartment,No,51,700,876,310
2075,6,Schöneberg,Apartment,No,56,658,834,310
2076,6,Schöneberg,Apartment,No,64,866,1063,310
2077,6,Schöneberg,Apartment,No,49,633,793,310
2078,6,Schöneberg,Apartment,No,44,578,712,310
2079,6,Schöneberg,Apartment,No,59,829,1009,310
2080,6,Schöneberg,Apartment,No,64,770,992,310
2081,6,Schöneberg,Apartment,No,52,610,769,310
2082,6,Schöneberg,Apartment,No,57,774,977,310
2083,6,Schöneberg,Apartment,Yes,61,1086,1286,310
2084,6,Schöneberg,Apartment,No,49,673,835,310
2085,6,Schöneberg,Apartment,Yes,55,968,1160,310
2086,6,Schöneberg,Apartment,No,52,645,811,310
2087,6,Schöneberg,Apartment,No,67,881,1097,310
2088,6,Schöneberg,Apartment,No,53,627,811,310
2089,6,Schöneberg,Apartment,No,56,763,925,310
2090,6,Schöneberg,Apartment,No,38,566,679,310
2091,6,Schöneberg,Apartment,No,58,793,959,310
2092,6,Schöneberg,Apartment,No,40,584,706,310
2093,6,Schöneberg,Apartment,Yes,28,508,593,310
2094,6,Schöneberg,Apartment,Yes,43,780,932,310
2095,6,Schöneberg,Apartment,Yes,58,913,1076,310
2096,6,Schöneberg,Apartment,No,34,460,564,310
2097,6,Schöneberg,Apartment,Yes,64,1094,1287,310
2098,6,Schöneberg,Apartment,No,57,763,923,310
2099,6,Schöneberg,Apartment,Yes,75,1277,1521,310
2100,6,Schöneberg,Apartment,No,60,715,912,310
2101,6,Schöneberg,Apartment,No,47,616,760,310
2102,6,Schöneberg,Apartment,No,50,702,855,310
2103,6,Schöneberg,Apartment,No,61,840,1011,310
2104,6,Schöneberg,Apartment,No,67,936,1174,310
2105,6,Schöneberg,Apartment,No,56,701,873,310
2106,6,Schöneberg,Apartment,No,67,888,1103,310
2107,6,Schöneberg,Apartment,No,53,745,920,310
2108,6,Schöneberg,Apartment,No,62,794,996,310
2109,6,Schöneberg,Apartment,No,85,1074,1318,310
2110,6,Schöneberg,Apartment,No,51,605,751,310
2111,6,Schöneberg,Apartment,Yes,53,834,1003,310
2112,6,Schöneberg,Apartment,No,48,609,758,310
2113,6,Schöneberg,Apartment,No,40,598,721,310
2114,6,Schöneberg,Apartment,No,54,756,943,310
2115,6,Schöneberg,Apartment,Yes,73,1099,1346,310
2116,6,Schöneberg,Apartment,No,48,595,742,310
2117,6,Schöneberg,Apartment,No,46,598,762,310
2118,6,Schöneberg,Apartment,Yes,51,853,1018,310
2119,6,Schöneberg,Apartment,Yes,51,865,1043,310
2120,6,Schöneberg,Apartment,No,50,622,770,310
2121,6,Schöneberg,Apartment,No,46,614,752,310
2122,6,Schöneberg,Apartment,No,68,907,1105,310
2123,6,Schöneberg,Apartment,No,56,732,905,310
2124,6,Schöneberg,Apartment,Yes,58,1023,1221,310
2125,6,Schöneberg,Apartment,No,41,525,651,310
2126,6,Schöneberg,Apartment,No,60,849,1024,310
2127,6,Schöneberg,Apartment,No,55,684,857,310
2128,6,Schöneberg,Apartment,No,51,608,779,310
2129,6,Schöneberg,Apartment,No,65,822,1053,310
2130,6,Schöneberg,Apartment,No,52,672,851,310
2131,6,Schöneberg,Apartment,No,66,801,993,310
2132,6,Schöneberg,Apartment,No,40,573,708,310
2133,6,Schöneberg,Apartment,No,53,713,875,310
2134,6,Schöneberg,Apartment,No,60,795,1010,310
2135,6,Schöneberg,Apartment,Yes,51,882,1041,310
2136,6,Schöneberg,Apartment,No,64,949,1159,310
2137,6,Schöneberg,Apartment,Yes,54,843,1017,310
2138,6,Schöneberg,Apartment,Yes,53,833,1005,310
2139,6,Schöneberg,Apartment,No,37,491,607,310
2140,6,Schöneberg,Apartment,Yes,66,1018,1230,310
2141,6,Schöneberg,Apartment,No,45,578,719,310
2142,6,Schöneberg,Apartment,No,71,956,1183,310
2143,6,Schöneberg,Apartment,No,52,637,821,310
2144,6,Schöneberg,Apartment,No,39,533,655,310
2145,6,Schöneberg,Apartment,No,55,781,977,310
2146,6,Schöneberg,Apartment,Yes,61,1095,1274,310
2147,6,Schöneberg,Apartment,Yes,41,645,761,310
2148,6,Schöneberg,Apartment,No,40,478,596,310
2149,6,Schöneberg,Apartment,No,60,812,1001,310
2150,6,Schöneberg,Apartment,No,44,573,720,310
2151,6,Schöneberg,Apartment,No,65,914,1146,310
2152,6,Schöneberg,Apartment,Yes,64,1148,1328,310
2153,6,Schöneberg,Apartment,No,61,901,1101,310
2154,6,Schöneberg,Apartment,Yes,74,1225,1437,310
2155,6,Schöneberg,Apartment,No,76,1085,1353,310
2156,6,Schöneberg,Apartment,No,52,768,930,310
2157,6,Schöneberg,Apartment,No,62,896,1074,310
2158,6,Schöneberg,Apartment,No,53,722,882,310
2159,6,Schöneberg,Apartment,Yes,63,1020,1220,310
2160,6,Schöneberg,Apartment,Yes,49,741,896,310
2161,6,Schöneberg,Apartment,No,43,506,643,310
2162,6,Schöneberg,Apartment,No,68,948,1176,310
2163,6,Schöneberg,Apartment,Yes,65,1081,1288,310
2164,6,Schöneberg,Apartment,No,65,856,1054,310
2165,6,Schöneberg,Apartment,No,53,663,844,310
2166,6,Schöneberg,Apartment,No,47,600,738,310
2167,6,Schöneberg,Apartment,No,47,619,776,310
2168,6,Schöneberg,Apartment,Yes,56,963,1122,310
2169,6,Schöneberg,Apartment,No,39,475,594,310
2170,6,Schöneberg,Apartment,No,40,536,660,310
2171,6,Schöneberg,Apartment,No,41,518,634,310
2172,6,Schöneberg,Apartment,No,67,801,1039,310
2173,6,Schöneberg,Apartment,Yes,47,849,1004,310
2174,6,Schöneberg,Apartment,No,55,790,954,310
2175,6,Schöneberg,Apartment,No,85,1143,1446,310
2176,6,Schöneberg,Apartment,Yes,61,1116,1326,310
2177,6,Schöneberg,Apartment,No,52,751,928,310
2178,6,Schöneberg,Apartment,No,31,377,482,310
2179,6,Schöneberg,Apartment,No,47,590,748,310
2180,6,Schöneberg,Apartment,No,40,516,631,310
2181,6,Schöneberg,Apartment,Yes,46,794,931,310
2182,6,Schöneberg,Apartment,No,66,962,1169,310
2183,6,Schöneberg,Apartment,Yes,43,688,832,310
2184,6,Schöneberg,Apartment,No,60,851,1053,310
2185,6,Schöneberg,Apartment,Yes,37,636,749,310
2186,6,Schöneberg,Apartment,No,46,607,756,310
2187,6,Schöneberg,Apartment,Yes,58,862,1059,310
2188,6,Schöneberg,Apartment,No,59,856,1062,310
2189,6,Schöneberg,Apartment,No,48,698,835,310
2190,6,Schöneberg,Apartment,Yes,42,749,872,310
2191,6,Schöneberg,Apartment,Yes,57,954,1133,310
2192,6,Schöneberg,Apartment,No,62,764,963,310
2193,6,Schöneberg,Apartment,No,69,985,1221,310
2194,6,Schöneberg,Apartment,No,54,665,854,310
2195,6,Schöneberg,Apartment,No,51,712,891,310
2196,6,Schöneberg,Apartment,No,50,633,785,310
2197,6,Schöneberg,Apartment,Yes,29,487,589,310
2198,6,Schöneberg,Apartment,No,66,829,1043,310
2199,6,Schöneberg,Apartment,No,61,789,960,310
2200,6,Schöneberg,Apartment,No,41,541,657,310
2201,6,Schöneberg,Apartment,No,38,514,625,310
2202,6,Schöneberg,Apartment,No,64,833,1040,310
2203,6,Schöneberg,Apartment,No,52,635,812,310
2204,6,Schöneberg,Apartment,No,35,422,522,310
2205,6,Schöneberg,Apartment,No,34,456,576,310
2206,6,Schöneberg,Apartment,No,60,809,996,310
2207,6,Schöneberg,Apartment,Yes,61,999,1210,310
2208,6,Schöneberg,Apartment,Yes,46,708,847,310
2209,6,Schöneberg,Apartment,No,39,548,657,310
2210,6,Schöneberg,Apartment,No,39,547,659,310
2211,6,Schöneberg,Apartment,No,45,596,757,310
2212,6,Schöneberg,Apartment,No,36,505,615,310
2213,6,Schöneberg,Apartment,No,77,938,1207,310
2214,6,Schöneberg,Apartment,No,42,526,673,310
2215,6,Schöneberg,Apartment,No,37,515,640,310
2216,6,Schöneberg,Apartment,Yes,67,1112,1351,310
2217,6,Schöneberg,Apartment,No,28,370,468,310
2218,6,Schöneberg,Apartment,Yes,54,835,1021,310
2219,6,Schöneberg,Apartment,No,45,543,691,310
2220,6,Schöneberg,Apartment,Yes,48,859,1017,310
2221,6,Schöneberg,Apartment,No,49,653,804,310
2222,6,Schöneberg,Apartment,No,43,528,664,310
2223,6,Schöneberg,Apartment,No,28,415,505,310
2224,6,Schöneberg,Apartment,No,50,705,882,310
2225,6,Schöneberg,Apartment,No,44,527,660,310
2226,6,Schöneberg,Apartment,No,28,342,432,310
2227,6,Schöneberg,Apartment,No,55,755,930,310
2228,6,Schöneberg,Apartment,No,46,646,789,310
2229,6,Schöneberg,Apartment,No,64,944,1127,310
2230,6,Schöneberg,Apartment,Yes,33,544,639,310
2231,6,Schöneberg,Apartment,No,64,836,1048,310
2232,6,Schöneberg,Apartment,No,47,668,822,310
2233,6,Schöneberg,Apartment,No,46,590,731,310
2234,6,Schöneberg,Apartment,No,39,470,580,310
2235,6,Schöneberg,Apartment,Yes,59,891,1091,310
2236,6,Schöneberg,Apartment,No,52,716,896,310
2237,6,Schöneberg,Apartment,No,52,726,906,310
2238,6,Schöneberg,Apartment,No,40,477,606,310
2239,6,Schöneberg,Apartment,Yes,34,583,692,310
2240,6,Schöneberg,Apartment,No,38,546,656,310
2241,6,Schöneberg,Apartment,Yes,34,596,693,310
2242,6,Schöneberg,Apartment,No,38,472,595,310
2243,6,Schöneberg,Apartment,Yes,48,771,925,310
2244,6,Schöneberg,Apartment,Yes,37,560,675,310
2245,6,Schöneberg,Apartment,No,43,573,702,310
2246,6,Schöneberg,Apartment,No,35,455,575,310
2247,6,Schöneberg,Apartment,No,66,947,1143,310
2248,6,Schöneberg,Apartment,No,60,846,1026,310
2249,6,Schöneberg,Apartment,No,57,801,981,310
2250,6,Schöneberg,Apartment,No,54,644,827,310
2251,6,Schöneberg,Apartment,Yes,33,562,656,310
2252,6,Schöneberg,Apartment,No,39,505,636,310
2253,6,Schöneberg,Apartment,No,56,707,906,310
2254,6,Schöneberg,Apartment,No,43,506,627,310
2255,6,Schöneberg,Apartment,No,55,701,872,310
2256,6,Schöneberg,Apartment,Yes,28,486,576,310
2257,6,Schöneberg,Apartment,No,36,455,563,310
2258,6,Schöneberg,Apartment,No,57,709,894,310
2259,6,Schöneberg,Apartment,No,65,879,1075,310
2260,6,Schöneberg,Apartment,No,58,686,883,310
2261,6,Schöneberg,Apartment,No,64,844,1043,310
2262,6,Schöneberg,Apartment,No,60,733,929,310
2263,6,Schöneberg,Apartment,No,28,374,459,310
2264,6,Schöneberg,Apartment,No,53,761,929,310
2265,6,Schöneberg,Apartment,Yes,40,647,790,310
2266,6,Schöneberg,Apartment,No,39,512,648,310
2267,6,Schöneberg,Apartment,Yes,70,1089,1315,310
2268,6,Schöneberg,Apartment,Yes,28,502,585,310
2269,6,Schöneberg,Apartment,No,63,808,985,310
2270,6,Schöneberg,Apartment,No,60,790,985,310
2271,6,Schöneberg,Apartment,No,56,702,880,310
2272,6,Schöneberg,Apartment,No,49,653,801,310
2273,6,Schöneberg,Apartment,No,58,824,1020,310
2274,6,Schöneberg,Apartment,No,42,592,742,310
2275,6,Schöneberg,Apartment,No,46,566,700,310
2276,6,Schöneberg,Apartment,No,59,834,1036,310
2277,6,Schöneberg,Apartment,No,59,822,1002,310
2278,6,Schöneberg,Apartment,No,69,950,1145,310
2279,6,Schöneberg,Apartment,No,57,716,912,310
2280,6,Schöneberg,Apartment,No,62,787,1007,310
2281,6,Schöneberg,Apartment,Yes,43,715,843,310
2282,6,Schöneberg,Apartment,No,48,604,776,310
2283,6,Schöneberg,Apartment,No,56,824,1024,310
2284,6,Schöneberg,Apartment,Yes,36,665,772,310
2285,6,Schöneberg,Apartment,No,68,1014,1246,310
2286,6,Schöneberg,Apartment,No,60,768,956,310
2287,6,Schöneberg,Apartment,Yes,50,840,996,310
2288,6,Schöneberg,Apartment,No,69,945,1160,310
2289,6,Schöneberg,Apartment,Yes,56,942,1103,310
2290,6,Schöneberg,Apartment,No,54,669,821,310
2291,6,Schöneberg,Apartment,No,53,623,793,310
2292,6,Schöneberg,Apartment,Yes,32,543,649,310
2293,6,Schöneberg,Apartment,No,61,869,1046,310
2294,6,Schöneberg,Apartment,No,50,695,867,310
2295,6,Schöneberg,Apartment,No,61,909,1085,310
2296,6,Schöneberg,Apartment,No,69,993,1229,310
2297,6,Schöneberg,Apartment,No,53,723,887,310
2298,6,Schöneberg,Apartment,No,54,694,878,310
2299,6,Schöneberg,Apartment,Yes,40,665,792,310
2300,6,Schöneberg,Apartment,Yes,59,991,1187,310
2301,6,Schöneberg,Apartment,Yes,63,963,1145,310
2302,6,Schöneberg,Apartment,Yes,50,734,884,310
2303,6,Schöneberg,Apartment,Yes,62,1123,1311,310
2304,6,Schöneberg,Apartment,No,59,826,1010,310
2305,6,Schöneberg,Apartment,No,47,640,796,310
2306,6,Schöneberg,Apartment,No,64,951,1160,310
2307,6,Schöneberg,Apartment,No,51,610,766,310
2308,6,Schöneberg,Apartment,Yes,66,1007,1219,310
2309,6,Schöneberg,Apartment,No,36,528,637,310
2310,6,Schöneberg,Apartment,No,48,642,784,310
2311,6,Schöneberg,Apartment,No,42,499,641,310
2312,6,Schöneberg,Apartment,No,54,729,905,310
2313,6,Schöneberg,Apartment,No,59,701,908,310
2314,6,Schöneberg,Apartment,No,50,716,868,310
2315,6,Schöneberg,Apartment,Yes,47,842,1001,310
2316,6,Schöneberg,Apartment,Yes,55,827,1011,310
2317,6,Schöneberg,Apartment,No,51,621,801,310
2318,6,Schöneberg,Apartment,Yes,49,795,932,310
2319,6,Schöneberg,Apartment,No,60,721,911,310
2320,6,Schöneberg,Apartment,No,49,723,869,310
2321,6,Schöneberg,Apartment,Yes,51,803,970,310
2322,6,Schöneberg,Apartment,No,47,644,779,310
2323,6,Schöneberg,Apartment,No,44,582,736,310
2324,6,Schöneberg,Apartment,Yes,48,848,984,310
2325,6,Schöneberg,Apartment,No,40,511,639,310
2326,6,Schöneberg,Apartment,No,42,551,691,310
2327,6,Schöneberg,Apartment,No,35,428,547,310
2328,6,Schöneberg,Apartment,No,44,623,754,310
2329,6,Schöneberg,Apartment,No,70,929,1153,310
2330,6,Schöneberg,Apartment,Yes,75,1269,1486,310
2331,6,Schöneberg,Apartment,Yes,45,670,830,310
2332,6,Schöneberg,Apartment,No,57,678,846,310
2333,6,Schöneberg,Apartment,No,67,991,1198,310
2334,6,Schöneberg,Apartment,No,51,697,877,310
2335,6,Schöneberg,Apartment,No,54,689,842,310
2336,6,Schöneberg,Apartment,No,65,933,1132,310
2337,6,Schöneberg,Apartment,Yes,68,1029,1268,310
2338,6,Schöneberg,Apartment,No,51,754,906,310
2339,6,Schöneberg,Apartment,No,34,417,525,310
2340,6,Schöneberg,Apartment,No,38,552,678,310
2341,7,Moabit,Apartment,Yes,61,1154,1370,240
2342,7,Moabit,Apartment,No,61,810,981,240
2343,7,Moabit,Apartment,No,49,625,798,240
2344,7,Moabit,Apartment,Yes,47,715,852,240
2345,7,Moabit,Apartment,Yes,68,1034,1272,240
2346,7,Moabit,Apartment,No,66,1001,1204,240
2347,7,Moabit,Apartment,No,48,674,844,240
2348,7,Moabit,Apartment,No,59,745,937,240
2349,7,Moabit,Apartment,No,59,763,964,240
2350,7,Moabit,Apartment,Yes,68,1315,1530,240
2351,7,Moabit,Apartment,No,50,696,854,240
2352,7,Moabit,Apartment,No,62,916,1105,240
2353,7,Moabit,Apartment,No,35,443,560,240
2354,7,Moabit,Apartment,No,57,837,1037,240
2355,7,Moabit,Apartment,No,35,541,645,240
2356,7,Moabit,Apartment,No,64,873,1102,240
2357,7,Moabit,Apartment,No,68,977,1169,240
2358,7,Moabit,Apartment,Yes,77,1368,1609,240
2359,7,Moabit,Apartment,No,43,555,688,240
2360,7,Moabit,Apartment,Yes,61,1144,1333,240
2361,7,Moabit,Apartment,No,71,920,1174,240
2362,7,Moabit,Apartment,Yes,60,1068,1252,240
2363,7,Moabit,Apartment,No,40,521,643,240
2364,7,Moabit,Apartment,No,61,776,949,240
2365,7,Moabit,Apartment,No,51,636,783,240
2366,7,Moabit,Apartment,No,75,1066,1321,240
2367,7,Moabit,Apartment,Yes,56,868,1047,240
2368,7,Moabit,Apartment,No,59,885,1082,240
2369,7,Moabit,Apartment,No,44,540,667,240
2370,7,Moabit,Apartment,No,79,1133,1389,240
2371,7,Moabit,Apartment,No,52,794,966,240
2372,7,Moabit,Apartment,Yes,46,850,998,240
2373,7,Moabit,Apartment,No,48,727,872,240
2374,7,Moabit,Apartment,Yes,64,986,1187,240
2375,7,Moabit,Apartment,Yes,43,817,956,240
2376,7,Moabit,Apartment,No,43,612,746,240
2377,7,Moabit,Apartment,No,30,415,511,240
2378,7,Moabit,Apartment,No,41,518,641,240
2379,7,Moabit,Apartment,Yes,47,838,995,240
2380,7,Moabit,Apartment,No,70,962,1179,240
2381,7,Moabit,Apartment,Yes,51,957,1107,240
2382,7,Moabit,Apartment,No,79,996,1236,240
2383,7,Moabit,Apartment,No,63,808,1011,240
2384,7,Moabit,Apartment,No,61,777,963,240
2385,7,Moabit,Apartment,No,47,696,829,240
2386,7,Moabit,Apartment,Yes,46,821,962,240
2387,7,Moabit,Apartment,Yes,54,1027,1205,240
2388,7,Moabit,Apartment,No,40,529,644,240
2389,7,Moabit,Apartment,No,66,1017,1203,240
2390,7,Moabit,Apartment,Yes,63,1102,1318,240
2391,7,Moabit,Apartment,No,45,625,782,240
2392,7,Moabit,Apartment,Yes,42,722,859,240
2393,7,Moabit,Apartment,No,44,658,800,240
2394,7,Moabit,Apartment,No,66,850,1052,240
2395,7,Moabit,Apartment,No,57,882,1073,240
2396,7,Moabit,Apartment,No,46,598,742,240
2397,7,Moabit,Apartment,No,53,800,977,240
2398,7,Moabit,Apartment,No,84,1213,1512,240
2399,7,Moabit,Apartment,No,28,370,457,240
2400,7,Moabit,Apartment,Yes,44,749,875,240
2401,7,Moabit,Apartment,Yes,52,927,1088,240
2402,7,Moabit,Apartment,No,62,843,1035,240
2403,7,Moabit,Apartment,No,41,584,716,240
2404,7,Moabit,Apartment,No,50,609,776,240
2405,7,Moabit,Apartment,No,57,861,1023,240
2406,7,Moabit,Apartment,Yes,52,975,1155,240
2407,7,Moabit,Apartment,No,63,959,1181,240
2408,7,Moabit,Apartment,Yes,41,676,800,240
2409,7,Moabit,Apartment,No,55,757,942,240
2410,7,Moabit,Apartment,No,74,947,1169,240
2411,7,Moabit,Apartment,No,44,596,736,240
2412,7,Moabit,Apartment,Yes,43,811,951,240
2413,7,Moabit,Apartment,Yes,55,874,1039,240
2414,7,Moabit,Apartment,No,45,610,767,240
2415,7,Moabit,Apartment,Yes,54,852,1042,240
2416,7,Moabit,Apartment,No,40,545,687,240
2417,7,Moabit,Apartment,No,31,437,526,240
2418,7,Moabit,Apartment,No,85,1268,1511,240
2419,7,Moabit,Apartment,No,45,562,720,240
2420,7,Moabit,Apartment,Yes,67,1268,1502,240
2421,7,Moabit,Apartment,No,46,652,794,240
2422,7,Moabit,Apartment,No,65,988,1194,240
2423,7,Moabit,Apartment,No,52,663,842,240
2424,7,Moabit,Apartment,Yes,54,997,1179,240
2425,7,Moabit,Apartment,No,59,895,1066,240
2426,7,Moabit,Apartment,Yes,47,907,1072,240
2427,7,Moabit,Apartment,No,53,760,911,240
2428,7,Moabit,Apartment,No,64,939,1151,240
2429,7,Moabit,Apartment,No,28,356,438,240
2430,7,Moabit,Apartment,Yes,67,1073,1269,240
2431,7,Moabit,Apartment,No,59,838,1041,240
2432,7,Moabit,Apartment,No,33,488,588,240
2433,7,Moabit,Apartment,No,46,624,760,240
2434,7,Moabit,Apartment,No,55,751,919,240
2435,7,Moabit,Apartment,Yes,59,977,1147,240
2436,7,Moabit,Apartment,No,57,854,1017,240
2437,7,Moabit,Apartment,No,47,715,857,240
2438,7,Moabit,Apartment,No,78,1080,1320,240
2439,7,Moabit,Apartment,Yes,65,1221,1417,240
2440,7,Moabit,Apartment,No,61,889,1093,240
2441,7,Moabit,Apartment,Yes,55,1004,1195,240
2442,7,Moabit,Apartment,Yes,52,988,1153,240
2443,7,Moabit,Apartment,No,44,538,679,240
2444,7,Moabit,Apartment,Yes,36,627,754,240
2445,7,Moabit,Apartment,No,47,638,800,240
2446,7,Moabit,Apartment,No,39,543,679,240
2447,7,Moabit,Apartment,No,48,699,845,240
2448,7,Moabit,Apartment,No,55,678,848,240
2449,7,Moabit,Apartment,No,62,914,1090,240
2450,7,Moabit,Apartment,No,39,586,724,240
2451,7,Moabit,Apartment,No,34,441,543,240
2452,7,Moabit,Apartment,No,65,820,1011,240
2453,7,Moabit,Apartment,No,82,1079,1311,240
2454,7,Moabit,Apartment,Yes,61,933,1119,240
2455,7,Moabit,Apartment,No,48,657,819,240
2456,7,Moabit,Apartment,No,68,889,1110,240
2457,7,Moabit,Apartment,No,44,631,776,240
2458,7,Moabit,Apartment,Yes,29,507,605,240
2459,7,Moabit,Apartment,No,76,1147,1385,240
2460,7,Moabit,Apartment,No,57,840,1003,240
2461,7,Moabit,Apartment,No,62,953,1156,240
2462,7,Moabit,Apartment,No,62,843,1021,240
2463,7,Moabit,Apartment,No,41,513,652,240
2464,7,Moabit,Apartment,Yes,84,1548,1811,240
2465,7,Moabit,Apartment,No,42,572,709,240
2466,7,Moabit,Apartment,Yes,46,812,960,240
2467,7,Moabit,Apartment,Yes,50,769,943,240
2468,7,Moabit,Apartment,Yes,49,834,994,240
2469,7,Moabit,Apartment,No,64,842,1068,240
2470,7,Moabit,Apartment,Yes,57,1082,1283,240
2471,7,Moabit,Apartment,Yes,54,913,1085,240
2472,7,Moabit,Apartment,No,50,701,854,240
2473,7,Moabit,Apartment,No,47,694,841,240
2474,7,Moabit,Apartment,Yes,56,911,1099,240
2475,7,Moabit,Apartment,No,78,972,1202,240
2476,7,Moabit,Apartment,No,63,810,1032,240
2477,7,Moabit,Apartment,Yes,36,645,767,240
2478,7,Moabit,Apartment,No,47,709,869,240
2479,7,Moabit,Apartment,No,47,633,800,240
2480,7,Moabit,Apartment,No,41,619,739,240
2481,7,Moabit,Apartment,Yes,36,640,769,240
2482,7,Moabit,Apartment,Yes,41,736,868,240
2483,7,Moabit,Apartment,Yes,53,929,1087,240
2484,7,Moabit,Apartment,No,35,469,594,240
2485,7,Moabit,Apartment,No,71,1043,1274,240
2486,7,Moabit,Apartment,No,48,728,899,240
2487,7,Moabit,Apartment,Yes,55,924,1097,240
2488,7,Moabit,Apartment,No,66,922,1137,240
2489,7,Moabit,Apartment,No,44,666,810,240
2490,7,Moabit,Apartment,No,52,656,812,240
2491,7,Moabit,Apartment,No,45,685,818,240
2492,7,Moabit,Apartment,No,56,715,906,240
2493,7,Moabit,Apartment,No,55,703,878,240
2494,7,Moabit,Apartment,No,63,968,1181,240
2495,7,Moabit,Apartment,No,31,424,531,240
2496,7,Moabit,Apartment,Yes,46,746,877,240
2497,7,Moabit,Apartment,No,54,832,1015,240
2498,7,Moabit,Apartment,No,54,724,894,240
2499,7,Moabit,Apartment,No,54,770,950,240
2500,7,Moabit,Apartment,No,42,527,654,240
2501,7,Moabit,Apartment,No,41,500,637,240
2502,7,Moabit,Apartment,No,45,582,740,240
2503,7,Moabit,Apartment,No,42,563,687,240
2504,7,Moabit,Apartment,No,71,1015,1262,240
2505,7,Moabit,Apartment,No,59,789,991,240
2506,7,Moabit,Apartment,No,69,952,1156,240
2507,7,Moabit,Apartment,No,58,750,933,240
2508,7,Moabit,Apartment,Yes,45,793,950,240
2509,7,Moabit,Apartment,No,48,652,808,240
2510,7,Moabit,Apartment,No,52,746,918,240
2511,7,Moabit,Apartment,Yes,59,980,1147,240
2512,7,Moabit,Apartment,Yes,43,727,855,240
2513,7,Moabit,Apartment,No,58,820,1005,240
2514,7,Moabit,Apartment,No,67,949,1174,240
2515,7,Moabit,Apartment,No,36,463,572,240
2516,7,Moabit,Apartment,Yes,48,881,1023,240
2517,7,Moabit,Apartment,Yes,52,991,1167,240
2518,7,Moabit,Apartment,No,59,734,900,240
2519,7,Moabit,Apartment,No,41,607,749,240
2520,7,Moabit,Apartment,No,67,844,1050,240
2521,7,Moabit,Apartment,No,31,457,553,240
2522,7,Moabit,Apartment,No,39,584,723,240
2523,7,Moabit,Apartment,No,41,606,742,240
2524,7,Moabit,Apartment,No,35,515,636,240
2525,7,Moabit,Apartment,Yes,60,1136,1314,240
2526,7,Moabit,Apartment,No,72,979,1184,240
2527,7,Moabit,Apartment,Yes,53,811,996,240
2528,7,Moabit,Apartment,No,75,1044,1261,240
2529,7,Moabit,Apartment,Yes,36,624,741,240
2530,7,Moabit,Apartment,No,43,652,789,240
2531,7,Moabit,Apartment,No,51,769,917,240
2532,7,Moabit,Apartment,No,66,992,1224,240
2533,7,Moabit,Apartment,Yes,28,499,584,240
2534,7,Moabit,Apartment,Yes,52,912,1063,240
2535,7,Moabit,Apartment,No,57,875,1040,240
2536,7,Moabit,Apartment,No,67,929,1169,240
2537,7,Moabit,Apartment,No,28,346,438,240
2538,7,Moabit,Apartment,Yes,57,933,1106,240
2539,7,Moabit,Apartment,Yes,74,1155,1384,240
2540,7,Moabit,Apartment,No,28,348,440,240
2541,7,Moabit,Apartment,No,75,925,1184,240
2542,7,Moabit,Apartment,Yes,54,838,993,240
2543,7,Moabit,Apartment,No,47,668,802,240
2544,7,Moabit,Apartment,No,65,837,1035,240
2545,7,Moabit,Apartment,No,83,1230,1503,240
2546,7,Moabit,Apartment,No,57,772,951,240
2547,7,Moabit,Apartment,No,46,560,696,240
2548,7,Moabit,Apartment,Yes,59,1118,1287,240
2549,7,Moabit,Apartment,No,52,739,914,240
2550,7,Moabit,Apartment,No,40,566,679,240
2551,7,Moabit,Apartment,No,43,644,784,240
2552,7,Moabit,Apartment,Yes,60,1132,1318,240
2553,7,Moabit,Apartment,No,60,817,1028,240
2554,7,Moabit,Apartment,No,44,564,688,240
2555,7,Moabit,Apartment,No,70,924,1139,240
2556,7,Moabit,Apartment,No,66,953,1187,240
2557,7,Moabit,Apartment,No,58,748,951,240
2558,7,Moabit,Apartment,No,45,677,828,240
2559,7,Moabit,Apartment,No,66,872,1082,240
2560,7,Moabit,Apartment,Yes,54,901,1059,240
2561,7,Moabit,Apartment,No,55,790,961,240
2562,7,Moabit,Apartment,No,38,583,710,240
2563,7,Moabit,Apartment,Yes,48,919,1071,240
2564,7,Moabit,Apartment,No,72,1013,1249,240
2565,7,Moabit,Apartment,No,48,632,768,240
2566,7,Moabit,Apartment,Yes,62,953,1160,240
2567,7,Moabit,Apartment,No,65,976,1203,240
2568,7,Moabit,Apartment,Yes,71,1186,1424,240
2569,7,Moabit,Apartment,No,57,795,982,240
2570,7,Moabit,Apartment,No,33,436,553,240
2571,7,Moabit,Apartment,No,62,895,1094,240
2572,7,Moabit,Apartment,Yes,56,1010,1178,240
2573,7,Moabit,Apartment,Yes,58,978,1173,240
2574,7,Moabit,Apartment,Yes,54,830,1002,240
2575,7,Moabit,Apartment,No,80,1012,1289,240
2576,7,Moabit,Apartment,No,35,427,525,240
2577,7,Moabit,Apartment,Yes,71,1318,1551,240
2578,7,Moabit,Apartment,Yes,45,732,886,240
2579,7,Moabit,Apartment,Yes,73,1393,1619,240
2580,7,Moabit,Apartment,No,60,873,1060,240
2581,8,Neukölln,Apartment,No,38,413,539,450
2582,8,Neukölln,Apartment,Yes,48,792,940,450
2583,8,Neukölln,Apartment,Yes,60,848,1052,450
2584,8,Neukölln,Apartment,Yes,54,747,933,450
2585,8,Neukölln,Apartment,No,50,616,767,450
2586,8,Neukölln,Apartment,No,47,636,769,450
2587,8,Neukölln,Apartment,No,56,673,836,450
2588,8,Neukölln,Apartment,Yes,29,481,570,450
2589,8,Neukölln,Apartment,No,70,907,1154,450
2590,8,Neukölln,Apartment,No,34,424,537,450
2591,8,Neukölln,Apartment,No,51,623,794,450
2592,8,Neukölln,Apartment,Yes,49,813,989,450
2593,8,Neukölln,Apartment,No,59,773,973,450
2594,8,Neukölln,Apartment,Yes,47,653,805,450
2595,8,Neukölln,Apartment,No,64,814,995,450
2596,8,Neukölln,Apartment,No,36,436,562,450
2597,8,Neukölln,Apartment,No,53,692,872,450
2598,8,Neukölln,Apartment,No,61,696,898,450
2599,8,Neukölln,Apartment,Yes,48,729,893,450
2600,8,Neukölln,Apartment,No,66,770,991,450
2601,8,Neukölln,Apartment,Yes,38,557,684,450
2602,8,Neukölln,Apartment,Yes,55,946,1141,450
2603,8,Neukölln,Apartment,No,60,652,843,450
2604,8,Neukölln,Apartment,Yes,43,636,786,450
2605,8,Neukölln,Apartment,No,53,631,815,450
2606,8,Neukölln,Apartment,Yes,49,718,862,450
2607,8,Neukölln,Apartment,No,67,774,1006,450
2608,8,Neukölln,Apartment,No,66,864,1077,450
2609,8,Neukölln,Apartment,Yes,42,700,849,450
2610,8,Neukölln,Apartment,Yes,52,837,1006,450
2611,8,Neukölln,Apartment,No,56,713,902,450
2612,8,Neukölln,Apartment,Yes,53,895,1068,450
2613,8,Neukölln,Apartment,No,55,641,822,450
2614,8,Neukölln,Apartment,No,44,495,640,450
2615,8,Neukölln,Apartment,No,47,625,775,450
2616,8,Neukölln,Apartment,No,45,613,753,450
2617,8,Neukölln,Apartment,Yes,69,1165,1401,450
2618,8,Neukölln,Apartment,No,59,678,861,450
2619,8,Neukölln,Apartment,No,57,729,927,450
2620,8,Neukölln,Apartment,No,43,496,639,450
2621,8,Neukölln,Apartment,No,32,352,461,450
2622,8,Neukölln,Apartment,No,28,379,467,450
2623,8,Neukölln,Apartment,No,56,650,842,450
2624,8,Neukölln,Apartment,No,54,682,860,450
2625,8,Neukölln,Apartment,Yes,53,821,989,450
2626,8,Neukölln,Apartment,No,36,419,545,450
2627,8,Neukölln,Apartment,Yes,49,696,852,450
2628,8,Neukölln,Apartment,No,37,439,568,450
2629,8,Neukölln,Apartment,Yes,73,1231,1455,450
2630,8,Neukölln,Apartment,No,57,778,955,450
2631,8,Neukölln,Apartment,No,48,558,716,450
2632,8,Neukölln,Apartment,Yes,58,878,1082,450
2633,8,Neukölln,Apartment,No,39,530,644,450
2634,8,Neukölln,Apartment,No,59,653,824,450
2635,8,Neukölln,Apartment,No,47,547,709,450
2636,8,Neukölln,Apartment,No,43,563,692,450
2637,8,Neukölln,Apartment,No,49,668,822,450
2638,8,Neukölln,Apartment,No,55,711,879,450
2639,8,Neukölln,Apartment,No,72,787,1015,450
2640,8,Neukölln,Apartment,No,57,638,807,450
2641,8,Neukölln,Apartment,No,36,448,549,450
2642,8,Neukölln,Apartment,Yes,48,657,797,450
2643,8,Neukölln,Apartment,No,48,534,686,450
2644,8,Neukölln,Apartment,Yes,54,922,1107,450
2645,8,Neukölln,Apartment,Yes,40,593,724,450
2646,8,Neukölln,Apartment,No,79,990,1214,450
2647,8,Neukölln,Apartment,No,50,606,779,450
2648,8,Neukölln,Apartment,Yes,56,762,925,450
2649,8,Neukölln,Apartment,No,56,632,803,450
2650,8,Neukölln,Apartment,Yes,59,836,1020,450
2651,8,Neukölln,Apartment,Yes,38,568,685,450
2652,8,Neukölln,Apartment,Yes,48,819,959,450
2653,8,Neukölln,Apartment,No,55,659,825,450
2654,8,Neukölln,Apartment,Yes,49,771,913,450
2655,8,Neukölln,Apartment,No,58,760,958,450
2656,8,Neukölln,Apartment,No,70,834,1071,450
2657,8,Neukölln,Apartment,Yes,56,829,1028,450
2658,8,Neukölln,Apartment,Yes,51,735,895,450
2659,8,Neukölln,Apartment,No,51,665,817,450
2660,8,Neukölln,Apartment,No,62,707,918,450
2661,8,Neukölln,Apartment,No,71,827,1028,450
2662,8,Neukölln,Apartment,Yes,63,1044,1241,450
2663,8,Neukölln,Apartment,No,66,869,1094,450
2664,8,Neukölln,Apartment,No,71,913,1143,450
2665,8,Neukölln,Apartment,No,50,672,846,450
2666,8,Neukölln,Apartment,No,38,478,602,450
2667,8,Neukölln,Apartment,No,28,312,392,450
2668,8,Neukölln,Apartment,No,54,599,763,450
2669,8,Neukölln,Apartment,No,50,654,822,450
2670,8,Neukölln,Apartment,Yes,60,869,1062,450
2671,8,Neukölln,Apartment,No,47,522,654,450
2672,8,Neukölln,Apartment,No,65,795,1010,450
2673,8,Neukölln,Apartment,No,52,689,855,450
2674,8,Neukölln,Apartment,Yes,57,968,1163,450
2675,8,Neukölln,Apartment,No,57,654,836,450
2676,8,Neukölln,Apartment,Yes,30,499,593,450
2677,8,Neukölln,Apartment,No,57,620,825,450
2678,8,Neukölln,Apartment,No,38,422,538,450
2679,8,Neukölln,Apartment,No,50,634,801,450
2680,8,Neukölln,Apartment,No,51,556,727,450
2681,8,Neukölln,Apartment,No,57,626,831,450
2682,8,Neukölln,Apartment,Yes,48,726,867,450
2683,8,Neukölln,Apartment,Yes,70,1028,1258,450
2684,8,Neukölln,Apartment,No,61,730,929,450
2685,8,Neukölln,Apartment,No,48,568,732,450
2686,8,Neukölln,Apartment,Yes,38,582,697,450
2687,8,Neukölln,Apartment,No,69,858,1054,450
2688,8,Neukölln,Apartment,No,47,564,733,450
2689,8,Neukölln,Apartment,No,60,770,964,450
2690,8,Neukölln,Apartment,Yes,48,799,940,450
2691,8,Neukölln,Apartment,No,37,404,533,450
2692,8,Neukölln,Apartment,Yes,37,552,674,450
2693,8,Neukölln,Apartment,Yes,40,646,780,450
2694,8,Neukölln,Apartment,No,48,521,658,450
2695,8,Neukölln,Apartment,Yes,70,974,1201,450
2696,8,Neukölln,Apartment,Yes,57,917,1080,450
2697,8,Neukölln,Apartment,No,65,879,1092,450
2698,8,Neukölln,Apartment,Yes,48,775,914,450
2699,8,Neukölln,Apartment,No,51,620,784,450
2700,8,Neukölln,Apartment,No,69,941,1187,450
2701,8,Neukölln,Apartment,No,59,781,975,450
2702,8,Neukölln,Apartment,Yes,42,656,801,450
2703,8,Neukölln,Apartment,No,34,456,573,450
2704,8,Neukölln,Apartment,No,46,533,680,450
2705,8,Neukölln,Apartment,No,55,640,798,450
2706,8,Neukölln,Apartment,Yes,47,685,822,450
2707,8,Neukölln,Apartment,Yes,60,963,1136,450
2708,8,Neukölln,Apartment,Yes,55,794,979,450
2709,8,Neukölln,Apartment,No,69,831,1068,450
2710,8,Neukölln,Apartment,No,66,847,1079,450
2711,8,Neukölln,Apartment,Yes,37,621,740,450
2712,8,Neukölln,Apartment,No,40,448,581,450
2713,8,Neukölln,Apartment,Yes,65,1109,1311,450
2714,8,Neukölln,Apartment,No,47,619,757,450
2715,8,Neukölln,Apartment,No,51,689,840,450
2716,8,Neukölln,Apartment,No,47,644,805,450
2717,8,Neukölln,Apartment,No,50,678,840,450
2718,8,Neukölln,Apartment,No,51,593,738,450
2719,8,Neukölln,Apartment,No,51,603,784,450
2720,8,Neukölln,Apartment,Yes,71,1201,1450,450
2721,8,Neukölln,Apartment,No,40,506,633,450
2722,8,Neukölln,Apartment,Yes,34,510,628,450
2723,8,Neukölln,Apartment,No,72,836,1058,450
2724,8,Neukölln,Apartment,No,46,552,711,450
2725,8,Neukölln,Apartment,No,65,716,944,450
2726,8,Neukölln,Apartment,Yes,30,473,581,450
2727,8,Neukölln,Apartment,Yes,35,585,701,450
2728,8,Neukölln,Apartment,Yes,41,676,802,450
2729,8,Neukölln,Apartment,No,66,849,1052,450
2730,8,Neukölln,Apartment,No,55,618,812,450
2731,8,Neukölln,Apartment,No,63,781,966,450
2732,8,Neukölln,Apartment,No,34,391,494,450
2733,8,Neukölln,Apartment,Yes,51,700,856,450
2734,8,Neukölln,Apartment,No,60,766,961,450
2735,8,Neukölln,Apartment,Yes,42,640,788,450
2736,8,Neukölln,Apartment,No,37,410,528,450
2737,8,Neukölln,Apartment,No,48,540,711,450
2738,8,Neukölln,Apartment,No,43,593,734,450
2739,8,Neukölln,Apartment,No,42,480,600,450
2740,8,Neukölln,Apartment,No,72,928,1148,450
2741,8,Neukölln,Apartment,No,85,1063,1314,450
2742,8,Neukölln,Apartment,No,49,639,780,450
2743,8,Neukölln,Apartment,No,41,481,611,450
2744,8,Neukölln,Apartment,No,60,776,975,450
2745,8,Neukölln,Apartment,No,40,471,593,450
2746,8,Neukölln,Apartment,Yes,64,1100,1288,450
2747,8,Neukölln,Apartment,Yes,46,713,869,450
2748,8,Neukölln,Apartment,No,48,549,703,450
2749,8,Neukölln,Apartment,No,57,771,962,450
2750,8,Neukölln,Apartment,No,57,635,806,450
2751,8,Neukölln,Apartment,No,75,868,1079,450
2752,8,Neukölln,Apartment,No,40,435,551,450
2753,8,Neukölln,Apartment,No,43,592,717,450
2754,8,Neukölln,Apartment,Yes,43,668,812,450
2755,8,Neukölln,Apartment,Yes,58,938,1131,450
2756,8,Neukölln,Apartment,Yes,31,520,621,450
2757,8,Neukölln,Apartment,No,75,994,1264,450
2758,8,Neukölln,Apartment,No,41,465,608,450
2759,8,Neukölln,Apartment,No,50,560,707,450
2760,8,Neukölln,Apartment,No,34,404,526,450
2761,8,Neukölln,Apartment,No,47,542,695,450
2762,8,Neukölln,Apartment,Yes,47,674,817,450
2763,8,Neukölln,Apartment,Yes,55,832,1022,450
2764,8,Neukölln,Apartment,No,59,689,898,450
2765,8,Neukölln,Apartment,Yes,69,1131,1354,450
2766,8,Neukölln,Apartment,No,49,544,712,450
2767,8,Neukölln,Apartment,No,52,700,886,450
2768,8,Neukölln,Apartment,Yes,50,687,860,450
2769,8,Neukölln,Apartment,Yes,59,991,1183,450
2770,8,Neukölln,Apartment,No,48,536,684,450
2771,8,Neukölln,Apartment,No,60,812,1019,450
2772,8,Neukölln,Apartment,Yes,61,1038,1215,450
2773,8,Neukölln,Apartment,No,69,949,1161,450
2774,8,Neukölln,Apartment,Yes,69,1093,1338,450
2775,8,Neukölln,Apartment,Yes,48,762,915,450
2776,8,Neukölln,Apartment,No,68,779,969,450
2777,8,Neukölln,Apartment,No,45,519,665,450
2778,8,Neukölln,Apartment,No,56,672,831,450
2779,8,Neukölln,Apartment,No,52,614,762,450
2780,8,Neukölln,Apartment,No,39,526,639,450
2781,8,Neukölln,Apartment,Yes,42,678,822,450
2782,8,Neukölln,Apartment,No,73,893,1098,450
2783,8,Neukölln,Apartment,Yes,54,770,961,450
2784,8,Neukölln,Apartment,Yes,60,1033,1249,450
2785,8,Neukölln,Apartment,No,60,796,969,450
2786,8,Neukölln,Apartment,No,46,632,793,450
2787,8,Neukölln,Apartment,No,33,425,519,450
2788,8,Neukölln,Apartment,No,50,564,711,450
2789,8,Neukölln,Apartment,No,47,521,656,450
2790,8,Neukölln,Apartment,No,68,761,998,450
2791,8,Neukölln,Apartment,Yes,37,576,709,450
2792,8,Neukölln,Apartment,No,41,459,597,450
2793,8,Neukölln,Apartment,Yes,56,898,1078,450
2794,8,Neukölln,Apartment,Yes,55,931,1122,450
2795,8,Neukölln,Apartment,No,40,498,638,450
2796,8,Neukölln,Apartment,No,45,500,653,450
2797,8,Neukölln,Apartment,No,49,586,729,450
2798,8,Neukölln,Apartment,No,44,589,744,450
2799,8,Neukölln,Apartment,No,31,348,448,450
2800,8,Neukölln,Apartment,No,49,545,705,450
2801,8,Neukölln,Apartment,Yes,42,689,810,450
2802,8,Neukölln,Apartment,Yes,45,634,761,450
2803,8,Neukölln,Apartment,No,47,640,796,450
2804,8,Neukölln,Apartment,No,61,673,882,450
2805,8,Neukölln,Apartment,Yes,61,922,1115,450
2806,8,Neukölln,Apartment,Yes,53,910,1072,450
2807,8,Neukölln,Apartment,Yes,58,799,969,450
2808,8,Neukölln,Apartment,No,37,407,528,450
2809,8,Neukölln,Apartment,No,44,574,713,450
2810,8,Neukölln,Apartment,No,51,598,755,450
2811,8,Neukölln,Apartment,No,55,739,903,450
2812,8,Neukölln,Apartment,No,71,948,1159,450
2813,8,Neukölln,Apartment,No,34,453,568,450
2814,8,Neukölln,Apartment,No,68,754,998,450
2815,8,Neukölln,Apartment,No,47,547,703,450
2816,8,Neukölln,Apartment,Yes,57,931,1114,450
2817,8,Neukölln,Apartment,No,49,547,722,450
2818,8,Neukölln,Apartment,No,68,896,1122,450
2819,8,Neukölln,Apartment,Yes,51,752,930,450
2820,8,Neukölln,Apartment,No,61,718,909,450
2821,8,Neukölln,Apartment,No,64,728,908,450
2822,8,Neukölln,Apartment,No,49,642,804,450
2823,8,Neukölln,Apartment,No,50,634,798,450
2824,8,Neukölln,Apartment,No,47,585,726,450
2825,8,Neukölln,Apartment,Yes,38,538,667,450
2826,8,Neukölln,Apartment,No,57,728,900,450
2827,8,Neukölln,Apartment,No,62,811,1006,450
2828,8,Neukölln,Apartment,No,46,522,677,450
2829,8,Neukölln,Apartment,No,61,841,1035,450
2830,8,Neukölln,Apartment,Yes,45,743,896,450
2831,8,Neukölln,Apartment,Yes,44,692,827,450
2832,8,Neukölln,Apartment,No,28,380,481,450
2833,8,Neukölln,Apartment,No,47,594,736,450
2834,8,Neukölln,Apartment,No,76,847,1081,450
2835,8,Neukölln,Apartment,Yes,59,819,1013,450
2836,8,Neukölln,Apartment,No,69,944,1147,450
2837,8,Neukölln,Apartment,No,78,849,1075,450
2838,8,Neukölln,Apartment,No,47,543,693,450
2839,8,Neukölln,Apartment,No,57,718,878,450
2840,8,Neukölln,Apartment,No,42,463,586,450
2841,8,Neukölln,Apartment,No,70,871,1086,450
2842,8,Neukölln,Apartment,Yes,35,553,672,450
2843,8,Neukölln,Apartment,Yes,28,416,495,450
2844,8,Neukölln,Apartment,No,62,853,1060,450
2845,8,Neukölln,Apartment,No,53,649,809,450
2846,8,Neukölln,Apartment,No,47,633,780,450
2847,8,Neukölln,Apartment,No,54,697,870,450
2848,8,Neukölln,Apartment,No,47,569,709,450
2849,8,Neukölln,Apartment,No,54,634,820,450
2850,8,Neukölln,Apartment,No,60,677,878,450
2851,8,Neukölln,Apartment,Yes,64,895,1078,450
2852,8,Neukölln,Apartment,Yes,44,596,740,450
2853,8,Neukölln,Apartment,No,37,468,601,450
2854,8,Neukölln,Apartment,No,44,605,744,450
2855,8,Neukölln,Apartment,No,76,844,1061,450
2856,8,Neukölln,Apartment,No,51,562,725,450
2857,8,Neukölln,Apartment,No,51,602,767,450
2858,8,Neukölln,Apartment,No,70,813,1064,450
2859,8,Neukölln,Apartment,Yes,49,748,915,450
2860,8,Neukölln,Apartment,No,48,648,820,450
2861,8,Neukölln,Apartment,No,65,853,1076,450
2862,8,Neukölln,Apartment,No,60,755,950,450
2863,8,Neukölln,Apartment,No,68,935,1167,450
2864,8,Neukölln,Apartment,Yes,54,749,916,450
2865,8,Neukölln,Apartment,No,51,644,825,450
2866,8,Neukölln,Apartment,Yes,47,648,806,450
2867,8,Neukölln,Apartment,No,40,521,654,450
2868,8,Neukölln,Apartment,No,33,395,514,450
2869,8,Neukölln,Apartment,Yes,47,686,846,450
2870,8,Neukölln,Apartment,No,35,409,507,450
2871,8,Neukölln,Apartment,No,29,399,486,450
2872,8,Neukölln,Apartment,No,34,458,569,450
2873,8,Neukölln,Apartment,No,49,668,819,450
2874,8,Neukölln,Apartment,Yes,42,666,793,450
2875,8,Neukölln,Apartment,Yes,59,835,1029,450
2876,8,Neukölln,Apartment,No,52,668,827,450
2877,8,Neukölln,Apartment,No,39,470,579,450
2878,8,Neukölln,Apartment,No,60,823,1038,450
2879,8,Neukölln,Apartment,Yes,55,784,972,450
2880,8,Neukölln,Apartment,Yes,39,543,658,450
2881,8,Neukölln,Apartment,Yes,53,891,1054,450
2882,8,Neukölln,Apartment,No,52,578,744,450
2883,8,Neukölln,Apartment,No,46,588,729,450
2884,8,Neukölln,Apartment,No,57,729,926,450
2885,8,Neukölln,Apartment,No,57,627,817,450
2886,8,Neukölln,Apartment,No,46,615,756,450
2887,8,Neukölln,Apartment,Yes,34,562,661,450
2888,8,Neukölln,Apartment,Yes,54,823,989,450
2889,8,Neukölln,Apartment,No,46,581,740,450
2890,8,Neukölln,Apartment,No,54,641,829,450
2891,8,Neukölln,Apartment,No,50,596,772,450
2892,8,Neukölln,Apartment,No,45,587,739,450
2893,8,Neukölln,Apartment,No,63,740,942,450
2894,8,Neukölln,Apartment,No,53,650,807,450
2895,8,Neukölln,Apartment,No,48,656,817,450
2896,8,Neukölln,Apartment,No,71,967,1215,450
2897,8,Neukölln,Apartment,No,47,592,744,450
2898,8,Neukölln,Apartment,Yes,65,934,1143,450
2899,8,Neukölln,Apartment,No,33,455,549,450
2900,8,Neukölln,Apartment,Yes,45,644,805,450
2901,8,Neukölln,Apartment,Yes,62,887,1068,450
2902,8,Neukölln,Apartment,No,56,622,804,450
2903,8,Neukölln,Apartment,No,45,618,749,450
2904,8,Neukölln,Apartment,No,67,817,1049,450
2905,8,Neukölln,Apartment,No,80,928,1215,450
2906,8,Neukölln,Apartment,Yes,40,547,677,450
2907,8,Neukölln,Apartment,No,28,318,415,450
2908,8,Neukölln,Apartment,Yes,50,790,939,450
2909,8,Neukölln,Apartment,No,53,683,869,450
2910,8,Neukölln,Apartment,No,52,684,864,450
2911,8,Neukölln,Apartment,No,42,482,614,450
2912,8,Neukölln,Apartment,No,46,537,694,450
2913,8,Neukölln,Apartment,No,40,458,588,450
2914,8,Neukölln,Apartment,Yes,42,662,802,450
2915,8,Neukölln,Apartment,No,40,514,633,450
2916,8,Neukölln,Apartment,No,37,441,547,450
2917,8,Neukölln,Apartment,No,55,630,817,450
2918,8,Neukölln,Apartment,No,55,629,786,450
2919,8,Neukölln,Apartment,No,60,793,977,450
2920,8,Neukölln,Apartment,No,44,493,651,450
2921,8,Neukölln,Apartment,Yes,59,966,1169,450
2922,8,Neukölln,Apartment,No,77,835,1091,450
2923,8,Neukölln,Apartment,Yes,53,848,1005,450
2924,8,Neukölln,Apartment,No,52,696,883,450
2925,8,Neukölln,Apartment,No,53,698,866,450
2926,8,Neukölln,Apartment,No,37,509,630,450
2927,8,Neukölln,Apartment,No,39,423,533,450
2928,8,Neukölln,Apartment,No,73,789,1004,450
2929,8,Neukölln,Apartment,No,59,647,819,450
2930,8,Neukölln,Apartment,No,39,489,621,450
2931,8,Neukölln,Apartment,No,48,530,701,450
2932,8,Neukölln,Apartment,No,49,561,702,450
2933,8,Neukölln,Apartment,Yes,71,1130,1356,450
2934,8,Neukölln,Apartment,No,63,706,916,450
2935,8,Neukölln,Apartment,No,60,771,981,450
2936,8,Neukölln,Apartment,Yes,80,1256,1496,450
2937,8,Neukölln,Apartment,Yes,60,897,1100,450
2938,8,Neukölln,Apartment,No,55,604,764,450
2939,8,Neukölln,Apartment,No,31,338,434,450
2940,8,Neukölln,Apartment,Yes,65,902,1132,450
2941,8,Neukölln,Apartment,No,60,687,865,450
2942,8,Neukölln,Apartment,Yes,59,966,1165,450
2943,8,Neukölln,Apartment,No,56,670,830,450
2944,8,Neukölln,Apartment,No,62,675,870,450
2945,8,Neukölln,Apartment,No,76,884,1125,450
2946,8,Neukölln,Apartment,Yes,74,1107,1341,450
2947,8,Neukölln,Apartment,Yes,62,1038,1225,450
2948,8,Neukölln,Apartment,No,55,600,766,450
2949,8,Neukölln,Apartment,No,55,607,768,450
2950,8,Neukölln,Apartment,Yes,60,952,1161,450
2951,8,Neukölln,Apartment,Yes,39,579,706,450
2952,8,Neukölln,Apartment,No,43,560,681,450
2953,8,Neukölln,Apartment,No,53,687,866,450
2954,8,Neukölln,Apartment,No,43,569,715,450
2955,8,Neukölln,Apartment,Yes,72,1178,1399,450
2956,8,Neukölln,Apartment,No,41,493,614,450
2957,8,Neukölln,Apartment,No,58,695,871,450
2958,8,Neukölln,Apartment,No,55,669,833,450
2959,8,Neukölln,Apartment,No,69,800,1030,450
2960,8,Neukölln,Apartment,No,54,689,855,450
2961,8,Neukölln,Apartment,No,58,682,848,450
2962,8,Neukölln,Apartment,No,60,665,835,450
2963,8,Neukölln,Apartment,Yes,66,964,1188,450
2964,8,Neukölln,Apartment,Yes,43,620,766,450
2965,8,Neukölln,Apartment,Yes,36,556,675,450
2966,8,Neukölln,Apartment,No,46,521,666,450
2967,8,Neukölln,Apartment,Yes,71,1096,1336,450
2968,8,Neukölln,Apartment,No,59,746,951,450
2969,8,Neukölln,Apartment,Yes,32,523,616,450
2970,8,Neukölln,Apartment,No,51,685,860,450
2971,8,Neukölln,Apartment,No,28,316,409,450
2972,8,Neukölln,Apartment,No,46,573,706,450
2973,8,Neukölln,Apartment,No,53,686,858,450
2974,8,Neukölln,Apartment,Yes,49,677,850,450
2975,8,Neukölln,Apartment,Yes,57,943,1129,450
2976,8,Neukölln,Apartment,No,55,644,812,450
2977,8,Neukölln,Apartment,No,39,451,567,450
2978,8,Neukölln,Apartment,Yes,57,895,1089,450
2979,8,Neukölln,Apartment,No,63,773,994,450
2980,8,Neukölln,Apartment,No,73,843,1091,450
2981,8,Neukölln,Apartment,No,47,512,650,450
2982,8,Neukölln,Apartment,No,39,428,563,450
2983,8,Neukölln,Apartment,No,63,721,905,450
2984,8,Neukölln,Apartment,No,48,608,766,450
2985,8,Neukölln,Apartment,Yes,55,872,1039,450
2986,8,Neukölln,Apartment,Yes,71,1054,1288,450
2987,8,Neukölln,Apartment,No,47,574,712,450
2988,8,Neukölln,Apartment,Yes,38,645,766,450
2989,8,Neukölln,Apartment,No,60,673,867,450
2990,8,Neukölln,Apartment,No,56,739,940,450
2991,8,Neukölln,Apartment,No,28,327,423,450
2992,8,Neukölln,Apartment,No,44,601,758,450
2993,8,Neukölln,Apartment,No,51,654,820,450
2994,8,Neukölln,Apartment,No,68,746,939,450
2995,8,Neukölln,Apartment,No,57,656,838,450
2996,8,Neukölln,Apartment,No,57,718,905,450
2997,8,Neukölln,Apartment,No,49,530,698,450
2998,8,Neukölln,Apartment,No,50,684,845,450
2999,8,Neukölln,Apartment,No,54,607,799,450
3000,8,Neukölln,Apartment,Yes,38,541,648,450
3001,8,Neukölln,Apartment,No,42,498,628,450
3002,8,Neukölln,Apartment,No,49,591,754,450
3003,8,Neukölln,Apartment,No,50,569,743,450
3004,8,Neukölln,Apartment,No,61,763,941,450
3005,8,Neukölln,Apartment,Yes,31,528,617,450
3006,8,Neukölln,Apartment,No,47,580,727,450
3007,8,Neukölln,Apartment,No,53,626,808,450
3008,8,Neukölln,Apartment,No,65,824,1017,450
3009,8,Neukölln,Apartment,No,55,680,857,450
3010,8,Neukölln,Apartment,No,51,670,820,450
3011,8,Neukölln,Apartment,Yes,73,1181,1407,450
3012,8,Neukölln,Apartment,Yes,63,868,1066,450
3013,8,Neukölln,Apartment,No,70,871,1109,450
3014,8,Neukölln,Apartment,No,65,859,1066,450
3015,8,Neukölln,Apartment,Yes,37,632,755,450
3016,8,Neukölln,Apartment,No,39,482,622,450
3017,8,Neukölln,Apartment,Yes,42,645,792,450
3018,8,Neukölln,Apartment,Yes,49,664,812,450
3019,8,Neukölln,Apartment,Yes,55,861,1050,450
3020,8,Neukölln,Apartment,No,64,862,1091,450
3021,8,Neukölln,Apartment,No,52,622,770,450
3022,8,Neukölln,Apartment,Yes,66,1016,1212,450
3023,8,Neukölln,Apartment,No,60,725,914,450
3024,8,Neukölln,Apartment,No,51,630,805,450
3025,8,Neukölln,Apartment,No,68,843,1069,450
3026,8,Neukölln,Apartment,No,50,648,790,450
3027,8,Neukölln,Apartment,No,46,536,665,450
3028,8,Neukölln,Apartment,No,42,549,677,450
3029,8,Neukölln,Apartment,No,34,457,564,450
3030,8,Neukölln,Apartment,No,54,721,885,450
3031,9,Pankow,Apartment,Yes,72,1338,1559,260
3032,9,Pankow,Apartment,No,44,658,782,260
3033,9,Pankow,Apartment,No,46,547,691,260
3034,9,Pankow,Apartment,No,58,816,989,260
3035,9,Pankow,Apartment,No,62,890,1112,260
3036,9,Pankow,Apartment,No,52,728,875,260
3037,9,Pankow,Apartment,No,58,713,880,260
3038,9,Pankow,Apartment,No,43,632,784,260
3039,9,Pankow,Apartment,No,47,689,823,260
3040,9,Pankow,Apartment,No,52,627,812,260
3041,9,Pankow,Apartment,No,61,786,1004,260
3042,9,Pankow,Apartment,Yes,57,838,1014,260
3043,9,Pankow,Apartment,No,48,650,813,260
3044,9,Pankow,Apartment,Yes,47,722,878,260
3045,9,Pankow,Apartment,Yes,54,881,1057,260
3046,9,Pankow,Apartment,Yes,66,1198,1418,260
3047,9,Pankow,Apartment,No,51,603,753,260
3048,9,Pankow,Apartment,No,52,651,812,260
3049,9,Pankow,Apartment,No,41,485,617,260
3050,9,Pankow,Apartment,No,50,657,830,260
3051,9,Pankow,Apartment,Yes,75,1387,1623,260
3052,9,Pankow,Apartment,No,40,552,682,260
3053,9,Pankow,Apartment,No,52,765,952,260
3054,9,Pankow,Apartment,No,57,774,960,260
3055,9,Pankow,Apartment,No,45,643,776,260
3056,9,Pankow,Apartment,No,62,922,1125,260
3057,9,Pankow,Apartment,No,66,968,1174,260
3058,9,Pankow,Apartment,No,77,1117,1366,260
3059,9,Pankow,Apartment,No,54,775,962,260
3060,9,Pankow,Apartment,No,58,857,1027,260
3061,9,Pankow,Apartment,No,75,933,1164,260
3062,9,Pankow,Apartment,No,50,742,898,260
3063,9,Pankow,Apartment,No,46,564,726,260
3064,9,Pankow,Apartment,No,38,568,676,260
3065,9,Pankow,Apartment,No,47,581,720,260
3066,9,Pankow,Apartment,Yes,28,498,591,260
3067,9,Pankow,Apartment,No,61,906,1088,260
3068,9,Pankow,Apartment,No,49,657,811,260
3069,9,Pankow,Apartment,No,60,767,981,260
3070,9,Pankow,Apartment,No,83,1027,1262,260
3071,9,Pankow,Apartment,No,53,638,794,260
3072,9,Pankow,Apartment,Yes,43,728,855,260
3073,9,Pankow,Apartment,No,40,548,681,260
3074,9,Pankow,Apartment,Yes,58,1083,1246,260
3075,9,Pankow,Apartment,Yes,43,648,801,260
3076,9,Pankow,Apartment,Yes,49,838,1005,260
3077,9,Pankow,Apartment,No,50,734,896,260
3078,9,Pankow,Apartment,No,50,681,825,260
3079,9,Pankow,Apartment,No,48,623,779,260
3080,9,Pankow,Apartment,No,50,698,855,260
3081,9,Pankow,Apartment,Yes,65,1009,1230,260
3082,9,Pankow,Apartment,No,48,627,779,260
3083,9,Pankow,Apartment,Yes,51,850,1002,260
3084,9,Pankow,Apartment,Yes,51,940,1122,260
3085,9,Pankow,Apartment,No,47,561,714,260
3086,9,Pankow,Apartment,Yes,65,1175,1383,260
3087,9,Pankow,Apartment,No,39,457,584,260
3088,9,Pankow,Apartment,No,46,662,825,260
3089,9,Pankow,Apartment,Yes,65,990,1207,260
3090,9,Pankow,Apartment,No,57,698,900,260
3091,9,Pankow,Apartment,No,52,661,842,260
3092,9,Pankow,Apartment,No,46,592,757,260
3093,9,Pankow,Apartment,No,55,722,894,260
3094,9,Pankow,Apartment,No,54,757,920,260
3095,9,Pankow,Apartment,No,51,734,904,260
3096,9,Pankow,Apartment,No,45,663,814,260
3097,9,Pankow,Apartment,Yes,48,731,893,260
3098,9,Pankow,Apartment,No,49,681,825,260
3099,9,Pankow,Apartment,No,46,647,788,260
3100,9,Pankow,Apartment,No,84,1063,1316,260
3101,9,Pankow,Apartment,No,49,579,745,260
3102,9,Pankow,Apartment,No,43,549,694,260
3103,9,Pankow,Apartment,Yes,58,853,1060,260
3104,9,Pankow,Apartment,No,53,769,931,260
3105,9,Pankow,Apartment,No,56,785,966,260
3106,9,Pankow,Apartment,No,38,530,662,260
3107,9,Pankow,Apartment,Yes,36,608,734,260
3108,9,Pankow,Apartment,No,59,768,944,260
3109,9,Pankow,Apartment,No,40,539,661,260
3110,9,Pankow,Apartment,Yes,53,822,1001,260
3111,9,Pankow,Apartment,No,44,589,731,260
3112,9,Pankow,Apartment,No,49,706,868,260
3113,9,Pankow,Apartment,No,61,898,1084,260
3114,9,Pankow,Apartment,No,53,699,874,260
3115,9,Pankow,Apartment,No,40,494,634,260
3116,9,Pankow,Apartment,No,52,704,864,260
3117,9,Pankow,Apartment,No,33,457,562,260
3118,9,Pankow,Apartment,No,77,975,1250,260
3119,9,Pankow,Apartment,Yes,45,751,892,260
3120,9,Pankow,Apartment,Yes,41,724,849,260
3121,9,Pankow,Apartment,No,33,475,576,260
3122,9,Pankow,Apartment,No,37,515,632,260
3123,9,Pankow,Apartment,No,35,458,581,260
3124,9,Pankow,Apartment,Yes,54,847,1026,260
3125,9,Pankow,Apartment,No,47,589,734,260
3126,9,Pankow,Apartment,No,61,788,989,260
3127,9,Pankow,Apartment,No,55,789,981,260
3128,9,Pankow,Apartment,No,49,613,774,260
3129,9,Pankow,Apartment,Yes,80,1462,1727,260
3130,9,Pankow,Apartment,No,35,496,599,260
3131,9,Pankow,Apartment,No,46,605,756,260
3132,9,Pankow,Apartment,No,72,886,1098,260
3133,9,Pankow,Apartment,Yes,50,778,920,260
3134,9,Pankow,Apartment,No,46,565,712,260
3135,9,Pankow,Apartment,No,46,578,731,260
3136,9,Pankow,Apartment,No,28,408,505,260
3137,9,Pankow,Apartment,No,49,579,752,260
3138,9,Pankow,Apartment,No,48,633,804,260
3139,9,Pankow,Apartment,No,56,825,1019,260
3140,9,Pankow,Apartment,Yes,58,1011,1210,260
3141,9,Pankow,Apartment,No,66,828,1018,260
3142,9,Pankow,Apartment,No,44,649,791,260
3143,9,Pankow,Apartment,Yes,58,927,1129,260
3144,9,Pankow,Apartment,No,51,669,842,260
3145,9,Pankow,Apartment,Yes,54,840,1008,260
3146,9,Pankow,Apartment,Yes,56,950,1115,260
3147,9,Pankow,Apartment,No,57,832,1011,260
3148,9,Pankow,Apartment,No,68,980,1177,260
3149,9,Pankow,Apartment,No,68,941,1160,260
3150,9,Pankow,Apartment,No,43,621,757,260
3151,9,Pankow,Apartment,No,56,701,879,260
3152,9,Pankow,Apartment,No,39,460,591,260
3153,9,Pankow,Apartment,No,65,907,1121,260
3154,9,Pankow,Apartment,Yes,50,750,930,260
3155,9,Pankow,Apartment,No,76,948,1213,260
3156,9,Pankow,Apartment,No,56,686,863,260
3157,9,Pankow,Apartment,No,42,618,748,260
3158,9,Pankow,Apartment,No,69,966,1195,260
3159,9,Pankow,Apartment,No,69,882,1103,260
3160,9,Pankow,Apartment,Yes,55,1016,1202,260
3161,9,Pankow,Apartment,Yes,53,876,1035,260
3162,9,Pankow,Apartment,No,45,566,701,260
3163,9,Pankow,Apartment,No,65,936,1146,260
3164,9,Pankow,Apartment,Yes,54,808,977,260
3165,9,Pankow,Apartment,No,33,436,538,260
3166,9,Pankow,Apartment,Yes,42,751,879,260
3167,9,Pankow,Apartment,Yes,65,965,1158,260
3168,9,Pankow,Apartment,No,51,709,874,260
3169,9,Pankow,Apartment,No,58,832,1032,260
3170,9,Pankow,Apartment,No,28,364,459,260
3171,9,Pankow,Apartment,No,52,619,790,260
3172,9,Pankow,Apartment,No,41,554,683,260
3173,9,Pankow,Apartment,Yes,49,906,1049,260
3174,9,Pankow,Apartment,Yes,34,501,611,260
3175,9,Pankow,Apartment,No,70,891,1141,260
3176,9,Pankow,Apartment,No,54,750,907,260
3177,9,Pankow,Apartment,No,60,760,973,260
3178,9,Pankow,Apartment,No,43,527,656,260
3179,9,Pankow,Apartment,Yes,47,863,1012,260
3180,9,Pankow,Apartment,No,34,443,545,260
3181,9,Pankow,Apartment,No,46,609,738,260
3182,9,Pankow,Apartment,No,46,560,714,260
3183,9,Pankow,Apartment,Yes,47,794,938,260
3184,9,Pankow,Apartment,No,35,425,544,260
3185,9,Pankow,Apartment,No,50,588,747,260
3186,9,Pankow,Apartment,Yes,41,649,784,260
3187,9,Pankow,Apartment,No,28,373,471,260
3188,9,Pankow,Apartment,No,38,568,678,260
3189,9,Pankow,Apartment,Yes,57,987,1181,260
3190,9,Pankow,Apartment,No,41,540,677,260
3191,9,Pankow,Apartment,No,28,386,479,260
3192,9,Pankow,Apartment,Yes,71,1215,1450,260
3193,9,Pankow,Apartment,No,76,1000,1213,260
3194,9,Pankow,Apartment,No,55,744,941,260
3195,9,Pankow,Apartment,No,37,457,583,260
3196,9,Pankow,Apartment,No,32,400,507,260
3197,9,Pankow,Apartment,No,65,854,1083,260
3198,9,Pankow,Apartment,No,51,740,884,260
3199,9,Pankow,Apartment,No,49,728,880,260
3200,9,Pankow,Apartment,No,46,671,811,260
3201,9,Pankow,Apartment,No,53,756,929,260
3202,9,Pankow,Apartment,No,67,998,1228,260
3203,9,Pankow,Apartment,No,45,638,787,260
3204,9,Pankow,Apartment,Yes,52,779,937,260
3205,9,Pankow,Apartment,Yes,46,850,1006,260
3206,9,Pankow,Apartment,No,48,640,779,260
3207,9,Pankow,Apartment,Yes,33,614,717,260
3208,9,Pankow,Apartment,Yes,56,853,1015,260
3209,9,Pankow,Apartment,Yes,45,760,897,260
3210,9,Pankow,Apartment,No,45,539,692,260
3211,9,Pankow,Apartment,Yes,44,813,971,260
3212,9,Pankow,Apartment,No,44,630,761,260
3213,9,Pankow,Apartment,Yes,37,685,810,260
3214,9,Pankow,Apartment,Yes,39,600,735,260
3215,9,Pankow,Apartment,No,47,650,785,260
3216,9,Pankow,Apartment,Yes,50,796,963,260
3217,9,Pankow,Apartment,No,42,502,628,260
3218,9,Pankow,Apartment,No,60,748,944,260
3219,9,Pankow,Apartment,No,64,787,967,260
3220,9,Pankow,Apartment,No,46,610,775,260
3221,9,Pankow,Apartment,No,51,611,785,260
3222,9,Pankow,Apartment,No,70,862,1104,260
3223,9,Pankow,Apartment,Yes,60,1092,1279,260
3224,9,Pankow,Apartment,Yes,59,999,1197,260
3225,9,Pankow,Apartment,No,36,452,573,260
3226,9,Pankow,Apartment,Yes,41,614,752,260
3227,9,Pankow,Apartment,Yes,42,722,869,260
3228,9,Pankow,Apartment,Yes,42,760,897,260
3229,9,Pankow,Apartment,No,52,743,905,260
3230,9,Pankow,Apartment,No,58,730,898,260
3231,9,Pankow,Apartment,No,41,558,681,260
3232,9,Pankow,Apartment,No,46,611,744,260
3233,9,Pankow,Apartment,No,45,669,817,260
3234,9,Pankow,Apartment,No,44,549,675,260
3235,9,Pankow,Apartment,No,52,676,850,260
3236,9,Pankow,Apartment,No,46,687,839,260
3237,9,Pankow,Apartment,No,72,872,1090,260
3238,9,Pankow,Apartment,No,49,599,741,260
3239,9,Pankow,Apartment,No,47,631,768,260
3240,9,Pankow,Apartment,Yes,74,1258,1471,260
3241,9,Pankow,Apartment,Yes,60,895,1088,260
3242,9,Pankow,Apartment,No,47,612,755,260
3243,9,Pankow,Apartment,No,60,843,1049,260
3244,9,Pankow,Apartment,No,48,602,754,260
3245,9,Pankow,Apartment,Yes,44,758,895,260
3246,9,Pankow,Apartment,No,64,763,960,260
3247,9,Pankow,Apartment,No,56,744,930,260
3248,9,Pankow,Apartment,No,54,650,841,260
3249,9,Pankow,Apartment,Yes,60,1064,1246,260
3250,9,Pankow,Apartment,No,40,589,723,260
3251,9,Pankow,Apartment,No,40,593,713,260
3252,9,Pankow,Apartment,No,55,789,980,260
3253,9,Pankow,Apartment,No,28,411,509,260
3254,9,Pankow,Apartment,Yes,56,872,1035,260
3255,9,Pankow,Apartment,Yes,63,1043,1260,260
3256,9,Pankow,Apartment,Yes,54,951,1122,260
3257,9,Pankow,Apartment,No,45,608,735,260
3258,9,Pankow,Apartment,Yes,47,694,848,260
3259,9,Pankow,Apartment,Yes,61,910,1111,260
3260,9,Pankow,Apartment,No,49,603,770,260
3261,9,Pankow,Apartment,No,65,792,979,260
3262,9,Pankow,Apartment,No,49,607,780,260
3263,9,Pankow,Apartment,Yes,50,839,1019,260
3264,9,Pankow,Apartment,Yes,43,760,907,260
3265,9,Pankow,Apartment,No,50,690,841,260
3266,9,Pankow,Apartment,Yes,43,730,852,260
3267,9,Pankow,Apartment,Yes,61,1131,1339,260
3268,9,Pankow,Apartment,No,63,844,1048,260
3269,9,Pankow,Apartment,No,56,799,983,260
3270,9,Pankow,Apartment,No,55,703,866,260
3271,9,Pankow,Apartment,No,41,608,723,260
3272,9,Pankow,Apartment,No,40,505,620,260
3273,9,Pankow,Apartment,No,54,665,853,260
3274,9,Pankow,Apartment,Yes,43,703,841,260
3275,9,Pankow,Apartment,No,69,824,1053,260
3276,9,Pankow,Apartment,Yes,45,747,906,260
3277,9,Pankow,Apartment,Yes,69,1149,1388,260
3278,9,Pankow,Apartment,No,32,469,578,260
3279,9,Pankow,Apartment,No,42,620,770,260
3280,9,Pankow,Apartment,Yes,44,670,803,260
3281,9,Pankow,Apartment,No,38,517,643,260
3282,9,Pankow,Apartment,No,45,529,659,260
3283,9,Pankow,Apartment,No,67,977,1195,260
3284,9,Pankow,Apartment,No,48,681,831,260
3285,9,Pankow,Apartment,No,39,460,589,260
3286,9,Pankow,Apartment,No,53,633,796,260
3287,9,Pankow,Apartment,No,38,528,641,260
3288,9,Pankow,Apartment,No,71,1026,1272,260
3289,9,Pankow,Apartment,Yes,55,977,1154,260
3290,9,Pankow,Apartment,Yes,51,844,1023,260
3291,10,Wedding,Apartment,No,51,684,849,290
3292,10,Wedding,Apartment,No,54,623,814,290
3293,10,Wedding,Apartment,No,56,716,887,290
3294,10,Wedding,Apartment,No,40,508,646,290
3295,10,Wedding,Apartment,No,50,663,804,290
3296,10,Wedding,Apartment,Yes,36,568,680,290
3297,10,Wedding,Apartment,Yes,57,933,1118,290
3298,10,Wedding,Apartment,No,51,712,891,290
3299,10,Wedding,Apartment,No,65,771,994,290
3300,10,Wedding,Apartment,No,63,749,938,290
3301,10,Wedding,Apartment,No,56,647,816,290
3302,10,Wedding,Apartment,No,66,790,978,290
3303,10,Wedding,Apartment,No,38,492,619,290
3304,10,Wedding,Apartment,No,70,924,1126,290
3305,10,Wedding,Apartment,No,37,410,526,290
3306,10,Wedding,Apartment,Yes,63,977,1169,290
3307,10,Wedding,Apartment,No,47,615,760,290
3308,10,Wedding,Apartment,No,50,657,816,290
3309,10,Wedding,Apartment,No,79,1026,1256,290
3310,10,Wedding,Apartment,No,54,619,808,290
3311,10,Wedding,Apartment,Yes,38,631,764,290
3312,10,Wedding,Apartment,Yes,48,770,905,290
3313,10,Wedding,Apartment,No,48,600,746,290
3314,10,Wedding,Apartment,No,54,736,902,290
3315,10,Wedding,Apartment,Yes,64,1106,1302,290
3316,10,Wedding,Apartment,No,59,753,930,290
3317,10,Wedding,Apartment,No,49,669,828,290
3318,10,Wedding,Apartment,No,45,554,715,290
3319,10,Wedding,Apartment,No,63,772,973,290
3320,10,Wedding,Apartment,No,35,471,571,290
3321,10,Wedding,Apartment,No,57,752,933,290
3322,10,Wedding,Apartment,Yes,45,770,925,290
3323,10,Wedding,Apartment,Yes,58,897,1102,290
3324,10,Wedding,Apartment,No,65,718,950,290
3325,10,Wedding,Apartment,No,60,730,902,290
3326,10,Wedding,Apartment,No,47,538,688,290
3327,10,Wedding,Apartment,No,62,779,978,290
3328,10,Wedding,Apartment,No,28,308,389,290
3329,10,Wedding,Apartment,Yes,56,812,1010,290
3330,10,Wedding,Apartment,Yes,45,785,921,290
3331,10,Wedding,Apartment,Yes,36,605,730,290
3332,10,Wedding,Apartment,Yes,52,800,950,290
3333,10,Wedding,Apartment,Yes,68,1145,1352,290
3334,10,Wedding,Apartment,No,51,708,854,290
3335,10,Wedding,Apartment,Yes,67,1041,1268,290
3336,10,Wedding,Apartment,Yes,49,712,852,290
3337,10,Wedding,Apartment,No,48,600,741,290
3338,10,Wedding,Apartment,No,59,712,887,290
3339,10,Wedding,Apartment,No,51,684,863,290
3340,10,Wedding,Apartment,No,36,465,585,290
3341,10,Wedding,Apartment,Yes,74,1035,1288,290
3342,10,Wedding,Apartment,Yes,46,674,803,290
3343,10,Wedding,Apartment,No,60,808,1000,290
3344,10,Wedding,Apartment,No,61,801,1004,290
3345,10,Wedding,Apartment,No,78,891,1122,290
3346,10,Wedding,Apartment,No,48,562,712,290
3347,10,Wedding,Apartment,Yes,43,717,842,290
3348,10,Wedding,Apartment,Yes,75,1043,1258,290
3349,10,Wedding,Apartment,Yes,66,1154,1360,290
3350,10,Wedding,Apartment,No,74,896,1112,290
3351,10,Wedding,Apartment,Yes,48,715,872,290
3352,10,Wedding,Apartment,No,47,658,807,290
3353,10,Wedding,Apartment,Yes,40,571,715,290
3354,10,Wedding,Apartment,No,45,500,641,290
3355,10,Wedding,Apartment,No,46,523,662,290
3356,10,Wedding,Apartment,No,38,458,577,290
3357,10,Wedding,Apartment,No,63,706,932,290
3358,10,Wedding,Apartment,Yes,57,950,1145,290
3359,10,Wedding,Apartment,No,57,758,960,290
3360,10,Wedding,Apartment,Yes,60,1012,1212,290
3361,10,Wedding,Apartment,No,54,642,829,290
3362,10,Wedding,Apartment,Yes,60,1015,1214,290
3363,10,Wedding,Apartment,Yes,35,482,582,290
3364,10,Wedding,Apartment,No,40,516,645,290
3365,10,Wedding,Apartment,Yes,51,712,876,290
3366,10,Wedding,Apartment,No,46,509,660,290
3367,10,Wedding,Apartment,Yes,49,776,937,290
3368,10,Wedding,Apartment,No,68,793,1018,290
3369,10,Wedding,Apartment,No,61,850,1067,290
3370,10,Wedding,Apartment,No,69,871,1070,290
3371,10,Wedding,Apartment,No,68,893,1113,290
3372,10,Wedding,Apartment,Yes,45,633,791,290
3373,10,Wedding,Apartment,No,49,646,809,290
3374,10,Wedding,Apartment,No,60,721,909,290
3375,10,Wedding,Apartment,No,55,662,855,290
3376,10,Wedding,Apartment,No,49,612,787,290
3377,10,Wedding,Apartment,No,58,703,874,290
3378,10,Wedding,Apartment,Yes,52,736,914,290
3379,10,Wedding,Apartment,No,59,753,960,290
3380,10,Wedding,Apartment,No,49,686,857,290
3381,10,Wedding,Apartment,Yes,58,998,1173,290
3382,10,Wedding,Apartment,No,28,326,417,290
3383,10,Wedding,Apartment,No,52,583,730,290
3384,10,Wedding,Apartment,No,49,663,813,290
3385,10,Wedding,Apartment,No,57,664,856,290
3386,10,Wedding,Apartment,Yes,59,898,1084,290
3387,10,Wedding,Apartment,Yes,44,729,854,290
3388,10,Wedding,Apartment,No,28,352,441,290
3389,10,Wedding,Apartment,No,48,664,834,290
3390,10,Wedding,Apartment,No,62,824,1009,290
3391,10,Wedding,Apartment,No,38,475,610,290
3392,10,Wedding,Apartment,Yes,48,738,909,290
3393,10,Wedding,Apartment,No,49,612,765,290
3394,10,Wedding,Apartment,Yes,56,846,1023,290
3395,10,Wedding,Apartment,No,56,625,816,290
3396,10,Wedding,Apartment,No,52,595,751,290
3397,10,Wedding,Apartment,No,47,563,702,290
3398,10,Wedding,Apartment,No,62,735,926,290
3399,10,Wedding,Apartment,No,81,1029,1276,290
3400,10,Wedding,Apartment,Yes,59,838,1043,290
3401,10,Wedding,Apartment,No,45,563,713,290
3402,10,Wedding,Apartment,Yes,34,472,569,290
3403,10,Wedding,Apartment,No,67,828,1068,290
3404,10,Wedding,Apartment,Yes,51,873,1033,290
3405,10,Wedding,Apartment,No,66,794,1031,290
3406,10,Wedding,Apartment,No,53,666,824,290
3407,10,Wedding,Apartment,No,45,558,712,290
3408,10,Wedding,Apartment,Yes,52,784,937,290
3409,10,Wedding,Apartment,Yes,42,694,839,290
3410,10,Wedding,Apartment,No,54,684,871,290
3411,10,Wedding,Apartment,No,46,518,675,290
3412,10,Wedding,Apartment,Yes,44,747,892,290
3413,10,Wedding,Apartment,Yes,74,1126,1373,290
3414,10,Wedding,Apartment,No,53,695,881,290
3415,10,Wedding,Apartment,No,44,587,742,290
3416,10,Wedding,Apartment,No,35,421,544,290
3417,10,Wedding,Apartment,No,68,816,1042,290
3418,10,Wedding,Apartment,Yes,28,397,493,290
3419,10,Wedding,Apartment,No,59,756,934,290
3420,10,Wedding,Apartment,No,41,501,637,290
3421,10,Wedding,Apartment,No,71,944,1188,290
3422,10,Wedding,Apartment,Yes,54,810,988,290
3423,10,Wedding,Apartment,No,54,629,796,290
3424,10,Wedding,Apartment,No,68,891,1127,290
3425,10,Wedding,Apartment,Yes,66,960,1189,290
3426,10,Wedding,Apartment,No,66,884,1097,290
3427,10,Wedding,Apartment,No,53,606,782,290
3428,10,Wedding,Apartment,No,39,475,612,290
3429,10,Wedding,Apartment,No,54,621,780,290
3430,10,Wedding,Apartment,No,49,652,823,290
3431,10,Wedding,Apartment,No,47,619,780,290
3432,10,Wedding,Apartment,No,52,598,775,290
3433,10,Wedding,Apartment,No,50,675,847,290
3434,10,Wedding,Apartment,No,58,753,929,290
3435,10,Wedding,Apartment,No,48,557,730,290
3436,10,Wedding,Apartment,No,40,441,571,290
3437,10,Wedding,Apartment,No,52,657,814,290
3438,10,Wedding,Apartment,No,62,691,867,290
3439,10,Wedding,Apartment,No,30,378,484,290
3440,10,Wedding,Apartment,No,58,795,973,290
3441,10,Wedding,Apartment,No,42,507,655,290
3442,10,Wedding,Apartment,No,55,747,924,290
3443,10,Wedding,Apartment,No,58,733,898,290
3444,10,Wedding,Apartment,Yes,41,702,829,290
3445,10,Wedding,Apartment,No,55,739,898,290
3446,10,Wedding,Apartment,No,63,775,979,290
3447,10,Wedding,Apartment,No,43,541,677,290
3448,10,Wedding,Apartment,No,44,587,732,290
3449,10,Wedding,Apartment,No,64,706,933,290
3450,10,Wedding,Apartment,No,54,651,845,290
3451,10,Wedding,Apartment,Yes,70,1184,1395,290
3452,10,Wedding,Apartment,No,28,309,407,290
3453,10,Wedding,Apartment,Yes,54,833,1016,290
3454,10,Wedding,Apartment,No,64,808,1035,290
3455,10,Wedding,Apartment,No,28,361,444,290
3456,10,Wedding,Apartment,No,44,595,725,290
3457,10,Wedding,Apartment,Yes,71,1236,1488,290
3458,10,Wedding,Apartment,No,44,502,645,290
3459,10,Wedding,Apartment,Yes,62,1010,1196,290
3460,10,Wedding,Apartment,No,46,573,711,290
3461,10,Wedding,Apartment,No,36,444,545,290
3462,10,Wedding,Apartment,No,77,968,1184,290
3463,10,Wedding,Apartment,No,39,475,600,290
3464,10,Wedding,Apartment,No,41,537,678,290
3465,10,Wedding,Apartment,No,65,874,1092,290
3466,10,Wedding,Apartment,No,28,345,440,290
3467,10,Wedding,Apartment,No,46,537,674,290
3468,10,Wedding,Apartment,Yes,40,637,774,290
3469,10,Wedding,Apartment,Yes,32,541,650,290
3470,10,Wedding,Apartment,No,71,822,1070,290
3471,10,Wedding,Apartment,Yes,76,1213,1443,290
3472,10,Wedding,Apartment,No,53,675,853,290
3473,10,Wedding,Apartment,No,42,477,601,290
3474,10,Wedding,Apartment,No,73,894,1142,290
3475,10,Wedding,Apartment,Yes,58,801,995,290
3476,10,Wedding,Apartment,Yes,68,942,1143,290
3477,10,Wedding,Apartment,Yes,40,613,739,290
3478,10,Wedding,Apartment,Yes,81,1135,1421,290
3479,10,Wedding,Apartment,Yes,48,676,813,290
3480,10,Wedding,Apartment,No,75,839,1059,290
3481,10,Wedding,Apartment,No,52,593,742,290
3482,10,Wedding,Apartment,Yes,51,740,916,290
3483,10,Wedding,Apartment,No,57,632,803,290
3484,10,Wedding,Apartment,Yes,28,442,534,290
3485,10,Wedding,Apartment,No,41,548,687,290
3486,10,Wedding,Apartment,Yes,49,768,941,290
3487,10,Wedding,Apartment,No,53,665,853,290
3488,10,Wedding,Apartment,No,62,767,962,290
3489,10,Wedding,Apartment,No,52,660,809,290
3490,10,Wedding,Apartment,Yes,39,676,811,290
3491,10,Wedding,Apartment,No,68,847,1044,290
3492,10,Wedding,Apartment,No,44,529,687,290
3493,10,Wedding,Apartment,No,51,630,796,290
3494,10,Wedding,Apartment,Yes,45,643,781,290
3495,10,Wedding,Apartment,Yes,71,1215,1448,290
3496,10,Wedding,Apartment,No,60,730,935,290
3497,10,Wedding,Apartment,No,68,836,1049,290
3498,10,Wedding,Apartment,Yes,45,721,865,290
3499,10,Wedding,Apartment,No,46,511,660,290
3500,10,Wedding,Apartment,No,47,545,704,290
3501,10,Wedding,Apartment,No,42,588,731,290
3502,10,Wedding,Apartment,Yes,37,572,698,290
3503,10,Wedding,Apartment,No,63,872,1060,290
3504,10,Wedding,Apartment,Yes,57,869,1058,290
3505,10,Wedding,Apartment,Yes,39,610,737,290
3506,10,Wedding,Apartment,No,62,697,881,290
3507,10,Wedding,Apartment,No,57,713,876,290
3508,10,Wedding,Apartment,Yes,33,474,579,290
3509,10,Wedding,Apartment,No,75,868,1094,290
3510,10,Wedding,Apartment,No,53,716,897,290
3511,10,Wedding,Apartment,No,64,798,1010,290
3512,10,Wedding,Apartment,No,36,499,626,290
3513,10,Wedding,Apartment,No,67,814,1048,290
3514,10,Wedding,Apartment,No,57,698,859,290
3515,10,Wedding,Apartment,No,57,751,917,290
3516,10,Wedding,Apartment,No,40,494,622,290
3517,10,Wedding,Apartment,Yes,56,787,965,290
3518,10,Wedding,Apartment,No,57,755,945,290
3519,10,Wedding,Apartment,No,48,530,668,290
3520,10,Wedding,Apartment,No,34,398,512,290
3521,10,Wedding,Apartment,Yes,53,756,944,290
3522,10,Wedding,Apartment,No,48,560,695,290
3523,10,Wedding,Apartment,No,52,578,727,290
3524,10,Wedding,Apartment,No,61,743,937,290
3525,10,Wedding,Apartment,No,41,481,622,290
3526,10,Wedding,Apartment,No,49,558,709,290
3527,10,Wedding,Apartment,No,60,742,938,290
3528,10,Wedding,Apartment,No,37,462,582,290
3529,10,Wedding,Apartment,No,44,508,662,290
3530,10,Wedding,Apartment,No,51,697,857,290
3531,10,Wedding,Apartment,Yes,39,649,786,290
3532,10,Wedding,Apartment,No,55,605,795,290
3533,10,Wedding,Apartment,No,61,680,879,290
3534,10,Wedding,Apartment,No,56,621,805,290
3535,10,Wedding,Apartment,No,45,582,739,290
3536,10,Wedding,Apartment,No,42,505,656,290
3537,10,Wedding,Apartment,No,47,520,662,290
3538,10,Wedding,Apartment,Yes,55,927,1124,290
3539,10,Wedding,Apartment,Yes,44,721,869,290
3540,10,Wedding,Apartment,Yes,72,1197,1405,290
3541,10,Wedding,Apartment,No,61,847,1042,290
3542,10,Wedding,Apartment,No,58,757,947,290
3543,10,Wedding,Apartment,No,42,518,651,290
3544,10,Wedding,Apartment,No,38,474,585,290
3545,10,Wedding,Apartment,No,69,793,1028,290
3546,10,Wedding,Apartment,Yes,57,849,1041,290
3547,10,Wedding,Apartment,No,38,478,588,290
3548,10,Wedding,Apartment,Yes,40,576,704,290
3549,10,Wedding,Apartment,No,57,663,867,290
3550,10,Wedding,Apartment,No,28,314,398,290
3551,10,Wedding,Apartment,Yes,44,741,871,290
3552,10,Wedding,Apartment,No,35,442,555,290
3553,10,Wedding,Apartment,No,36,449,573,290
3554,10,Wedding,Apartment,No,49,652,793,290
3555,10,Wedding,Apartment,No,53,721,892,290
3556,10,Wedding,Apartment,Yes,63,994,1175,290
3557,10,Wedding,Apartment,Yes,46,783,948,290
3558,10,Wedding,Apartment,No,35,487,586,290
3559,10,Wedding,Apartment,Yes,47,794,933,290
3560,10,Wedding,Apartment,Yes,41,660,790,290
3561,10,Wedding,Apartment,No,51,618,779,290
3562,10,Wedding,Apartment,Yes,41,565,698,290
3563,10,Wedding,Apartment,No,59,676,879,290
3564,10,Wedding,Apartment,Yes,52,765,922,290
3565,10,Wedding,Apartment,Yes,52,753,925,290
3566,10,Wedding,Apartment,Yes,46,793,928,290
3567,10,Wedding,Apartment,Yes,59,960,1152,290
3568,10,Wedding,Apartment,No,66,818,1019,290
3569,10,Wedding,Apartment,No,57,667,827,290
3570,10,Wedding,Apartment,No,38,488,617,290
3571,10,Wedding,Apartment,No,49,599,750,290
3572,10,Wedding,Apartment,Yes,28,487,584,290
3573,10,Wedding,Apartment,Yes,51,804,975,290
3574,10,Wedding,Apartment,Yes,62,1061,1284,290
3575,10,Wedding,Apartment,No,64,839,1035,290
3576,10,Wedding,Apartment,Yes,46,769,906,290
3577,10,Wedding,Apartment,No,36,504,611,290
3578,10,Wedding,Apartment,No,71,862,1065,290
3579,10,Wedding,Apartment,No,60,814,1030,290
3580,10,Wedding,Apartment,No,54,708,860,290
3581,11,Steglitz,Apartment,No,56,700,891,220
3582,11,Steglitz,Apartment,Yes,48,867,1030,220
3583,11,Steglitz,Apartment,No,56,820,1021,220
3584,11,Steglitz,Apartment,No,34,480,601,220
3585,11,Steglitz,Apartment,Yes,72,1281,1485,220
3586,11,Steglitz,Apartment,No,61,814,989,220
3587,11,Steglitz,Apartment,No,42,561,703,220
3588,11,Steglitz,Apartment,No,71,1086,1317,220
3589,11,Steglitz,Apartment,No,59,735,931,220
3590,11,Steglitz,Apartment,No,36,561,684,220
3591,11,Steglitz,Apartment,No,61,841,1055,220
3592,11,Steglitz,Apartment,No,54,680,835,220
3593,11,Steglitz,Apartment,No,50,622,769,220
3594,11,Steglitz,Apartment,No,65,947,1154,220
3595,11,Steglitz,Apartment,Yes,53,1015,1199,220
3596,11,Steglitz,Apartment,Yes,48,787,934,220
3597,11,Steglitz,Apartment,No,54,714,885,220
3598,11,Steglitz,Apartment,No,58,900,1101,220
3599,11,Steglitz,Apartment,No,63,982,1177,220
3600,11,Steglitz,Apartment,No,45,683,834,220
3601,11,Steglitz,Apartment,No,39,598,736,220
3602,11,Steglitz,Apartment,Yes,56,930,1100,220
3603,11,Steglitz,Apartment,No,38,570,703,220
3604,11,Steglitz,Apartment,No,39,526,659,220
3605,11,Steglitz,Apartment,No,48,676,823,220
3606,11,Steglitz,Apartment,No,39,577,708,220
3607,11,Steglitz,Apartment,No,53,770,955,220
3608,11,Steglitz,Apartment,No,60,804,1019,220
3609,11,Steglitz,Apartment,No,71,991,1235,220
3610,11,Steglitz,Apartment,Yes,60,941,1110,220
3611,11,Steglitz,Apartment,No,51,724,885,220
3612,11,Steglitz,Apartment,No,53,721,883,220
3613,11,Steglitz,Apartment,No,28,402,503,220
3614,11,Steglitz,Apartment,No,42,594,728,220
3615,11,Steglitz,Apartment,Yes,58,943,1123,220
3616,11,Steglitz,Apartment,Yes,75,1259,1507,220
3617,11,Steglitz,Apartment,Yes,55,1030,1186,220
3618,11,Steglitz,Apartment,No,62,936,1113,220
3619,11,Steglitz,Apartment,No,42,628,778,220
3620,11,Steglitz,Apartment,No,52,679,833,220
3621,11,Steglitz,Apartment,Yes,70,1305,1549,220
3622,11,Steglitz,Apartment,No,61,774,978,220
3623,11,Steglitz,Apartment,No,35,501,610,220
3624,11,Steglitz,Apartment,No,52,791,938,220
3625,11,Steglitz,Apartment,Yes,53,906,1083,220
3626,11,Steglitz,Apartment,Yes,54,1035,1203,220
3627,11,Steglitz,Apartment,Yes,36,604,731,220
3628,11,Steglitz,Apartment,No,51,761,907,220
3629,11,Steglitz,Apartment,No,50,701,841,220
3630,11,Steglitz,Apartment,No,45,713,870,220
3631,11,Steglitz,Apartment,Yes,39,740,866,220
3632,11,Steglitz,Apartment,No,53,752,928,220
3633,11,Steglitz,Apartment,No,57,764,948,220
3634,11,Steglitz,Apartment,No,49,709,858,220
3635,11,Steglitz,Apartment,No,62,908,1083,220
3636,11,Steglitz,Apartment,No,66,1004,1205,220
3637,11,Steglitz,Apartment,Yes,65,1267,1497,220
3638,11,Steglitz,Apartment,No,45,700,834,220
3639,11,Steglitz,Apartment,No,45,600,745,220
3640,11,Steglitz,Apartment,No,60,812,1002,220
3641,11,Steglitz,Apartment,No,54,834,992,220
3642,11,Steglitz,Apartment,No,64,922,1135,220
3643,11,Steglitz,Apartment,No,60,940,1118,220
3644,11,Steglitz,Apartment,No,61,874,1059,220
3645,11,Steglitz,Apartment,No,46,589,742,220
3646,11,Steglitz,Apartment,Yes,36,654,774,220
3647,11,Steglitz,Apartment,Yes,48,772,935,220
3648,11,Steglitz,Apartment,No,44,577,734,220
3649,11,Steglitz,Apartment,No,68,907,1140,220
3650,11,Steglitz,Apartment,No,57,843,1028,220
3651,11,Steglitz,Apartment,No,72,961,1213,220
3652,11,Steglitz,Apartment,No,57,769,961,220
3653,11,Steglitz,Apartment,Yes,66,1254,1463,220
3654,11,Steglitz,Apartment,No,49,663,835,220
3655,11,Steglitz,Apartment,No,38,600,719,220
3656,11,Steglitz,Apartment,No,28,350,431,220
3657,11,Steglitz,Apartment,No,58,813,1017,220
3658,11,Steglitz,Apartment,No,60,805,1018,220
3659,11,Steglitz,Apartment,No,58,759,923,220
3660,11,Steglitz,Apartment,Yes,58,960,1134,220
3661,11,Steglitz,Apartment,Yes,41,706,829,220
3662,11,Steglitz,Apartment,No,62,851,1030,220
3663,11,Steglitz,Apartment,Yes,28,519,610,220
3664,11,Steglitz,Apartment,No,50,627,769,220
3665,11,Steglitz,Apartment,Yes,70,1146,1393,220
3666,11,Steglitz,Apartment,No,64,974,1183,220
3667,11,Steglitz,Apartment,No,49,747,884,220
3668,11,Steglitz,Apartment,Yes,59,1109,1311,220
3669,11,Steglitz,Apartment,No,56,730,911,220
3670,11,Steglitz,Apartment,No,50,635,796,220
3671,11,Steglitz,Apartment,No,57,830,1003,220
3672,11,Steglitz,Apartment,No,61,783,955,220
3673,11,Steglitz,Apartment,No,48,665,822,220
3674,11,Steglitz,Apartment,No,35,501,625,220
3675,11,Steglitz,Apartment,No,68,939,1171,220
3676,11,Steglitz,Apartment,Yes,43,681,803,220
3677,11,Steglitz,Apartment,No,73,1006,1255,220
3678,11,Steglitz,Apartment,Yes,50,945,1100,220
3679,11,Steglitz,Apartment,Yes,28,466,552,220
3680,11,Steglitz,Apartment,No,53,737,916,220
3681,11,Steglitz,Apartment,Yes,55,966,1148,220
3682,11,Steglitz,Apartment,No,59,745,912,220
3683,11,Steglitz,Apartment,No,67,905,1141,220
3684,11,Steglitz,Apartment,No,50,765,916,220
3685,11,Steglitz,Apartment,No,48,688,828,220
3686,11,Steglitz,Apartment,No,45,587,735,220
3687,11,Steglitz,Apartment,No,33,452,550,220
3688,11,Steglitz,Apartment,Yes,56,1086,1272,220
3689,11,Steglitz,Apartment,Yes,55,862,1020,220
3690,11,Steglitz,Apartment,No,60,887,1074,220
3691,11,Steglitz,Apartment,No,42,558,687,220
3692,11,Steglitz,Apartment,Yes,76,1494,1735,220
3693,11,Steglitz,Apartment,No,59,765,947,220
3694,11,Steglitz,Apartment,No,46,711,844,220
3695,11,Steglitz,Apartment,No,30,431,525,220
3696,11,Steglitz,Apartment,No,51,653,829,220
3697,11,Steglitz,Apartment,No,49,628,789,220
3698,11,Steglitz,Apartment,No,57,849,1040,220
3699,11,Steglitz,Apartment,No,56,708,868,220
3700,11,Steglitz,Apartment,Yes,54,1040,1216,220
3701,11,Steglitz,Apartment,No,49,659,806,220
3702,11,Steglitz,Apartment,Yes,47,744,887,220
3703,11,Steglitz,Apartment,No,39,592,729,220
3704,11,Steglitz,Apartment,Yes,50,883,1059,220
3705,11,Steglitz,Apartment,No,60,812,982,220
3706,11,Steglitz,Apartment,Yes,53,957,1138,220
3707,11,Steglitz,Apartment,No,50,652,798,220
3708,11,Steglitz,Apartment,No,38,590,705,220
3709,11,Steglitz,Apartment,No,50,625,768,220
3710,11,Steglitz,Apartment,No,66,1044,1242,220
3711,11,Steglitz,Apartment,Yes,43,816,966,220
3712,11,Steglitz,Apartment,No,53,721,871,220
3713,11,Steglitz,Apartment,Yes,58,1015,1185,220
3714,11,Steglitz,Apartment,No,77,959,1188,220
3715,11,Steglitz,Apartment,No,52,702,879,220
3716,11,Steglitz,Apartment,No,46,604,746,220
3717,11,Steglitz,Apartment,No,61,765,977,220
3718,11,Steglitz,Apartment,No,52,751,913,220
3719,11,Steglitz,Apartment,No,60,754,938,220
3720,11,Steglitz,Apartment,No,56,740,907,220
3721,11,Steglitz,Apartment,No,48,751,893,220
3722,11,Steglitz,Apartment,Yes,49,813,980,220
3723,11,Steglitz,Apartment,No,49,750,898,220
3724,11,Steglitz,Apartment,Yes,54,972,1157,220
3725,11,Steglitz,Apartment,Yes,47,733,870,220
3726,11,Steglitz,Apartment,No,34,523,628,220
3727,11,Steglitz,Apartment,No,51,790,949,220
3728,11,Steglitz,Apartment,No,49,614,758,220
3729,11,Steglitz,Apartment,No,58,808,998,220
3730,11,Steglitz,Apartment,No,48,620,775,220
3731,11,Steglitz,Apartment,Yes,61,1076,1293,220
3732,11,Steglitz,Apartment,No,39,500,619,220
3733,11,Steglitz,Apartment,No,56,842,1023,220
3734,11,Steglitz,Apartment,No,47,593,754,220
3735,11,Steglitz,Apartment,No,33,486,593,220
3736,11,Steglitz,Apartment,No,58,818,1014,220
3737,11,Steglitz,Apartment,Yes,52,964,1129,220
3738,11,Steglitz,Apartment,No,61,933,1112,220
3739,11,Steglitz,Apartment,No,62,961,1161,220
3740,11,Steglitz,Apartment,Yes,56,949,1120,220
3741,11,Steglitz,Apartment,No,55,799,995,220
3742,11,Steglitz,Apartment,Yes,72,1295,1497,220
3743,11,Steglitz,Apartment,Yes,72,1349,1551,220
3744,11,Steglitz,Apartment,No,59,733,900,220
3745,11,Steglitz,Apartment,No,43,612,734,220
3746,11,Steglitz,Apartment,No,51,692,875,220
3747,11,Steglitz,Apartment,Yes,55,1088,1286,220
3748,11,Steglitz,Apartment,No,35,552,669,220
3749,11,Steglitz,Apartment,No,50,761,929,220
3750,11,Steglitz,Apartment,No,40,600,740,220
3751,11,Steglitz,Apartment,No,35,539,658,220
3752,11,Steglitz,Apartment,No,50,716,888,220
3753,11,Steglitz,Apartment,Yes,30,480,565,220
3754,11,Steglitz,Apartment,No,69,1062,1290,220
3755,11,Steglitz,Apartment,No,70,1052,1283,220
3756,11,Steglitz,Apartment,Yes,57,1071,1265,220
3757,11,Steglitz,Apartment,No,47,643,779,220
3758,11,Steglitz,Apartment,No,51,683,854,220
3759,11,Steglitz,Apartment,Yes,58,1142,1345,220
3760,11,Steglitz,Apartment,No,33,430,524,220
3761,11,Steglitz,Apartment,Yes,33,547,659,220
3762,11,Steglitz,Apartment,No,56,857,1053,220
3763,11,Steglitz,Apartment,No,58,777,971,220
3764,11,Steglitz,Apartment,Yes,54,930,1124,220
3765,11,Steglitz,Apartment,Yes,28,492,585,220
3766,11,Steglitz,Apartment,No,50,629,770,220
3767,11,Steglitz,Apartment,Yes,44,773,898,220
3768,11,Steglitz,Apartment,No,65,843,1037,220
3769,11,Steglitz,Apartment,No,50,672,845,220
3770,11,Steglitz,Apartment,No,58,856,1036,220
3771,11,Steglitz,Apartment,No,85,1316,1616,220
3772,11,Steglitz,Apartment,Yes,61,1063,1279,220
3773,11,Steglitz,Apartment,No,51,709,890,220
3774,11,Steglitz,Apartment,No,35,448,551,220
3775,11,Steglitz,Apartment,No,40,605,728,220
3776,11,Steglitz,Apartment,Yes,51,987,1153,220
3777,11,Steglitz,Apartment,No,31,448,542,220
3778,11,Steglitz,Apartment,No,59,746,921,220
3779,11,Steglitz,Apartment,No,79,1147,1395,220
3780,11,Steglitz,Apartment,No,63,964,1190,220
3781,11,Steglitz,Apartment,No,76,957,1222,220
3782,11,Steglitz,Apartment,Yes,42,823,950,220
3783,11,Steglitz,Apartment,No,35,503,625,220
3784,11,Steglitz,Apartment,No,78,1214,1450,220
3785,11,Steglitz,Apartment,Yes,57,962,1152,220
3786,11,Steglitz,Apartment,No,42,615,734,220
3787,11,Steglitz,Apartment,No,54,856,1038,220
3788,11,Steglitz,Apartment,No,59,744,945,220
3789,11,Steglitz,Apartment,Yes,60,990,1206,220
3790,11,Steglitz,Apartment,Yes,61,967,1152,220
3791,11,Steglitz,Apartment,No,39,615,740,220
3792,11,Steglitz,Apartment,No,67,931,1153,220
3793,11,Steglitz,Apartment,Yes,57,1126,1325,220
3794,11,Steglitz,Apartment,No,44,601,742,220
3795,11,Steglitz,Apartment,No,40,595,710,220
3796,11,Steglitz,Apartment,No,64,1001,1218,220
3797,11,Steglitz,Apartment,No,82,1104,1369,220
3798,11,Steglitz,Apartment,No,52,725,899,220
3799,11,Steglitz,Apartment,No,49,666,807,220
3800,11,Steglitz,Apartment,No,53,701,892,220
3801,12,Lichtenberg,Apartment,Yes,47,611,759,250
3802,12,Lichtenberg,Apartment,Yes,55,867,1047,250
3803,12,Lichtenberg,Apartment,No,59,773,970,250
3804,12,Lichtenberg,Apartment,No,45,509,661,250
3805,12,Lichtenberg,Apartment,No,54,682,842,250
3806,12,Lichtenberg,Apartment,No,60,713,911,250
3807,12,Lichtenberg,Apartment,No,63,798,984,250
3808,12,Lichtenberg,Apartment,Yes,44,672,817,250
3809,12,Lichtenberg,Apartment,Yes,40,634,754,250
3810,12,Lichtenberg,Apartment,No,45,508,667,250
3811,12,Lichtenberg,Apartment,No,78,900,1142,250
3812,12,Lichtenberg,Apartment,No,52,589,759,250
3813,12,Lichtenberg,Apartment,No,43,491,633,250
3814,12,Lichtenberg,Apartment,No,46,597,735,250
3815,12,Lichtenberg,Apartment,Yes,52,753,909,250
3816,12,Lichtenberg,Apartment,Yes,35,528,651,250
3817,12,Lichtenberg,Apartment,No,50,546,714,250
3818,12,Lichtenberg,Apartment,No,55,717,899,250
3819,12,Lichtenberg,Apartment,Yes,54,824,990,250
3820,12,Lichtenberg,Apartment,No,53,602,767,250
3821,12,Lichtenberg,Apartment,No,62,703,894,250
3822,12,Lichtenberg,Apartment,No,62,645,825,250
3823,12,Lichtenberg,Apartment,Yes,54,700,873,250
3824,12,Lichtenberg,Apartment,No,49,646,806,250
3825,12,Lichtenberg,Apartment,No,64,729,952,250
3826,12,Lichtenberg,Apartment,No,47,537,683,250
3827,12,Lichtenberg,Apartment,No,37,429,550,250
3828,12,Lichtenberg,Apartment,No,61,764,955,250
3829,12,Lichtenberg,Apartment,Yes,51,757,903,250
3830,12,Lichtenberg,Apartment,No,37,447,566,250
3831,12,Lichtenberg,Apartment,No,49,513,664,250
3832,12,Lichtenberg,Apartment,No,56,582,753,250
3833,12,Lichtenberg,Apartment,No,38,438,558,250
3834,12,Lichtenberg,Apartment,No,57,750,953,250
3835,12,Lichtenberg,Apartment,No,68,788,1026,250
3836,12,Lichtenberg,Apartment,No,56,724,890,250
3837,12,Lichtenberg,Apartment,No,63,710,922,250
3838,12,Lichtenberg,Apartment,No,52,655,817,250
3839,12,Lichtenberg,Apartment,No,53,660,837,250
3840,12,Lichtenberg,Apartment,No,57,632,824,250
3841,12,Lichtenberg,Apartment,No,76,845,1085,250
3842,12,Lichtenberg,Apartment,No,55,664,849,250
3843,12,Lichtenberg,Apartment,No,45,505,656,250
3844,12,Lichtenberg,Apartment,No,61,755,945,250
3845,12,Lichtenberg,Apartment,No,35,378,479,250
3846,12,Lichtenberg,Apartment,Yes,45,734,891,250
3847,12,Lichtenberg,Apartment,No,50,639,780,250
3848,12,Lichtenberg,Apartment,No,62,782,1005,250
3849,12,Lichtenberg,Apartment,No,66,730,917,250
3850,12,Lichtenberg,Apartment,No,61,778,983,250
3851,12,Lichtenberg,Apartment,No,37,461,575,250
3852,12,Lichtenberg,Apartment,No,51,611,769,250
3853,12,Lichtenberg,Apartment,No,46,487,631,250
3854,12,Lichtenberg,Apartment,No,57,679,875,250
3855,12,Lichtenberg,Apartment,No,51,584,766,250
3856,12,Lichtenberg,Apartment,Yes,46,679,819,250
3857,12,Lichtenberg,Apartment,No,33,351,452,250
3858,12,Lichtenberg,Apartment,No,41,439,583,250
3859,12,Lichtenberg,Apartment,No,65,787,981,250
3860,12,Lichtenberg,Apartment,No,40,456,579,250
3861,12,Lichtenberg,Apartment,No,48,618,776,250
3862,12,Lichtenberg,Apartment,Yes,49,720,879,250
3863,12,Lichtenberg,Apartment,No,62,770,952,250
3864,12,Lichtenberg,Apartment,Yes,52,820,988,250
3865,12,Lichtenberg,Apartment,No,77,894,1116,250
3866,12,Lichtenberg,Apartment,Yes,62,1016,1221,250
3867,12,Lichtenberg,Apartment,No,41,473,609,250
3868,12,Lichtenberg,Apartment,No,46,527,686,250
3869,12,Lichtenberg,Apartment,No,51,639,808,250
3870,12,Lichtenberg,Apartment,Yes,47,695,829,250
3871,12,Lichtenberg,Apartment,No,41,443,563,250
3872,12,Lichtenberg,Apartment,Yes,52,853,1013,250
3873,12,Lichtenberg,Apartment,No,58,736,898,250
3874,12,Lichtenberg,Apartment,Yes,78,1223,1473,250
3875,12,Lichtenberg,Apartment,No,81,1070,1318,250
3876,12,Lichtenberg,Apartment,Yes,58,788,985,250
3877,12,Lichtenberg,Apartment,No,60,629,831,250
3878,12,Lichtenberg,Apartment,No,58,691,891,250
3879,12,Lichtenberg,Apartment,No,64,692,873,250
3880,12,Lichtenberg,Apartment,No,48,547,712,250
3881,12,Lichtenberg,Apartment,No,42,513,637,250
3882,12,Lichtenberg,Apartment,No,75,911,1167,250
3883,12,Lichtenberg,Apartment,Yes,71,1093,1304,250
3884,12,Lichtenberg,Apartment,No,44,525,683,250
3885,12,Lichtenberg,Apartment,No,53,601,759,250
3886,12,Lichtenberg,Apartment,No,35,367,474,250
3887,12,Lichtenberg,Apartment,Yes,45,590,737,250
3888,12,Lichtenberg,Apartment,No,40,508,649,250
3889,12,Lichtenberg,Apartment,Yes,84,1235,1508,250
3890,12,Lichtenberg,Apartment,No,45,501,649,250
3891,12,Lichtenberg,Apartment,No,41,471,613,250
3892,12,Lichtenberg,Apartment,No,52,550,730,250
3893,12,Lichtenberg,Apartment,No,36,460,575,250
3894,12,Lichtenberg,Apartment,Yes,63,1036,1230,250
3895,12,Lichtenberg,Apartment,No,47,491,637,250
3896,12,Lichtenberg,Apartment,Yes,42,685,820,250
3897,12,Lichtenberg,Apartment,No,51,559,733,250
3898,12,Lichtenberg,Apartment,Yes,52,700,872,250
3899,12,Lichtenberg,Apartment,Yes,45,684,836,250
3900,12,Lichtenberg,Apartment,No,47,534,677,250
3901,12,Lichtenberg,Apartment,No,37,449,553,250
3902,12,Lichtenberg,Apartment,Yes,75,1077,1325,250
3903,12,Lichtenberg,Apartment,No,41,459,592,250
3904,12,Lichtenberg,Apartment,Yes,42,618,746,250
3905,12,Lichtenberg,Apartment,No,45,567,718,250
3906,12,Lichtenberg,Apartment,No,58,681,847,250
3907,12,Lichtenberg,Apartment,No,55,686,881,250
3908,12,Lichtenberg,Apartment,No,39,513,637,250
3909,12,Lichtenberg,Apartment,Yes,42,618,768,250
3910,12,Lichtenberg,Apartment,No,66,859,1056,250
3911,12,Lichtenberg,Apartment,No,46,518,670,250
3912,12,Lichtenberg,Apartment,Yes,31,486,593,250
3913,12,Lichtenberg,Apartment,No,54,649,811,250
3914,12,Lichtenberg,Apartment,Yes,70,1066,1313,250
3915,12,Lichtenberg,Apartment,No,85,1083,1356,250
3916,12,Lichtenberg,Apartment,Yes,52,842,1025,250
3917,12,Lichtenberg,Apartment,No,54,690,876,250
3918,12,Lichtenberg,Apartment,Yes,34,462,574,250
3919,12,Lichtenberg,Apartment,No,51,628,788,250
3920,12,Lichtenberg,Apartment,No,35,453,565,250
3921,12,Lichtenberg,Apartment,No,53,671,842,250
3922,12,Lichtenberg,Apartment,Yes,36,497,614,250
3923,12,Lichtenberg,Apartment,No,68,811,1037,250
3924,12,Lichtenberg,Apartment,No,62,804,993,250
3925,12,Lichtenberg,Apartment,No,38,401,522,250
3926,12,Lichtenberg,Apartment,No,28,337,429,250
3927,12,Lichtenberg,Apartment,Yes,46,755,896,250
3928,12,Lichtenberg,Apartment,No,53,571,727,250
3929,12,Lichtenberg,Apartment,Yes,74,1178,1437,250
3930,12,Lichtenberg,Apartment,No,57,748,951,250
3931,12,Lichtenberg,Apartment,No,48,591,760,250
3932,12,Lichtenberg,Apartment,No,54,617,769,250
3933,12,Lichtenberg,Apartment,Yes,46,681,817,250
3934,12,Lichtenberg,Apartment,No,50,593,738,250
3935,12,Lichtenberg,Apartment,No,42,506,627,250
3936,12,Lichtenberg,Apartment,No,52,620,767,250
3937,12,Lichtenberg,Apartment,No,66,820,1036,250
3938,12,Lichtenberg,Apartment,No,55,676,868,250
3939,12,Lichtenberg,Apartment,No,59,718,921,250
3940,12,Lichtenberg,Apartment,No,61,748,937,250
3941,12,Lichtenberg,Apartment,Yes,54,836,1017,250
3942,12,Lichtenberg,Apartment,Yes,53,692,852,250
3943,12,Lichtenberg,Apartment,No,30,334,427,250
3944,12,Lichtenberg,Apartment,Yes,46,700,840,250
3945,12,Lichtenberg,Apartment,Yes,60,921,1090,250
3946,12,Lichtenberg,Apartment,No,39,499,628,250
3947,12,Lichtenberg,Apartment,No,50,550,710,250
3948,12,Lichtenberg,Apartment,Yes,42,666,803,250
3949,12,Lichtenberg,Apartment,No,28,368,452,250
3950,12,Lichtenberg,Apartment,No,67,738,954,250
3951,12,Lichtenberg,Apartment,No,64,675,902,250
3952,12,Lichtenberg,Apartment,No,67,860,1056,250
3953,12,Lichtenberg,Apartment,Yes,28,431,518,250
3954,12,Lichtenberg,Apartment,Yes,43,566,688,250
3955,12,Lichtenberg,Apartment,No,54,705,858,250
3956,12,Lichtenberg,Apartment,No,56,658,830,250
3957,12,Lichtenberg,Apartment,Yes,40,623,749,250
3958,12,Lichtenberg,Apartment,No,58,755,930,250
3959,12,Lichtenberg,Apartment,No,34,368,468,250
3960,12,Lichtenberg,Apartment,No,64,746,938,250
3961,12,Lichtenberg,Apartment,No,53,660,824,250
3962,12,Lichtenberg,Apartment,No,65,762,950,250
3963,12,Lichtenberg,Apartment,No,49,642,804,250
3964,12,Lichtenberg,Apartment,Yes,44,723,863,250
3965,12,Lichtenberg,Apartment,Yes,47,758,912,250
3966,12,Lichtenberg,Apartment,Yes,46,722,875,250
3967,12,Lichtenberg,Apartment,No,58,689,886,250
3968,12,Lichtenberg,Apartment,No,63,738,955,250
3969,12,Lichtenberg,Apartment,No,56,606,774,250
3970,12,Lichtenberg,Apartment,No,54,699,879,250
3971,12,Lichtenberg,Apartment,Yes,45,736,873,250
3972,12,Lichtenberg,Apartment,No,66,685,885,250
3973,12,Lichtenberg,Apartment,No,51,608,766,250
3974,12,Lichtenberg,Apartment,No,43,484,627,250
3975,12,Lichtenberg,Apartment,No,43,546,697,250
3976,12,Lichtenberg,Apartment,Yes,57,829,1028,250
3977,12,Lichtenberg,Apartment,Yes,28,456,555,250
3978,12,Lichtenberg,Apartment,No,39,493,606,250
3979,12,Lichtenberg,Apartment,Yes,45,697,833,250
3980,12,Lichtenberg,Apartment,No,49,549,687,250
3981,12,Lichtenberg,Apartment,Yes,44,704,850,250
3982,12,Lichtenberg,Apartment,No,64,722,924,250
3983,12,Lichtenberg,Apartment,Yes,63,925,1107,250
3984,12,Lichtenberg,Apartment,Yes,47,632,786,250
3985,12,Lichtenberg,Apartment,Yes,85,1165,1409,250
3986,12,Lichtenberg,Apartment,No,68,816,1056,250
3987,12,Lichtenberg,Apartment,No,39,468,584,250
3988,12,Lichtenberg,Apartment,No,53,553,705,250
3989,12,Lichtenberg,Apartment,No,61,758,940,250
3990,12,Lichtenberg,Apartment,Yes,51,783,927,250
3991,12,Lichtenberg,Apartment,Yes,55,820,1007,250
3992,12,Lichtenberg,Apartment,No,68,870,1091,250
3993,12,Lichtenberg,Apartment,No,33,396,492,250
3994,12,Lichtenberg,Apartment,Yes,64,914,1140,250
3995,12,Lichtenberg,Apartment,Yes,77,1025,1276,250
3996,12,Lichtenberg,Apartment,Yes,45,708,843,250
3997,12,Lichtenberg,Apartment,No,59,626,837,250
3998,12,Lichtenberg,Apartment,Yes,52,729,913,250
3999,12,Lichtenberg,Apartment,No,42,475,621,250
4000,12,Lichtenberg,Apartment,No,61,780,968,250
4001,12,Lichtenberg,Apartment,Yes,53,824,1003,250
4002,12,Lichtenberg,Apartment,Yes,50,796,961,250
4003,12,Lichtenberg,Apartment,No,63,770,951,250
4004,12,Lichtenberg,Apartment,No,50,559,710,250
4005,12,Lichtenberg,Apartment,Yes,54,732,904,250
4006,12,Lichtenberg,Apartment,No,34,408,512,250
4007,12,Lichtenberg,Apartment,No,67,842,1063,250
4008,12,Lichtenberg,Apartment,Yes,48,663,834,250
4009,12,Lichtenberg,Apartment,Yes,73,1155,1400,250
4010,12,Lichtenberg,Apartment,No,59,773,968,250
4011,12,Lichtenberg,Apartment,No,57,710,887,250
4012,12,Lichtenberg,Apartment,No,63,679,878,250
4013,12,Lichtenberg,Apartment,No,44,561,709,250
4014,12,Lichtenberg,Apartment,No,65,728,943,250
4015,12,Lichtenberg,Apartment,Yes,61,986,1189,250
4016,12,Lichtenberg,Apartment,Yes,54,887,1050,250
4017,12,Lichtenberg,Apartment,No,34,352,447,250
4018,12,Lichtenberg,Apartment,No,47,584,727,250
4019,12,Lichtenberg,Apartment,No,60,789,979,250
4020,12,Lichtenberg,Apartment,No,58,651,823,250
4021,12,Lichtenberg,Apartment,No,59,670,842,250
4022,12,Lichtenberg,Apartment,No,42,484,620,250
4023,12,Lichtenberg,Apartment,Yes,53,794,960,250
4024,12,Lichtenberg,Apartment,No,50,572,733,250
4025,12,Lichtenberg,Apartment,Yes,28,437,532,250
4026,12,Lichtenberg,Apartment,No,68,732,927,250
4027,12,Lichtenberg,Apartment,Yes,41,550,685,250
4028,12,Lichtenberg,Apartment,No,70,796,1022,250
4029,12,Lichtenberg,Apartment,No,54,710,886,250
4030,12,Lichtenberg,Apartment,No,61,771,946,250
4031,12,Lichtenberg,Apartment,Yes,74,1151,1404,250
4032,12,Lichtenberg,Apartment,No,68,834,1046,250
4033,12,Lichtenberg,Apartment,No,53,596,766,250
4034,12,Lichtenberg,Apartment,No,42,508,652,250
4035,12,Lichtenberg,Apartment,No,56,648,830,250
4036,12,Lichtenberg,Apartment,No,37,466,598,250
4037,12,Lichtenberg,Apartment,No,59,740,941,250
4038,12,Lichtenberg,Apartment,Yes,61,874,1053,250
4039,12,Lichtenberg,Apartment,No,57,642,824,250
4040,12,Lichtenberg,Apartment,No,31,397,493,250
4041,12,Lichtenberg,Apartment,Yes,46,680,813,250
4042,12,Lichtenberg,Apartment,No,34,374,479,250
4043,12,Lichtenberg,Apartment,No,67,756,977,250
4044,12,Lichtenberg,Apartment,Yes,46,634,783,250
4045,12,Lichtenberg,Apartment,Yes,68,939,1160,250
4046,12,Lichtenberg,Apartment,Yes,49,741,910,250
4047,12,Lichtenberg,Apartment,No,69,800,997,250
4048,12,Lichtenberg,Apartment,Yes,59,782,950,250
4049,12,Lichtenberg,Apartment,No,58,600,789,250
4050,12,Lichtenberg,Apartment,Yes,46,694,841,250
