id,district_id,district_name,property_type,size_sqm,total_monthly_rent_eur,sample_size_analyzed
1,1,Mitte,WG Room,21,758,380
2,1,Mitte,WG Room,21,833,380
3,1,Mitte,WG Room,18,717,380
4,1,Mitte,WG Room,25,847,380
5,1,Mitte,WG Room,17,740,380
6,1,Mitte,WG Room,17,695,380
7,1,Mitte,WG Room,20,666,380
8,1,Mitte,WG Room,13,643,380
9,1,Mitte,WG Room,15,706,380
10,1,Mitte,WG Room,16,640,380
11,1,Mitte,WG Room,24,790,380
12,1,Mitte,WG Room,19,676,380
13,1,Mitte,WG Room,17,721,380
14,1,Mitte,WG Room,15,709,380
15,1,Mitte,WG Room,17,703,380
16,1,Mitte,WG Room,17,799,380
17,1,Mitte,WG Room,19,692,380
18,1,Mitte,WG Room,22,721,380
19,1,Mitte,WG Room,20,664,380
20,1,Mitte,WG Room,14,689,380
21,1,Mitte,WG Room,22,784,380
22,1,Mitte,WG Room,19,726,380
23,1,Mitte,WG Room,14,648,380
24,1,Mitte,WG Room,17,764,380
25,1,Mitte,WG Room,20,673,380
26,1,Mitte,WG Room,20,735,380
27,1,Mitte,WG Room,17,744,380
28,1,Mitte,WG Room,23,830,380
29,1,Mitte,WG Room,16,690,380
30,1,Mitte,WG Room,20,796,380
31,1,Mitte,WG Room,17,708,380
32,1,Mitte,WG Room,15,638,380
33,1,Mitte,WG Room,22,837,380
34,1,Mitte,WG Room,19,785,380
35,1,Mitte,WG Room,20,723,380
36,1,Mitte,WG Room,20,821,380
37,1,Mitte,WG Room,19,810,380
38,1,Mitte,WG Room,12,693,380
39,1,Mitte,WG Room,19,727,380
40,1,Mitte,WG Room,19,651,380
41,1,Mitte,WG Room,18,744,380
42,1,Mitte,WG Room,24,777,380
43,1,Mitte,WG Room,16,681,380
44,1,Mitte,WG Room,22,791,380
45,1,Mitte,WG Room,17,739,380
46,1,Mitte,WG Room,19,784,380
47,1,Mitte,WG Room,17,701,380
48,1,Mitte,WG Room,18,662,380
49,1,Mitte,WG Room,20,764,380
50,1,Mitte,WG Room,19,729,380
51,1,Mitte,WG Room,14,661,380
52,1,Mitte,WG Room,18,692,380
53,1,Mitte,WG Room,18,746,380
54,1,Mitte,WG Room,26,832,380
55,1,Mitte,WG Room,20,749,380
56,1,Mitte,WG Room,12,655,380
57,1,Mitte,WG Room,19,851,380
58,1,Mitte,WG Room,18,742,380
59,1,Mitte,WG Room,19,687,380
60,1,Mitte,WG Room,23,822,380
61,1,Mitte,WG Room,22,735,380
62,1,Mitte,WG Room,24,737,380
63,1,Mitte,WG Room,21,863,380
64,1,Mitte,WG Room,16,679,380
65,1,Mitte,WG Room,19,717,380
66,1,Mitte,WG Room,14,683,380
67,1,Mitte,WG Room,15,713,380
68,1,Mitte,WG Room,16,774,380
69,1,Mitte,WG Room,16,690,380
70,1,Mitte,WG Room,22,721,380
71,1,Mitte,WG Room,20,811,380
72,1,Mitte,WG Room,13,676,380
73,1,Mitte,WG Room,20,787,380
74,1,Mitte,WG Room,15,633,380
75,1,Mitte,WG Room,21,777,380
76,1,Mitte,WG Room,20,768,380
77,1,Mitte,WG Room,17,726,380
78,1,Mitte,WG Room,20,720,380
79,1,Mitte,WG Room,26,845,380
80,1,Mitte,WG Room,15,722,380
81,1,Mitte,WG Room,16,739,380
82,1,Mitte,WG Room,23,751,380
83,1,Mitte,WG Room,22,795,380
84,1,Mitte,WG Room,22,861,380
85,1,Mitte,WG Room,18,694,380
86,1,Mitte,WG Room,16,667,380
87,1,Mitte,WG Room,19,755,380
88,1,Mitte,WG Room,20,789,380
89,1,Mitte,WG Room,19,805,380
90,1,Mitte,WG Room,18,850,380
91,1,Mitte,WG Room,21,725,380
92,1,Mitte,WG Room,15,714,380
93,1,Mitte,WG Room,18,760,380
94,1,Mitte,WG Room,21,761,380
95,1,Mitte,WG Room,16,636,380
96,1,Mitte,WG Room,17,755,380
97,1,Mitte,WG Room,20,696,380
98,1,Mitte,WG Room,20,769,380
99,1,Mitte,WG Room,16,711,380
100,1,Mitte,WG Room,19,689,380
101,1,Mitte,WG Room,20,777,380
102,1,Mitte,WG Room,23,835,380
103,1,Mitte,WG Room,14,638,380
104,1,Mitte,WG Room,21,787,380
105,1,Mitte,WG Room,21,937,380
106,1,Mitte,WG Room,21,815,380
107,1,Mitte,WG Room,22,805,380
108,1,Mitte,WG Room,18,762,380
109,1,Mitte,WG Room,16,693,380
110,1,Mitte,WG Room,17,720,380
111,1,Mitte,WG Room,27,752,380
112,1,Mitte,WG Room,21,691,380
113,1,Mitte,WG Room,17,765,380
114,1,Mitte,WG Room,19,692,380
115,1,Mitte,WG Room,16,735,380
116,1,Mitte,WG Room,16,714,380
117,1,Mitte,WG Room,19,711,380
118,1,Mitte,WG Room,27,865,380
119,1,Mitte,WG Room,12,664,380
120,1,Mitte,WG Room,17,754,380
121,1,Mitte,WG Room,16,699,380
122,1,Mitte,WG Room,21,803,380
123,1,Mitte,WG Room,15,677,380
124,1,Mitte,WG Room,17,687,380
125,1,Mitte,WG Room,25,830,380
126,1,Mitte,WG Room,15,733,380
127,1,Mitte,WG Room,26,870,380
128,1,Mitte,WG Room,14,658,380
129,1,Mitte,WG Room,23,756,380
130,1,Mitte,WG Room,21,799,380
131,1,Mitte,WG Room,16,701,380
132,1,Mitte,WG Room,12,610,380
133,1,Mitte,WG Room,18,672,380
134,1,Mitte,WG Room,25,748,380
135,1,Mitte,WG Room,17,722,380
136,1,Mitte,WG Room,24,735,380
137,1,Mitte,WG Room,23,788,380
138,1,Mitte,WG Room,16,725,380
139,1,Mitte,WG Room,20,725,380
140,1,Mitte,WG Room,19,723,380
141,1,Mitte,WG Room,19,770,380
142,1,Mitte,WG Room,25,756,380
143,1,Mitte,WG Room,26,736,380
144,1,Mitte,WG Room,18,754,380
145,1,Mitte,WG Room,20,724,380
146,1,Mitte,WG Room,18,706,380
147,1,Mitte,WG Room,17,754,380
148,1,Mitte,WG Room,20,721,380
149,1,Mitte,WG Room,22,790,380
150,1,Mitte,WG Room,22,804,380
151,1,Mitte,WG Room,16,679,380
152,1,Mitte,WG Room,22,803,380
153,1,Mitte,WG Room,19,745,380
154,1,Mitte,WG Room,23,761,380
155,1,Mitte,WG Room,21,755,380
156,1,Mitte,WG Room,18,777,380
157,1,Mitte,WG Room,22,813,380
158,1,Mitte,WG Room,24,801,380
159,1,Mitte,WG Room,21,750,380
160,1,Mitte,WG Room,20,746,380
161,1,Mitte,WG Room,19,767,380
162,1,Mitte,WG Room,16,798,380
163,1,Mitte,WG Room,15,637,380
164,1,Mitte,WG Room,23,824,380
165,1,Mitte,WG Room,21,792,380
166,1,Mitte,WG Room,19,700,380
167,1,Mitte,WG Room,19,710,380
168,1,Mitte,WG Room,22,769,380
169,1,Mitte,WG Room,16,690,380
170,1,Mitte,WG Room,20,727,380
171,1,Mitte,WG Room,16,715,380
172,1,Mitte,WG Room,20,729,380
173,1,Mitte,WG Room,17,726,380
174,1,Mitte,WG Room,14,617,380
175,1,Mitte,WG Room,16,694,380
176,1,Mitte,WG Room,20,818,380
177,1,Mitte,WG Room,22,769,380
178,1,Mitte,WG Room,19,695,380
179,1,Mitte,WG Room,19,727,380
180,1,Mitte,WG Room,20,715,380
181,1,Mitte,WG Room,21,833,380
182,1,Mitte,WG Room,19,758,380
183,1,Mitte,WG Room,21,746,380
184,1,Mitte,WG Room,20,753,380
185,1,Mitte,WG Room,19,705,380
186,1,Mitte,WG Room,19,762,380
187,1,Mitte,WG Room,24,843,380
188,1,Mitte,WG Room,27,801,380
189,1,Mitte,WG Room,22,784,380
190,1,Mitte,WG Room,27,800,380
191,1,Mitte,WG Room,16,677,380
192,1,Mitte,WG Room,12,632,380
193,1,Mitte,WG Room,16,711,380
194,1,Mitte,WG Room,20,836,380
195,1,Mitte,WG Room,22,750,380
196,1,Mitte,WG Room,16,726,380
197,1,Mitte,WG Room,14,762,380
198,1,Mitte,WG Room,23,767,380
199,1,Mitte,WG Room,13,729,380
200,1,Mitte,WG Room,19,796,380
201,1,Mitte,WG Room,13,641,380
202,1,Mitte,WG Room,19,742,380
203,1,Mitte,WG Room,17,744,380
204,1,Mitte,WG Room,15,686,380
205,1,Mitte,WG Room,19,763,380
206,1,Mitte,WG Room,21,713,380
207,1,Mitte,WG Room,14,737,380
208,1,Mitte,WG Room,20,718,380
209,1,Mitte,WG Room,24,805,380
210,1,Mitte,WG Room,23,791,380
211,1,Mitte,WG Room,26,903,380
212,1,Mitte,WG Room,18,772,380
213,1,Mitte,WG Room,21,826,380
214,1,Mitte,WG Room,16,735,380
215,1,Mitte,WG Room,23,709,380
216,1,Mitte,WG Room,15,600,380
217,1,Mitte,WG Room,18,760,380
218,1,Mitte,WG Room,24,803,380
219,1,Mitte,WG Room,25,750,380
220,1,Mitte,WG Room,13,666,380
221,1,Mitte,WG Room,20,751,380
222,1,Mitte,WG Room,12,652,380
223,1,Mitte,WG Room,14,710,380
224,1,Mitte,WG Room,20,710,380
225,1,Mitte,WG Room,17,668,380
226,1,Mitte,WG Room,19,783,380
227,1,Mitte,WG Room,16,727,380
228,1,Mitte,WG Room,17,680,380
229,1,Mitte,WG Room,19,693,380
230,1,Mitte,WG Room,17,662,380
231,1,Mitte,WG Room,26,826,380
232,1,Mitte,WG Room,17,726,380
233,1,Mitte,WG Room,19,730,380
234,1,Mitte,WG Room,21,798,380
235,1,Mitte,WG Room,17,690,380
236,1,Mitte,WG Room,18,624,380
237,1,Mitte,WG Room,14,742,380
238,1,Mitte,WG Room,25,801,380
239,1,Mitte,WG Room,21,778,380
240,1,Mitte,WG Room,28,898,380
241,1,Mitte,WG Room,19,697,380
242,1,Mitte,WG Room,13,677,380
243,1,Mitte,WG Room,16,640,380
244,1,Mitte,WG Room,17,667,380
245,1,Mitte,WG Room,25,852,380
246,1,Mitte,WG Room,19,807,380
247,1,Mitte,WG Room,19,701,380
248,1,Mitte,WG Room,24,824,380
249,1,Mitte,WG Room,15,683,380
250,1,Mitte,WG Room,16,642,380
251,1,Mitte,WG Room,22,862,380
252,1,Mitte,WG Room,14,705,380
253,1,Mitte,WG Room,17,694,380
254,1,Mitte,WG Room,17,677,380
255,1,Mitte,WG Room,19,703,380
256,1,Mitte,WG Room,20,750,380
257,1,Mitte,WG Room,18,687,380
258,1,Mitte,WG Room,17,750,380
259,1,Mitte,WG Room,21,720,380
260,1,Mitte,WG Room,19,774,380
261,1,Mitte,WG Room,13,692,380
262,1,Mitte,WG Room,17,742,380
263,1,Mitte,WG Room,16,623,380
264,1,Mitte,WG Room,13,670,380
265,1,Mitte,WG Room,20,711,380
266,1,Mitte,WG Room,21,689,380
267,1,Mitte,WG Room,19,686,380
268,1,Mitte,WG Room,17,718,380
269,1,Mitte,WG Room,16,687,380
270,1,Mitte,WG Room,23,762,380
271,1,Mitte,WG Room,22,725,380
272,1,Mitte,WG Room,21,829,380
273,1,Mitte,WG Room,12,620,380
274,1,Mitte,WG Room,21,755,380
275,1,Mitte,WG Room,20,725,380
276,1,Mitte,WG Room,19,733,380
277,1,Mitte,WG Room,23,799,380
278,1,Mitte,WG Room,20,733,380
279,1,Mitte,WG Room,17,697,380
280,1,Mitte,WG Room,20,733,380
281,1,Mitte,WG Room,20,845,380
282,1,Mitte,WG Room,22,761,380
283,1,Mitte,WG Room,23,770,380
284,1,Mitte,WG Room,12,611,380
285,1,Mitte,WG Room,12,640,380
286,1,Mitte,WG Room,19,815,380
287,1,Mitte,WG Room,20,742,380
288,1,Mitte,WG Room,22,676,380
289,1,Mitte,WG Room,20,787,380
290,1,Mitte,WG Room,14,731,380
291,1,Mitte,WG Room,20,733,380
292,1,Mitte,WG Room,21,866,380
293,1,Mitte,WG Room,20,763,380
294,1,Mitte,WG Room,17,678,380
295,1,Mitte,WG Room,22,737,380
296,1,Mitte,WG Room,19,719,380
297,1,Mitte,WG Room,21,779,380
298,1,Mitte,WG Room,23,765,380
299,1,Mitte,WG Room,18,684,380
300,1,Mitte,WG Room,17,733,380
301,1,Mitte,WG Room,22,735,380
302,1,Mitte,WG Room,22,837,380
303,1,Mitte,WG Room,20,836,380
304,1,Mitte,WG Room,16,648,380
305,1,Mitte,WG Room,13,735,380
306,1,Mitte,WG Room,21,761,380
307,1,Mitte,WG Room,20,701,380
308,1,Mitte,WG Room,28,854,380
309,1,Mitte,WG Room,19,773,380
310,1,Mitte,WG Room,21,774,380
311,1,Mitte,WG Room,16,725,380
312,1,Mitte,WG Room,26,885,380
313,1,Mitte,WG Room,25,789,380
314,1,Mitte,WG Room,16,698,380
315,1,Mitte,WG Room,19,789,380
316,1,Mitte,WG Room,13,737,380
317,1,Mitte,WG Room,18,709,380
318,1,Mitte,WG Room,15,618,380
319,1,Mitte,WG Room,22,779,380
320,1,Mitte,WG Room,14,622,380
321,1,Mitte,WG Room,18,803,380
322,1,Mitte,WG Room,18,660,380
323,1,Mitte,WG Room,18,716,380
324,1,Mitte,WG Room,12,654,380
325,1,Mitte,WG Room,18,759,380
326,1,Mitte,WG Room,25,863,380
327,1,Mitte,WG Room,18,678,380
328,1,Mitte,WG Room,28,851,380
329,1,Mitte,WG Room,19,739,380
330,1,Mitte,WG Room,20,746,380
331,1,Mitte,WG Room,17,691,380
332,1,Mitte,WG Room,19,716,380
333,1,Mitte,WG Room,17,721,380
334,1,Mitte,WG Room,18,796,380
335,1,Mitte,WG Room,12,705,380
336,1,Mitte,WG Room,23,695,380
337,1,Mitte,WG Room,18,711,380
338,1,Mitte,WG Room,14,645,380
339,1,Mitte,WG Room,15,771,380
340,1,Mitte,WG Room,22,833,380
341,1,Mitte,WG Room,22,725,380
342,1,Mitte,WG Room,17,738,380
343,1,Mitte,WG Room,15,724,380
344,1,Mitte,WG Room,18,711,380
345,1,Mitte,WG Room,21,784,380
346,1,Mitte,WG Room,18,780,380
347,1,Mitte,WG Room,15,720,380
348,1,Mitte,WG Room,21,750,380
349,1,Mitte,WG Room,20,696,380
350,1,Mitte,WG Room,22,768,380
351,1,Mitte,WG Room,17,763,380
352,1,Mitte,WG Room,17,653,380
353,1,Mitte,WG Room,14,707,380
354,1,Mitte,WG Room,15,771,380
355,1,Mitte,WG Room,12,732,380
356,1,Mitte,WG Room,20,748,380
357,1,Mitte,WG Room,17,734,380
358,1,Mitte,WG Room,19,790,380
359,1,Mitte,WG Room,19,747,380
360,1,Mitte,WG Room,18,725,380
361,1,Mitte,WG Room,20,675,380
362,1,Mitte,WG Room,14,713,380
363,1,Mitte,WG Room,20,744,380
364,1,Mitte,WG Room,19,756,380
365,1,Mitte,WG Room,17,681,380
366,1,Mitte,WG Room,20,708,380
367,1,Mitte,WG Room,20,675,380
368,1,Mitte,WG Room,23,809,380
369,1,Mitte,WG Room,20,796,380
370,1,Mitte,WG Room,25,858,380
371,1,Mitte,WG Room,13,610,380
372,1,Mitte,WG Room,17,717,380
373,1,Mitte,WG Room,21,731,380
374,1,Mitte,WG Room,20,718,380
375,1,Mitte,WG Room,17,653,380
376,1,Mitte,WG Room,16,643,380
377,1,Mitte,WG Room,16,751,380
378,1,Mitte,WG Room,16,822,380
379,1,Mitte,WG Room,21,772,380
380,1,Mitte,WG Room,16,736,380
381,2,Friedrichshain,WG Room,17,691,440
382,2,Friedrichshain,WG Room,28,814,440
383,2,Friedrichshain,WG Room,23,726,440
384,2,Friedrichshain,WG Room,19,790,440
385,2,Friedrichshain,WG Room,17,768,440
386,2,Friedrichshain,WG Room,21,709,440
387,2,Friedrichshain,WG Room,21,778,440
388,2,Friedrichshain,WG Room,21,663,440
389,2,Friedrichshain,WG Room,16,663,440
390,2,Friedrichshain,WG Room,19,738,440
391,2,Friedrichshain,WG Room,20,662,440
392,2,Friedrichshain,WG Room,20,749,440
393,2,Friedrichshain,WG Room,21,783,440
394,2,Friedrichshain,WG Room,22,767,440
395,2,Friedrichshain,WG Room,19,635,440
396,2,Friedrichshain,WG Room,21,743,440
397,2,Friedrichshain,WG Room,20,665,440
398,2,Friedrichshain,WG Room,15,709,440
399,2,Friedrichshain,WG Room,19,741,440
400,2,Friedrichshain,WG Room,19,711,440
401,2,Friedrichshain,WG Room,22,723,440
402,2,Friedrichshain,WG Room,19,689,440
403,2,Friedrichshain,WG Room,17,672,440
404,2,Friedrichshain,WG Room,20,700,440
405,2,Friedrichshain,WG Room,23,718,440
406,2,Friedrichshain,WG Room,18,678,440
407,2,Friedrichshain,WG Room,24,779,440
408,2,Friedrichshain,WG Room,23,691,440
409,2,Friedrichshain,WG Room,20,762,440
410,2,Friedrichshain,WG Room,19,758,440
411,2,Friedrichshain,WG Room,17,749,440
412,2,Friedrichshain,WG Room,27,790,440
413,2,Friedrichshain,WG Room,17,751,440
414,2,Friedrichshain,WG Room,25,758,440
415,2,Friedrichshain,WG Room,18,685,440
416,2,Friedrichshain,WG Room,14,609,440
417,2,Friedrichshain,WG Room,15,627,440
418,2,Friedrichshain,WG Room,19,721,440
419,2,Friedrichshain,WG Room,24,725,440
420,2,Friedrichshain,WG Room,22,736,440
421,2,Friedrichshain,WG Room,19,740,440
422,2,Friedrichshain,WG Room,15,679,440
423,2,Friedrichshain,WG Room,20,744,440
424,2,Friedrichshain,WG Room,20,832,440
425,2,Friedrichshain,WG Room,17,662,440
426,2,Friedrichshain,WG Room,17,661,440
427,2,Friedrichshain,WG Room,17,740,440
428,2,Friedrichshain,WG Room,24,744,440
429,2,Friedrichshain,WG Room,16,695,440
430,2,Friedrichshain,WG Room,17,714,440
431,2,Friedrichshain,WG Room,20,654,440
432,2,Friedrichshain,WG Room,24,851,440
433,2,Friedrichshain,WG Room,17,669,440
434,2,Friedrichshain,WG Room,20,737,440
435,2,Friedrichshain,WG Room,21,824,440
436,2,Friedrichshain,WG Room,18,662,440
437,2,Friedrichshain,WG Room,14,617,440
438,2,Friedrichshain,WG Room,19,791,440
439,2,Friedrichshain,WG Room,17,696,440
440,2,Friedrichshain,WG Room,19,763,440
441,2,Friedrichshain,WG Room,28,794,440
442,2,Friedrichshain,WG Room,17,733,440
443,2,Friedrichshain,WG Room,21,817,440
444,2,Friedrichshain,WG Room,21,718,440
445,2,Friedrichshain,WG Room,21,784,440
446,2,Friedrichshain,WG Room,22,769,440
447,2,Friedrichshain,WG Room,23,811,440
448,2,Friedrichshain,WG Room,24,799,440
449,2,Friedrichshain,WG Room,18,705,440
450,2,Friedrichshain,WG Room,23,721,440
451,2,Friedrichshain,WG Room,20,704,440
452,2,Friedrichshain,WG Room,19,768,440
453,2,Friedrichshain,WG Room,20,724,440
454,2,Friedrichshain,WG Room,14,684,440
455,2,Friedrichshain,WG Room,21,831,440
456,2,Friedrichshain,WG Room,18,708,440
457,2,Friedrichshain,WG Room,20,793,440
458,2,Friedrichshain,WG Room,19,723,440
459,2,Friedrichshain,WG Room,21,742,440
460,2,Friedrichshain,WG Room,17,695,440
461,2,Friedrichshain,WG Room,23,712,440
462,2,Friedrichshain,WG Room,19,678,440
463,2,Friedrichshain,WG Room,23,689,440
464,2,Friedrichshain,WG Room,17,703,440
465,2,Friedrichshain,WG Room,24,767,440
466,2,Friedrichshain,WG Room,17,771,440
467,2,Friedrichshain,WG Room,14,551,440
468,2,Friedrichshain,WG Room,21,711,440
469,2,Friedrichshain,WG Room,15,694,440
470,2,Friedrichshain,WG Room,20,697,440
471,2,Friedrichshain,WG Room,15,701,440
472,2,Friedrichshain,WG Room,21,730,440
473,2,Friedrichshain,WG Room,25,734,440
474,2,Friedrichshain,WG Room,14,619,440
475,2,Friedrichshain,WG Room,19,721,440
476,2,Friedrichshain,WG Room,18,714,440
477,2,Friedrichshain,WG Room,15,727,440
478,2,Friedrichshain,WG Room,19,760,440
479,2,Friedrichshain,WG Room,20,743,440
480,2,Friedrichshain,WG Room,21,754,440
481,2,Friedrichshain,WG Room,21,794,440
482,2,Friedrichshain,WG Room,20,754,440
483,2,Friedrichshain,WG Room,19,775,440
484,2,Friedrichshain,WG Room,17,767,440
485,2,Friedrichshain,WG Room,19,646,440
486,2,Friedrichshain,WG Room,19,679,440
487,2,Friedrichshain,WG Room,22,717,440
488,2,Friedrichshain,WG Room,17,601,440
489,2,Friedrichshain,WG Room,17,577,440
490,2,Friedrichshain,WG Room,13,672,440
491,2,Friedrichshain,WG Room,22,765,440
492,2,Friedrichshain,WG Room,16,672,440
493,2,Friedrichshain,WG Room,19,658,440
494,2,Friedrichshain,WG Room,24,809,440
495,2,Friedrichshain,WG Room,18,699,440
496,2,Friedrichshain,WG Room,20,630,440
497,2,Friedrichshain,WG Room,18,667,440
498,2,Friedrichshain,WG Room,15,649,440
499,2,Friedrichshain,WG Room,25,811,440
500,2,Friedrichshain,WG Room,17,712,440
501,2,Friedrichshain,WG Room,24,812,440
502,2,Friedrichshain,WG Room,19,681,440
503,2,Friedrichshain,WG Room,21,752,440
504,2,Friedrichshain,WG Room,22,775,440
505,2,Friedrichshain,WG Room,23,734,440
506,2,Friedrichshain,WG Room,24,779,440
507,2,Friedrichshain,WG Room,26,763,440
508,2,Friedrichshain,WG Room,25,791,440
509,2,Friedrichshain,WG Room,17,664,440
510,2,Friedrichshain,WG Room,18,717,440
511,2,Friedrichshain,WG Room,21,708,440
512,2,Friedrichshain,WG Room,19,806,440
513,2,Friedrichshain,WG Room,25,802,440
514,2,Friedrichshain,WG Room,19,715,440
515,2,Friedrichshain,WG Room,21,688,440
516,2,Friedrichshain,WG Room,18,623,440
517,2,Friedrichshain,WG Room,20,751,440
518,2,Friedrichshain,WG Room,17,757,440
519,2,Friedrichshain,WG Room,15,596,440
520,2,Friedrichshain,WG Room,20,769,440
521,2,Friedrichshain,WG Room,25,761,440
522,2,Friedrichshain,WG Room,23,756,440
523,2,Friedrichshain,WG Room,18,738,440
524,2,Friedrichshain,WG Room,21,663,440
525,2,Friedrichshain,WG Room,24,832,440
526,2,Friedrichshain,WG Room,17,704,440
527,2,Friedrichshain,WG Room,21,746,440
528,2,Friedrichshain,WG Room,17,656,440
529,2,Friedrichshain,WG Room,19,763,440
530,2,Friedrichshain,WG Room,21,717,440
531,2,Friedrichshain,WG Room,22,618,440
532,2,Friedrichshain,WG Room,23,680,440
533,2,Friedrichshain,WG Room,18,648,440
534,2,Friedrichshain,WG Room,14,702,440
535,2,Friedrichshain,WG Room,17,702,440
536,2,Friedrichshain,WG Room,19,731,440
537,2,Friedrichshain,WG Room,19,652,440
538,2,Friedrichshain,WG Room,22,724,440
539,2,Friedrichshain,WG Room,14,631,440
540,2,Friedrichshain,WG Room,24,808,440
541,2,Friedrichshain,WG Room,18,682,440
542,2,Friedrichshain,WG Room,18,791,440
543,2,Friedrichshain,WG Room,20,741,440
544,2,Friedrichshain,WG Room,23,769,440
545,2,Friedrichshain,WG Room,18,689,440
546,2,Friedrichshain,WG Room,19,708,440
547,2,Friedrichshain,WG Room,22,748,440
548,2,Friedrichshain,WG Room,22,742,440
549,2,Friedrichshain,WG Room,19,620,440
550,2,Friedrichshain,WG Room,22,762,440
551,2,Friedrichshain,WG Room,22,616,440
552,2,Friedrichshain,WG Room,26,788,440
553,2,Friedrichshain,WG Room,23,711,440
554,2,Friedrichshain,WG Room,21,687,440
555,2,Friedrichshain,WG Room,17,772,440
556,2,Friedrichshain,WG Room,18,708,440
557,2,Friedrichshain,WG Room,22,768,440
558,2,Friedrichshain,WG Room,20,738,440
559,2,Friedrichshain,WG Room,27,803,440
560,2,Friedrichshain,WG Room,20,769,440
561,2,Friedrichshain,WG Room,23,811,440
562,2,Friedrichshain,WG Room,21,683,440
563,2,Friedrichshain,WG Room,25,730,440
564,2,Friedrichshain,WG Room,20,688,440
565,2,Friedrichshain,WG Room,19,725,440
566,2,Friedrichshain,WG Room,20,741,440
567,2,Friedrichshain,WG Room,25,802,440
568,2,Friedrichshain,WG Room,18,741,440
569,2,Friedrichshain,WG Room,23,703,440
570,2,Friedrichshain,WG Room,21,766,440
571,2,Friedrichshain,WG Room,18,760,440
572,2,Friedrichshain,WG Room,18,704,440
573,2,Friedrichshain,WG Room,18,699,440
574,2,Friedrichshain,WG Room,15,597,440
575,2,Friedrichshain,WG Room,25,744,440
576,2,Friedrichshain,WG Room,16,577,440
577,2,Friedrichshain,WG Room,17,626,440
578,2,Friedrichshain,WG Room,25,827,440
579,2,Friedrichshain,WG Room,17,787,440
580,2,Friedrichshain,WG Room,22,731,440
581,2,Friedrichshain,WG Room,12,729,440
582,2,Friedrichshain,WG Room,14,576,440
583,2,Friedrichshain,WG Room,23,868,440
584,2,Friedrichshain,WG Room,24,795,440
585,2,Friedrichshain,WG Room,21,772,440
586,2,Friedrichshain,WG Room,22,759,440
587,2,Friedrichshain,WG Room,19,707,440
588,2,Friedrichshain,WG Room,16,661,440
589,2,Friedrichshain,WG Room,13,634,440
590,2,Friedrichshain,WG Room,16,624,440
591,2,Friedrichshain,WG Room,20,785,440
592,2,Friedrichshain,WG Room,22,675,440
593,2,Friedrichshain,WG Room,16,716,440
594,2,Friedrichshain,WG Room,16,664,440
595,2,Friedrichshain,WG Room,21,690,440
596,2,Friedrichshain,WG Room,19,650,440
597,2,Friedrichshain,WG Room,17,700,440
598,2,Friedrichshain,WG Room,13,658,440
599,2,Friedrichshain,WG Room,19,735,440
600,2,Friedrichshain,WG Room,20,783,440
601,2,Friedrichshain,WG Room,19,691,440
602,2,Friedrichshain,WG Room,19,734,440
603,2,Friedrichshain,WG Room,19,712,440
604,2,Friedrichshain,WG Room,17,656,440
605,2,Friedrichshain,WG Room,14,729,440
606,2,Friedrichshain,WG Room,15,631,440
607,2,Friedrichshain,WG Room,16,714,440
608,2,Friedrichshain,WG Room,18,754,440
609,2,Friedrichshain,WG Room,17,699,440
610,2,Friedrichshain,WG Room,16,771,440
611,2,Friedrichshain,WG Room,15,676,440
612,2,Friedrichshain,WG Room,21,753,440
613,2,Friedrichshain,WG Room,18,692,440
614,2,Friedrichshain,WG Room,19,703,440
615,2,Friedrichshain,WG Room,22,845,440
616,2,Friedrichshain,WG Room,17,624,440
617,2,Friedrichshain,WG Room,19,826,440
618,2,Friedrichshain,WG Room,16,748,440
619,2,Friedrichshain,WG Room,25,757,440
620,2,Friedrichshain,WG Room,21,807,440
621,2,Friedrichshain,WG Room,18,689,440
622,2,Friedrichshain,WG Room,17,640,440
623,2,Friedrichshain,WG Room,17,631,440
624,2,Friedrichshain,WG Room,19,675,440
625,2,Friedrichshain,WG Room,20,652,440
626,2,Friedrichshain,WG Room,20,760,440
627,2,Friedrichshain,WG Room,12,643,440
628,2,Friedrichshain,WG Room,23,704,440
629,2,Friedrichshain,WG Room,25,801,440
630,2,Friedrichshain,WG Room,17,683,440
631,2,Friedrichshain,WG Room,21,737,440
632,2,Friedrichshain,WG Room,21,693,440
633,2,Friedrichshain,WG Room,20,658,440
634,2,Friedrichshain,WG Room,19,669,440
635,2,Friedrichshain,WG Room,16,730,440
636,2,Friedrichshain,WG Room,23,785,440
637,2,Friedrichshain,WG Room,15,648,440
638,2,Friedrichshain,WG Room,23,764,440
639,2,Friedrichshain,WG Room,27,824,440
640,2,Friedrichshain,WG Room,20,708,440
641,2,Friedrichshain,WG Room,19,703,440
642,2,Friedrichshain,WG Room,21,777,440
643,2,Friedrichshain,WG Room,16,614,440
644,2,Friedrichshain,WG Room,13,661,440
645,2,Friedrichshain,WG Room,15,565,440
646,2,Friedrichshain,WG Room,20,834,440
647,2,Friedrichshain,WG Room,19,748,440
648,2,Friedrichshain,WG Room,19,706,440
649,2,Friedrichshain,WG Room,22,733,440
650,2,Friedrichshain,WG Room,20,736,440
651,2,Friedrichshain,WG Room,17,731,440
652,2,Friedrichshain,WG Room,18,664,440
653,2,Friedrichshain,WG Room,21,694,440
654,2,Friedrichshain,WG Room,19,710,440
655,2,Friedrichshain,WG Room,23,779,440
656,2,Friedrichshain,WG Room,19,747,440
657,2,Friedrichshain,WG Room,24,795,440
658,2,Friedrichshain,WG Room,19,651,440
659,2,Friedrichshain,WG Room,15,648,440
660,2,Friedrichshain,WG Room,17,678,440
661,2,Friedrichshain,WG Room,19,734,440
662,2,Friedrichshain,WG Room,19,732,440
663,2,Friedrichshain,WG Room,19,621,440
664,2,Friedrichshain,WG Room,16,668,440
665,2,Friedrichshain,WG Room,15,689,440
666,2,Friedrichshain,WG Room,24,825,440
667,2,Friedrichshain,WG Room,18,765,440
668,2,Friedrichshain,WG Room,20,707,440
669,2,Friedrichshain,WG Room,17,672,440
670,2,Friedrichshain,WG Room,18,706,440
671,2,Friedrichshain,WG Room,20,722,440
672,2,Friedrichshain,WG Room,21,788,440
673,2,Friedrichshain,WG Room,22,679,440
674,2,Friedrichshain,WG Room,12,668,440
675,2,Friedrichshain,WG Room,14,640,440
676,2,Friedrichshain,WG Room,15,581,440
677,2,Friedrichshain,WG Room,21,768,440
678,2,Friedrichshain,WG Room,17,569,440
679,2,Friedrichshain,WG Room,17,704,440
680,2,Friedrichshain,WG Room,14,658,440
681,2,Friedrichshain,WG Room,19,736,440
682,2,Friedrichshain,WG Room,19,666,440
683,2,Friedrichshain,WG Room,23,751,440
684,2,Friedrichshain,WG Room,19,668,440
685,2,Friedrichshain,WG Room,17,646,440
686,2,Friedrichshain,WG Room,18,775,440
687,2,Friedrichshain,WG Room,14,577,440
688,2,Friedrichshain,WG Room,24,761,440
689,2,Friedrichshain,WG Room,17,733,440
690,2,Friedrichshain,WG Room,17,768,440
691,2,Friedrichshain,WG Room,21,712,440
692,2,Friedrichshain,WG Room,27,779,440
693,2,Friedrichshain,WG Room,22,759,440
694,2,Friedrichshain,WG Room,24,840,440
695,2,Friedrichshain,WG Room,19,676,440
696,2,Friedrichshain,WG Room,21,704,440
697,2,Friedrichshain,WG Room,26,800,440
698,2,Friedrichshain,WG Room,18,706,440
699,2,Friedrichshain,WG Room,14,606,440
700,2,Friedrichshain,WG Room,23,728,440
701,2,Friedrichshain,WG Room,15,686,440
702,2,Friedrichshain,WG Room,23,790,440
703,2,Friedrichshain,WG Room,22,712,440
704,2,Friedrichshain,WG Room,14,718,440
705,2,Friedrichshain,WG Room,18,687,440
706,2,Friedrichshain,WG Room,24,795,440
707,2,Friedrichshain,WG Room,21,831,440
708,2,Friedrichshain,WG Room,17,728,440
709,2,Friedrichshain,WG Room,19,722,440
710,2,Friedrichshain,WG Room,24,793,440
711,2,Friedrichshain,WG Room,21,782,440
712,2,Friedrichshain,WG Room,18,660,440
713,2,Friedrichshain,WG Room,15,574,440
714,2,Friedrichshain,WG Room,26,744,440
715,2,Friedrichshain,WG Room,18,686,440
716,2,Friedrichshain,WG Room,20,759,440
717,2,Friedrichshain,WG Room,22,720,440
718,2,Friedrichshain,WG Room,18,711,440
719,2,Friedrichshain,WG Room,18,770,440
720,2,Friedrichshain,WG Room,21,767,440
721,2,Friedrichshain,WG Room,21,787,440
722,2,Friedrichshain,WG Room,20,664,440
723,2,Friedrichshain,WG Room,20,693,440
724,2,Friedrichshain,WG Room,17,712,440
725,2,Friedrichshain,WG Room,23,759,440
726,2,Friedrichshain,WG Room,20,799,440
727,2,Friedrichshain,WG Room,20,839,440
728,2,Friedrichshain,WG Room,21,655,440
729,2,Friedrichshain,WG Room,22,763,440
730,2,Friedrichshain,WG Room,24,800,440
731,2,Friedrichshain,WG Room,19,655,440
732,2,Friedrichshain,WG Room,18,660,440
733,2,Friedrichshain,WG Room,17,712,440
734,2,Friedrichshain,WG Room,25,800,440
735,2,Friedrichshain,WG Room,15,682,440
736,2,Friedrichshain,WG Room,23,731,440
737,2,Friedrichshain,WG Room,19,711,440
738,2,Friedrichshain,WG Room,16,703,440
739,2,Friedrichshain,WG Room,19,729,440
740,2,Friedrichshain,WG Room,16,654,440
741,2,Friedrichshain,WG Room,22,729,440
742,2,Friedrichshain,WG Room,25,764,440
743,2,Friedrichshain,WG Room,20,764,440
744,2,Friedrichshain,WG Room,14,571,440
745,2,Friedrichshain,WG Room,14,707,440
746,2,Friedrichshain,WG Room,17,801,440
747,2,Friedrichshain,WG Room,17,694,440
748,2,Friedrichshain,WG Room,24,860,440
749,2,Friedrichshain,WG Room,26,848,440
750,2,Friedrichshain,WG Room,23,785,440
751,2,Friedrichshain,WG Room,22,721,440
752,2,Friedrichshain,WG Room,16,674,440
753,2,Friedrichshain,WG Room,18,678,440
754,2,Friedrichshain,WG Room,21,777,440
755,2,Friedrichshain,WG Room,19,776,440
756,2,Friedrichshain,WG Room,15,653,440
757,2,Friedrichshain,WG Room,16,590,440
758,2,Friedrichshain,WG Room,19,705,440
759,2,Friedrichshain,WG Room,24,798,440
760,2,Friedrichshain,WG Room,15,745,440
761,2,Friedrichshain,WG Room,23,784,440
762,2,Friedrichshain,WG Room,18,655,440
763,2,Friedrichshain,WG Room,18,747,440
764,2,Friedrichshain,WG Room,26,863,440
765,2,Friedrichshain,WG Room,17,636,440
766,2,Friedrichshain,WG Room,19,630,440
767,2,Friedrichshain,WG Room,20,715,440
768,2,Friedrichshain,WG Room,17,614,440
769,2,Friedrichshain,WG Room,21,710,440
770,2,Friedrichshain,WG Room,15,533,440
771,2,Friedrichshain,WG Room,19,790,440
772,2,Friedrichshain,WG Room,25,761,440
773,2,Friedrichshain,WG Room,17,707,440
774,2,Friedrichshain,WG Room,16,688,440
775,2,Friedrichshain,WG Room,22,801,440
776,2,Friedrichshain,WG Room,19,701,440
777,2,Friedrichshain,WG Room,16,637,440
778,2,Friedrichshain,WG Room,18,715,440
779,2,Friedrichshain,WG Room,22,710,440
780,2,Friedrichshain,WG Room,24,758,440
781,2,Friedrichshain,WG Room,19,676,440
782,2,Friedrichshain,WG Room,12,666,440
783,2,Friedrichshain,WG Room,22,733,440
784,2,Friedrichshain,WG Room,19,733,440
785,2,Friedrichshain,WG Room,14,626,440
786,2,Friedrichshain,WG Room,22,690,440
787,2,Friedrichshain,WG Room,20,661,440
788,2,Friedrichshain,WG Room,21,732,440
789,2,Friedrichshain,WG Room,13,690,440
790,2,Friedrichshain,WG Room,16,638,440
791,2,Friedrichshain,WG Room,20,774,440
792,2,Friedrichshain,WG Room,15,665,440
793,2,Friedrichshain,WG Room,21,765,440
794,2,Friedrichshain,WG Room,20,705,440
795,2,Friedrichshain,WG Room,16,678,440
796,2,Friedrichshain,WG Room,15,531,440
797,2,Friedrichshain,WG Room,21,775,440
798,2,Friedrichshain,WG Room,12,581,440
799,2,Friedrichshain,WG Room,21,827,440
800,2,Friedrichshain,WG Room,19,677,440
801,2,Friedrichshain,WG Room,18,760,440
802,2,Friedrichshain,WG Room,17,650,440
803,2,Friedrichshain,WG Room,17,643,440
804,2,Friedrichshain,WG Room,19,783,440
805,2,Friedrichshain,WG Room,20,711,440
806,2,Friedrichshain,WG Room,18,628,440
807,2,Friedrichshain,WG Room,22,742,440
808,2,Friedrichshain,WG Room,18,842,440
809,2,Friedrichshain,WG Room,20,688,440
810,2,Friedrichshain,WG Room,18,750,440
811,2,Friedrichshain,WG Room,19,645,440
812,2,Friedrichshain,WG Room,22,716,440
813,2,Friedrichshain,WG Room,26,843,440
814,2,Friedrichshain,WG Room,17,744,440
815,2,Friedrichshain,WG Room,19,748,440
816,2,Friedrichshain,WG Room,21,696,440
817,2,Friedrichshain,WG Room,17,732,440
818,2,Friedrichshain,WG Room,18,680,440
819,2,Friedrichshain,WG Room,16,693,440
820,2,Friedrichshain,WG Room,26,746,440
821,3,Kreuzberg,WG Room,19,784,470
822,3,Kreuzberg,WG Room,19,740,470
823,3,Kreuzberg,WG Room,15,691,470
824,3,Kreuzberg,WG Room,18,752,470
825,3,Kreuzberg,WG Room,23,885,470
826,3,Kreuzberg,WG Room,21,759,470
827,3,Kreuzberg,WG Room,20,716,470
828,3,Kreuzberg,WG Room,20,719,470
829,3,Kreuzberg,WG Room,20,791,470
830,3,Kreuzberg,WG Room,15,723,470
831,3,Kreuzberg,WG Room,24,775,470
832,3,Kreuzberg,WG Room,12,609,470
833,3,Kreuzberg,WG Room,24,779,470
834,3,Kreuzberg,WG Room,16,661,470
835,3,Kreuzberg,WG Room,22,781,470
836,3,Kreuzberg,WG Room,18,691,470
837,3,Kreuzberg,WG Room,18,666,470
838,3,Kreuzberg,WG Room,25,777,470
839,3,Kreuzberg,WG Room,23,836,470
840,3,Kreuzberg,WG Room,22,737,470
841,3,Kreuzberg,WG Room,20,731,470
842,3,Kreuzberg,WG Room,16,699,470
843,3,Kreuzberg,WG Room,15,725,470
844,3,Kreuzberg,WG Room,17,705,470
845,3,Kreuzberg,WG Room,20,720,470
846,3,Kreuzberg,WG Room,21,723,470
847,3,Kreuzberg,WG Room,22,695,470
848,3,Kreuzberg,WG Room,19,807,470
849,3,Kreuzberg,WG Room,15,642,470
850,3,Kreuzberg,WG Room,21,752,470
851,3,Kreuzberg,WG Room,20,754,470
852,3,Kreuzberg,WG Room,21,794,470
853,3,Kreuzberg,WG Room,20,721,470
854,3,Kreuzberg,WG Room,21,829,470
855,3,Kreuzberg,WG Room,19,676,470
856,3,Kreuzberg,WG Room,23,763,470
857,3,Kreuzberg,WG Room,12,674,470
858,3,Kreuzberg,WG Room,17,692,470
859,3,Kreuzberg,WG Room,20,741,470
860,3,Kreuzberg,WG Room,21,724,470
861,3,Kreuzberg,WG Room,21,732,470
862,3,Kreuzberg,WG Room,22,784,470
863,3,Kreuzberg,WG Room,16,733,470
864,3,Kreuzberg,WG Room,17,732,470
865,3,Kreuzberg,WG Room,20,815,470
866,3,Kreuzberg,WG Room,18,692,470
867,3,Kreuzberg,WG Room,19,706,470
868,3,Kreuzberg,WG Room,22,683,470
869,3,Kreuzberg,WG Room,15,624,470
870,3,Kreuzberg,WG Room,22,833,470
871,3,Kreuzberg,WG Room,19,712,470
872,3,Kreuzberg,WG Room,19,772,470
873,3,Kreuzberg,WG Room,16,695,470
874,3,Kreuzberg,WG Room,22,779,470
875,3,Kreuzberg,WG Room,20,777,470
876,3,Kreuzberg,WG Room,12,667,470
877,3,Kreuzberg,WG Room,17,614,470
878,3,Kreuzberg,WG Room,21,806,470
879,3,Kreuzberg,WG Room,19,763,470
880,3,Kreuzberg,WG Room,25,851,470
881,3,Kreuzberg,WG Room,25,825,470
882,3,Kreuzberg,WG Room,19,648,470
883,3,Kreuzberg,WG Room,18,670,470
884,3,Kreuzberg,WG Room,27,808,470
885,3,Kreuzberg,WG Room,19,745,470
886,3,Kreuzberg,WG Room,19,796,470
887,3,Kreuzberg,WG Room,17,705,470
888,3,Kreuzberg,WG Room,16,625,470
889,3,Kreuzberg,WG Room,17,694,470
890,3,Kreuzberg,WG Room,17,665,470
891,3,Kreuzberg,WG Room,14,656,470
892,3,Kreuzberg,WG Room,14,694,470
893,3,Kreuzberg,WG Room,19,654,470
894,3,Kreuzberg,WG Room,18,674,470
895,3,Kreuzberg,WG Room,20,792,470
896,3,Kreuzberg,WG Room,12,641,470
897,3,Kreuzberg,WG Room,18,738,470
898,3,Kreuzberg,WG Room,20,698,470
899,3,Kreuzberg,WG Room,18,672,470
900,3,Kreuzberg,WG Room,23,769,470
901,3,Kreuzberg,WG Room,26,801,470
902,3,Kreuzberg,WG Room,17,628,470
903,3,Kreuzberg,WG Room,13,577,470
904,3,Kreuzberg,WG Room,20,755,470
905,3,Kreuzberg,WG Room,13,688,470
906,3,Kreuzberg,WG Room,17,703,470
907,3,Kreuzberg,WG Room,25,832,470
908,3,Kreuzberg,WG Room,18,668,470
909,3,Kreuzberg,WG Room,12,604,470
910,3,Kreuzberg,WG Room,18,664,470
911,3,Kreuzberg,WG Room,19,723,470
912,3,Kreuzberg,WG Room,18,679,470
913,3,Kreuzberg,WG Room,20,752,470
914,3,Kreuzberg,WG Room,15,735,470
915,3,Kreuzberg,WG Room,19,721,470
916,3,Kreuzberg,WG Room,21,754,470
917,3,Kreuzberg,WG Room,22,769,470
918,3,Kreuzberg,WG Room,17,712,470
919,3,Kreuzberg,WG Room,15,677,470
920,3,Kreuzberg,WG Room,19,711,470
921,3,Kreuzberg,WG Room,19,635,470
922,3,Kreuzberg,WG Room,17,700,470
923,3,Kreuzberg,WG Room,20,686,470
924,3,Kreuzberg,WG Room,23,729,470
925,3,Kreuzberg,WG Room,22,775,470
926,3,Kreuzberg,WG Room,17,776,470
927,3,Kreuzberg,WG Room,15,713,470
928,3,Kreuzberg,WG Room,23,738,470
929,3,Kreuzberg,WG Room,24,769,470
930,3,Kreuzberg,WG Room,20,744,470
931,3,Kreuzberg,WG Room,19,756,470
932,3,Kreuzberg,WG Room,22,677,470
933,3,Kreuzberg,WG Room,24,705,470
934,3,Kreuzberg,WG Room,23,819,470
935,3,Kreuzberg,WG Room,15,654,470
936,3,Kreuzberg,WG Room,15,662,470
937,3,Kreuzberg,WG Room,18,743,470
938,3,Kreuzberg,WG Room,24,843,470
939,3,Kreuzberg,WG Room,17,687,470
940,3,Kreuzberg,WG Room,13,612,470
941,3,Kreuzberg,WG Room,22,829,470
942,3,Kreuzberg,WG Room,15,645,470
943,3,Kreuzberg,WG Room,19,733,470
944,3,Kreuzberg,WG Room,16,703,470
945,3,Kreuzberg,WG Room,17,695,470
946,3,Kreuzberg,WG Room,21,744,470
947,3,Kreuzberg,WG Room,17,691,470
948,3,Kreuzberg,WG Room,19,703,470
949,3,Kreuzberg,WG Room,18,780,470
950,3,Kreuzberg,WG Room,21,731,470
951,3,Kreuzberg,WG Room,21,729,470
952,3,Kreuzberg,WG Room,23,785,470
953,3,Kreuzberg,WG Room,19,740,470
954,3,Kreuzberg,WG Room,14,609,470
955,3,Kreuzberg,WG Room,15,678,470
956,3,Kreuzberg,WG Room,25,892,470
957,3,Kreuzberg,WG Room,21,767,470
958,3,Kreuzberg,WG Room,13,624,470
959,3,Kreuzberg,WG Room,16,656,470
960,3,Kreuzberg,WG Room,18,687,470
961,3,Kreuzberg,WG Room,12,670,470
962,3,Kreuzberg,WG Room,15,683,470
963,3,Kreuzberg,WG Room,26,763,470
964,3,Kreuzberg,WG Room,12,623,470
965,3,Kreuzberg,WG Room,23,856,470
966,3,Kreuzberg,WG Room,15,694,470
967,3,Kreuzberg,WG Room,17,691,470
968,3,Kreuzberg,WG Room,28,760,470
969,3,Kreuzberg,WG Room,20,753,470
970,3,Kreuzberg,WG Room,23,772,470
971,3,Kreuzberg,WG Room,20,714,470
972,3,Kreuzberg,WG Room,20,717,470
973,3,Kreuzberg,WG Room,21,727,470
974,3,Kreuzberg,WG Room,20,731,470
975,3,Kreuzberg,WG Room,23,766,470
976,3,Kreuzberg,WG Room,13,705,470
977,3,Kreuzberg,WG Room,16,655,470
978,3,Kreuzberg,WG Room,17,758,470
979,3,Kreuzberg,WG Room,12,777,470
980,3,Kreuzberg,WG Room,23,778,470
981,3,Kreuzberg,WG Room,19,733,470
982,3,Kreuzberg,WG Room,21,773,470
983,3,Kreuzberg,WG Room,21,748,470
984,3,Kreuzberg,WG Room,18,701,470
985,3,Kreuzberg,WG Room,18,759,470
986,3,Kreuzberg,WG Room,21,612,470
987,3,Kreuzberg,WG Room,21,753,470
988,3,Kreuzberg,WG Room,19,703,470
989,3,Kreuzberg,WG Room,23,811,470
990,3,Kreuzberg,WG Room,16,702,470
991,3,Kreuzberg,WG Room,16,622,470
992,3,Kreuzberg,WG Room,17,735,470
993,3,Kreuzberg,WG Room,22,779,470
994,3,Kreuzberg,WG Room,22,779,470
995,3,Kreuzberg,WG Room,17,715,470
996,3,Kreuzberg,WG Room,22,790,470
997,3,Kreuzberg,WG Room,23,800,470
998,3,Kreuzberg,WG Room,20,780,470
999,3,Kreuzberg,WG Room,19,680,470
1000,3,Kreuzberg,WG Room,18,674,470
1001,3,Kreuzberg,WG Room,17,689,470
1002,3,Kreuzberg,WG Room,16,670,470
1003,3,Kreuzberg,WG Room,12,646,470
1004,3,Kreuzberg,WG Room,19,683,470
1005,3,Kreuzberg,WG Room,21,786,470
1006,3,Kreuzberg,WG Room,13,614,470
1007,3,Kreuzberg,WG Room,16,642,470
1008,3,Kreuzberg,WG Room,22,747,470
1009,3,Kreuzberg,WG Room,18,618,470
1010,3,Kreuzberg,WG Room,21,688,470
1011,3,Kreuzberg,WG Room,19,732,470
1012,3,Kreuzberg,WG Room,24,721,470
1013,3,Kreuzberg,WG Room,12,644,470
1014,3,Kreuzberg,WG Room,25,848,470
1015,3,Kreuzberg,WG Room,20,710,470
1016,3,Kreuzberg,WG Room,22,712,470
1017,3,Kreuzberg,WG Room,21,767,470
1018,3,Kreuzberg,WG Room,23,892,470
1019,3,Kreuzberg,WG Room,20,709,470
1020,3,Kreuzberg,WG Room,19,640,470
1021,3,Kreuzberg,WG Room,17,678,470
1022,3,Kreuzberg,WG Room,17,703,470
1023,3,Kreuzberg,WG Room,16,734,470
1024,3,Kreuzberg,WG Room,19,720,470
1025,3,Kreuzberg,WG Room,18,715,470
1026,3,Kreuzberg,WG Room,22,717,470
1027,3,Kreuzberg,WG Room,17,682,470
1028,3,Kreuzberg,WG Room,14,623,470
1029,3,Kreuzberg,WG Room,17,735,470
1030,3,Kreuzberg,WG Room,20,741,470
1031,3,Kreuzberg,WG Room,22,750,470
1032,3,Kreuzberg,WG Room,20,727,470
1033,3,Kreuzberg,WG Room,20,706,470
1034,3,Kreuzberg,WG Room,12,630,470
1035,3,Kreuzberg,WG Room,24,822,470
1036,3,Kreuzberg,WG Room,22,812,470
1037,3,Kreuzberg,WG Room,19,729,470
1038,3,Kreuzberg,WG Room,17,682,470
1039,3,Kreuzberg,WG Room,21,798,470
1040,3,Kreuzberg,WG Room,19,700,470
1041,3,Kreuzberg,WG Room,19,747,470
1042,3,Kreuzberg,WG Room,14,557,470
1043,3,Kreuzberg,WG Room,17,641,470
1044,3,Kreuzberg,WG Room,17,689,470
1045,3,Kreuzberg,WG Room,17,761,470
1046,3,Kreuzberg,WG Room,20,746,470
1047,3,Kreuzberg,WG Room,21,693,470
1048,3,Kreuzberg,WG Room,23,765,470
1049,3,Kreuzberg,WG Room,21,696,470
1050,3,Kreuzberg,WG Room,14,697,470
1051,3,Kreuzberg,WG Room,20,691,470
1052,3,Kreuzberg,WG Room,16,735,470
1053,3,Kreuzberg,WG Room,15,746,470
1054,3,Kreuzberg,WG Room,16,713,470
1055,3,Kreuzberg,WG Room,18,735,470
1056,3,Kreuzberg,WG Room,17,689,470
1057,3,Kreuzberg,WG Room,19,675,470
1058,3,Kreuzberg,WG Room,22,733,470
1059,3,Kreuzberg,WG Room,18,663,470
1060,3,Kreuzberg,WG Room,12,627,470
1061,3,Kreuzberg,WG Room,27,851,470
1062,3,Kreuzberg,WG Room,19,708,470
1063,3,Kreuzberg,WG Room,19,745,470
1064,3,Kreuzberg,WG Room,15,722,470
1065,3,Kreuzberg,WG Room,22,788,470
1066,3,Kreuzberg,WG Room,21,745,470
1067,3,Kreuzberg,WG Room,21,771,470
1068,3,Kreuzberg,WG Room,18,682,470
1069,3,Kreuzberg,WG Room,19,790,470
1070,3,Kreuzberg,WG Room,15,606,470
1071,3,Kreuzberg,WG Room,20,734,470
1072,3,Kreuzberg,WG Room,20,743,470
1073,3,Kreuzberg,WG Room,18,775,470
1074,3,Kreuzberg,WG Room,13,611,470
1075,3,Kreuzberg,WG Room,19,646,470
1076,3,Kreuzberg,WG Room,18,783,470
1077,3,Kreuzberg,WG Room,19,730,470
1078,3,Kreuzberg,WG Room,15,644,470
1079,3,Kreuzberg,WG Room,18,694,470
1080,3,Kreuzberg,WG Room,23,793,470
1081,3,Kreuzberg,WG Room,15,683,470
1082,3,Kreuzberg,WG Room,21,795,470
1083,3,Kreuzberg,WG Room,25,746,470
1084,3,Kreuzberg,WG Room,16,627,470
1085,3,Kreuzberg,WG Room,18,729,470
1086,3,Kreuzberg,WG Room,22,753,470
1087,3,Kreuzberg,WG Room,18,715,470
1088,3,Kreuzberg,WG Room,16,778,470
1089,3,Kreuzberg,WG Room,13,656,470
1090,3,Kreuzberg,WG Room,26,804,470
1091,3,Kreuzberg,WG Room,18,692,470
1092,3,Kreuzberg,WG Room,18,770,470
1093,3,Kreuzberg,WG Room,12,705,470
1094,3,Kreuzberg,WG Room,14,648,470
1095,3,Kreuzberg,WG Room,17,722,470
1096,3,Kreuzberg,WG Room,13,669,470
1097,3,Kreuzberg,WG Room,26,743,470
1098,3,Kreuzberg,WG Room,20,702,470
1099,3,Kreuzberg,WG Room,20,733,470
1100,3,Kreuzberg,WG Room,17,718,470
1101,3,Kreuzberg,WG Room,25,783,470
1102,3,Kreuzberg,WG Room,22,698,470
1103,3,Kreuzberg,WG Room,16,705,470
1104,3,Kreuzberg,WG Room,24,796,470
1105,3,Kreuzberg,WG Room,18,708,470
1106,3,Kreuzberg,WG Room,15,699,470
1107,3,Kreuzberg,WG Room,22,736,470
1108,3,Kreuzberg,WG Room,17,708,470
1109,3,Kreuzberg,WG Room,17,693,470
1110,3,Kreuzberg,WG Room,26,793,470
1111,3,Kreuzberg,WG Room,18,679,470
1112,3,Kreuzberg,WG Room,22,748,470
1113,3,Kreuzberg,WG Room,17,755,470
1114,3,Kreuzberg,WG Room,24,753,470
1115,3,Kreuzberg,WG Room,12,681,470
1116,3,Kreuzberg,WG Room,17,732,470
1117,3,Kreuzberg,WG Room,12,676,470
1118,3,Kreuzberg,WG Room,15,705,470
1119,3,Kreuzberg,WG Room,19,677,470
1120,3,Kreuzberg,WG Room,18,739,470
1121,3,Kreuzberg,WG Room,19,746,470
1122,3,Kreuzberg,WG Room,26,734,470
1123,3,Kreuzberg,WG Room,25,797,470
1124,3,Kreuzberg,WG Room,16,624,470
1125,3,Kreuzberg,WG Room,18,749,470
1126,3,Kreuzberg,WG Room,19,788,470
1127,3,Kreuzberg,WG Room,14,659,470
1128,3,Kreuzberg,WG Room,15,688,470
1129,3,Kreuzberg,WG Room,22,737,470
1130,3,Kreuzberg,WG Room,12,645,470
1131,3,Kreuzberg,WG Room,21,762,470
1132,3,Kreuzberg,WG Room,23,720,470
1133,3,Kreuzberg,WG Room,21,798,470
1134,3,Kreuzberg,WG Room,13,662,470
1135,3,Kreuzberg,WG Room,17,692,470
1136,3,Kreuzberg,WG Room,20,710,470
1137,3,Kreuzberg,WG Room,17,698,470
1138,3,Kreuzberg,WG Room,15,623,470
1139,3,Kreuzberg,WG Room,21,692,470
1140,3,Kreuzberg,WG Room,21,765,470
1141,3,Kreuzberg,WG Room,13,618,470
1142,3,Kreuzberg,WG Room,23,724,470
1143,3,Kreuzberg,WG Room,17,717,470
1144,3,Kreuzberg,WG Room,22,745,470
1145,3,Kreuzberg,WG Room,17,760,470
1146,3,Kreuzberg,WG Room,25,836,470
1147,3,Kreuzberg,WG Room,19,684,470
1148,3,Kreuzberg,WG Room,16,708,470
1149,3,Kreuzberg,WG Room,20,795,470
1150,3,Kreuzberg,WG Room,21,676,470
1151,3,Kreuzberg,WG Room,23,723,470
1152,3,Kreuzberg,WG Room,18,719,470
1153,3,Kreuzberg,WG Room,26,944,470
1154,3,Kreuzberg,WG Room,21,736,470
1155,3,Kreuzberg,WG Room,21,784,470
1156,3,Kreuzberg,WG Room,18,789,470
1157,3,Kreuzberg,WG Room,20,754,470
1158,3,Kreuzberg,WG Room,21,763,470
1159,3,Kreuzberg,WG Room,22,728,470
1160,3,Kreuzberg,WG Room,17,646,470
1161,3,Kreuzberg,WG Room,21,779,470
1162,3,Kreuzberg,WG Room,21,819,470
1163,3,Kreuzberg,WG Room,19,750,470
1164,3,Kreuzberg,WG Room,15,655,470
1165,3,Kreuzberg,WG Room,21,782,470
1166,3,Kreuzberg,WG Room,18,705,470
1167,3,Kreuzberg,WG Room,14,644,470
1168,3,Kreuzberg,WG Room,22,782,470
1169,3,Kreuzberg,WG Room,21,746,470
1170,3,Kreuzberg,WG Room,19,690,470
1171,3,Kreuzberg,WG Room,21,763,470
1172,3,Kreuzberg,WG Room,21,720,470
1173,3,Kreuzberg,WG Room,12,685,470
1174,3,Kreuzberg,WG Room,17,657,470
1175,3,Kreuzberg,WG Room,21,726,470
1176,3,Kreuzberg,WG Room,23,796,470
1177,3,Kreuzberg,WG Room,21,683,470
1178,3,Kreuzberg,WG Room,23,780,470
1179,3,Kreuzberg,WG Room,18,714,470
1180,3,Kreuzberg,WG Room,13,666,470
1181,3,Kreuzberg,WG Room,15,611,470
1182,3,Kreuzberg,WG Room,14,710,470
1183,3,Kreuzberg,WG Room,17,765,470
1184,3,Kreuzberg,WG Room,17,619,470
1185,3,Kreuzberg,WG Room,15,728,470
1186,3,Kreuzberg,WG Room,18,683,470
1187,3,Kreuzberg,WG Room,20,755,470
1188,3,Kreuzberg,WG Room,23,833,470
1189,3,Kreuzberg,WG Room,18,648,470
1190,3,Kreuzberg,WG Room,18,720,470
1191,3,Kreuzberg,WG Room,16,641,470
1192,3,Kreuzberg,WG Room,20,730,470
1193,3,Kreuzberg,WG Room,19,686,470
1194,3,Kreuzberg,WG Room,18,666,470
1195,3,Kreuzberg,WG Room,22,803,470
1196,3,Kreuzberg,WG Room,13,606,470
1197,3,Kreuzberg,WG Room,14,631,470
1198,3,Kreuzberg,WG Room,19,655,470
1199,3,Kreuzberg,WG Room,16,639,470
1200,3,Kreuzberg,WG Room,20,735,470
1201,3,Kreuzberg,WG Room,16,692,470
1202,3,Kreuzberg,WG Room,17,684,470
1203,3,Kreuzberg,WG Room,25,852,470
1204,3,Kreuzberg,WG Room,14,697,470
1205,3,Kreuzberg,WG Room,22,704,470
1206,3,Kreuzberg,WG Room,22,825,470
1207,3,Kreuzberg,WG Room,15,631,470
1208,3,Kreuzberg,WG Room,23,780,470
1209,3,Kreuzberg,WG Room,21,759,470
1210,3,Kreuzberg,WG Room,20,672,470
1211,3,Kreuzberg,WG Room,23,821,470
1212,3,Kreuzberg,WG Room,18,706,470
1213,3,Kreuzberg,WG Room,14,683,470
1214,3,Kreuzberg,WG Room,21,741,470
1215,3,Kreuzberg,WG Room,23,753,470
1216,3,Kreuzberg,WG Room,21,698,470
1217,3,Kreuzberg,WG Room,19,712,470
1218,3,Kreuzberg,WG Room,20,715,470
1219,3,Kreuzberg,WG Room,19,757,470
1220,3,Kreuzberg,WG Room,17,624,470
1221,3,Kreuzberg,WG Room,25,854,470
1222,3,Kreuzberg,WG Room,14,691,470
1223,3,Kreuzberg,WG Room,17,708,470
1224,3,Kreuzberg,WG Room,20,721,470
1225,3,Kreuzberg,WG Room,16,653,470
1226,3,Kreuzberg,WG Room,16,647,470
1227,3,Kreuzberg,WG Room,19,688,470
1228,3,Kreuzberg,WG Room,21,811,470
1229,3,Kreuzberg,WG Room,17,707,470
1230,3,Kreuzberg,WG Room,21,765,470
1231,3,Kreuzberg,WG Room,19,753,470
1232,3,Kreuzberg,WG Room,21,688,470
1233,3,Kreuzberg,WG Room,22,796,470
1234,3,Kreuzberg,WG Room,16,686,470
1235,3,Kreuzberg,WG Room,21,735,470
1236,3,Kreuzberg,WG Room,23,874,470
1237,3,Kreuzberg,WG Room,16,622,470
1238,3,Kreuzberg,WG Room,20,764,470
1239,3,Kreuzberg,WG Room,18,773,470
1240,3,Kreuzberg,WG Room,14,691,470
1241,3,Kreuzberg,WG Room,17,773,470
1242,3,Kreuzberg,WG Room,26,770,470
1243,3,Kreuzberg,WG Room,17,735,470
1244,3,Kreuzberg,WG Room,18,706,470
1245,3,Kreuzberg,WG Room,19,634,470
1246,3,Kreuzberg,WG Room,19,689,470
1247,3,Kreuzberg,WG Room,17,761,470
1248,3,Kreuzberg,WG Room,15,709,470
1249,3,Kreuzberg,WG Room,18,695,470
1250,3,Kreuzberg,WG Room,22,771,470
1251,3,Kreuzberg,WG Room,21,788,470
1252,3,Kreuzberg,WG Room,18,680,470
1253,3,Kreuzberg,WG Room,15,635,470
1254,3,Kreuzberg,WG Room,28,884,470
1255,3,Kreuzberg,WG Room,14,600,470
1256,3,Kreuzberg,WG Room,21,769,470
1257,3,Kreuzberg,WG Room,21,733,470
1258,3,Kreuzberg,WG Room,19,735,470
1259,3,Kreuzberg,WG Room,19,620,470
1260,3,Kreuzberg,WG Room,18,670,470
1261,3,Kreuzberg,WG Room,20,866,470
1262,3,Kreuzberg,WG Room,20,718,470
1263,3,Kreuzberg,WG Room,22,778,470
1264,3,Kreuzberg,WG Room,20,759,470
1265,3,Kreuzberg,WG Room,26,753,470
1266,3,Kreuzberg,WG Room,21,702,470
1267,3,Kreuzberg,WG Room,21,703,470
1268,3,Kreuzberg,WG Room,18,695,470
1269,3,Kreuzberg,WG Room,22,797,470
1270,3,Kreuzberg,WG Room,15,674,470
1271,3,Kreuzberg,WG Room,17,639,470
1272,3,Kreuzberg,WG Room,18,694,470
1273,3,Kreuzberg,WG Room,27,835,470
1274,3,Kreuzberg,WG Room,14,635,470
1275,3,Kreuzberg,WG Room,23,862,470
1276,3,Kreuzberg,WG Room,13,563,470
1277,3,Kreuzberg,WG Room,26,822,470
1278,3,Kreuzberg,WG Room,16,708,470
1279,3,Kreuzberg,WG Room,12,636,470
1280,3,Kreuzberg,WG Room,20,774,470
1281,3,Kreuzberg,WG Room,15,676,470
1282,3,Kreuzberg,WG Room,16,695,470
1283,3,Kreuzberg,WG Room,16,666,470
1284,3,Kreuzberg,WG Room,16,713,470
1285,3,Kreuzberg,WG Room,22,745,470
1286,3,Kreuzberg,WG Room,19,655,470
1287,3,Kreuzberg,WG Room,18,706,470
1288,3,Kreuzberg,WG Room,28,778,470
1289,3,Kreuzberg,WG Room,24,825,470
1290,3,Kreuzberg,WG Room,20,811,470
1291,4,Prenzlauer Berg,WG Room,20,720,310
1292,4,Prenzlauer Berg,WG Room,19,745,310
1293,4,Prenzlauer Berg,WG Room,23,710,310
1294,4,Prenzlauer Berg,WG Room,14,621,310
1295,4,Prenzlauer Berg,WG Room,16,651,310
1296,4,Prenzlauer Berg,WG Room,23,717,310
1297,4,Prenzlauer Berg,WG Room,19,693,310
1298,4,Prenzlauer Berg,WG Room,22,625,310
1299,4,Prenzlauer Berg,WG Room,17,676,310
1300,4,Prenzlauer Berg,WG Room,23,716,310
1301,4,Prenzlauer Berg,WG Room,12,634,310
1302,4,Prenzlauer Berg,WG Room,17,612,310
1303,4,Prenzlauer Berg,WG Room,17,658,310
1304,4,Prenzlauer Berg,WG Room,17,567,310
1305,4,Prenzlauer Berg,WG Room,22,783,310
1306,4,Prenzlauer Berg,WG Room,21,663,310
1307,4,Prenzlauer Berg,WG Room,18,678,310
1308,4,Prenzlauer Berg,WG Room,21,744,310
1309,4,Prenzlauer Berg,WG Room,16,658,310
1310,4,Prenzlauer Berg,WG Room,21,780,310
1311,4,Prenzlauer Berg,WG Room,21,750,310
1312,4,Prenzlauer Berg,WG Room,19,753,310
1313,4,Prenzlauer Berg,WG Room,20,663,310
1314,4,Prenzlauer Berg,WG Room,24,781,310
1315,4,Prenzlauer Berg,WG Room,17,644,310
1316,4,Prenzlauer Berg,WG Room,20,723,310
1317,4,Prenzlauer Berg,WG Room,20,716,310
1318,4,Prenzlauer Berg,WG Room,25,810,310
1319,4,Prenzlauer Berg,WG Room,20,744,310
1320,4,Prenzlauer Berg,WG Room,15,660,310
1321,4,Prenzlauer Berg,WG Room,25,752,310
1322,4,Prenzlauer Berg,WG Room,16,625,310
1323,4,Prenzlauer Berg,WG Room,15,607,310
1324,4,Prenzlauer Berg,WG Room,18,615,310
1325,4,Prenzlauer Berg,WG Room,19,731,310
1326,4,Prenzlauer Berg,WG Room,16,722,310
1327,4,Prenzlauer Berg,WG Room,21,760,310
1328,4,Prenzlauer Berg,WG Room,17,704,310
1329,4,Prenzlauer Berg,WG Room,15,682,310
1330,4,Prenzlauer Berg,WG Room,20,727,310
1331,4,Prenzlauer Berg,WG Room,15,602,310
1332,4,Prenzlauer Berg,WG Room,21,671,310
1333,4,Prenzlauer Berg,WG Room,21,652,310
1334,4,Prenzlauer Berg,WG Room,22,671,310
1335,4,Prenzlauer Berg,WG Room,21,742,310
1336,4,Prenzlauer Berg,WG Room,17,692,310
1337,4,Prenzlauer Berg,WG Room,20,678,310
1338,4,Prenzlauer Berg,WG Room,15,554,310
1339,4,Prenzlauer Berg,WG Room,20,632,310
1340,4,Prenzlauer Berg,WG Room,19,678,310
1341,4,Prenzlauer Berg,WG Room,21,700,310
1342,4,Prenzlauer Berg,WG Room,18,711,310
1343,4,Prenzlauer Berg,WG Room,20,716,310
1344,4,Prenzlauer Berg,WG Room,21,645,310
1345,4,Prenzlauer Berg,WG Room,22,754,310
1346,4,Prenzlauer Berg,WG Room,15,631,310
1347,4,Prenzlauer Berg,WG Room,19,684,310
1348,4,Prenzlauer Berg,WG Room,20,766,310
1349,4,Prenzlauer Berg,WG Room,23,679,310
1350,4,Prenzlauer Berg,WG Room,21,774,310
1351,4,Prenzlauer Berg,WG Room,20,751,310
1352,4,Prenzlauer Berg,WG Room,26,820,310
1353,4,Prenzlauer Berg,WG Room,20,749,310
1354,4,Prenzlauer Berg,WG Room,20,703,310
1355,4,Prenzlauer Berg,WG Room,18,748,310
1356,4,Prenzlauer Berg,WG Room,16,723,310
1357,4,Prenzlauer Berg,WG Room,21,651,310
1358,4,Prenzlauer Berg,WG Room,20,607,310
1359,4,Prenzlauer Berg,WG Room,21,754,310
1360,4,Prenzlauer Berg,WG Room,17,672,310
1361,4,Prenzlauer Berg,WG Room,26,751,310
1362,4,Prenzlauer Berg,WG Room,15,709,310
1363,4,Prenzlauer Berg,WG Room,26,774,310
1364,4,Prenzlauer Berg,WG Room,23,798,310
1365,4,Prenzlauer Berg,WG Room,16,632,310
1366,4,Prenzlauer Berg,WG Room,23,814,310
1367,4,Prenzlauer Berg,WG Room,21,674,310
1368,4,Prenzlauer Berg,WG Room,26,750,310
1369,4,Prenzlauer Berg,WG Room,18,693,310
1370,4,Prenzlauer Berg,WG Room,24,788,310
1371,4,Prenzlauer Berg,WG Room,20,723,310
1372,4,Prenzlauer Berg,WG Room,19,715,310
1373,4,Prenzlauer Berg,WG Room,12,593,310
1374,4,Prenzlauer Berg,WG Room,20,650,310
1375,4,Prenzlauer Berg,WG Room,20,693,310
1376,4,Prenzlauer Berg,WG Room,25,833,310
1377,4,Prenzlauer Berg,WG Room,17,659,310
1378,4,Prenzlauer Berg,WG Room,19,670,310
1379,4,Prenzlauer Berg,WG Room,20,668,310
1380,4,Prenzlauer Berg,WG Room,15,670,310
1381,4,Prenzlauer Berg,WG Room,21,678,310
1382,4,Prenzlauer Berg,WG Room,22,698,310
1383,4,Prenzlauer Berg,WG Room,20,739,310
1384,4,Prenzlauer Berg,WG Room,19,710,310
1385,4,Prenzlauer Berg,WG Room,17,657,310
1386,4,Prenzlauer Berg,WG Room,18,644,310
1387,4,Prenzlauer Berg,WG Room,18,608,310
1388,4,Prenzlauer Berg,WG Room,17,653,310
1389,4,Prenzlauer Berg,WG Room,18,667,310
1390,4,Prenzlauer Berg,WG Room,19,712,310
1391,4,Prenzlauer Berg,WG Room,22,697,310
1392,4,Prenzlauer Berg,WG Room,15,595,310
1393,4,Prenzlauer Berg,WG Room,17,650,310
1394,4,Prenzlauer Berg,WG Room,16,596,310
1395,4,Prenzlauer Berg,WG Room,17,674,310
1396,4,Prenzlauer Berg,WG Room,21,689,310
1397,4,Prenzlauer Berg,WG Room,18,636,310
1398,4,Prenzlauer Berg,WG Room,19,652,310
1399,4,Prenzlauer Berg,WG Room,21,634,310
1400,4,Prenzlauer Berg,WG Room,18,692,310
1401,4,Prenzlauer Berg,WG Room,20,823,310
1402,4,Prenzlauer Berg,WG Room,20,657,310
1403,4,Prenzlauer Berg,WG Room,19,610,310
1404,4,Prenzlauer Berg,WG Room,19,653,310
1405,4,Prenzlauer Berg,WG Room,22,701,310
1406,4,Prenzlauer Berg,WG Room,19,661,310
1407,4,Prenzlauer Berg,WG Room,25,748,310
1408,4,Prenzlauer Berg,WG Room,25,799,310
1409,4,Prenzlauer Berg,WG Room,21,731,310
1410,4,Prenzlauer Berg,WG Room,20,615,310
1411,4,Prenzlauer Berg,WG Room,18,716,310
1412,4,Prenzlauer Berg,WG Room,19,627,310
1413,4,Prenzlauer Berg,WG Room,19,767,310
1414,4,Prenzlauer Berg,WG Room,23,735,310
1415,4,Prenzlauer Berg,WG Room,22,710,310
1416,4,Prenzlauer Berg,WG Room,13,576,310
1417,4,Prenzlauer Berg,WG Room,24,738,310
1418,4,Prenzlauer Berg,WG Room,18,665,310
1419,4,Prenzlauer Berg,WG Room,26,847,310
1420,4,Prenzlauer Berg,WG Room,27,779,310
1421,4,Prenzlauer Berg,WG Room,20,634,310
1422,4,Prenzlauer Berg,WG Room,24,697,310
1423,4,Prenzlauer Berg,WG Room,20,653,310
1424,4,Prenzlauer Berg,WG Room,17,628,310
1425,4,Prenzlauer Berg,WG Room,17,642,310
1426,4,Prenzlauer Berg,WG Room,17,704,310
1427,4,Prenzlauer Berg,WG Room,15,652,310
1428,4,Prenzlauer Berg,WG Room,23,715,310
1429,4,Prenzlauer Berg,WG Room,16,644,310
1430,4,Prenzlauer Berg,WG Room,23,747,310
1431,4,Prenzlauer Berg,WG Room,17,688,310
1432,4,Prenzlauer Berg,WG Room,15,673,310
1433,4,Prenzlauer Berg,WG Room,20,688,310
1434,4,Prenzlauer Berg,WG Room,16,614,310
1435,4,Prenzlauer Berg,WG Room,21,769,310
1436,4,Prenzlauer Berg,WG Room,17,687,310
1437,4,Prenzlauer Berg,WG Room,12,580,310
1438,4,Prenzlauer Berg,WG Room,19,649,310
1439,4,Prenzlauer Berg,WG Room,16,624,310
1440,4,Prenzlauer Berg,WG Room,20,694,310
1441,4,Prenzlauer Berg,WG Room,12,511,310
1442,4,Prenzlauer Berg,WG Room,17,687,310
1443,4,Prenzlauer Berg,WG Room,12,584,310
1444,4,Prenzlauer Berg,WG Room,17,728,310
1445,4,Prenzlauer Berg,WG Room,18,695,310
1446,4,Prenzlauer Berg,WG Room,19,594,310
1447,4,Prenzlauer Berg,WG Room,22,736,310
1448,4,Prenzlauer Berg,WG Room,21,891,310
1449,4,Prenzlauer Berg,WG Room,12,684,310
1450,4,Prenzlauer Berg,WG Room,18,691,310
1451,4,Prenzlauer Berg,WG Room,19,671,310
1452,4,Prenzlauer Berg,WG Room,17,681,310
1453,4,Prenzlauer Berg,WG Room,14,664,310
1454,4,Prenzlauer Berg,WG Room,18,627,310
1455,4,Prenzlauer Berg,WG Room,17,723,310
1456,4,Prenzlauer Berg,WG Room,17,682,310
1457,4,Prenzlauer Berg,WG Room,16,688,310
1458,4,Prenzlauer Berg,WG Room,21,797,310
1459,4,Prenzlauer Berg,WG Room,18,708,310
1460,4,Prenzlauer Berg,WG Room,19,748,310
1461,4,Prenzlauer Berg,WG Room,16,688,310
1462,4,Prenzlauer Berg,WG Room,18,675,310
1463,4,Prenzlauer Berg,WG Room,19,701,310
1464,4,Prenzlauer Berg,WG Room,19,700,310
1465,4,Prenzlauer Berg,WG Room,25,806,310
1466,4,Prenzlauer Berg,WG Room,22,706,310
1467,4,Prenzlauer Berg,WG Room,16,697,310
1468,4,Prenzlauer Berg,WG Room,22,792,310
1469,4,Prenzlauer Berg,WG Room,17,656,310
1470,4,Prenzlauer Berg,WG Room,13,600,310
1471,4,Prenzlauer Berg,WG Room,22,705,310
1472,4,Prenzlauer Berg,WG Room,21,705,310
1473,4,Prenzlauer Berg,WG Room,20,650,310
1474,4,Prenzlauer Berg,WG Room,19,555,310
1475,4,Prenzlauer Berg,WG Room,18,605,310
1476,4,Prenzlauer Berg,WG Room,23,773,310
1477,4,Prenzlauer Berg,WG Room,21,782,310
1478,4,Prenzlauer Berg,WG Room,16,733,310
1479,4,Prenzlauer Berg,WG Room,22,715,310
1480,4,Prenzlauer Berg,WG Room,23,688,310
1481,4,Prenzlauer Berg,WG Room,16,627,310
1482,4,Prenzlauer Berg,WG Room,17,618,310
1483,4,Prenzlauer Berg,WG Room,23,726,310
1484,4,Prenzlauer Berg,WG Room,20,676,310
1485,4,Prenzlauer Berg,WG Room,13,630,310
1486,4,Prenzlauer Berg,WG Room,12,603,310
1487,4,Prenzlauer Berg,WG Room,14,719,310
1488,4,Prenzlauer Berg,WG Room,22,731,310
1489,4,Prenzlauer Berg,WG Room,23,700,310
1490,4,Prenzlauer Berg,WG Room,21,723,310
1491,4,Prenzlauer Berg,WG Room,20,759,310
1492,4,Prenzlauer Berg,WG Room,22,739,310
1493,4,Prenzlauer Berg,WG Room,13,575,310
1494,4,Prenzlauer Berg,WG Room,19,694,310
1495,4,Prenzlauer Berg,WG Room,15,751,310
1496,4,Prenzlauer Berg,WG Room,24,777,310
1497,4,Prenzlauer Berg,WG Room,19,680,310
1498,4,Prenzlauer Berg,WG Room,16,657,310
1499,4,Prenzlauer Berg,WG Room,20,646,310
1500,4,Prenzlauer Berg,WG Room,20,695,310
1501,4,Prenzlauer Berg,WG Room,12,567,310
1502,4,Prenzlauer Berg,WG Room,18,763,310
1503,4,Prenzlauer Berg,WG Room,21,654,310
1504,4,Prenzlauer Berg,WG Room,21,644,310
1505,4,Prenzlauer Berg,WG Room,23,717,310
1506,4,Prenzlauer Berg,WG Room,19,750,310
1507,4,Prenzlauer Berg,WG Room,14,567,310
1508,4,Prenzlauer Berg,WG Room,17,713,310
1509,4,Prenzlauer Berg,WG Room,14,503,310
1510,4,Prenzlauer Berg,WG Room,17,691,310
1511,4,Prenzlauer Berg,WG Room,23,717,310
1512,4,Prenzlauer Berg,WG Room,18,730,310
1513,4,Prenzlauer Berg,WG Room,12,589,310
1514,4,Prenzlauer Berg,WG Room,20,722,310
1515,4,Prenzlauer Berg,WG Room,17,668,310
1516,4,Prenzlauer Berg,WG Room,12,576,310
1517,4,Prenzlauer Berg,WG Room,21,670,310
1518,4,Prenzlauer Berg,WG Room,19,710,310
1519,4,Prenzlauer Berg,WG Room,18,686,310
1520,4,Prenzlauer Berg,WG Room,16,645,310
1521,4,Prenzlauer Berg,WG Room,21,721,310
1522,4,Prenzlauer Berg,WG Room,17,676,310
1523,4,Prenzlauer Berg,WG Room,22,634,310
1524,4,Prenzlauer Berg,WG Room,23,723,310
1525,4,Prenzlauer Berg,WG Room,20,756,310
1526,4,Prenzlauer Berg,WG Room,14,598,310
1527,4,Prenzlauer Berg,WG Room,18,643,310
1528,4,Prenzlauer Berg,WG Room,25,723,310
1529,4,Prenzlauer Berg,WG Room,17,675,310
1530,4,Prenzlauer Berg,WG Room,15,624,310
1531,4,Prenzlauer Berg,WG Room,20,687,310
1532,4,Prenzlauer Berg,WG Room,19,666,310
1533,4,Prenzlauer Berg,WG Room,14,644,310
1534,4,Prenzlauer Berg,WG Room,25,763,310
1535,4,Prenzlauer Berg,WG Room,20,733,310
1536,4,Prenzlauer Berg,WG Room,15,719,310
1537,4,Prenzlauer Berg,WG Room,20,775,310
1538,4,Prenzlauer Berg,WG Room,16,736,310
1539,4,Prenzlauer Berg,WG Room,22,751,310
1540,4,Prenzlauer Berg,WG Room,20,691,310
1541,4,Prenzlauer Berg,WG Room,23,744,310
1542,4,Prenzlauer Berg,WG Room,12,556,310
1543,4,Prenzlauer Berg,WG Room,18,692,310
1544,4,Prenzlauer Berg,WG Room,19,745,310
1545,4,Prenzlauer Berg,WG Room,12,612,310
1546,4,Prenzlauer Berg,WG Room,13,652,310
1547,4,Prenzlauer Berg,WG Room,19,709,310
1548,4,Prenzlauer Berg,WG Room,16,712,310
1549,4,Prenzlauer Berg,WG Room,23,764,310
1550,4,Prenzlauer Berg,WG Room,19,716,310
1551,4,Prenzlauer Berg,WG Room,17,705,310
1552,4,Prenzlauer Berg,WG Room,25,810,310
1553,4,Prenzlauer Berg,WG Room,16,670,310
1554,4,Prenzlauer Berg,WG Room,14,656,310
1555,4,Prenzlauer Berg,WG Room,21,630,310
1556,4,Prenzlauer Berg,WG Room,15,629,310
1557,4,Prenzlauer Berg,WG Room,18,624,310
1558,4,Prenzlauer Berg,WG Room,20,713,310
1559,4,Prenzlauer Berg,WG Room,18,644,310
1560,4,Prenzlauer Berg,WG Room,23,812,310
1561,4,Prenzlauer Berg,WG Room,17,638,310
1562,4,Prenzlauer Berg,WG Room,21,698,310
1563,4,Prenzlauer Berg,WG Room,19,723,310
1564,4,Prenzlauer Berg,WG Room,12,665,310
1565,4,Prenzlauer Berg,WG Room,19,671,310
1566,4,Prenzlauer Berg,WG Room,19,688,310
1567,4,Prenzlauer Berg,WG Room,13,685,310
1568,4,Prenzlauer Berg,WG Room,19,710,310
1569,4,Prenzlauer Berg,WG Room,22,680,310
1570,4,Prenzlauer Berg,WG Room,21,702,310
1571,4,Prenzlauer Berg,WG Room,22,630,310
1572,4,Prenzlauer Berg,WG Room,19,663,310
1573,4,Prenzlauer Berg,WG Room,21,735,310
1574,4,Prenzlauer Berg,WG Room,17,634,310
1575,4,Prenzlauer Berg,WG Room,19,650,310
1576,4,Prenzlauer Berg,WG Room,22,709,310
1577,4,Prenzlauer Berg,WG Room,12,589,310
1578,4,Prenzlauer Berg,WG Room,15,569,310
1579,4,Prenzlauer Berg,WG Room,15,647,310
1580,4,Prenzlauer Berg,WG Room,24,764,310
1581,4,Prenzlauer Berg,WG Room,17,687,310
1582,4,Prenzlauer Berg,WG Room,17,635,310
1583,4,Prenzlauer Berg,WG Room,15,563,310
1584,4,Prenzlauer Berg,WG Room,18,685,310
1585,4,Prenzlauer Berg,WG Room,19,671,310
1586,4,Prenzlauer Berg,WG Room,16,681,310
1587,4,Prenzlauer Berg,WG Room,14,665,310
1588,4,Prenzlauer Berg,WG Room,15,608,310
1589,4,Prenzlauer Berg,WG Room,14,607,310
1590,4,Prenzlauer Berg,WG Room,22,749,310
1591,4,Prenzlauer Berg,WG Room,22,749,310
1592,4,Prenzlauer Berg,WG Room,15,627,310
1593,4,Prenzlauer Berg,WG Room,16,714,310
1594,4,Prenzlauer Berg,WG Room,15,682,310
1595,4,Prenzlauer Berg,WG Room,22,808,310
1596,4,Prenzlauer Berg,WG Room,18,710,310
1597,4,Prenzlauer Berg,WG Room,27,758,310
1598,4,Prenzlauer Berg,WG Room,14,545,310
1599,4,Prenzlauer Berg,WG Room,21,629,310
1600,4,Prenzlauer Berg,WG Room,18,698,310
1601,5,Charlottenburg,WG Room,20,691,250
1602,5,Charlottenburg,WG Room,20,730,250
1603,5,Charlottenburg,WG Room,16,594,250
1604,5,Charlottenburg,WG Room,16,661,250
1605,5,Charlottenburg,WG Room,22,716,250
1606,5,Charlottenburg,WG Room,23,655,250
1607,5,Charlottenburg,WG Room,25,801,250
1608,5,Charlottenburg,WG Room,22,776,250
1609,5,Charlottenburg,WG Room,13,564,250
1610,5,Charlottenburg,WG Room,16,656,250
1611,5,Charlottenburg,WG Room,15,646,250
1612,5,Charlottenburg,WG Room,24,751,250
1613,5,Charlottenburg,WG Room,20,628,250
1614,5,Charlottenburg,WG Room,16,680,250
1615,5,Charlottenburg,WG Room,22,694,250
1616,5,Charlottenburg,WG Room,18,557,250
1617,5,Charlottenburg,WG Room,15,698,250
1618,5,Charlottenburg,WG Room,15,621,250
1619,5,Charlottenburg,WG Room,23,652,250
1620,5,Charlottenburg,WG Room,20,714,250
1621,5,Charlottenburg,WG Room,19,789,250
1622,5,Charlottenburg,WG Room,13,636,250
1623,5,Charlottenburg,WG Room,18,683,250
1624,5,Charlottenburg,WG Room,21,651,250
1625,5,Charlottenburg,WG Room,20,588,250
1626,5,Charlottenburg,WG Room,21,697,250
1627,5,Charlottenburg,WG Room,21,732,250
1628,5,Charlottenburg,WG Room,20,679,250
1629,5,Charlottenburg,WG Room,16,592,250
1630,5,Charlottenburg,WG Room,23,773,250
1631,5,Charlottenburg,WG Room,18,650,250
1632,5,Charlottenburg,WG Room,16,677,250
1633,5,Charlottenburg,WG Room,21,771,250
1634,5,Charlottenburg,WG Room,16,607,250
1635,5,Charlottenburg,WG Room,20,701,250
1636,5,Charlottenburg,WG Room,18,609,250
1637,5,Charlottenburg,WG Room,22,728,250
1638,5,Charlottenburg,WG Room,16,685,250
1639,5,Charlottenburg,WG Room,23,714,250
1640,5,Charlottenburg,WG Room,19,685,250
1641,5,Charlottenburg,WG Room,16,625,250
1642,5,Charlottenburg,WG Room,12,615,250
1643,5,Charlottenburg,WG Room,14,668,250
1644,5,Charlottenburg,WG Room,18,638,250
1645,5,Charlottenburg,WG Room,17,623,250
1646,5,Charlottenburg,WG Room,24,608,250
1647,5,Charlottenburg,WG Room,23,723,250
1648,5,Charlottenburg,WG Room,15,564,250
1649,5,Charlottenburg,WG Room,25,689,250
1650,5,Charlottenburg,WG Room,15,663,250
1651,5,Charlottenburg,WG Room,20,630,250
1652,5,Charlottenburg,WG Room,20,626,250
1653,5,Charlottenburg,WG Room,23,756,250
1654,5,Charlottenburg,WG Room,21,700,250
1655,5,Charlottenburg,WG Room,25,732,250
1656,5,Charlottenburg,WG Room,15,632,250
1657,5,Charlottenburg,WG Room,26,698,250
1658,5,Charlottenburg,WG Room,18,667,250
1659,5,Charlottenburg,WG Room,19,616,250
1660,5,Charlottenburg,WG Room,23,812,250
1661,5,Charlottenburg,WG Room,20,631,250
1662,5,Charlottenburg,WG Room,14,612,250
1663,5,Charlottenburg,WG Room,23,729,250
1664,5,Charlottenburg,WG Room,19,633,250
1665,5,Charlottenburg,WG Room,15,650,250
1666,5,Charlottenburg,WG Room,22,626,250
1667,5,Charlottenburg,WG Room,25,758,250
1668,5,Charlottenburg,WG Room,24,660,250
1669,5,Charlottenburg,WG Room,14,593,250
1670,5,Charlottenburg,WG Room,21,765,250
1671,5,Charlottenburg,WG Room,21,673,250
1672,5,Charlottenburg,WG Room,15,667,250
1673,5,Charlottenburg,WG Room,16,697,250
1674,5,Charlottenburg,WG Room,18,720,250
1675,5,Charlottenburg,WG Room,21,678,250
1676,5,Charlottenburg,WG Room,17,621,250
1677,5,Charlottenburg,WG Room,20,675,250
1678,5,Charlottenburg,WG Room,17,629,250
1679,5,Charlottenburg,WG Room,19,564,250
1680,5,Charlottenburg,WG Room,21,640,250
1681,5,Charlottenburg,WG Room,15,536,250
1682,5,Charlottenburg,WG Room,13,527,250
1683,5,Charlottenburg,WG Room,17,724,250
1684,5,Charlottenburg,WG Room,17,644,250
1685,5,Charlottenburg,WG Room,20,678,250
1686,5,Charlottenburg,WG Room,19,606,250
1687,5,Charlottenburg,WG Room,24,801,250
1688,5,Charlottenburg,WG Room,13,542,250
1689,5,Charlottenburg,WG Room,18,605,250
1690,5,Charlottenburg,WG Room,21,651,250
1691,5,Charlottenburg,WG Room,27,810,250
1692,5,Charlottenburg,WG Room,20,718,250
1693,5,Charlottenburg,WG Room,23,683,250
1694,5,Charlottenburg,WG Room,16,628,250
1695,5,Charlottenburg,WG Room,22,702,250
1696,5,Charlottenburg,WG Room,13,552,250
1697,5,Charlottenburg,WG Room,19,657,250
1698,5,Charlottenburg,WG Room,26,682,250
1699,5,Charlottenburg,WG Room,21,751,250
1700,5,Charlottenburg,WG Room,27,738,250
1701,5,Charlottenburg,WG Room,21,710,250
1702,5,Charlottenburg,WG Room,20,668,250
1703,5,Charlottenburg,WG Room,21,570,250
1704,5,Charlottenburg,WG Room,21,690,250
1705,5,Charlottenburg,WG Room,18,740,250
1706,5,Charlottenburg,WG Room,17,618,250
1707,5,Charlottenburg,WG Room,26,707,250
1708,5,Charlottenburg,WG Room,17,629,250
1709,5,Charlottenburg,WG Room,22,705,250
1710,5,Charlottenburg,WG Room,14,576,250
1711,5,Charlottenburg,WG Room,17,633,250
1712,5,Charlottenburg,WG Room,20,691,250
1713,5,Charlottenburg,WG Room,13,636,250
1714,5,Charlottenburg,WG Room,20,734,250
1715,5,Charlottenburg,WG Room,21,734,250
1716,5,Charlottenburg,WG Room,21,745,250
1717,5,Charlottenburg,WG Room,21,680,250
1718,5,Charlottenburg,WG Room,27,796,250
1719,5,Charlottenburg,WG Room,21,627,250
1720,5,Charlottenburg,WG Room,14,613,250
1721,5,Charlottenburg,WG Room,20,644,250
1722,5,Charlottenburg,WG Room,19,731,250
1723,5,Charlottenburg,WG Room,21,633,250
1724,5,Charlottenburg,WG Room,19,624,250
1725,5,Charlottenburg,WG Room,18,629,250
1726,5,Charlottenburg,WG Room,17,580,250
1727,5,Charlottenburg,WG Room,19,635,250
1728,5,Charlottenburg,WG Room,12,668,250
1729,5,Charlottenburg,WG Room,23,691,250
1730,5,Charlottenburg,WG Room,19,607,250
1731,5,Charlottenburg,WG Room,25,817,250
1732,5,Charlottenburg,WG Room,20,718,250
1733,5,Charlottenburg,WG Room,20,612,250
1734,5,Charlottenburg,WG Room,18,654,250
1735,5,Charlottenburg,WG Room,17,626,250
1736,5,Charlottenburg,WG Room,19,656,250
1737,5,Charlottenburg,WG Room,19,612,250
1738,5,Charlottenburg,WG Room,16,566,250
1739,5,Charlottenburg,WG Room,22,601,250
1740,5,Charlottenburg,WG Room,23,770,250
1741,5,Charlottenburg,WG Room,18,531,250
1742,5,Charlottenburg,WG Room,18,645,250
1743,5,Charlottenburg,WG Room,15,589,250
1744,5,Charlottenburg,WG Room,24,750,250
1745,5,Charlottenburg,WG Room,16,552,250
1746,5,Charlottenburg,WG Room,18,638,250
1747,5,Charlottenburg,WG Room,21,660,250
1748,5,Charlottenburg,WG Room,21,771,250
1749,5,Charlottenburg,WG Room,22,694,250
1750,5,Charlottenburg,WG Room,18,632,250
1751,5,Charlottenburg,WG Room,23,680,250
1752,5,Charlottenburg,WG Room,19,662,250
1753,5,Charlottenburg,WG Room,17,574,250
1754,5,Charlottenburg,WG Room,20,669,250
1755,5,Charlottenburg,WG Room,21,660,250
1756,5,Charlottenburg,WG Room,23,669,250
1757,5,Charlottenburg,WG Room,25,653,250
1758,5,Charlottenburg,WG Room,21,705,250
1759,5,Charlottenburg,WG Room,16,643,250
1760,5,Charlottenburg,WG Room,23,608,250
1761,5,Charlottenburg,WG Room,21,572,250
1762,5,Charlottenburg,WG Room,16,697,250
1763,5,Charlottenburg,WG Room,17,583,250
1764,5,Charlottenburg,WG Room,18,741,250
1765,5,Charlottenburg,WG Room,13,541,250
1766,5,Charlottenburg,WG Room,24,804,250
1767,5,Charlottenburg,WG Room,19,604,250
1768,5,Charlottenburg,WG Room,26,816,250
1769,5,Charlottenburg,WG Room,21,647,250
1770,5,Charlottenburg,WG Room,19,653,250
1771,5,Charlottenburg,WG Room,20,737,250
1772,5,Charlottenburg,WG Room,22,648,250
1773,5,Charlottenburg,WG Room,24,734,250
1774,5,Charlottenburg,WG Room,21,750,250
1775,5,Charlottenburg,WG Room,15,610,250
1776,5,Charlottenburg,WG Room,17,565,250
1777,5,Charlottenburg,WG Room,20,785,250
1778,5,Charlottenburg,WG Room,13,587,250
1779,5,Charlottenburg,WG Room,21,690,250
1780,5,Charlottenburg,WG Room,19,602,250
1781,5,Charlottenburg,WG Room,20,638,250
1782,5,Charlottenburg,WG Room,12,630,250
1783,5,Charlottenburg,WG Room,22,698,250
1784,5,Charlottenburg,WG Room,20,720,250
1785,5,Charlottenburg,WG Room,20,713,250
1786,5,Charlottenburg,WG Room,18,707,250
1787,5,Charlottenburg,WG Room,20,681,250
1788,5,Charlottenburg,WG Room,15,625,250
1789,5,Charlottenburg,WG Room,16,595,250
1790,5,Charlottenburg,WG Room,16,576,250
1791,5,Charlottenburg,WG Room,26,804,250
1792,5,Charlottenburg,WG Room,26,689,250
1793,5,Charlottenburg,WG Room,19,602,250
1794,5,Charlottenburg,WG Room,17,595,250
1795,5,Charlottenburg,WG Room,23,690,250
1796,5,Charlottenburg,WG Room,23,735,250
1797,5,Charlottenburg,WG Room,27,689,250
1798,5,Charlottenburg,WG Room,23,760,250
1799,5,Charlottenburg,WG Room,16,669,250
1800,5,Charlottenburg,WG Room,20,662,250
1801,5,Charlottenburg,WG Room,16,592,250
1802,5,Charlottenburg,WG Room,26,744,250
1803,5,Charlottenburg,WG Room,22,660,250
1804,5,Charlottenburg,WG Room,16,673,250
1805,5,Charlottenburg,WG Room,14,581,250
1806,5,Charlottenburg,WG Room,19,665,250
1807,5,Charlottenburg,WG Room,18,666,250
1808,5,Charlottenburg,WG Room,21,717,250
1809,5,Charlottenburg,WG Room,16,611,250
1810,5,Charlottenburg,WG Room,23,748,250
1811,5,Charlottenburg,WG Room,14,616,250
1812,5,Charlottenburg,WG Room,12,578,250
1813,5,Charlottenburg,WG Room,26,701,250
1814,5,Charlottenburg,WG Room,16,658,250
1815,5,Charlottenburg,WG Room,14,572,250
1816,5,Charlottenburg,WG Room,21,655,250
1817,5,Charlottenburg,WG Room,18,681,250
1818,5,Charlottenburg,WG Room,20,684,250
1819,5,Charlottenburg,WG Room,18,665,250
1820,5,Charlottenburg,WG Room,19,681,250
1821,5,Charlottenburg,WG Room,17,628,250
1822,5,Charlottenburg,WG Room,16,622,250
1823,5,Charlottenburg,WG Room,16,574,250
1824,5,Charlottenburg,WG Room,20,682,250
1825,5,Charlottenburg,WG Room,22,677,250
1826,5,Charlottenburg,WG Room,20,697,250
1827,5,Charlottenburg,WG Room,21,647,250
1828,5,Charlottenburg,WG Room,20,688,250
1829,5,Charlottenburg,WG Room,19,566,250
1830,5,Charlottenburg,WG Room,20,772,250
1831,5,Charlottenburg,WG Room,18,615,250
1832,5,Charlottenburg,WG Room,20,686,250
1833,5,Charlottenburg,WG Room,23,651,250
1834,5,Charlottenburg,WG Room,22,723,250
1835,5,Charlottenburg,WG Room,19,675,250
1836,5,Charlottenburg,WG Room,23,747,250
1837,5,Charlottenburg,WG Room,15,649,250
1838,5,Charlottenburg,WG Room,19,663,250
1839,5,Charlottenburg,WG Room,19,653,250
1840,5,Charlottenburg,WG Room,23,704,250
1841,5,Charlottenburg,WG Room,15,594,250
1842,5,Charlottenburg,WG Room,20,727,250
1843,5,Charlottenburg,WG Room,21,646,250
1844,5,Charlottenburg,WG Room,28,780,250
1845,5,Charlottenburg,WG Room,23,701,250
1846,5,Charlottenburg,WG Room,21,722,250
1847,5,Charlottenburg,WG Room,23,756,250
1848,5,Charlottenburg,WG Room,22,682,250
1849,5,Charlottenburg,WG Room,17,651,250
1850,5,Charlottenburg,WG Room,22,686,250
1851,6,Schöneberg,WG Room,23,753,290
1852,6,Schöneberg,WG Room,16,566,290
1853,6,Schöneberg,WG Room,19,654,290
1854,6,Schöneberg,WG Room,17,677,290
1855,6,Schöneberg,WG Room,20,654,290
1856,6,Schöneberg,WG Room,14,521,290
1857,6,Schöneberg,WG Room,20,556,290
1858,6,Schöneberg,WG Room,23,681,290
1859,6,Schöneberg,WG Room,28,852,290
1860,6,Schöneberg,WG Room,18,623,290
1861,6,Schöneberg,WG Room,22,753,290
1862,6,Schöneberg,WG Room,13,488,290
1863,6,Schöneberg,WG Room,17,642,290
1864,6,Schöneberg,WG Room,21,712,290
1865,6,Schöneberg,WG Room,15,488,290
1866,6,Schöneberg,WG Room,22,639,290
1867,6,Schöneberg,WG Room,12,563,290
1868,6,Schöneberg,WG Room,22,671,290
1869,6,Schöneberg,WG Room,17,609,290
1870,6,Schöneberg,WG Room,18,567,290
1871,6,Schöneberg,WG Room,16,627,290
1872,6,Schöneberg,WG Room,20,660,290
1873,6,Schöneberg,WG Room,16,596,290
1874,6,Schöneberg,WG Room,12,564,290
1875,6,Schöneberg,WG Room,24,634,290
1876,6,Schöneberg,WG Room,17,631,290
1877,6,Schöneberg,WG Room,23,668,290
1878,6,Schöneberg,WG Room,17,527,290
1879,6,Schöneberg,WG Room,19,732,290
1880,6,Schöneberg,WG Room,20,651,290
1881,6,Schöneberg,WG Room,20,652,290
1882,6,Schöneberg,WG Room,16,641,290
1883,6,Schöneberg,WG Room,20,653,290
1884,6,Schöneberg,WG Room,16,663,290
1885,6,Schöneberg,WG Room,21,639,290
1886,6,Schöneberg,WG Room,23,666,290
1887,6,Schöneberg,WG Room,16,570,290
1888,6,Schöneberg,WG Room,13,589,290
1889,6,Schöneberg,WG Room,13,513,290
1890,6,Schöneberg,WG Room,12,552,290
1891,6,Schöneberg,WG Room,18,613,290
1892,6,Schöneberg,WG Room,15,539,290
1893,6,Schöneberg,WG Room,21,639,290
1894,6,Schöneberg,WG Room,20,612,290
1895,6,Schöneberg,WG Room,20,711,290
1896,6,Schöneberg,WG Room,21,645,290
1897,6,Schöneberg,WG Room,20,641,290
1898,6,Schöneberg,WG Room,19,625,290
1899,6,Schöneberg,WG Room,18,638,290
1900,6,Schöneberg,WG Room,16,558,290
1901,6,Schöneberg,WG Room,14,508,290
1902,6,Schöneberg,WG Room,15,599,290
1903,6,Schöneberg,WG Room,16,627,290
1904,6,Schöneberg,WG Room,19,551,290
1905,6,Schöneberg,WG Room,21,700,290
1906,6,Schöneberg,WG Room,16,623,290
1907,6,Schöneberg,WG Room,16,608,290
1908,6,Schöneberg,WG Room,15,511,290
1909,6,Schöneberg,WG Room,18,622,290
1910,6,Schöneberg,WG Room,18,575,290
1911,6,Schöneberg,WG Room,18,640,290
1912,6,Schöneberg,WG Room,19,648,290
1913,6,Schöneberg,WG Room,17,669,290
1914,6,Schöneberg,WG Room,15,614,290
1915,6,Schöneberg,WG Room,23,710,290
1916,6,Schöneberg,WG Room,18,604,290
1917,6,Schöneberg,WG Room,23,624,290
1918,6,Schöneberg,WG Room,16,586,290
1919,6,Schöneberg,WG Room,23,705,290
1920,6,Schöneberg,WG Room,16,590,290
1921,6,Schöneberg,WG Room,17,584,290
1922,6,Schöneberg,WG Room,22,614,290
1923,6,Schöneberg,WG Room,25,749,290
1924,6,Schöneberg,WG Room,23,667,290
1925,6,Schöneberg,WG Room,18,564,290
1926,6,Schöneberg,WG Room,17,638,290
1927,6,Schöneberg,WG Room,24,650,290
1928,6,Schöneberg,WG Room,18,621,290
1929,6,Schöneberg,WG Room,14,607,290
1930,6,Schöneberg,WG Room,16,595,290
1931,6,Schöneberg,WG Room,17,580,290
1932,6,Schöneberg,WG Room,19,630,290
1933,6,Schöneberg,WG Room,18,595,290
1934,6,Schöneberg,WG Room,20,726,290
1935,6,Schöneberg,WG Room,19,685,290
1936,6,Schöneberg,WG Room,14,587,290
1937,6,Schöneberg,WG Room,15,526,290
1938,6,Schöneberg,WG Room,16,658,290
1939,6,Schöneberg,WG Room,22,687,290
1940,6,Schöneberg,WG Room,14,571,290
1941,6,Schöneberg,WG Room,20,660,290
1942,6,Schöneberg,WG Room,13,528,290
1943,6,Schöneberg,WG Room,19,664,290
1944,6,Schöneberg,WG Room,12,549,290
1945,6,Schöneberg,WG Room,20,690,290
1946,6,Schöneberg,WG Room,21,690,290
1947,6,Schöneberg,WG Room,16,518,290
1948,6,Schöneberg,WG Room,18,673,290
1949,6,Schöneberg,WG Room,24,732,290
1950,6,Schöneberg,WG Room,21,681,290
1951,6,Schöneberg,WG Room,17,610,290
1952,6,Schöneberg,WG Room,25,670,290
1953,6,Schöneberg,WG Room,25,698,290
1954,6,Schöneberg,WG Room,24,637,290
1955,6,Schöneberg,WG Room,21,631,290
1956,6,Schöneberg,WG Room,14,590,290
1957,6,Schöneberg,WG Room,23,650,290
1958,6,Schöneberg,WG Room,14,576,290
1959,6,Schöneberg,WG Room,19,665,290
1960,6,Schöneberg,WG Room,22,673,290
1961,6,Schöneberg,WG Room,25,722,290
1962,6,Schöneberg,WG Room,18,555,290
1963,6,Schöneberg,WG Room,18,613,290
1964,6,Schöneberg,WG Room,22,697,290
1965,6,Schöneberg,WG Room,15,600,290
1966,6,Schöneberg,WG Room,21,733,290
1967,6,Schöneberg,WG Room,22,710,290
1968,6,Schöneberg,WG Room,19,657,290
1969,6,Schöneberg,WG Room,23,628,290
1970,6,Schöneberg,WG Room,18,593,290
1971,6,Schöneberg,WG Room,20,707,290
1972,6,Schöneberg,WG Room,17,508,290
1973,6,Schöneberg,WG Room,18,669,290
1974,6,Schöneberg,WG Room,21,683,290
1975,6,Schöneberg,WG Room,18,570,290
1976,6,Schöneberg,WG Room,21,626,290
1977,6,Schöneberg,WG Room,27,762,290
1978,6,Schöneberg,WG Room,17,588,290
1979,6,Schöneberg,WG Room,19,629,290
1980,6,Schöneberg,WG Room,23,696,290
1981,6,Schöneberg,WG Room,16,689,290
1982,6,Schöneberg,WG Room,19,675,290
1983,6,Schöneberg,WG Room,17,632,290
1984,6,Schöneberg,WG Room,20,567,290
1985,6,Schöneberg,WG Room,26,782,290
1986,6,Schöneberg,WG Room,18,578,290
1987,6,Schöneberg,WG Room,20,656,290
1988,6,Schöneberg,WG Room,20,661,290
1989,6,Schöneberg,WG Room,21,729,290
1990,6,Schöneberg,WG Room,21,617,290
1991,6,Schöneberg,WG Room,24,774,290
1992,6,Schöneberg,WG Room,28,697,290
1993,6,Schöneberg,WG Room,20,558,290
1994,6,Schöneberg,WG Room,21,639,290
1995,6,Schöneberg,WG Room,26,689,290
1996,6,Schöneberg,WG Room,13,547,290
1997,6,Schöneberg,WG Room,12,590,290
1998,6,Schöneberg,WG Room,12,557,290
1999,6,Schöneberg,WG Room,12,542,290
2000,6,Schöneberg,WG Room,25,728,290
2001,6,Schöneberg,WG Room,16,603,290
2002,6,Schöneberg,WG Room,19,661,290
2003,6,Schöneberg,WG Room,14,607,290
2004,6,Schöneberg,WG Room,12,528,290
2005,6,Schöneberg,WG Room,17,644,290
2006,6,Schöneberg,WG Room,19,577,290
2007,6,Schöneberg,WG Room,16,613,290
2008,6,Schöneberg,WG Room,19,614,290
2009,6,Schöneberg,WG Room,17,647,290
2010,6,Schöneberg,WG Room,17,612,290
2011,6,Schöneberg,WG Room,27,672,290
2012,6,Schöneberg,WG Room,13,603,290
2013,6,Schöneberg,WG Room,17,602,290
2014,6,Schöneberg,WG Room,16,592,290
2015,6,Schöneberg,WG Room,25,748,290
2016,6,Schöneberg,WG Room,22,612,290
2017,6,Schöneberg,WG Room,15,464,290
2018,6,Schöneberg,WG Room,16,647,290
2019,6,Schöneberg,WG Room,21,654,290
2020,6,Schöneberg,WG Room,19,609,290
2021,6,Schöneberg,WG Room,20,686,290
2022,6,Schöneberg,WG Room,13,581,290
2023,6,Schöneberg,WG Room,22,657,290
2024,6,Schöneberg,WG Room,21,791,290
2025,6,Schöneberg,WG Room,19,658,290
2026,6,Schöneberg,WG Room,16,612,290
2027,6,Schöneberg,WG Room,21,673,290
2028,6,Schöneberg,WG Room,15,601,290
2029,6,Schöneberg,WG Room,24,720,290
2030,6,Schöneberg,WG Room,22,665,290
2031,6,Schöneberg,WG Room,22,689,290
2032,6,Schöneberg,WG Room,16,618,290
2033,6,Schöneberg,WG Room,16,576,290
2034,6,Schöneberg,WG Room,20,665,290
2035,6,Schöneberg,WG Room,15,639,290
2036,6,Schöneberg,WG Room,21,632,290
2037,6,Schöneberg,WG Room,14,573,290
2038,6,Schöneberg,WG Room,17,621,290
2039,6,Schöneberg,WG Room,18,538,290
2040,6,Schöneberg,WG Room,18,614,290
2041,6,Schöneberg,WG Room,21,633,290
2042,6,Schöneberg,WG Room,25,626,290
2043,6,Schöneberg,WG Room,24,690,290
2044,6,Schöneberg,WG Room,22,680,290
2045,6,Schöneberg,WG Room,23,671,290
2046,6,Schöneberg,WG Room,15,656,290
2047,6,Schöneberg,WG Room,19,650,290
2048,6,Schöneberg,WG Room,23,642,290
2049,6,Schöneberg,WG Room,21,637,290
2050,6,Schöneberg,WG Room,19,643,290
2051,6,Schöneberg,WG Room,14,545,290
2052,6,Schöneberg,WG Room,24,740,290
2053,6,Schöneberg,WG Room,19,651,290
2054,6,Schöneberg,WG Room,18,689,290
2055,6,Schöneberg,WG Room,18,638,290
2056,6,Schöneberg,WG Room,23,653,290
2057,6,Schöneberg,WG Room,24,631,290
2058,6,Schöneberg,WG Room,25,695,290
2059,6,Schöneberg,WG Room,18,543,290
2060,6,Schöneberg,WG Room,17,569,290
2061,6,Schöneberg,WG Room,17,610,290
2062,6,Schöneberg,WG Room,22,685,290
2063,6,Schöneberg,WG Room,20,603,290
2064,6,Schöneberg,WG Room,16,685,290
2065,6,Schöneberg,WG Room,16,679,290
2066,6,Schöneberg,WG Room,18,628,290
2067,6,Schöneberg,WG Room,23,745,290
2068,6,Schöneberg,WG Room,19,623,290
2069,6,Schöneberg,WG Room,19,655,290
2070,6,Schöneberg,WG Room,22,676,290
2071,6,Schöneberg,WG Room,21,738,290
2072,6,Schöneberg,WG Room,20,666,290
2073,6,Schöneberg,WG Room,14,462,290
2074,6,Schöneberg,WG Room,20,648,290
2075,6,Schöneberg,WG Room,17,627,290
2076,6,Schöneberg,WG Room,19,691,290
2077,6,Schöneberg,WG Room,19,606,290
2078,6,Schöneberg,WG Room,22,666,290
2079,6,Schöneberg,WG Room,21,643,290
2080,6,Schöneberg,WG Room,17,620,290
2081,6,Schöneberg,WG Room,19,662,290
2082,6,Schöneberg,WG Room,18,545,290
2083,6,Schöneberg,WG Room,17,652,290
2084,6,Schöneberg,WG Room,18,617,290
2085,6,Schöneberg,WG Room,22,644,290
2086,6,Schöneberg,WG Room,14,573,290
2087,6,Schöneberg,WG Room,17,573,290
2088,6,Schöneberg,WG Room,18,650,290
2089,6,Schöneberg,WG Room,19,654,290
2090,6,Schöneberg,WG Room,25,697,290
2091,6,Schöneberg,WG Room,20,629,290
2092,6,Schöneberg,WG Room,16,578,290
2093,6,Schöneberg,WG Room,17,632,290
2094,6,Schöneberg,WG Room,27,704,290
2095,6,Schöneberg,WG Room,18,625,290
2096,6,Schöneberg,WG Room,20,664,290
2097,6,Schöneberg,WG Room,23,579,290
2098,6,Schöneberg,WG Room,12,534,290
2099,6,Schöneberg,WG Room,23,618,290
2100,6,Schöneberg,WG Room,12,582,290
2101,6,Schöneberg,WG Room,20,603,290
2102,6,Schöneberg,WG Room,16,560,290
2103,6,Schöneberg,WG Room,19,612,290
2104,6,Schöneberg,WG Room,21,536,290
2105,6,Schöneberg,WG Room,16,553,290
2106,6,Schöneberg,WG Room,18,604,290
2107,6,Schöneberg,WG Room,22,592,290
2108,6,Schöneberg,WG Room,19,665,290
2109,6,Schöneberg,WG Room,25,690,290
2110,6,Schöneberg,WG Room,20,571,290
2111,6,Schöneberg,WG Room,12,594,290
2112,6,Schöneberg,WG Room,19,693,290
2113,6,Schöneberg,WG Room,14,603,290
2114,6,Schöneberg,WG Room,26,743,290
2115,6,Schöneberg,WG Room,20,652,290
2116,6,Schöneberg,WG Room,14,641,290
2117,6,Schöneberg,WG Room,17,639,290
2118,6,Schöneberg,WG Room,14,527,290
2119,6,Schöneberg,WG Room,24,684,290
2120,6,Schöneberg,WG Room,24,696,290
2121,6,Schöneberg,WG Room,13,608,290
2122,6,Schöneberg,WG Room,17,647,290
2123,6,Schöneberg,WG Room,19,571,290
2124,6,Schöneberg,WG Room,20,751,290
2125,6,Schöneberg,WG Room,21,661,290
2126,6,Schöneberg,WG Room,23,697,290
2127,6,Schöneberg,WG Room,20,603,290
2128,6,Schöneberg,WG Room,20,699,290
2129,6,Schöneberg,WG Room,16,668,290
2130,6,Schöneberg,WG Room,19,600,290
2131,6,Schöneberg,WG Room,22,663,290
2132,6,Schöneberg,WG Room,22,663,290
2133,6,Schöneberg,WG Room,19,662,290
2134,6,Schöneberg,WG Room,20,562,290
2135,6,Schöneberg,WG Room,15,634,290
2136,6,Schöneberg,WG Room,19,616,290
2137,6,Schöneberg,WG Room,14,531,290
2138,6,Schöneberg,WG Room,12,551,290
2139,6,Schöneberg,WG Room,17,573,290
2140,6,Schöneberg,WG Room,19,656,290
2141,7,Moabit,WG Room,26,626,240
2142,7,Moabit,WG Room,23,702,240
2143,7,Moabit,WG Room,16,583,240
2144,7,Moabit,WG Room,17,594,240
2145,7,Moabit,WG Room,24,697,240
2146,7,Moabit,WG Room,21,615,240
2147,7,Moabit,WG Room,14,541,240
2148,7,Moabit,WG Room,23,589,240
2149,7,Moabit,WG Room,15,568,240
2150,7,Moabit,WG Room,16,538,240
2151,7,Moabit,WG Room,18,537,240
2152,7,Moabit,WG Room,16,606,240
2153,7,Moabit,WG Room,14,478,240
2154,7,Moabit,WG Room,17,619,240
2155,7,Moabit,WG Room,18,577,240
2156,7,Moabit,WG Room,19,531,240
2157,7,Moabit,WG Room,21,651,240
2158,7,Moabit,WG Room,18,643,240
2159,7,Moabit,WG Room,15,613,240
2160,7,Moabit,WG Room,20,607,240
2161,7,Moabit,WG Room,19,605,240
2162,7,Moabit,WG Room,23,610,240
2163,7,Moabit,WG Room,16,621,240
2164,7,Moabit,WG Room,17,627,240
2165,7,Moabit,WG Room,25,664,240
2166,7,Moabit,WG Room,21,582,240
2167,7,Moabit,WG Room,22,655,240
2168,7,Moabit,WG Room,21,605,240
2169,7,Moabit,WG Room,13,561,240
2170,7,Moabit,WG Room,12,512,240
2171,7,Moabit,WG Room,22,655,240
2172,7,Moabit,WG Room,26,740,240
2173,7,Moabit,WG Room,17,587,240
2174,7,Moabit,WG Room,19,539,240
2175,7,Moabit,WG Room,16,549,240
2176,7,Moabit,WG Room,12,528,240
2177,7,Moabit,WG Room,18,523,240
2178,7,Moabit,WG Room,20,654,240
2179,7,Moabit,WG Room,20,607,240
2180,7,Moabit,WG Room,21,665,240
2181,7,Moabit,WG Room,20,585,240
2182,7,Moabit,WG Room,20,676,240
2183,7,Moabit,WG Room,17,680,240
2184,7,Moabit,WG Room,17,587,240
2185,7,Moabit,WG Room,17,596,240
2186,7,Moabit,WG Room,13,513,240
2187,7,Moabit,WG Room,15,568,240
2188,7,Moabit,WG Room,22,675,240
2189,7,Moabit,WG Room,12,618,240
2190,7,Moabit,WG Room,20,587,240
2191,7,Moabit,WG Room,20,630,240
2192,7,Moabit,WG Room,17,595,240
2193,7,Moabit,WG Room,17,568,240
2194,7,Moabit,WG Room,17,522,240
2195,7,Moabit,WG Room,20,648,240
2196,7,Moabit,WG Room,21,671,240
2197,7,Moabit,WG Room,20,598,240
2198,7,Moabit,WG Room,22,585,240
2199,7,Moabit,WG Room,16,531,240
2200,7,Moabit,WG Room,23,700,240
2201,7,Moabit,WG Room,21,682,240
2202,7,Moabit,WG Room,16,590,240
2203,7,Moabit,WG Room,19,648,240
2204,7,Moabit,WG Room,19,593,240
2205,7,Moabit,WG Room,21,673,240
2206,7,Moabit,WG Room,17,583,240
2207,7,Moabit,WG Room,15,450,240
2208,7,Moabit,WG Room,20,649,240
2209,7,Moabit,WG Room,20,534,240
2210,7,Moabit,WG Room,18,498,240
2211,7,Moabit,WG Room,24,621,240
2212,7,Moabit,WG Room,23,701,240
2213,7,Moabit,WG Room,16,523,240
2214,7,Moabit,WG Room,20,584,240
2215,7,Moabit,WG Room,19,588,240
2216,7,Moabit,WG Room,13,438,240
2217,7,Moabit,WG Room,20,597,240
2218,7,Moabit,WG Room,17,617,240
2219,7,Moabit,WG Room,23,646,240
2220,7,Moabit,WG Room,18,621,240
2221,7,Moabit,WG Room,14,560,240
2222,7,Moabit,WG Room,21,665,240
2223,7,Moabit,WG Room,12,492,240
2224,7,Moabit,WG Room,16,578,240
2225,7,Moabit,WG Room,21,701,240
2226,7,Moabit,WG Room,17,564,240
2227,7,Moabit,WG Room,23,671,240
2228,7,Moabit,WG Room,23,671,240
2229,7,Moabit,WG Room,15,502,240
2230,7,Moabit,WG Room,14,580,240
2231,7,Moabit,WG Room,23,741,240
2232,7,Moabit,WG Room,22,698,240
2233,7,Moabit,WG Room,17,534,240
2234,7,Moabit,WG Room,22,665,240
2235,7,Moabit,WG Room,19,627,240
2236,7,Moabit,WG Room,20,680,240
2237,7,Moabit,WG Room,24,694,240
2238,7,Moabit,WG Room,22,669,240
2239,7,Moabit,WG Room,17,620,240
2240,7,Moabit,WG Room,14,597,240
2241,7,Moabit,WG Room,15,575,240
2242,7,Moabit,WG Room,16,599,240
2243,7,Moabit,WG Room,19,538,240
2244,7,Moabit,WG Room,20,596,240
2245,7,Moabit,WG Room,22,646,240
2246,7,Moabit,WG Room,20,579,240
2247,7,Moabit,WG Room,17,565,240
2248,7,Moabit,WG Room,22,721,240
2249,7,Moabit,WG Room,16,622,240
2250,7,Moabit,WG Room,12,472,240
2251,7,Moabit,WG Room,16,513,240
2252,7,Moabit,WG Room,13,557,240
2253,7,Moabit,WG Room,18,615,240
2254,7,Moabit,WG Room,21,646,240
2255,7,Moabit,WG Room,21,631,240
2256,7,Moabit,WG Room,15,610,240
2257,7,Moabit,WG Room,17,544,240
2258,7,Moabit,WG Room,18,557,240
2259,7,Moabit,WG Room,18,613,240
2260,7,Moabit,WG Room,20,582,240
2261,7,Moabit,WG Room,17,634,240
2262,7,Moabit,WG Room,21,727,240
2263,7,Moabit,WG Room,23,709,240
2264,7,Moabit,WG Room,14,584,240
2265,7,Moabit,WG Room,19,585,240
2266,7,Moabit,WG Room,20,665,240
2267,7,Moabit,WG Room,21,594,240
2268,7,Moabit,WG Room,22,617,240
2269,7,Moabit,WG Room,20,608,240
2270,7,Moabit,WG Room,18,632,240
2271,7,Moabit,WG Room,15,650,240
2272,7,Moabit,WG Room,13,511,240
2273,7,Moabit,WG Room,20,648,240
2274,7,Moabit,WG Room,19,607,240
2275,7,Moabit,WG Room,20,612,240
2276,7,Moabit,WG Room,24,708,240
2277,7,Moabit,WG Room,22,603,240
2278,7,Moabit,WG Room,19,596,240
2279,7,Moabit,WG Room,15,578,240
2280,7,Moabit,WG Room,17,615,240
2281,7,Moabit,WG Room,15,639,240
2282,7,Moabit,WG Room,16,584,240
2283,7,Moabit,WG Room,22,620,240
2284,7,Moabit,WG Room,22,591,240
2285,7,Moabit,WG Room,24,671,240
2286,7,Moabit,WG Room,17,573,240
2287,7,Moabit,WG Room,22,620,240
2288,7,Moabit,WG Room,16,564,240
2289,7,Moabit,WG Room,15,644,240
2290,7,Moabit,WG Room,17,623,240
2291,7,Moabit,WG Room,20,578,240
2292,7,Moabit,WG Room,19,645,240
2293,7,Moabit,WG Room,18,652,240
2294,7,Moabit,WG Room,23,699,240
2295,7,Moabit,WG Room,17,537,240
2296,7,Moabit,WG Room,17,595,240
2297,7,Moabit,WG Room,21,536,240
2298,7,Moabit,WG Room,19,617,240
2299,7,Moabit,WG Room,18,656,240
2300,7,Moabit,WG Room,20,681,240
2301,7,Moabit,WG Room,18,640,240
2302,7,Moabit,WG Room,25,741,240
2303,7,Moabit,WG Room,15,551,240
2304,7,Moabit,WG Room,18,620,240
2305,7,Moabit,WG Room,21,596,240
2306,7,Moabit,WG Room,19,519,240
2307,7,Moabit,WG Room,24,647,240
2308,7,Moabit,WG Room,19,596,240
2309,7,Moabit,WG Room,23,530,240
2310,7,Moabit,WG Room,19,605,240
2311,7,Moabit,WG Room,17,664,240
2312,7,Moabit,WG Room,16,609,240
2313,7,Moabit,WG Room,20,679,240
2314,7,Moabit,WG Room,17,553,240
2315,7,Moabit,WG Room,23,677,240
2316,7,Moabit,WG Room,14,526,240
2317,7,Moabit,WG Room,20,660,240
2318,7,Moabit,WG Room,17,455,240
2319,7,Moabit,WG Room,21,579,240
2320,7,Moabit,WG Room,12,399,240
2321,7,Moabit,WG Room,22,652,240
2322,7,Moabit,WG Room,18,661,240
2323,7,Moabit,WG Room,21,707,240
2324,7,Moabit,WG Room,14,548,240
2325,7,Moabit,WG Room,13,528,240
2326,7,Moabit,WG Room,18,626,240
2327,7,Moabit,WG Room,19,638,240
2328,7,Moabit,WG Room,21,731,240
2329,7,Moabit,WG Room,18,556,240
2330,7,Moabit,WG Room,20,586,240
2331,7,Moabit,WG Room,24,657,240
2332,7,Moabit,WG Room,17,565,240
2333,7,Moabit,WG Room,22,639,240
2334,7,Moabit,WG Room,17,661,240
2335,7,Moabit,WG Room,16,576,240
2336,7,Moabit,WG Room,21,561,240
2337,7,Moabit,WG Room,21,587,240
2338,7,Moabit,WG Room,22,603,240
2339,7,Moabit,WG Room,21,684,240
2340,7,Moabit,WG Room,22,657,240
2341,7,Moabit,WG Room,18,572,240
2342,7,Moabit,WG Room,24,639,240
2343,7,Moabit,WG Room,15,592,240
2344,7,Moabit,WG Room,16,531,240
2345,7,Moabit,WG Room,14,528,240
2346,7,Moabit,WG Room,19,621,240
2347,7,Moabit,WG Room,22,670,240
2348,7,Moabit,WG Room,18,589,240
2349,7,Moabit,WG Room,21,691,240
2350,7,Moabit,WG Room,19,589,240
2351,7,Moabit,WG Room,16,509,240
2352,7,Moabit,WG Room,21,660,240
2353,7,Moabit,WG Room,21,628,240
2354,7,Moabit,WG Room,24,648,240
2355,7,Moabit,WG Room,22,644,240
2356,7,Moabit,WG Room,17,613,240
2357,7,Moabit,WG Room,20,638,240
2358,7,Moabit,WG Room,19,608,240
2359,7,Moabit,WG Room,27,759,240
2360,7,Moabit,WG Room,22,651,240
2361,7,Moabit,WG Room,23,681,240
2362,7,Moabit,WG Room,19,596,240
2363,7,Moabit,WG Room,19,467,240
2364,7,Moabit,WG Room,20,600,240
2365,7,Moabit,WG Room,25,683,240
2366,7,Moabit,WG Room,15,560,240
2367,7,Moabit,WG Room,15,583,240
2368,7,Moabit,WG Room,20,665,240
2369,7,Moabit,WG Room,16,576,240
2370,7,Moabit,WG Room,14,582,240
2371,7,Moabit,WG Room,21,656,240
2372,7,Moabit,WG Room,19,629,240
2373,7,Moabit,WG Room,25,669,240
2374,7,Moabit,WG Room,19,561,240
2375,7,Moabit,WG Room,16,578,240
2376,7,Moabit,WG Room,23,646,240
2377,7,Moabit,WG Room,18,580,240
2378,7,Moabit,WG Room,17,599,240
2379,7,Moabit,WG Room,14,608,240
2380,7,Moabit,WG Room,17,618,240
2381,8,Neukölln,WG Room,15,612,560
2382,8,Neukölln,WG Room,21,671,560
2383,8,Neukölln,WG Room,16,605,560
2384,8,Neukölln,WG Room,15,571,560
2385,8,Neukölln,WG Room,23,714,560
2386,8,Neukölln,WG Room,19,586,560
2387,8,Neukölln,WG Room,21,655,560
2388,8,Neukölln,WG Room,12,581,560
2389,8,Neukölln,WG Room,19,684,560
2390,8,Neukölln,WG Room,15,439,560
2391,8,Neukölln,WG Room,20,655,560
2392,8,Neukölln,WG Room,13,514,560
2393,8,Neukölln,WG Room,28,724,560
2394,8,Neukölln,WG Room,22,637,560
2395,8,Neukölln,WG Room,12,538,560
2396,8,Neukölln,WG Room,18,600,560
2397,8,Neukölln,WG Room,19,642,560
2398,8,Neukölln,WG Room,18,561,560
2399,8,Neukölln,WG Room,21,566,560
2400,8,Neukölln,WG Room,12,579,560
2401,8,Neukölln,WG Room,21,651,560
2402,8,Neukölln,WG Room,14,538,560
2403,8,Neukölln,WG Room,18,546,560
2404,8,Neukölln,WG Room,16,623,560
2405,8,Neukölln,WG Room,24,671,560
2406,8,Neukölln,WG Room,22,580,560
2407,8,Neukölln,WG Room,21,618,560
2408,8,Neukölln,WG Room,20,631,560
2409,8,Neukölln,WG Room,24,651,560
2410,8,Neukölln,WG Room,21,641,560
2411,8,Neukölln,WG Room,18,610,560
2412,8,Neukölln,WG Room,16,593,560
2413,8,Neukölln,WG Room,19,641,560
2414,8,Neukölln,WG Room,19,666,560
2415,8,Neukölln,WG Room,22,619,560
2416,8,Neukölln,WG Room,22,613,560
2417,8,Neukölln,WG Room,21,682,560
2418,8,Neukölln,WG Room,12,550,560
2419,8,Neukölln,WG Room,17,572,560
2420,8,Neukölln,WG Room,24,661,560
2421,8,Neukölln,WG Room,16,597,560
2422,8,Neukölln,WG Room,21,648,560
2423,8,Neukölln,WG Room,23,702,560
2424,8,Neukölln,WG Room,12,522,560
2425,8,Neukölln,WG Room,17,628,560
2426,8,Neukölln,WG Room,12,661,560
2427,8,Neukölln,WG Room,21,661,560
2428,8,Neukölln,WG Room,23,783,560
2429,8,Neukölln,WG Room,22,709,560
2430,8,Neukölln,WG Room,19,624,560
2431,8,Neukölln,WG Room,17,569,560
2432,8,Neukölln,WG Room,17,545,560
2433,8,Neukölln,WG Room,19,554,560
2434,8,Neukölln,WG Room,20,640,560
2435,8,Neukölln,WG Room,20,619,560
2436,8,Neukölln,WG Room,28,799,560
2437,8,Neukölln,WG Room,15,592,560
2438,8,Neukölln,WG Room,17,560,560
2439,8,Neukölln,WG Room,14,589,560
2440,8,Neukölln,WG Room,17,650,560
2441,8,Neukölln,WG Room,22,728,560
2442,8,Neukölln,WG Room,16,615,560
2443,8,Neukölln,WG Room,21,633,560
2444,8,Neukölln,WG Room,16,666,560
2445,8,Neukölln,WG Room,20,671,560
2446,8,Neukölln,WG Room,16,539,560
2447,8,Neukölln,WG Room,17,600,560
2448,8,Neukölln,WG Room,15,582,560
2449,8,Neukölln,WG Room,13,508,560
2450,8,Neukölln,WG Room,21,681,560
2451,8,Neukölln,WG Room,18,572,560
2452,8,Neukölln,WG Room,15,565,560
2453,8,Neukölln,WG Room,21,696,560
2454,8,Neukölln,WG Room,17,554,560
2455,8,Neukölln,WG Room,20,605,560
2456,8,Neukölln,WG Room,17,666,560
2457,8,Neukölln,WG Room,22,673,560
2458,8,Neukölln,WG Room,15,592,560
2459,8,Neukölln,WG Room,23,661,560
2460,8,Neukölln,WG Room,24,748,560
2461,8,Neukölln,WG Room,25,716,560
2462,8,Neukölln,WG Room,21,718,560
2463,8,Neukölln,WG Room,21,631,560
2464,8,Neukölln,WG Room,17,617,560
2465,8,Neukölln,WG Room,14,564,560
2466,8,Neukölln,WG Room,23,579,560
2467,8,Neukölln,WG Room,24,741,560
2468,8,Neukölln,WG Room,17,630,560
2469,8,Neukölln,WG Room,19,685,560
2470,8,Neukölln,WG Room,22,603,560
2471,8,Neukölln,WG Room,21,645,560
2472,8,Neukölln,WG Room,19,597,560
2473,8,Neukölln,WG Room,25,749,560
2474,8,Neukölln,WG Room,16,534,560
2475,8,Neukölln,WG Room,18,638,560
2476,8,Neukölln,WG Room,20,698,560
2477,8,Neukölln,WG Room,22,710,560
2478,8,Neukölln,WG Room,20,579,560
2479,8,Neukölln,WG Room,18,666,560
2480,8,Neukölln,WG Room,19,653,560
2481,8,Neukölln,WG Room,18,572,560
2482,8,Neukölln,WG Room,19,644,560
2483,8,Neukölln,WG Room,17,595,560
2484,8,Neukölln,WG Room,16,644,560
2485,8,Neukölln,WG Room,18,683,560
2486,8,Neukölln,WG Room,24,686,560
2487,8,Neukölln,WG Room,15,488,560
2488,8,Neukölln,WG Room,14,508,560
2489,8,Neukölln,WG Room,24,695,560
2490,8,Neukölln,WG Room,20,542,560
2491,8,Neukölln,WG Room,15,622,560
2492,8,Neukölln,WG Room,20,635,560
2493,8,Neukölln,WG Room,21,728,560
2494,8,Neukölln,WG Room,18,621,560
2495,8,Neukölln,WG Room,20,750,560
2496,8,Neukölln,WG Room,12,577,560
2497,8,Neukölln,WG Room,19,656,560
2498,8,Neukölln,WG Room,17,604,560
2499,8,Neukölln,WG Room,21,794,560
2500,8,Neukölln,WG Room,22,628,560
2501,8,Neukölln,WG Room,18,598,560
2502,8,Neukölln,WG Room,13,543,560
2503,8,Neukölln,WG Room,22,609,560
2504,8,Neukölln,WG Room,23,700,560
2505,8,Neukölln,WG Room,16,588,560
2506,8,Neukölln,WG Room,25,735,560
2507,8,Neukölln,WG Room,19,619,560
2508,8,Neukölln,WG Room,19,607,560
2509,8,Neukölln,WG Room,12,638,560
2510,8,Neukölln,WG Room,20,660,560
2511,8,Neukölln,WG Room,19,597,560
2512,8,Neukölln,WG Room,18,546,560
2513,8,Neukölln,WG Room,27,670,560
2514,8,Neukölln,WG Room,15,562,560
2515,8,Neukölln,WG Room,24,691,560
2516,8,Neukölln,WG Room,15,638,560
2517,8,Neukölln,WG Room,22,690,560
2518,8,Neukölln,WG Room,22,774,560
2519,8,Neukölln,WG Room,27,695,560
2520,8,Neukölln,WG Room,25,719,560
2521,8,Neukölln,WG Room,21,578,560
2522,8,Neukölln,WG Room,18,581,560
2523,8,Neukölln,WG Room,22,714,560
2524,8,Neukölln,WG Room,12,545,560
2525,8,Neukölln,WG Room,23,670,560
2526,8,Neukölln,WG Room,22,682,560
2527,8,Neukölln,WG Room,20,630,560
2528,8,Neukölln,WG Room,15,532,560
2529,8,Neukölln,WG Room,21,655,560
2530,8,Neukölln,WG Room,19,611,560
2531,8,Neukölln,WG Room,18,665,560
2532,8,Neukölln,WG Room,18,558,560
2533,8,Neukölln,WG Room,22,657,560
2534,8,Neukölln,WG Room,19,702,560
2535,8,Neukölln,WG Room,19,643,560
2536,8,Neukölln,WG Room,15,572,560
2537,8,Neukölln,WG Room,21,584,560
2538,8,Neukölln,WG Room,20,647,560
2539,8,Neukölln,WG Room,19,677,560
2540,8,Neukölln,WG Room,20,709,560
2541,8,Neukölln,WG Room,16,600,560
2542,8,Neukölln,WG Room,19,582,560
2543,8,Neukölln,WG Room,22,771,560
2544,8,Neukölln,WG Room,19,653,560
2545,8,Neukölln,WG Room,19,598,560
2546,8,Neukölln,WG Room,13,526,560
2547,8,Neukölln,WG Room,14,647,560
2548,8,Neukölln,WG Room,19,614,560
2549,8,Neukölln,WG Room,22,616,560
2550,8,Neukölln,WG Room,16,597,560
2551,8,Neukölln,WG Room,23,701,560
2552,8,Neukölln,WG Room,20,646,560
2553,8,Neukölln,WG Room,20,651,560
2554,8,Neukölln,WG Room,15,584,560
2555,8,Neukölln,WG Room,15,586,560
2556,8,Neukölln,WG Room,17,720,560
2557,8,Neukölln,WG Room,19,567,560
2558,8,Neukölln,WG Room,19,653,560
2559,8,Neukölln,WG Room,25,675,560
2560,8,Neukölln,WG Room,13,595,560
2561,8,Neukölln,WG Room,14,550,560
2562,8,Neukölln,WG Room,18,615,560
2563,8,Neukölln,WG Room,21,623,560
2564,8,Neukölln,WG Room,18,617,560
2565,8,Neukölln,WG Room,20,646,560
2566,8,Neukölln,WG Room,21,692,560
2567,8,Neukölln,WG Room,20,662,560
2568,8,Neukölln,WG Room,13,560,560
2569,8,Neukölln,WG Room,21,687,560
2570,8,Neukölln,WG Room,17,576,560
2571,8,Neukölln,WG Room,17,630,560
2572,8,Neukölln,WG Room,23,660,560
2573,8,Neukölln,WG Room,22,672,560
2574,8,Neukölln,WG Room,19,620,560
2575,8,Neukölln,WG Room,22,681,560
2576,8,Neukölln,WG Room,27,688,560
2577,8,Neukölln,WG Room,21,630,560
2578,8,Neukölln,WG Room,16,594,560
2579,8,Neukölln,WG Room,19,761,560
2580,8,Neukölln,WG Room,18,567,560
2581,8,Neukölln,WG Room,20,549,560
2582,8,Neukölln,WG Room,19,631,560
2583,8,Neukölln,WG Room,22,710,560
2584,8,Neukölln,WG Room,17,599,560
2585,8,Neukölln,WG Room,16,543,560
2586,8,Neukölln,WG Room,20,585,560
2587,8,Neukölln,WG Room,18,573,560
2588,8,Neukölln,WG Room,21,735,560
2589,8,Neukölln,WG Room,14,487,560
2590,8,Neukölln,WG Room,19,631,560
2591,8,Neukölln,WG Room,20,622,560
2592,8,Neukölln,WG Room,18,635,560
2593,8,Neukölln,WG Room,23,590,560
2594,8,Neukölln,WG Room,18,628,560
2595,8,Neukölln,WG Room,16,672,560
2596,8,Neukölln,WG Room,17,604,560
2597,8,Neukölln,WG Room,21,627,560
2598,8,Neukölln,WG Room,13,539,560
2599,8,Neukölln,WG Room,23,663,560
2600,8,Neukölln,WG Room,16,636,560
2601,8,Neukölln,WG Room,18,595,560
2602,8,Neukölln,WG Room,20,677,560
2603,8,Neukölln,WG Room,27,763,560
2604,8,Neukölln,WG Room,23,655,560
2605,8,Neukölln,WG Room,15,585,560
2606,8,Neukölln,WG Room,19,581,560
2607,8,Neukölln,WG Room,18,636,560
2608,8,Neukölln,WG Room,20,665,560
2609,8,Neukölln,WG Room,20,619,560
2610,8,Neukölln,WG Room,17,552,560
2611,8,Neukölln,WG Room,25,703,560
2612,8,Neukölln,WG Room,18,576,560
2613,8,Neukölln,WG Room,28,690,560
2614,8,Neukölln,WG Room,17,625,560
2615,8,Neukölln,WG Room,21,697,560
2616,8,Neukölln,WG Room,25,725,560
2617,8,Neukölln,WG Room,15,570,560
2618,8,Neukölln,WG Room,20,735,560
2619,8,Neukölln,WG Room,14,624,560
2620,8,Neukölln,WG Room,20,680,560
2621,8,Neukölln,WG Room,19,592,560
2622,8,Neukölln,WG Room,22,695,560
2623,8,Neukölln,WG Room,22,665,560
2624,8,Neukölln,WG Room,17,536,560
2625,8,Neukölln,WG Room,22,685,560
2626,8,Neukölln,WG Room,16,570,560
2627,8,Neukölln,WG Room,17,539,560
2628,8,Neukölln,WG Room,16,543,560
2629,8,Neukölln,WG Room,18,585,560
2630,8,Neukölln,WG Room,13,649,560
2631,8,Neukölln,WG Room,23,643,560
2632,8,Neukölln,WG Room,20,661,560
2633,8,Neukölln,WG Room,23,641,560
2634,8,Neukölln,WG Room,23,653,560
2635,8,Neukölln,WG Room,14,603,560
2636,8,Neukölln,WG Room,24,806,560
2637,8,Neukölln,WG Room,15,613,560
2638,8,Neukölln,WG Room,18,653,560
2639,8,Neukölln,WG Room,14,513,560
2640,8,Neukölln,WG Room,16,598,560
2641,8,Neukölln,WG Room,17,636,560
2642,8,Neukölln,WG Room,23,705,560
2643,8,Neukölln,WG Room,25,721,560
2644,8,Neukölln,WG Room,15,643,560
2645,8,Neukölln,WG Room,17,647,560
2646,8,Neukölln,WG Room,25,723,560
2647,8,Neukölln,WG Room,14,529,560
2648,8,Neukölln,WG Room,24,682,560
2649,8,Neukölln,WG Room,19,664,560
2650,8,Neukölln,WG Room,21,667,560
2651,8,Neukölln,WG Room,18,604,560
2652,8,Neukölln,WG Room,22,691,560
2653,8,Neukölln,WG Room,18,667,560
2654,8,Neukölln,WG Room,19,592,560
2655,8,Neukölln,WG Room,16,550,560
2656,8,Neukölln,WG Room,18,674,560
2657,8,Neukölln,WG Room,16,602,560
2658,8,Neukölln,WG Room,17,594,560
2659,8,Neukölln,WG Room,14,560,560
2660,8,Neukölln,WG Room,18,642,560
2661,8,Neukölln,WG Room,20,588,560
2662,8,Neukölln,WG Room,23,687,560
2663,8,Neukölln,WG Room,20,642,560
2664,8,Neukölln,WG Room,17,616,560
2665,8,Neukölln,WG Room,21,575,560
2666,8,Neukölln,WG Room,17,595,560
2667,8,Neukölln,WG Room,20,696,560
2668,8,Neukölln,WG Room,16,572,560
2669,8,Neukölln,WG Room,17,570,560
2670,8,Neukölln,WG Room,18,653,560
2671,8,Neukölln,WG Room,15,601,560
2672,8,Neukölln,WG Room,13,533,560
2673,8,Neukölln,WG Room,18,693,560
2674,8,Neukölln,WG Room,18,519,560
2675,8,Neukölln,WG Room,12,548,560
2676,8,Neukölln,WG Room,21,671,560
2677,8,Neukölln,WG Room,20,694,560
2678,8,Neukölln,WG Room,17,646,560
2679,8,Neukölln,WG Room,13,517,560
2680,8,Neukölln,WG Room,13,546,560
2681,8,Neukölln,WG Room,19,635,560
2682,8,Neukölln,WG Room,19,588,560
2683,8,Neukölln,WG Room,18,551,560
2684,8,Neukölln,WG Room,24,676,560
2685,8,Neukölln,WG Room,17,678,560
2686,8,Neukölln,WG Room,15,531,560
2687,8,Neukölln,WG Room,15,579,560
2688,8,Neukölln,WG Room,21,687,560
2689,8,Neukölln,WG Room,28,637,560
2690,8,Neukölln,WG Room,21,629,560
2691,8,Neukölln,WG Room,17,578,560
2692,8,Neukölln,WG Room,16,670,560
2693,8,Neukölln,WG Room,22,667,560
2694,8,Neukölln,WG Room,24,622,560
2695,8,Neukölln,WG Room,14,472,560
2696,8,Neukölln,WG Room,17,613,560
2697,8,Neukölln,WG Room,19,637,560
2698,8,Neukölln,WG Room,14,606,560
2699,8,Neukölln,WG Room,20,675,560
2700,8,Neukölln,WG Room,12,560,560
2701,8,Neukölln,WG Room,15,564,560
2702,8,Neukölln,WG Room,21,658,560
2703,8,Neukölln,WG Room,16,594,560
2704,8,Neukölln,WG Room,14,622,560
2705,8,Neukölln,WG Room,18,668,560
2706,8,Neukölln,WG Room,17,582,560
2707,8,Neukölln,WG Room,16,633,560
2708,8,Neukölln,WG Room,17,635,560
2709,8,Neukölln,WG Room,18,529,560
2710,8,Neukölln,WG Room,17,553,560
2711,8,Neukölln,WG Room,19,576,560
2712,8,Neukölln,WG Room,22,662,560
2713,8,Neukölln,WG Room,18,648,560
2714,8,Neukölln,WG Room,22,665,560
2715,8,Neukölln,WG Room,16,514,560
2716,8,Neukölln,WG Room,17,578,560
2717,8,Neukölln,WG Room,19,614,560
2718,8,Neukölln,WG Room,21,626,560
2719,8,Neukölln,WG Room,19,683,560
2720,8,Neukölln,WG Room,20,639,560
2721,8,Neukölln,WG Room,17,578,560
2722,8,Neukölln,WG Room,16,570,560
2723,8,Neukölln,WG Room,22,656,560
2724,8,Neukölln,WG Room,14,650,560
2725,8,Neukölln,WG Room,20,579,560
2726,8,Neukölln,WG Room,17,611,560
2727,8,Neukölln,WG Room,25,652,560
2728,8,Neukölln,WG Room,22,729,560
2729,8,Neukölln,WG Room,17,594,560
2730,8,Neukölln,WG Room,15,573,560
2731,8,Neukölln,WG Room,19,660,560
2732,8,Neukölln,WG Room,23,644,560
2733,8,Neukölln,WG Room,12,545,560
2734,8,Neukölln,WG Room,20,653,560
2735,8,Neukölln,WG Room,18,624,560
2736,8,Neukölln,WG Room,24,707,560
2737,8,Neukölln,WG Room,18,595,560
2738,8,Neukölln,WG Room,18,692,560
2739,8,Neukölln,WG Room,18,617,560
2740,8,Neukölln,WG Room,17,655,560
2741,8,Neukölln,WG Room,26,734,560
2742,8,Neukölln,WG Room,19,632,560
2743,8,Neukölln,WG Room,12,580,560
2744,8,Neukölln,WG Room,19,649,560
2745,8,Neukölln,WG Room,17,589,560
2746,8,Neukölln,WG Room,18,664,560
2747,8,Neukölln,WG Room,18,712,560
2748,8,Neukölln,WG Room,21,597,560
2749,8,Neukölln,WG Room,19,601,560
2750,8,Neukölln,WG Room,12,618,560
2751,8,Neukölln,WG Room,21,678,560
2752,8,Neukölln,WG Room,20,580,560
2753,8,Neukölln,WG Room,17,644,560
2754,8,Neukölln,WG Room,15,468,560
2755,8,Neukölln,WG Room,18,612,560
2756,8,Neukölln,WG Room,19,663,560
2757,8,Neukölln,WG Room,21,666,560
2758,8,Neukölln,WG Room,23,610,560
2759,8,Neukölln,WG Room,21,682,560
2760,8,Neukölln,WG Room,15,514,560
2761,8,Neukölln,WG Room,16,564,560
2762,8,Neukölln,WG Room,22,638,560
2763,8,Neukölln,WG Room,16,566,560
2764,8,Neukölln,WG Room,23,679,560
2765,8,Neukölln,WG Room,18,613,560
2766,8,Neukölln,WG Room,24,656,560
2767,8,Neukölln,WG Room,24,699,560
2768,8,Neukölln,WG Room,18,731,560
2769,8,Neukölln,WG Room,15,566,560
2770,8,Neukölln,WG Room,15,625,560
2771,8,Neukölln,WG Room,25,777,560
2772,8,Neukölln,WG Room,23,669,560
2773,8,Neukölln,WG Room,18,543,560
2774,8,Neukölln,WG Room,26,735,560
2775,8,Neukölln,WG Room,17,666,560
2776,8,Neukölln,WG Room,16,612,560
2777,8,Neukölln,WG Room,18,647,560
2778,8,Neukölln,WG Room,19,565,560
2779,8,Neukölln,WG Room,19,677,560
2780,8,Neukölln,WG Room,19,665,560
2781,8,Neukölln,WG Room,15,581,560
2782,8,Neukölln,WG Room,17,640,560
2783,8,Neukölln,WG Room,19,661,560
2784,8,Neukölln,WG Room,23,709,560
2785,8,Neukölln,WG Room,20,597,560
2786,8,Neukölln,WG Room,19,606,560
2787,8,Neukölln,WG Room,18,601,560
2788,8,Neukölln,WG Room,16,506,560
2789,8,Neukölln,WG Room,17,615,560
2790,8,Neukölln,WG Room,14,571,560
2791,8,Neukölln,WG Room,26,760,560
2792,8,Neukölln,WG Room,25,720,560
2793,8,Neukölln,WG Room,23,645,560
2794,8,Neukölln,WG Room,17,483,560
2795,8,Neukölln,WG Room,23,747,560
2796,8,Neukölln,WG Room,17,595,560
2797,8,Neukölln,WG Room,16,611,560
2798,8,Neukölln,WG Room,23,600,560
2799,8,Neukölln,WG Room,20,630,560
2800,8,Neukölln,WG Room,19,651,560
2801,8,Neukölln,WG Room,18,613,560
2802,8,Neukölln,WG Room,18,662,560
2803,8,Neukölln,WG Room,20,652,560
2804,8,Neukölln,WG Room,15,565,560
2805,8,Neukölln,WG Room,22,668,560
2806,8,Neukölln,WG Room,21,733,560
2807,8,Neukölln,WG Room,23,682,560
2808,8,Neukölln,WG Room,17,491,560
2809,8,Neukölln,WG Room,18,603,560
2810,8,Neukölln,WG Room,20,635,560
2811,8,Neukölln,WG Room,18,538,560
2812,8,Neukölln,WG Room,16,615,560
2813,8,Neukölln,WG Room,25,698,560
2814,8,Neukölln,WG Room,20,685,560
2815,8,Neukölln,WG Room,16,611,560
2816,8,Neukölln,WG Room,16,633,560
2817,8,Neukölln,WG Room,20,655,560
2818,8,Neukölln,WG Room,16,626,560
2819,8,Neukölln,WG Room,26,669,560
2820,8,Neukölln,WG Room,18,628,560
2821,8,Neukölln,WG Room,22,641,560
2822,8,Neukölln,WG Room,12,607,560
2823,8,Neukölln,WG Room,22,588,560
2824,8,Neukölln,WG Room,17,677,560
2825,8,Neukölln,WG Room,24,732,560
2826,8,Neukölln,WG Room,18,622,560
2827,8,Neukölln,WG Room,19,681,560
2828,8,Neukölln,WG Room,16,558,560
2829,8,Neukölln,WG Room,23,676,560
2830,8,Neukölln,WG Room,24,660,560
2831,8,Neukölln,WG Room,19,588,560
2832,8,Neukölln,WG Room,19,563,560
2833,8,Neukölln,WG Room,17,541,560
2834,8,Neukölln,WG Room,21,686,560
2835,8,Neukölln,WG Room,13,618,560
2836,8,Neukölln,WG Room,28,740,560
2837,8,Neukölln,WG Room,17,733,560
2838,8,Neukölln,WG Room,14,571,560
2839,8,Neukölln,WG Room,20,703,560
2840,8,Neukölln,WG Room,20,620,560
2841,8,Neukölln,WG Room,16,579,560
2842,8,Neukölln,WG Room,15,584,560
2843,8,Neukölln,WG Room,17,539,560
2844,8,Neukölln,WG Room,23,656,560
2845,8,Neukölln,WG Room,15,574,560
2846,8,Neukölln,WG Room,19,551,560
2847,8,Neukölln,WG Room,20,595,560
2848,8,Neukölln,WG Room,25,726,560
2849,8,Neukölln,WG Room,18,584,560
2850,8,Neukölln,WG Room,19,658,560
2851,8,Neukölln,WG Room,19,620,560
2852,8,Neukölln,WG Room,19,603,560
2853,8,Neukölln,WG Room,18,524,560
2854,8,Neukölln,WG Room,22,679,560
2855,8,Neukölln,WG Room,16,679,560
2856,8,Neukölln,WG Room,19,583,560
2857,8,Neukölln,WG Room,22,684,560
2858,8,Neukölln,WG Room,20,623,560
2859,8,Neukölln,WG Room,21,642,560
2860,8,Neukölln,WG Room,21,568,560
2861,8,Neukölln,WG Room,17,683,560
2862,8,Neukölln,WG Room,16,567,560
2863,8,Neukölln,WG Room,17,551,560
2864,8,Neukölln,WG Room,12,536,560
2865,8,Neukölln,WG Room,19,628,560
2866,8,Neukölln,WG Room,18,620,560
2867,8,Neukölln,WG Room,23,669,560
2868,8,Neukölln,WG Room,17,593,560
2869,8,Neukölln,WG Room,21,718,560
2870,8,Neukölln,WG Room,17,610,560
2871,8,Neukölln,WG Room,20,597,560
2872,8,Neukölln,WG Room,19,564,560
2873,8,Neukölln,WG Room,13,575,560
2874,8,Neukölln,WG Room,18,627,560
2875,8,Neukölln,WG Room,19,586,560
2876,8,Neukölln,WG Room,19,575,560
2877,8,Neukölln,WG Room,24,629,560
2878,8,Neukölln,WG Room,18,571,560
2879,8,Neukölln,WG Room,21,639,560
2880,8,Neukölln,WG Room,17,644,560
2881,8,Neukölln,WG Room,19,653,560
2882,8,Neukölln,WG Room,16,531,560
2883,8,Neukölln,WG Room,19,616,560
2884,8,Neukölln,WG Room,21,650,560
2885,8,Neukölln,WG Room,20,569,560
2886,8,Neukölln,WG Room,26,707,560
2887,8,Neukölln,WG Room,21,616,560
2888,8,Neukölln,WG Room,20,583,560
2889,8,Neukölln,WG Room,21,638,560
2890,8,Neukölln,WG Room,19,661,560
2891,8,Neukölln,WG Room,15,551,560
2892,8,Neukölln,WG Room,21,748,560
2893,8,Neukölln,WG Room,19,657,560
2894,8,Neukölln,WG Room,19,717,560
2895,8,Neukölln,WG Room,13,562,560
2896,8,Neukölln,WG Room,13,445,560
2897,8,Neukölln,WG Room,20,648,560
2898,8,Neukölln,WG Room,18,613,560
2899,8,Neukölln,WG Room,28,726,560
2900,8,Neukölln,WG Room,21,625,560
2901,8,Neukölln,WG Room,20,631,560
2902,8,Neukölln,WG Room,18,700,560
2903,8,Neukölln,WG Room,23,684,560
2904,8,Neukölln,WG Room,12,530,560
2905,8,Neukölln,WG Room,28,728,560
2906,8,Neukölln,WG Room,23,743,560
2907,8,Neukölln,WG Room,20,604,560
2908,8,Neukölln,WG Room,12,577,560
2909,8,Neukölln,WG Room,16,602,560
2910,8,Neukölln,WG Room,15,570,560
2911,8,Neukölln,WG Room,19,642,560
2912,8,Neukölln,WG Room,15,636,560
2913,8,Neukölln,WG Room,17,531,560
2914,8,Neukölln,WG Room,19,632,560
2915,8,Neukölln,WG Room,20,703,560
2916,8,Neukölln,WG Room,18,613,560
2917,8,Neukölln,WG Room,15,619,560
2918,8,Neukölln,WG Room,20,623,560
2919,8,Neukölln,WG Room,12,611,560
2920,8,Neukölln,WG Room,15,555,560
2921,8,Neukölln,WG Room,20,588,560
2922,8,Neukölln,WG Room,14,474,560
2923,8,Neukölln,WG Room,22,641,560
2924,8,Neukölln,WG Room,28,693,560
2925,8,Neukölln,WG Room,16,569,560
2926,8,Neukölln,WG Room,20,621,560
2927,8,Neukölln,WG Room,21,610,560
2928,8,Neukölln,WG Room,14,489,560
2929,8,Neukölln,WG Room,12,523,560
2930,8,Neukölln,WG Room,18,590,560
2931,8,Neukölln,WG Room,23,733,560
2932,8,Neukölln,WG Room,18,537,560
2933,8,Neukölln,WG Room,17,579,560
2934,8,Neukölln,WG Room,17,575,560
2935,8,Neukölln,WG Room,17,589,560
2936,8,Neukölln,WG Room,17,615,560
2937,8,Neukölln,WG Room,20,601,560
2938,8,Neukölln,WG Room,23,634,560
2939,8,Neukölln,WG Room,13,575,560
2940,8,Neukölln,WG Room,16,608,560
2941,9,Wedding,WG Room,12,539,340
2942,9,Wedding,WG Room,21,516,340
2943,9,Wedding,WG Room,14,575,340
2944,9,Wedding,WG Room,16,486,340
2945,9,Wedding,WG Room,12,460,340
2946,9,Wedding,WG Room,18,580,340
2947,9,Wedding,WG Room,14,432,340
2948,9,Wedding,WG Room,21,629,340
2949,9,Wedding,WG Room,14,549,340
2950,9,Wedding,WG Room,19,609,340
2951,9,Wedding,WG Room,19,446,340
2952,9,Wedding,WG Room,18,596,340
2953,9,Wedding,WG Room,16,507,340
2954,9,Wedding,WG Room,18,418,340
2955,9,Wedding,WG Room,25,591,340
2956,9,Wedding,WG Room,21,580,340
2957,9,Wedding,WG Room,23,626,340
2958,9,Wedding,WG Room,18,508,340
2959,9,Wedding,WG Room,22,512,340
2960,9,Wedding,WG Room,21,535,340
2961,9,Wedding,WG Room,23,615,340
2962,9,Wedding,WG Room,21,588,340
2963,9,Wedding,WG Room,13,449,340
2964,9,Wedding,WG Room,21,591,340
2965,9,Wedding,WG Room,23,626,340
2966,9,Wedding,WG Room,16,488,340
2967,9,Wedding,WG Room,19,456,340
2968,9,Wedding,WG Room,25,652,340
2969,9,Wedding,WG Room,23,537,340
2970,9,Wedding,WG Room,23,708,340
2971,9,Wedding,WG Room,14,535,340
2972,9,Wedding,WG Room,19,491,340
2973,9,Wedding,WG Room,21,622,340
2974,9,Wedding,WG Room,17,588,340
2975,9,Wedding,WG Room,13,421,340
2976,9,Wedding,WG Room,19,561,340
2977,9,Wedding,WG Room,16,560,340
2978,9,Wedding,WG Room,21,623,340
2979,9,Wedding,WG Room,19,587,340
2980,9,Wedding,WG Room,17,628,340
2981,9,Wedding,WG Room,16,619,340
2982,9,Wedding,WG Room,19,498,340
2983,9,Wedding,WG Room,24,626,340
2984,9,Wedding,WG Room,22,651,340
2985,9,Wedding,WG Room,20,545,340
2986,9,Wedding,WG Room,22,596,340
2987,9,Wedding,WG Room,21,487,340
2988,9,Wedding,WG Room,21,555,340
2989,9,Wedding,WG Room,25,660,340
2990,9,Wedding,WG Room,20,594,340
2991,9,Wedding,WG Room,16,597,340
2992,9,Wedding,WG Room,26,662,340
2993,9,Wedding,WG Room,25,606,340
2994,9,Wedding,WG Room,16,526,340
2995,9,Wedding,WG Room,21,566,340
2996,9,Wedding,WG Room,21,598,340
2997,9,Wedding,WG Room,16,547,340
2998,9,Wedding,WG Room,22,604,340
2999,9,Wedding,WG Room,23,553,340
3000,9,Wedding,WG Room,21,531,340
3001,9,Wedding,WG Room,15,484,340
3002,9,Wedding,WG Room,16,499,340
3003,9,Wedding,WG Room,18,586,340
3004,9,Wedding,WG Room,18,477,340
3005,9,Wedding,WG Room,23,570,340
3006,9,Wedding,WG Room,19,580,340
3007,9,Wedding,WG Room,20,621,340
3008,9,Wedding,WG Room,21,545,340
3009,9,Wedding,WG Room,27,665,340
3010,9,Wedding,WG Room,18,591,340
3011,9,Wedding,WG Room,20,590,340
3012,9,Wedding,WG Room,28,656,340
3013,9,Wedding,WG Room,18,553,340
3014,9,Wedding,WG Room,23,540,340
3015,9,Wedding,WG Room,12,450,340
3016,9,Wedding,WG Room,13,469,340
3017,9,Wedding,WG Room,21,544,340
3018,9,Wedding,WG Room,14,503,340
3019,9,Wedding,WG Room,22,520,340
3020,9,Wedding,WG Room,22,633,340
3021,9,Wedding,WG Room,22,651,340
3022,9,Wedding,WG Room,27,640,340
3023,9,Wedding,WG Room,19,541,340
3024,9,Wedding,WG Room,19,629,340
3025,9,Wedding,WG Room,14,461,340
3026,9,Wedding,WG Room,24,666,340
3027,9,Wedding,WG Room,18,586,340
3028,9,Wedding,WG Room,20,640,340
3029,9,Wedding,WG Room,19,606,340
3030,9,Wedding,WG Room,28,695,340
3031,9,Wedding,WG Room,19,593,340
3032,9,Wedding,WG Room,18,655,340
3033,9,Wedding,WG Room,20,560,340
3034,9,Wedding,WG Room,16,573,340
3035,9,Wedding,WG Room,22,574,340
3036,9,Wedding,WG Room,21,516,340
3037,9,Wedding,WG Room,20,592,340
3038,9,Wedding,WG Room,25,597,340
3039,9,Wedding,WG Room,15,472,340
3040,9,Wedding,WG Room,14,560,340
3041,9,Wedding,WG Room,24,634,340
3042,9,Wedding,WG Room,23,614,340
3043,9,Wedding,WG Room,19,545,340
3044,9,Wedding,WG Room,18,478,340
3045,9,Wedding,WG Room,20,570,340
3046,9,Wedding,WG Room,22,600,340
3047,9,Wedding,WG Room,18,509,340
3048,9,Wedding,WG Room,19,593,340
3049,9,Wedding,WG Room,15,516,340
3050,9,Wedding,WG Room,20,540,340
3051,9,Wedding,WG Room,17,546,340
3052,9,Wedding,WG Room,15,528,340
3053,9,Wedding,WG Room,16,572,340
3054,9,Wedding,WG Room,27,617,340
3055,9,Wedding,WG Room,21,551,340
3056,9,Wedding,WG Room,23,551,340
3057,9,Wedding,WG Room,21,545,340
3058,9,Wedding,WG Room,18,502,340
3059,9,Wedding,WG Room,22,558,340
3060,9,Wedding,WG Room,21,569,340
3061,9,Wedding,WG Room,19,567,340
3062,9,Wedding,WG Room,16,533,340
3063,9,Wedding,WG Room,24,585,340
3064,9,Wedding,WG Room,23,675,340
3065,9,Wedding,WG Room,16,459,340
3066,9,Wedding,WG Room,20,547,340
3067,9,Wedding,WG Room,26,646,340
3068,9,Wedding,WG Room,16,472,340
3069,9,Wedding,WG Room,23,582,340
3070,9,Wedding,WG Room,19,603,340
3071,9,Wedding,WG Room,17,534,340
3072,9,Wedding,WG Room,19,591,340
3073,9,Wedding,WG Room,21,574,340
3074,9,Wedding,WG Room,19,543,340
3075,9,Wedding,WG Room,14,512,340
3076,9,Wedding,WG Room,26,604,340
3077,9,Wedding,WG Room,16,485,340
3078,9,Wedding,WG Room,22,616,340
3079,9,Wedding,WG Room,18,507,340
3080,9,Wedding,WG Room,19,490,340
3081,9,Wedding,WG Room,20,611,340
3082,9,Wedding,WG Room,15,443,340
3083,9,Wedding,WG Room,25,604,340
3084,9,Wedding,WG Room,23,601,340
3085,9,Wedding,WG Room,18,568,340
3086,9,Wedding,WG Room,16,530,340
3087,9,Wedding,WG Room,18,489,340
3088,9,Wedding,WG Room,20,560,340
3089,9,Wedding,WG Room,18,494,340
3090,9,Wedding,WG Room,25,671,340
3091,9,Wedding,WG Room,22,582,340
3092,9,Wedding,WG Room,13,576,340
3093,9,Wedding,WG Room,19,526,340
3094,9,Wedding,WG Room,20,625,340
3095,9,Wedding,WG Room,19,618,340
3096,9,Wedding,WG Room,23,560,340
3097,9,Wedding,WG Room,17,579,340
3098,9,Wedding,WG Room,12,469,340
3099,9,Wedding,WG Room,14,479,340
3100,9,Wedding,WG Room,18,532,340
3101,9,Wedding,WG Room,17,487,340
3102,9,Wedding,WG Room,27,740,340
3103,9,Wedding,WG Room,15,583,340
3104,9,Wedding,WG Room,18,554,340
3105,9,Wedding,WG Room,19,530,340
3106,9,Wedding,WG Room,22,602,340
3107,9,Wedding,WG Room,17,477,340
3108,9,Wedding,WG Room,16,450,340
3109,9,Wedding,WG Room,19,506,340
3110,9,Wedding,WG Room,18,610,340
3111,9,Wedding,WG Room,23,607,340
3112,9,Wedding,WG Room,19,645,340
3113,9,Wedding,WG Room,21,569,340
3114,9,Wedding,WG Room,14,518,340
3115,9,Wedding,WG Room,22,568,340
3116,9,Wedding,WG Room,20,556,340
3117,9,Wedding,WG Room,18,436,340
3118,9,Wedding,WG Room,18,592,340
3119,9,Wedding,WG Room,17,538,340
3120,9,Wedding,WG Room,16,540,340
3121,9,Wedding,WG Room,18,506,340
3122,9,Wedding,WG Room,24,662,340
3123,9,Wedding,WG Room,17,558,340
3124,9,Wedding,WG Room,21,613,340
3125,9,Wedding,WG Room,13,533,340
3126,9,Wedding,WG Room,17,520,340
3127,9,Wedding,WG Room,28,682,340
3128,9,Wedding,WG Room,18,449,340
3129,9,Wedding,WG Room,24,559,340
3130,9,Wedding,WG Room,15,497,340
3131,9,Wedding,WG Room,24,655,340
3132,9,Wedding,WG Room,18,562,340
3133,9,Wedding,WG Room,17,542,340
3134,9,Wedding,WG Room,19,604,340
3135,9,Wedding,WG Room,22,618,340
3136,9,Wedding,WG Room,18,581,340
3137,9,Wedding,WG Room,19,511,340
3138,9,Wedding,WG Room,18,552,340
3139,9,Wedding,WG Room,22,588,340
3140,9,Wedding,WG Room,15,515,340
3141,9,Wedding,WG Room,19,568,340
3142,9,Wedding,WG Room,22,642,340
3143,9,Wedding,WG Room,17,508,340
3144,9,Wedding,WG Room,15,543,340
3145,9,Wedding,WG Room,24,606,340
3146,9,Wedding,WG Room,18,614,340
3147,9,Wedding,WG Room,21,604,340
3148,9,Wedding,WG Room,15,543,340
3149,9,Wedding,WG Room,16,473,340
3150,9,Wedding,WG Room,18,522,340
3151,9,Wedding,WG Room,18,483,340
3152,9,Wedding,WG Room,22,647,340
3153,9,Wedding,WG Room,12,520,340
3154,9,Wedding,WG Room,16,563,340
3155,9,Wedding,WG Room,19,561,340
3156,9,Wedding,WG Room,18,603,340
3157,9,Wedding,WG Room,15,539,340
3158,9,Wedding,WG Room,23,640,340
3159,9,Wedding,WG Room,27,632,340
3160,9,Wedding,WG Room,22,591,340
3161,9,Wedding,WG Room,23,608,340
3162,9,Wedding,WG Room,18,607,340
3163,9,Wedding,WG Room,17,472,340
3164,9,Wedding,WG Room,17,564,340
3165,9,Wedding,WG Room,24,625,340
3166,9,Wedding,WG Room,24,559,340
3167,9,Wedding,WG Room,17,523,340
3168,9,Wedding,WG Room,19,564,340
3169,9,Wedding,WG Room,21,564,340
3170,9,Wedding,WG Room,19,558,340
3171,9,Wedding,WG Room,16,519,340
3172,9,Wedding,WG Room,18,541,340
3173,9,Wedding,WG Room,19,563,340
3174,9,Wedding,WG Room,17,593,340
3175,9,Wedding,WG Room,15,480,340
3176,9,Wedding,WG Room,28,621,340
3177,9,Wedding,WG Room,14,533,340
3178,9,Wedding,WG Room,12,465,340
3179,9,Wedding,WG Room,27,586,340
3180,9,Wedding,WG Room,12,409,340
3181,9,Wedding,WG Room,22,647,340
3182,9,Wedding,WG Room,17,567,340
3183,9,Wedding,WG Room,24,700,340
3184,9,Wedding,WG Room,18,444,340
3185,9,Wedding,WG Room,16,505,340
3186,9,Wedding,WG Room,18,540,340
3187,9,Wedding,WG Room,23,665,340
3188,9,Wedding,WG Room,18,597,340
3189,9,Wedding,WG Room,20,575,340
3190,9,Wedding,WG Room,22,599,340
3191,9,Wedding,WG Room,26,579,340
3192,9,Wedding,WG Room,17,530,340
3193,9,Wedding,WG Room,21,641,340
3194,9,Wedding,WG Room,19,496,340
3195,9,Wedding,WG Room,22,630,340
3196,9,Wedding,WG Room,12,476,340
3197,9,Wedding,WG Room,13,458,340
3198,9,Wedding,WG Room,16,560,340
3199,9,Wedding,WG Room,19,502,340
3200,9,Wedding,WG Room,22,531,340
3201,9,Wedding,WG Room,20,535,340
3202,9,Wedding,WG Room,18,571,340
3203,9,Wedding,WG Room,21,644,340
3204,9,Wedding,WG Room,19,574,340
3205,9,Wedding,WG Room,17,544,340
3206,9,Wedding,WG Room,21,580,340
3207,9,Wedding,WG Room,13,503,340
3208,9,Wedding,WG Room,20,541,340
3209,9,Wedding,WG Room,15,578,340
3210,9,Wedding,WG Room,21,574,340
3211,9,Wedding,WG Room,15,475,340
3212,9,Wedding,WG Room,24,626,340
3213,9,Wedding,WG Room,17,559,340
3214,9,Wedding,WG Room,16,592,340
3215,9,Wedding,WG Room,24,599,340
3216,9,Wedding,WG Room,17,418,340
3217,9,Wedding,WG Room,14,440,340
3218,9,Wedding,WG Room,19,545,340
3219,9,Wedding,WG Room,14,487,340
3220,9,Wedding,WG Room,21,608,340
3221,9,Wedding,WG Room,12,470,340
3222,9,Wedding,WG Room,14,541,340
3223,9,Wedding,WG Room,22,556,340
3224,9,Wedding,WG Room,16,503,340
3225,9,Wedding,WG Room,12,491,340
3226,9,Wedding,WG Room,18,592,340
3227,9,Wedding,WG Room,15,484,340
3228,9,Wedding,WG Room,14,455,340
3229,9,Wedding,WG Room,15,557,340
3230,9,Wedding,WG Room,17,542,340
3231,9,Wedding,WG Room,18,491,340
3232,9,Wedding,WG Room,18,575,340
3233,9,Wedding,WG Room,15,548,340
3234,9,Wedding,WG Room,16,502,340
3235,9,Wedding,WG Room,21,554,340
3236,9,Wedding,WG Room,19,546,340
3237,9,Wedding,WG Room,19,453,340
3238,9,Wedding,WG Room,13,516,340
3239,9,Wedding,WG Room,23,567,340
3240,9,Wedding,WG Room,18,561,340
3241,9,Wedding,WG Room,21,493,340
3242,9,Wedding,WG Room,16,509,340
3243,9,Wedding,WG Room,21,696,340
3244,9,Wedding,WG Room,18,485,340
3245,9,Wedding,WG Room,20,631,340
3246,9,Wedding,WG Room,19,519,340
3247,9,Wedding,WG Room,22,626,340
3248,9,Wedding,WG Room,15,529,340
3249,9,Wedding,WG Room,22,649,340
3250,9,Wedding,WG Room,19,544,340
3251,9,Wedding,WG Room,23,554,340
3252,9,Wedding,WG Room,21,522,340
3253,9,Wedding,WG Room,23,596,340
3254,9,Wedding,WG Room,23,630,340
3255,9,Wedding,WG Room,15,576,340
3256,9,Wedding,WG Room,24,660,340
3257,9,Wedding,WG Room,16,510,340
3258,9,Wedding,WG Room,20,540,340
3259,9,Wedding,WG Room,25,638,340
3260,9,Wedding,WG Room,12,491,340
3261,9,Wedding,WG Room,18,545,340
3262,9,Wedding,WG Room,18,584,340
3263,9,Wedding,WG Room,23,621,340
3264,9,Wedding,WG Room,18,546,340
3265,9,Wedding,WG Room,19,524,340
3266,9,Wedding,WG Room,21,605,340
3267,9,Wedding,WG Room,24,676,340
3268,9,Wedding,WG Room,17,573,340
3269,9,Wedding,WG Room,16,555,340
3270,9,Wedding,WG Room,17,490,340
3271,9,Wedding,WG Room,20,452,340
3272,9,Wedding,WG Room,13,480,340
3273,9,Wedding,WG Room,19,543,340
3274,9,Wedding,WG Room,13,451,340
3275,9,Wedding,WG Room,20,598,340
3276,9,Wedding,WG Room,19,612,340
3277,9,Wedding,WG Room,20,538,340
3278,9,Wedding,WG Room,18,485,340
3279,9,Wedding,WG Room,19,610,340
3280,9,Wedding,WG Room,21,647,340
3281,10,Pankow,WG Room,18,619,160
3282,10,Pankow,WG Room,18,624,160
3283,10,Pankow,WG Room,19,602,160
3284,10,Pankow,WG Room,24,621,160
3285,10,Pankow,WG Room,20,640,160
3286,10,Pankow,WG Room,19,511,160
3287,10,Pankow,WG Room,27,645,160
3288,10,Pankow,WG Room,20,634,160
3289,10,Pankow,WG Room,17,501,160
3290,10,Pankow,WG Room,20,501,160
3291,10,Pankow,WG Room,18,569,160
3292,10,Pankow,WG Room,18,489,160
3293,10,Pankow,WG Room,25,647,160
3294,10,Pankow,WG Room,24,618,160
3295,10,Pankow,WG Room,16,546,160
3296,10,Pankow,WG Room,18,505,160
3297,10,Pankow,WG Room,24,602,160
3298,10,Pankow,WG Room,13,558,160
3299,10,Pankow,WG Room,17,519,160
3300,10,Pankow,WG Room,13,576,160
3301,10,Pankow,WG Room,14,513,160
3302,10,Pankow,WG Room,22,625,160
3303,10,Pankow,WG Room,19,493,160
3304,10,Pankow,WG Room,16,542,160
3305,10,Pankow,WG Room,16,543,160
3306,10,Pankow,WG Room,21,637,160
3307,10,Pankow,WG Room,15,621,160
3308,10,Pankow,WG Room,22,606,160
3309,10,Pankow,WG Room,23,724,160
3310,10,Pankow,WG Room,14,500,160
3311,10,Pankow,WG Room,12,495,160
3312,10,Pankow,WG Room,20,580,160
3313,10,Pankow,WG Room,17,454,160
3314,10,Pankow,WG Room,20,647,160
3315,10,Pankow,WG Room,17,566,160
3316,10,Pankow,WG Room,14,531,160
3317,10,Pankow,WG Room,18,524,160
3318,10,Pankow,WG Room,16,516,160
3319,10,Pankow,WG Room,20,523,160
3320,10,Pankow,WG Room,18,556,160
3321,10,Pankow,WG Room,15,603,160
3322,10,Pankow,WG Room,16,504,160
3323,10,Pankow,WG Room,16,615,160
3324,10,Pankow,WG Room,21,552,160
3325,10,Pankow,WG Room,23,627,160
3326,10,Pankow,WG Room,20,566,160
3327,10,Pankow,WG Room,16,549,160
3328,10,Pankow,WG Room,17,628,160
3329,10,Pankow,WG Room,15,591,160
3330,10,Pankow,WG Room,19,583,160
3331,10,Pankow,WG Room,22,578,160
3332,10,Pankow,WG Room,22,484,160
3333,10,Pankow,WG Room,16,492,160
3334,10,Pankow,WG Room,15,512,160
3335,10,Pankow,WG Room,20,614,160
3336,10,Pankow,WG Room,20,552,160
3337,10,Pankow,WG Room,20,588,160
3338,10,Pankow,WG Room,22,641,160
3339,10,Pankow,WG Room,19,530,160
3340,10,Pankow,WG Room,17,521,160
3341,10,Pankow,WG Room,18,570,160
3342,10,Pankow,WG Room,22,604,160
3343,10,Pankow,WG Room,19,576,160
3344,10,Pankow,WG Room,17,504,160
3345,10,Pankow,WG Room,13,467,160
3346,10,Pankow,WG Room,21,562,160
3347,10,Pankow,WG Room,18,579,160
3348,10,Pankow,WG Room,21,545,160
3349,10,Pankow,WG Room,22,657,160
3350,10,Pankow,WG Room,15,485,160
3351,10,Pankow,WG Room,23,611,160
3352,10,Pankow,WG Room,12,423,160
3353,10,Pankow,WG Room,18,506,160
3354,10,Pankow,WG Room,18,559,160
3355,10,Pankow,WG Room,24,617,160
3356,10,Pankow,WG Room,23,682,160
3357,10,Pankow,WG Room,24,643,160
3358,10,Pankow,WG Room,12,507,160
3359,10,Pankow,WG Room,23,614,160
3360,10,Pankow,WG Room,25,681,160
3361,10,Pankow,WG Room,21,643,160
3362,10,Pankow,WG Room,20,470,160
3363,10,Pankow,WG Room,17,600,160
3364,10,Pankow,WG Room,16,524,160
3365,10,Pankow,WG Room,15,602,160
3366,10,Pankow,WG Room,25,602,160
3367,10,Pankow,WG Room,20,551,160
3368,10,Pankow,WG Room,21,617,160
3369,10,Pankow,WG Room,22,621,160
3370,10,Pankow,WG Room,28,632,160
3371,10,Pankow,WG Room,13,480,160
3372,10,Pankow,WG Room,14,443,160
3373,10,Pankow,WG Room,15,481,160
3374,10,Pankow,WG Room,16,557,160
3375,10,Pankow,WG Room,17,538,160
3376,10,Pankow,WG Room,22,572,160
3377,10,Pankow,WG Room,18,574,160
3378,10,Pankow,WG Room,12,379,160
3379,10,Pankow,WG Room,20,604,160
3380,10,Pankow,WG Room,26,661,160
3381,10,Pankow,WG Room,22,597,160
3382,10,Pankow,WG Room,20,657,160
3383,10,Pankow,WG Room,12,505,160
3384,10,Pankow,WG Room,26,667,160
3385,10,Pankow,WG Room,25,614,160
3386,10,Pankow,WG Room,19,572,160
3387,10,Pankow,WG Room,12,433,160
3388,10,Pankow,WG Room,15,559,160
3389,10,Pankow,WG Room,22,621,160
3390,10,Pankow,WG Room,22,599,160
3391,10,Pankow,WG Room,23,618,160
3392,10,Pankow,WG Room,19,558,160
3393,10,Pankow,WG Room,21,575,160
3394,10,Pankow,WG Room,22,555,160
3395,10,Pankow,WG Room,15,553,160
3396,10,Pankow,WG Room,19,550,160
3397,10,Pankow,WG Room,22,579,160
3398,10,Pankow,WG Room,18,621,160
3399,10,Pankow,WG Room,24,701,160
3400,10,Pankow,WG Room,18,613,160
3401,10,Pankow,WG Room,16,493,160
3402,10,Pankow,WG Room,12,561,160
3403,10,Pankow,WG Room,16,528,160
3404,10,Pankow,WG Room,16,565,160
3405,10,Pankow,WG Room,18,499,160
3406,10,Pankow,WG Room,21,529,160
3407,10,Pankow,WG Room,16,439,160
3408,10,Pankow,WG Room,14,518,160
3409,10,Pankow,WG Room,12,419,160
3410,10,Pankow,WG Room,19,546,160
3411,10,Pankow,WG Room,26,737,160
3412,10,Pankow,WG Room,16,559,160
3413,10,Pankow,WG Room,22,579,160
3414,10,Pankow,WG Room,14,509,160
3415,10,Pankow,WG Room,18,538,160
3416,10,Pankow,WG Room,21,560,160
3417,10,Pankow,WG Room,15,527,160
3418,10,Pankow,WG Room,20,529,160
3419,10,Pankow,WG Room,22,526,160
3420,10,Pankow,WG Room,17,534,160
3421,10,Pankow,WG Room,17,521,160
3422,10,Pankow,WG Room,26,616,160
3423,10,Pankow,WG Room,28,698,160
3424,10,Pankow,WG Room,19,591,160
3425,10,Pankow,WG Room,28,633,160
3426,10,Pankow,WG Room,15,488,160
3427,10,Pankow,WG Room,19,492,160
3428,10,Pankow,WG Room,19,646,160
3429,10,Pankow,WG Room,20,569,160
3430,10,Pankow,WG Room,17,586,160
3431,10,Pankow,WG Room,16,617,160
3432,10,Pankow,WG Room,26,666,160
3433,10,Pankow,WG Room,19,616,160
3434,10,Pankow,WG Room,23,582,160
3435,10,Pankow,WG Room,17,486,160
3436,10,Pankow,WG Room,20,612,160
3437,10,Pankow,WG Room,14,490,160
3438,10,Pankow,WG Room,14,470,160
3439,10,Pankow,WG Room,21,561,160
3440,10,Pankow,WG Room,18,485,160
3441,11,Steglitz,WG Room,20,570,140
3442,11,Steglitz,WG Room,16,515,140
3443,11,Steglitz,WG Room,20,535,140
3444,11,Steglitz,WG Room,14,581,140
3445,11,Steglitz,WG Room,17,532,140
3446,11,Steglitz,WG Room,23,767,140
3447,11,Steglitz,WG Room,15,532,140
3448,11,Steglitz,WG Room,17,512,140
3449,11,Steglitz,WG Room,16,473,140
3450,11,Steglitz,WG Room,19,494,140
3451,11,Steglitz,WG Room,22,598,140
3452,11,Steglitz,WG Room,20,551,140
3453,11,Steglitz,WG Room,18,561,140
3454,11,Steglitz,WG Room,15,496,140
3455,11,Steglitz,WG Room,16,484,140
3456,11,Steglitz,WG Room,12,536,140
3457,11,Steglitz,WG Room,17,588,140
3458,11,Steglitz,WG Room,23,550,140
3459,11,Steglitz,WG Room,15,627,140
3460,11,Steglitz,WG Room,25,631,140
3461,11,Steglitz,WG Room,20,544,140
3462,11,Steglitz,WG Room,21,552,140
3463,11,Steglitz,WG Room,12,417,140
3464,11,Steglitz,WG Room,19,509,140
3465,11,Steglitz,WG Room,19,512,140
3466,11,Steglitz,WG Room,16,562,140
3467,11,Steglitz,WG Room,20,572,140
3468,11,Steglitz,WG Room,22,618,140
3469,11,Steglitz,WG Room,24,599,140
3470,11,Steglitz,WG Room,17,477,140
3471,11,Steglitz,WG Room,17,579,140
3472,11,Steglitz,WG Room,24,663,140
3473,11,Steglitz,WG Room,13,537,140
3474,11,Steglitz,WG Room,13,528,140
3475,11,Steglitz,WG Room,18,580,140
3476,11,Steglitz,WG Room,14,553,140
3477,11,Steglitz,WG Room,14,470,140
3478,11,Steglitz,WG Room,16,445,140
3479,11,Steglitz,WG Room,19,641,140
3480,11,Steglitz,WG Room,28,672,140
3481,11,Steglitz,WG Room,23,618,140
3482,11,Steglitz,WG Room,21,569,140
3483,11,Steglitz,WG Room,20,596,140
3484,11,Steglitz,WG Room,17,533,140
3485,11,Steglitz,WG Room,19,597,140
3486,11,Steglitz,WG Room,15,510,140
3487,11,Steglitz,WG Room,26,696,140
3488,11,Steglitz,WG Room,24,621,140
3489,11,Steglitz,WG Room,20,617,140
3490,11,Steglitz,WG Room,24,532,140
3491,11,Steglitz,WG Room,14,559,140
3492,11,Steglitz,WG Room,18,518,140
3493,11,Steglitz,WG Room,15,487,140
3494,11,Steglitz,WG Room,14,594,140
3495,11,Steglitz,WG Room,19,557,140
3496,11,Steglitz,WG Room,21,627,140
3497,11,Steglitz,WG Room,22,644,140
3498,11,Steglitz,WG Room,17,523,140
3499,11,Steglitz,WG Room,22,572,140
3500,11,Steglitz,WG Room,19,578,140
3501,11,Steglitz,WG Room,22,516,140
3502,11,Steglitz,WG Room,22,585,140
3503,11,Steglitz,WG Room,21,619,140
3504,11,Steglitz,WG Room,25,693,140
3505,11,Steglitz,WG Room,24,685,140
3506,11,Steglitz,WG Room,20,573,140
3507,11,Steglitz,WG Room,22,629,140
3508,11,Steglitz,WG Room,18,566,140
3509,11,Steglitz,WG Room,19,522,140
3510,11,Steglitz,WG Room,24,622,140
3511,11,Steglitz,WG Room,26,571,140
3512,11,Steglitz,WG Room,17,537,140
3513,11,Steglitz,WG Room,23,626,140
3514,11,Steglitz,WG Room,20,521,140
3515,11,Steglitz,WG Room,15,527,140
3516,11,Steglitz,WG Room,14,476,140
3517,11,Steglitz,WG Room,21,540,140
3518,11,Steglitz,WG Room,25,687,140
3519,11,Steglitz,WG Room,14,458,140
3520,11,Steglitz,WG Room,12,441,140
3521,11,Steglitz,WG Room,22,577,140
3522,11,Steglitz,WG Room,21,515,140
3523,11,Steglitz,WG Room,22,571,140
3524,11,Steglitz,WG Room,19,556,140
3525,11,Steglitz,WG Room,15,460,140
3526,11,Steglitz,WG Room,22,614,140
3527,11,Steglitz,WG Room,23,623,140
3528,11,Steglitz,WG Room,20,494,140
3529,11,Steglitz,WG Room,18,547,140
3530,11,Steglitz,WG Room,26,675,140
3531,11,Steglitz,WG Room,24,647,140
3532,11,Steglitz,WG Room,17,541,140
3533,11,Steglitz,WG Room,20,530,140
3534,11,Steglitz,WG Room,18,539,140
3535,11,Steglitz,WG Room,25,538,140
3536,11,Steglitz,WG Room,23,566,140
3537,11,Steglitz,WG Room,14,553,140
3538,11,Steglitz,WG Room,22,652,140
3539,11,Steglitz,WG Room,22,689,140
3540,11,Steglitz,WG Room,21,577,140
3541,11,Steglitz,WG Room,20,628,140
3542,11,Steglitz,WG Room,16,495,140
3543,11,Steglitz,WG Room,18,453,140
3544,11,Steglitz,WG Room,19,475,140
3545,11,Steglitz,WG Room,19,599,140
3546,11,Steglitz,WG Room,17,611,140
3547,11,Steglitz,WG Room,14,554,140
3548,11,Steglitz,WG Room,21,507,140
3549,11,Steglitz,WG Room,28,665,140
3550,11,Steglitz,WG Room,16,461,140
3551,11,Steglitz,WG Room,18,542,140
3552,11,Steglitz,WG Room,19,547,140
3553,11,Steglitz,WG Room,21,567,140
3554,11,Steglitz,WG Room,12,469,140
3555,11,Steglitz,WG Room,12,492,140
3556,11,Steglitz,WG Room,16,531,140
3557,11,Steglitz,WG Room,24,577,140
3558,11,Steglitz,WG Room,23,588,140
3559,11,Steglitz,WG Room,25,616,140
3560,11,Steglitz,WG Room,16,555,140
3561,11,Steglitz,WG Room,17,498,140
3562,11,Steglitz,WG Room,17,534,140
3563,11,Steglitz,WG Room,24,533,140
3564,11,Steglitz,WG Room,19,588,140
3565,11,Steglitz,WG Room,20,631,140
3566,11,Steglitz,WG Room,19,552,140
3567,11,Steglitz,WG Room,21,588,140
3568,11,Steglitz,WG Room,18,571,140
3569,11,Steglitz,WG Room,17,508,140
3570,11,Steglitz,WG Room,17,597,140
3571,11,Steglitz,WG Room,12,494,140
3572,11,Steglitz,WG Room,19,484,140
3573,11,Steglitz,WG Room,20,593,140
3574,11,Steglitz,WG Room,21,465,140
3575,11,Steglitz,WG Room,24,587,140
3576,11,Steglitz,WG Room,21,617,140
3577,11,Steglitz,WG Room,16,554,140
3578,11,Steglitz,WG Room,18,455,140
3579,11,Steglitz,WG Room,23,573,140
3580,11,Steglitz,WG Room,16,506,140
3581,12,Lichtenberg,WG Room,20,529,180
3582,12,Lichtenberg,WG Room,21,484,180
3583,12,Lichtenberg,WG Room,16,479,180
3584,12,Lichtenberg,WG Room,26,599,180
3585,12,Lichtenberg,WG Room,23,570,180
3586,12,Lichtenberg,WG Room,17,485,180
3587,12,Lichtenberg,WG Room,18,535,180
3588,12,Lichtenberg,WG Room,24,596,180
3589,12,Lichtenberg,WG Room,23,525,180
3590,12,Lichtenberg,WG Room,18,475,180
3591,12,Lichtenberg,WG Room,20,516,180
3592,12,Lichtenberg,WG Room,22,514,180
3593,12,Lichtenberg,WG Room,19,551,180
3594,12,Lichtenberg,WG Room,12,531,180
3595,12,Lichtenberg,WG Room,18,417,180
3596,12,Lichtenberg,WG Room,20,534,180
3597,12,Lichtenberg,WG Room,19,565,180
3598,12,Lichtenberg,WG Room,22,569,180
3599,12,Lichtenberg,WG Room,21,539,180
3600,12,Lichtenberg,WG Room,25,525,180
3601,12,Lichtenberg,WG Room,19,523,180
3602,12,Lichtenberg,WG Room,22,518,180
3603,12,Lichtenberg,WG Room,13,455,180
3604,12,Lichtenberg,WG Room,20,599,180
3605,12,Lichtenberg,WG Room,15,524,180
3606,12,Lichtenberg,WG Room,27,599,180
3607,12,Lichtenberg,WG Room,14,442,180
3608,12,Lichtenberg,WG Room,19,545,180
3609,12,Lichtenberg,WG Room,17,566,180
3610,12,Lichtenberg,WG Room,15,394,180
3611,12,Lichtenberg,WG Room,23,466,180
3612,12,Lichtenberg,WG Room,18,648,180
3613,12,Lichtenberg,WG Room,19,470,180
3614,12,Lichtenberg,WG Room,19,518,180
3615,12,Lichtenberg,WG Room,20,562,180
3616,12,Lichtenberg,WG Room,15,548,180
3617,12,Lichtenberg,WG Room,20,565,180
3618,12,Lichtenberg,WG Room,17,554,180
3619,12,Lichtenberg,WG Room,18,520,180
3620,12,Lichtenberg,WG Room,16,439,180
3621,12,Lichtenberg,WG Room,21,524,180
3622,12,Lichtenberg,WG Room,16,455,180
3623,12,Lichtenberg,WG Room,21,516,180
3624,12,Lichtenberg,WG Room,19,521,180
3625,12,Lichtenberg,WG Room,12,370,180
3626,12,Lichtenberg,WG Room,20,499,180
3627,12,Lichtenberg,WG Room,23,612,180
3628,12,Lichtenberg,WG Room,22,638,180
3629,12,Lichtenberg,WG Room,19,549,180
3630,12,Lichtenberg,WG Room,17,606,180
3631,12,Lichtenberg,WG Room,26,605,180
3632,12,Lichtenberg,WG Room,20,593,180
3633,12,Lichtenberg,WG Room,18,478,180
3634,12,Lichtenberg,WG Room,22,560,180
3635,12,Lichtenberg,WG Room,20,494,180
3636,12,Lichtenberg,WG Room,13,459,180
3637,12,Lichtenberg,WG Room,22,546,180
3638,12,Lichtenberg,WG Room,24,548,180
3639,12,Lichtenberg,WG Room,15,469,180
3640,12,Lichtenberg,WG Room,19,555,180
3641,12,Lichtenberg,WG Room,16,546,180
3642,12,Lichtenberg,WG Room,26,602,180
3643,12,Lichtenberg,WG Room,23,520,180
3644,12,Lichtenberg,WG Room,23,615,180
3645,12,Lichtenberg,WG Room,22,555,180
3646,12,Lichtenberg,WG Room,12,407,180
3647,12,Lichtenberg,WG Room,17,452,180
3648,12,Lichtenberg,WG Room,19,501,180
3649,12,Lichtenberg,WG Room,16,436,180
3650,12,Lichtenberg,WG Room,16,534,180
3651,12,Lichtenberg,WG Room,17,473,180
3652,12,Lichtenberg,WG Room,17,511,180
3653,12,Lichtenberg,WG Room,21,407,180
3654,12,Lichtenberg,WG Room,23,633,180
3655,12,Lichtenberg,WG Room,15,428,180
3656,12,Lichtenberg,WG Room,17,462,180
3657,12,Lichtenberg,WG Room,20,444,180
3658,12,Lichtenberg,WG Room,15,541,180
3659,12,Lichtenberg,WG Room,16,540,180
3660,12,Lichtenberg,WG Room,20,451,180
3661,12,Lichtenberg,WG Room,21,539,180
3662,12,Lichtenberg,WG Room,17,507,180
3663,12,Lichtenberg,WG Room,21,576,180
3664,12,Lichtenberg,WG Room,23,586,180
3665,12,Lichtenberg,WG Room,14,439,180
3666,12,Lichtenberg,WG Room,28,661,180
3667,12,Lichtenberg,WG Room,27,679,180
3668,12,Lichtenberg,WG Room,20,546,180
3669,12,Lichtenberg,WG Room,19,442,180
3670,12,Lichtenberg,WG Room,19,574,180
3671,12,Lichtenberg,WG Room,17,515,180
3672,12,Lichtenberg,WG Room,22,515,180
3673,12,Lichtenberg,WG Room,17,450,180
3674,12,Lichtenberg,WG Room,16,426,180
3675,12,Lichtenberg,WG Room,16,548,180
3676,12,Lichtenberg,WG Room,16,490,180
3677,12,Lichtenberg,WG Room,17,549,180
3678,12,Lichtenberg,WG Room,24,619,180
3679,12,Lichtenberg,WG Room,20,522,180
3680,12,Lichtenberg,WG Room,15,559,180
3681,12,Lichtenberg,WG Room,16,514,180
3682,12,Lichtenberg,WG Room,23,543,180
3683,12,Lichtenberg,WG Room,23,602,180
3684,12,Lichtenberg,WG Room,25,571,180
3685,12,Lichtenberg,WG Room,14,437,180
3686,12,Lichtenberg,WG Room,20,535,180
3687,12,Lichtenberg,WG Room,18,422,180
3688,12,Lichtenberg,WG Room,21,633,180
3689,12,Lichtenberg,WG Room,21,571,180
3690,12,Lichtenberg,WG Room,21,562,180
3691,12,Lichtenberg,WG Room,22,574,180
3692,12,Lichtenberg,WG Room,18,472,180
3693,12,Lichtenberg,WG Room,18,522,180
3694,12,Lichtenberg,WG Room,18,522,180
3695,12,Lichtenberg,WG Room,21,581,180
3696,12,Lichtenberg,WG Room,23,572,180
3697,12,Lichtenberg,WG Room,14,444,180
3698,12,Lichtenberg,WG Room,19,437,180
3699,12,Lichtenberg,WG Room,24,586,180
3700,12,Lichtenberg,WG Room,20,593,180
3701,12,Lichtenberg,WG Room,17,522,180
3702,12,Lichtenberg,WG Room,19,512,180
3703,12,Lichtenberg,WG Room,16,559,180
3704,12,Lichtenberg,WG Room,18,539,180
3705,12,Lichtenberg,WG Room,12,489,180
3706,12,Lichtenberg,WG Room,23,572,180
3707,12,Lichtenberg,WG Room,18,526,180
3708,12,Lichtenberg,WG Room,27,537,180
3709,12,Lichtenberg,WG Room,22,515,180
3710,12,Lichtenberg,WG Room,19,509,180
3711,12,Lichtenberg,WG Room,18,508,180
3712,12,Lichtenberg,WG Room,15,518,180
3713,12,Lichtenberg,WG Room,13,472,180
3714,12,Lichtenberg,WG Room,18,455,180
3715,12,Lichtenberg,WG Room,20,462,180
3716,12,Lichtenberg,WG Room,19,456,180
3717,12,Lichtenberg,WG Room,21,502,180
3718,12,Lichtenberg,WG Room,17,509,180
3719,12,Lichtenberg,WG Room,16,481,180
3720,12,Lichtenberg,WG Room,14,488,180
3721,12,Lichtenberg,WG Room,25,718,180
3722,12,Lichtenberg,WG Room,19,555,180
3723,12,Lichtenberg,WG Room,13,516,180
3724,12,Lichtenberg,WG Room,22,534,180
3725,12,Lichtenberg,WG Room,23,557,180
3726,12,Lichtenberg,WG Room,17,517,180
3727,12,Lichtenberg,WG Room,15,518,180
3728,12,Lichtenberg,WG Room,15,425,180
3729,12,Lichtenberg,WG Room,16,518,180
3730,12,Lichtenberg,WG Room,17,435,180
3731,12,Lichtenberg,WG Room,17,495,180
3732,12,Lichtenberg,WG Room,15,420,180
3733,12,Lichtenberg,WG Room,26,565,180
3734,12,Lichtenberg,WG Room,18,491,180
3735,12,Lichtenberg,WG Room,18,536,180
3736,12,Lichtenberg,WG Room,22,542,180
3737,12,Lichtenberg,WG Room,15,529,180
3738,12,Lichtenberg,WG Room,19,598,180
3739,12,Lichtenberg,WG Room,12,445,180
3740,12,Lichtenberg,WG Room,26,588,180
3741,12,Lichtenberg,WG Room,18,521,180
3742,12,Lichtenberg,WG Room,17,482,180
3743,12,Lichtenberg,WG Room,18,480,180
3744,12,Lichtenberg,WG Room,23,589,180
3745,12,Lichtenberg,WG Room,20,568,180
3746,12,Lichtenberg,WG Room,18,473,180
3747,12,Lichtenberg,WG Room,17,496,180
3748,12,Lichtenberg,WG Room,15,449,180
3749,12,Lichtenberg,WG Room,17,592,180
3750,12,Lichtenberg,WG Room,12,428,180
3751,12,Lichtenberg,WG Room,25,597,180
3752,12,Lichtenberg,WG Room,22,560,180
3753,12,Lichtenberg,WG Room,17,395,180
3754,12,Lichtenberg,WG Room,20,497,180
3755,12,Lichtenberg,WG Room,16,462,180
3756,12,Lichtenberg,WG Room,25,700,180
3757,12,Lichtenberg,WG Room,20,511,180
3758,12,Lichtenberg,WG Room,15,493,180
3759,12,Lichtenberg,WG Room,25,581,180
3760,12,Lichtenberg,WG Room,12,466,180
