listing_id,district_id,district_name,borough,inside_ringbahn,year,listing_date,property_type,is_furnished,size_sqm,cold_rent_eur,warm_rent_eur,effective_m2_cold
1,4,Lichtenberg,Lichtenberg,False,2022,2022-10-07,Room,False,17.4,215.1,319.71,12.36
2,2,Friedrichshain,Friedrichshain-Kreuzberg,True,2022,2022-11-29,Apartment,True,39.7,726.85,842.18,18.31
3,11,Steglitz,Steglitz-Zehlendorf,False,2022,2022-12-24,Apartment,True,64.5,909.04,1110.62,14.09
4,10,Schöneberg,Tempelhof-Schöneberg,True,2022,2022-06-26,Room,True,27.4,504.54,608.89,18.41
5,8,Pankow,Pankow,False,2022,2022-05-31,Room,True,20.4,329.38,432.93,16.15
6,4,Lichtenberg,Lichtenberg,False,2022,2022-04-27,Apartment,False,63.9,722.43,878.43,11.31
7,7,Neukölln,Neukölln,True,2022,2022-07-06,Apartment,False,78.3,1006.12,1225.99,12.85
8,3,Kreuzberg,Friedrichshain-Kreuzberg,True,2022,2022-03-29,Room,True,17.7,407.42,534.83,23.02
9,12,Wedding,Mitte,True,2022,2022-12-17,Apartment,True,54.0,894.31,1050.98,16.56
10,1,Charlottenburg,Charlottenburg-Wilmersdorf,True,2022,2022-05-18,Apartment,False,46.5,624.21,749.01,13.42
11,2,Friedrichshain,Friedrichshain-Kreuzberg,True,2022,2022-07-22,Room,False,26.3,447.19,576.68,17.0
12,4,Lichtenberg,Lichtenberg,False,2022,2022-10-26,Apartment,True,47.3,631.92,770.33,13.36
13,10,Schöneberg,Tempelhof-Schöneberg,True,2022,2022-02-26,Room,False,15.9,258.62,392.63,16.27
14,3,Kreuzberg,Friedrichshain-Kreuzberg,True,2022,2022-08-28,Apartment,False,56.1,809.93,963.84,14.44
15,12,Wedding,Mitte,True,2022,2022-10-02,Room,False,27.2,398.62,503.77,14.66
16,7,Neukölln,Neukölln,True,2022,2022-05-15,Apartment,True,49.7,723.35,874.93,14.55
17,12,Wedding,Mitte,True,2022,2022-09-17,Apartment,False,40.3,499.34,626.59,12.39
18,8,Pankow,Pankow,False,2022,2022-11-03,Room,True,16.3,297.66,438.99,18.26
19,1,Charlottenburg,Charlottenburg-Wilmersdorf,True,2022,2022-05-04,Apartment,True,53.1,1078.79,1217.67,20.32
20,8,Pankow,Pankow,False,2022,2022-03-07,Apartment,True,59.3,808.39,991.58,13.63
21,4,Lichtenberg,Lichtenberg,False,2022,2022-04-19,Apartment,False,48.3,561.83,696.14,11.63
22,12,Wedding,Mitte,True,2022,2022-07-11,Apartment,False,70.6,840.27,1052.39,11.9
23,6,Moabit,Mitte,True,2022,2022-10-11,Apartment,False,47.4,582.84,697.5,12.3
24,9,Prenzlauer Berg,Pankow,True,2022,2022-06-19,Apartment,True,70.4,1229.82,1400.77,17.47
25,2,Friedrichshain,Friedrichshain-Kreuzberg,True,2022,2022-10-23,Apartment,True,59.3,1161.33,1350.74,19.58
26,6,Moabit,Mitte,True,2022,2022-07-01,Room,False,19.7,286.44,416.09,14.54
27,10,Schöneberg,Tempelhof-Schöneberg,True,2022,2022-02-01,Room,False,14.8,246.48,375.56,16.65
28,10,Schöneberg,Tempelhof-Schöneberg,True,2022,2022-03-13,Apartment,False,40.5,541.19,657.94,13.36
29,10,Schöneberg,Tempelhof-Schöneberg,True,2022,2022-10-09,Room,False,26.2,399.53,535.89,15.25
30,2,Friedrichshain,Friedrichshain-Kreuzberg,True,2022,2022-05-02,Room,False,25.7,480.87,622.56,18.71
31,3,Kreuzberg,Friedrichshain-Kreuzberg,True,2022,2022-01-02,Room,False,26.1,492.17,599.58,18.86
32,10,Schöneberg,Tempelhof-Schöneberg,True,2022,2022-10-12,Room,False,20.4,328.32,471.4,16.09
33,4,Lichtenberg,Lichtenberg,False,2022,2022-06-10,Apartment,True,49.8,735.45,879.27,14.77
34,5,Mitte,Mitte,True,2022,2022-09-18,Room,False,26.9,516.04,618.6,19.18
35,2,Friedrichshain,Friedrichshain-Kreuzberg,True,2022,2022-10-19,Apartment,True,38.4,770.89,895.59,20.08
36,9,Prenzlauer Berg,Pankow,True,2022,2022-05-14,Apartment,True,39.1,800.43,905.4,20.47
37,9,Prenzlauer Berg,Pankow,True,2022,2022-02-07,Apartment,True,48.3,905.46,1041.26,18.75
38,5,Mitte,Mitte,True,2022,2022-05-16,Apartment,False,84.8,1329.46,1549.25,15.68
39,3,Kreuzberg,Friedrichshain-Kreuzberg,True,2022,2022-10-06,Apartment,False,79.0,1207.99,1408.81,15.29
40,11,Steglitz,Steglitz-Zehlendorf,False,2022,2022-10-11,Room,False,25.3,342.19,472.24,13.53
41,7,Neukölln,Neukölln,True,2022,2022-03-21,Apartment,True,78.9,1277.08,1519.16,16.19
42,7,Neukölln,Neukölln,True,2022,2022-05-09,Room,True,18.8,364.69,487.43,19.4
43,5,Mitte,Mitte,True,2022,2022-11-23,Room,False,17.9,316.47,451.17,17.68
44,7,Neukölln,Neukölln,True,2022,2022-12-20,Room,False,23.9,368.42,473.45,15.42
45,3,Kreuzberg,Friedrichshain-Kreuzberg,True,2022,2022-06-07,Apartment,False,64.1,940.55,1101.74,14.67
46,1,Charlottenburg,Charlottenburg-Wilmersdorf,True,2022,2022-05-08,Apartment,False,78.0,1223.52,1425.47,15.69
47,4,Lichtenberg,Lichtenberg,False,2022,2022-03-21,Room,False,26.4,340.1,468.03,12.88
48,9,Prenzlauer Berg,Pankow,True,2022,2022-06-20,Apartment,False,75.5,1286.73,1469.61,17.04
49,10,Schöneberg,Tempelhof-Schöneberg,True,2022,2022-02-25,Apartment,False,75.5,1023.2,1257.9,13.55
50,10,Schöneberg,Tempelhof-Schöneberg,True,2022,2022-06-06,Apartment,False,46.1,688.63,818.37,14.94
51,9,Prenzlauer Berg,Pankow,True,2022,2022-05-23,Room,False,19.6,342.85,445.97,17.49
52,1,Charlottenburg,Charlottenburg-Wilmersdorf,True,2022,2022-03-01,Apartment,False,84.1,1239.59,1512.52,14.74
53,7,Neukölln,Neukölln,True,2022,2022-06-10,Room,False,17.7,254.58,374.14,14.38
54,10,Schöneberg,Tempelhof-Schöneberg,True,2022,2022-12-29,Apartment,False,54.3,778.28,921.05,14.33
55,10,Schöneberg,Tempelhof-Schöneberg,True,2022,2022-12-10,Room,False,21.5,361.51,494.9,16.81
56,9,Prenzlauer Berg,Pankow,True,2022,2022-06-03,Room,True,23.3,485.33,623.49,20.83
57,12,Wedding,Mitte,True,2022,2022-08-04,Room,False,19.6,271.18,376.91,13.84
58,4,Lichtenberg,Lichtenberg,False,2022,2022-10-08,Apartment,False,80.1,891.72,1105.66,11.13
59,5,Mitte,Mitte,True,2022,2022-12-12,Room,True,25.0,573.35,693.23,22.93
60,9,Prenzlauer Berg,Pankow,True,2022,2022-05-26,Apartment,False,83.0,1380.21,1628.63,16.63
61,12,Wedding,Mitte,True,2022,2022-06-08,Apartment,False,39.7,519.92,623.59,13.1
62,9,Prenzlauer Berg,Pankow,True,2022,2022-08-22,Apartment,True,37.3,810.38,925.7,21.73
63,10,Schöneberg,Tempelhof-Schöneberg,True,2022,2022-03-17,Apartment,False,70.9,981.8,1177.46,13.85
64,4,Lichtenberg,Lichtenberg,False,2022,2022-04-23,Apartment,False,78.0,909.27,1151.12,11.66
65,3,Kreuzberg,Friedrichshain-Kreuzberg,True,2022,2022-03-04,Apartment,False,58.2,920.44,1108.18,15.82
66,6,Moabit,Mitte,True,2022,2022-08-15,Room,False,21.4,334.12,448.4,15.61
67,8,Pankow,Pankow,False,2022,2022-03-23,Apartment,False,56.3,701.34,859.05,12.46
68,11,Steglitz,Steglitz-Zehlendorf,False,2022,2022-09-24,Apartment,False,72.6,870.99,1063.35,12.0
69,6,Moabit,Mitte,True,2022,2022-10-04,Apartment,True,38.9,604.86,709.41,15.55
70,2,Friedrichshain,Friedrichshain-Kreuzberg,True,2022,2022-10-05,Room,True,23.7,494.04,612.38,20.85
71,6,Moabit,Mitte,True,2022,2022-10-22,Room,True,19.9,394.67,525.97,19.83
72,10,Schöneberg,Tempelhof-Schöneberg,True,2022,2022-08-03,Apartment,False,49.9,691.75,851.55,13.86
73,12,Wedding,Mitte,True,2022,2022-08-12,Apartment,False,65.2,750.87,920.23,11.52
74,6,Moabit,Mitte,True,2022,2022-03-07,Room,True,23.5,418.21,539.24,17.8
75,8,Pankow,Pankow,False,2022,2022-08-08,Apartment,False,64.6,772.13,932.05,11.95
76,3,Kreuzberg,Friedrichshain-Kreuzberg,True,2022,2022-07-14,Apartment,True,48.0,899.16,1028.94,18.73
77,7,Neukölln,Neukölln,True,2022,2022-10-04,Apartment,False,47.6,578.42,693.49,12.15
78,5,Mitte,Mitte,True,2022,2022-05-07,Apartment,True,67.5,1513.31,1721.13,22.42
79,9,Prenzlauer Berg,Pankow,True,2022,2022-04-22,Apartment,False,46.9,744.9,862.29,15.88
80,6,Moabit,Mitte,True,2022,2022-02-28,Apartment,False,43.4,589.67,723.04,13.59
81,3,Kreuzberg,Friedrichshain-Kreuzberg,True,2022,2022-07-23,Apartment,True,36.3,692.74,811.16,19.08
82,11,Steglitz,Steglitz-Zehlendorf,False,2022,2022-06-04,Room,False,25.6,331.52,462.89,12.95
83,4,Lichtenberg,Lichtenberg,False,2022,2022-07-09,Apartment,True,84.2,1178.56,1413.1,14.0
84,2,Friedrichshain,Friedrichshain-Kreuzberg,True,2022,2022-11-22,Apartment,True,77.5,1500.52,1753.53,19.36
85,6,Moabit,Mitte,True,2022,2022-10-03,Apartment,False,71.7,1035.2,1224.71,14.44
86,6,Moabit,Mitte,True,2022,2022-02-14,Apartment,False,64.6,833.97,1003.28,12.91
87,7,Neukölln,Neukölln,True,2022,2022-06-16,Apartment,True,58.2,954.88,1096.06,16.41
88,3,Kreuzberg,Friedrichshain-Kreuzberg,True,2022,2022-10-12,Apartment,True,47.9,901.64,1054.54,18.82
89,5,Mitte,Mitte,True,2022,2022-09-01,Apartment,True,47.1,979.68,1102.91,20.8
90,4,Lichtenberg,Lichtenberg,False,2022,2022-05-05,Apartment,False,35.9,377.24,476.47,10.51
91,7,Neukölln,Neukölln,True,2022,2022-06-30,Apartment,True,62.7,1040.1,1221.64,16.59
92,11,Steglitz,Steglitz-Zehlendorf,False,2022,2022-12-20,Apartment,True,46.5,665.87,808.56,14.32
93,3,Kreuzberg,Friedrichshain-Kreuzberg,True,2022,2022-11-02,Room,False,17.9,322.67,456.88,18.03
94,7,Neukölln,Neukölln,True,2022,2022-12-29,Apartment,False,49.8,637.66,770.73,12.8
95,12,Wedding,Mitte,True,2022,2022-09-09,Room,True,14.8,254.68,383.38,17.21
96,2,Friedrichshain,Friedrichshain-Kreuzberg,True,2022,2022-01-27,Apartment,False,58.5,888.56,1038.67,15.19
97,7,Neukölln,Neukölln,True,2022,2022-11-19,Apartment,False,76.1,981.51,1169.22,12.9
98,4,Lichtenberg,Lichtenberg,False,2022,2022-08-02,Room,True,21.9,347.01,452.34,15.85
99,8,Pankow,Pankow,False,2022,2022-06-02,Apartment,False,73.8,838.91,1076.37,11.37
100,8,Pankow,Pankow,False,2022,2022-04-17,Apartment,True,66.1,993.16,1208.17,15.03
101,4,Lichtenberg,Lichtenberg,False,2022,2022-01-02,Room,False,16.2,201.35,304.73,12.43
102,10,Schöneberg,Tempelhof-Schöneberg,True,2022,2022-12-26,Apartment,False,49.6,667.78,818.38,13.46
103,6,Moabit,Mitte,True,2022,2022-04-12,Room,True,17.7,345.59,481.77,19.52
104,10,Schöneberg,Tempelhof-Schöneberg,True,2022,2022-06-07,Room,True,16.1,294.5,397.18,18.29
105,8,Pankow,Pankow,False,2022,2022-12-25,Apartment,False,49.4,535.37,684.55,10.84
106,10,Schöneberg,Tempelhof-Schöneberg,True,2022,2022-08-10,Apartment,False,59.7,781.04,926.46,13.08
107,11,Steglitz,Steglitz-Zehlendorf,False,2022,2022-01-11,Room,True,15.3,271.7,397.58,17.76
108,4,Lichtenberg,Lichtenberg,False,2022,2022-08-15,Apartment,False,73.2,752.24,962.11,10.28
109,7,Neukölln,Neukölln,True,2022,2022-06-28,Room,False,22.9,349.39,453.5,15.26
110,10,Schöneberg,Tempelhof-Schöneberg,True,2022,2022-05-28,Room,False,26.0,412.55,543.77,15.87
111,4,Lichtenberg,Lichtenberg,False,2022,2022-06-15,Apartment,False,62.5,676.26,843.95,10.82
112,2,Friedrichshain,Friedrichshain-Kreuzberg,True,2022,2022-10-05,Apartment,False,60.7,1012.93,1194.54,16.69
113,6,Moabit,Mitte,True,2022,2022-04-15,Room,True,19.1,372.16,506.36,19.48
114,7,Neukölln,Neukölln,True,2022,2022-11-19,Apartment,False,56.9,773.49,916.27,13.59
115,8,Pankow,Pankow,False,2022,2022-04-26,Apartment,False,50.5,535.72,675.46,10.61
116,2,Friedrichshain,Friedrichshain-Kreuzberg,True,2022,2022-05-20,Apartment,True,76.6,1488.33,1707.25,19.43
117,10,Schöneberg,Tempelhof-Schöneberg,True,2022,2022-11-03,Apartment,False,47.2,673.51,803.08,14.27
118,12,Wedding,Mitte,True,2022,2022-09-17,Apartment,True,38.5,627.54,731.72,16.3
119,7,Neukölln,Neukölln,True,2022,2022-03-18,Apartment,True,49.9,864.85,1006.6,17.33
120,6,Moabit,Mitte,True,2022,2022-04-07,Apartment,True,62.6,1038.39,1206.76,16.59
121,11,Steglitz,Steglitz-Zehlendorf,False,2022,2022-08-31,Room,False,26.0,345.48,459.8,13.29
122,11,Steglitz,Steglitz-Zehlendorf,False,2022,2022-03-19,Apartment,False,84.4,1004.48,1256.57,11.9
123,6,Moabit,Mitte,True,2022,2022-02-21,Apartment,True,83.3,1284.19,1547.46,15.42
124,12,Wedding,Mitte,True,2022,2022-05-16,Apartment,True,42.2,706.89,811.01,16.75
125,1,Charlottenburg,Charlottenburg-Wilmersdorf,True,2022,2022-10-01,Apartment,False,39.0,553.7,670.97,14.2
126,10,Schöneberg,Tempelhof-Schöneberg,True,2022,2022-11-13,Apartment,False,79.4,1120.3,1349.52,14.11
127,2,Friedrichshain,Friedrichshain-Kreuzberg,True,2022,2022-02-20,Room,False,18.0,301.96,406.03,16.78
128,4,Lichtenberg,Lichtenberg,False,2022,2022-01-29,Apartment,True,43.3,539.0,655.56,12.45
129,7,Neukölln,Neukölln,True,2022,2022-04-03,Room,False,17.4,262.31,392.99,15.08
130,3,Kreuzberg,Friedrichshain-Kreuzberg,True,2022,2022-10-26,Room,False,19.4,354.53,476.93,18.27
131,3,Kreuzberg,Friedrichshain-Kreuzberg,True,2022,2022-08-27,Room,False,20.4,371.92,512.37,18.23
132,7,Neukölln,Neukölln,True,2022,2022-08-06,Apartment,True,57.1,911.73,1081.61,15.97
133,11,Steglitz,Steglitz-Zehlendorf,False,2022,2022-05-02,Room,False,16.8,222.35,344.09,13.24
134,10,Schöneberg,Tempelhof-Schöneberg,True,2022,2022-12-04,Apartment,False,84.6,1152.59,1430.09,13.62
135,10,Schöneberg,Tempelhof-Schöneberg,True,2022,2022-11-07,Room,False,23.6,398.26,500.47,16.88
136,11,Steglitz,Steglitz-Zehlendorf,False,2022,2022-06-30,Apartment,False,49.3,587.38,732.64,11.91
137,9,Prenzlauer Berg,Pankow,True,2022,2022-03-12,Apartment,False,68.9,1142.8,1349.04,16.59
138,4,Lichtenberg,Lichtenberg,False,2022,2022-07-06,Room,False,14.6,198.97,300.47,13.63
139,11,Steglitz,Steglitz-Zehlendorf,False,2022,2022-10-04,Room,False,18.6,247.33,356.37,13.3
140,1,Charlottenburg,Charlottenburg-Wilmersdorf,True,2022,2022-09-04,Apartment,False,76.5,1071.82,1312.2,14.01
141,7,Neukölln,Neukölln,True,2022,2022-12-13,Apartment,True,40.8,694.07,827.48,17.01
142,11,Steglitz,Steglitz-Zehlendorf,False,2022,2022-07-22,Apartment,False,77.3,883.35,1075.15,11.43
143,5,Mitte,Mitte,True,2022,2022-11-23,Room,True,19.2,447.26,564.41,23.29
144,1,Charlottenburg,Charlottenburg-Wilmersdorf,True,2022,2022-04-24,Room,True,14.4,308.22,449.41,21.4
145,4,Lichtenberg,Lichtenberg,False,2022,2022-03-13,Room,False,26.7,338.54,456.91,12.68
146,5,Mitte,Mitte,True,2022,2022-08-21,Apartment,True,59.6,1207.6,1357.92,20.26
147,1,Charlottenburg,Charlottenburg-Wilmersdorf,True,2022,2022-03-21,Apartment,False,82.3,1187.91,1440.41,14.43
148,10,Schöneberg,Tempelhof-Schöneberg,True,2022,2022-12-20,Apartment,False,65.8,1003.21,1177.7,15.25
149,1,Charlottenburg,Charlottenburg-Wilmersdorf,True,2022,2022-07-08,Room,False,17.3,284.4,428.54,16.44
150,12,Wedding,Mitte,True,2022,2022-08-21,Apartment,False,38.0,442.16,566.47,11.64
151,2,Friedrichshain,Friedrichshain-Kreuzberg,True,2022,2022-05-05,Apartment,False,64.9,911.35,1113.07,14.04
152,3,Kreuzberg,Friedrichshain-Kreuzberg,True,2022,2022-04-30,Apartment,True,76.5,1511.91,1751.49,19.76
153,1,Charlottenburg,Charlottenburg-Wilmersdorf,True,2022,2022-03-08,Apartment,False,64.8,911.33,1124.24,14.06
154,12,Wedding,Mitte,True,2022,2022-05-02,Room,True,23.3,355.79,491.34,15.27
155,8,Pankow,Pankow,False,2022,2022-09-01,Room,True,14.7,252.19,385.74,17.16
156,6,Moabit,Mitte,True,2022,2022-01-23,Apartment,False,40.5,540.32,671.98,13.34
157,11,Steglitz,Steglitz-Zehlendorf,False,2022,2022-02-01,Apartment,False,61.1,685.99,885.64,11.23
158,6,Moabit,Mitte,True,2022,2022-02-11,Apartment,False,40.4,559.0,672.09,13.84
159,1,Charlottenburg,Charlottenburg-Wilmersdorf,True,2022,2022-11-02,Apartment,True,48.8,911.46,1042.86,18.68
160,12,Wedding,Mitte,True,2022,2022-12-02,Room,False,20.0,297.91,403.06,14.9
161,4,Lichtenberg,Lichtenberg,False,2022,2022-07-31,Apartment,False,78.3,843.45,1093.95,10.77
162,1,Charlottenburg,Charlottenburg-Wilmersdorf,True,2022,2022-05-11,Apartment,False,71.5,1012.14,1203.85,14.16
163,1,Charlottenburg,Charlottenburg-Wilmersdorf,True,2022,2022-08-10,Apartment,False,58.7,797.03,942.42,13.58
164,2,Friedrichshain,Friedrichshain-Kreuzberg,True,2022,2022-12-10,Apartment,True,41.5,760.23,880.81,18.32
165,2,Friedrichshain,Friedrichshain-Kreuzberg,True,2022,2022-01-27,Room,False,27.2,470.18,611.39,17.29
166,7,Neukölln,Neukölln,True,2022,2022-02-25,Apartment,True,63.9,1002.08,1168.34,15.68
167,1,Charlottenburg,Charlottenburg-Wilmersdorf,True,2022,2022-11-15,Apartment,True,73.1,1385.0,1616.04,18.95
168,8,Pankow,Pankow,False,2022,2022-01-15,Apartment,False,65.4,780.99,978.77,11.94
169,3,Kreuzberg,Friedrichshain-Kreuzberg,True,2022,2022-03-15,Room,False,26.9,467.87,576.03,17.39
170,8,Pankow,Pankow,False,2022,2022-07-12,Apartment,True,72.0,1079.77,1286.95,15.0
171,10,Schöneberg,Tempelhof-Schöneberg,True,2022,2022-01-27,Apartment,True,50.6,896.14,1044.73,17.71
172,3,Kreuzberg,Friedrichshain-Kreuzberg,True,2022,2022-09-06,Room,False,23.4,402.09,531.88,17.18
173,8,Pankow,Pankow,False,2022,2022-12-14,Room,True,24.6,380.78,493.53,15.48
174,8,Pankow,Pankow,False,2022,2022-01-04,Apartment,False,37.3,425.15,534.79,11.4
175,9,Prenzlauer Berg,Pankow,True,2022,2022-08-09,Room,True,15.9,327.8,428.15,20.62
176,3,Kreuzberg,Friedrichshain-Kreuzberg,True,2022,2022-07-01,Room,False,17.2,308.64,438.7,17.94
177,2,Friedrichshain,Friedrichshain-Kreuzberg,True,2022,2022-06-10,Room,False,20.1,349.38,452.88,17.38
178,8,Pankow,Pankow,False,2022,2022-06-16,Room,False,23.0,306.73,424.96,13.34
179,3,Kreuzberg,Friedrichshain-Kreuzberg,True,2022,2022-02-24,Apartment,False,76.6,1288.88,1478.8,16.83
180,9,Prenzlauer Berg,Pankow,True,2022,2022-04-24,Room,False,15.1,288.27,421.83,19.09
181,1,Charlottenburg,Charlottenburg-Wilmersdorf,True,2022,2022-06-29,Apartment,True,66.7,1181.79,1388.47,17.72
182,11,Steglitz,Steglitz-Zehlendorf,False,2022,2022-03-30,Apartment,False,42.4,445.68,557.21,10.51
183,8,Pankow,Pankow,False,2022,2022-08-26,Room,False,15.1,221.91,350.17,14.7
184,8,Pankow,Pankow,False,2022,2022-11-16,Apartment,False,81.2,953.98,1195.29,11.75
185,1,Charlottenburg,Charlottenburg-Wilmersdorf,True,2022,2022-06-05,Apartment,False,42.5,574.52,693.43,13.52
186,7,Neukölln,Neukölln,True,2022,2022-05-27,Apartment,True,38.7,597.78,703.5,15.45
187,2,Friedrichshain,Friedrichshain-Kreuzberg,True,2022,2022-10-25,Apartment,False,39.5,616.57,725.04,15.61
188,12,Wedding,Mitte,True,2022,2022-04-07,Apartment,False,37.1,482.43,590.56,13.0
189,1,Charlottenburg,Charlottenburg-Wilmersdorf,True,2022,2022-06-25,Apartment,False,82.9,1203.37,1462.84,14.52
190,11,Steglitz,Steglitz-Zehlendorf,False,2022,2022-09-26,Room,False,14.5,201.32,345.91,13.88
191,12,Wedding,Mitte,True,2022,2022-01-27,Apartment,True,80.9,1223.08,1466.67,15.12
192,4,Lichtenberg,Lichtenberg,False,2022,2022-12-03,Apartment,True,39.7,542.48,663.62,13.66
193,8,Pankow,Pankow,False,2022,2022-12-24,Apartment,True,64.1,851.65,1061.32,13.29
194,4,Lichtenberg,Lichtenberg,False,2022,2022-06-18,Room,False,27.1,344.0,460.95,12.69
195,3,Kreuzberg,Friedrichshain-Kreuzberg,True,2022,2022-11-27,Apartment,False,71.9,1162.79,1369.41,16.17
196,4,Lichtenberg,Lichtenberg,False,2022,2022-09-06,Room,True,19.1,278.37,421.02,14.57
197,9,Prenzlauer Berg,Pankow,True,2022,2022-09-27,Room,True,15.1,333.19,467.88,22.07
198,5,Mitte,Mitte,True,2022,2022-04-03,Apartment,False,65.9,1137.57,1304.88,17.26
199,11,Steglitz,Steglitz-Zehlendorf,False,2022,2022-12-13,Apartment,False,43.3,484.37,604.3,11.19
200,11,Steglitz,Steglitz-Zehlendorf,False,2022,2022-10-01,Room,False,18.0,251.4,371.6,13.97
201,9,Prenzlauer Berg,Pankow,True,2022,2022-10-20,Room,False,20.6,391.29,507.84,18.99
202,6,Moabit,Mitte,True,2022,2022-11-06,Apartment,True,54.1,939.29,1108.9,17.36
203,3,Kreuzberg,Friedrichshain-Kreuzberg,True,2022,2022-09-22,Apartment,True,59.0,1166.06,1345.44,19.76
204,2,Friedrichshain,Friedrichshain-Kreuzberg,True,2022,2022-08-12,Room,False,17.8,330.1,436.73,18.54
205,2,Friedrichshain,Friedrichshain-Kreuzberg,True,2022,2022-09-15,Apartment,True,57.6,1018.23,1159.23,17.68
206,1,Charlottenburg,Charlottenburg-Wilmersdorf,True,2022,2022-11-29,Room,False,19.2,299.55,441.44,15.6
207,1,Charlottenburg,Charlottenburg-Wilmersdorf,True,2022,2022-12-28,Apartment,True,49.3,965.88,1090.36,19.59
208,6,Moabit,Mitte,True,2022,2022-11-08,Room,True,15.1,277.77,402.47,18.4
209,12,Wedding,Mitte,True,2022,2022-11-24,Room,False,17.3,232.95,343.68,13.47
210,8,Pankow,Pankow,False,2022,2022-05-04,Apartment,True,80.3,1121.41,1351.38,13.97
211,11,Steglitz,Steglitz-Zehlendorf,False,2022,2022-12-07,Room,False,22.6,292.57,411.32,12.95
212,4,Lichtenberg,Lichtenberg,False,2022,2022-09-17,Room,False,14.9,195.43,318.26,13.12
213,12,Wedding,Mitte,True,2022,2022-01-09,Room,False,14.6,204.84,321.64,14.03
214,1,Charlottenburg,Charlottenburg-Wilmersdorf,True,2022,2022-06-20,Apartment,True,71.6,1364.91,1584.13,19.06
215,3,Kreuzberg,Friedrichshain-Kreuzberg,True,2022,2022-08-26,Room,False,25.4,429.92,564.98,16.93
216,11,Steglitz,Steglitz-Zehlendorf,False,2022,2022-04-14,Apartment,True,41.7,633.52,734.99,15.19
217,5,Mitte,Mitte,True,2022,2022-10-06,Apartment,False,50.8,832.8,972.93,16.39
218,6,Moabit,Mitte,True,2022,2022-12-02,Room,False,16.7,252.95,388.09,15.15
219,1,Charlottenburg,Charlottenburg-Wilmersdorf,True,2022,2022-07-17,Room,False,20.1,332.31,452.1,16.53
220,1,Charlottenburg,Charlottenburg-Wilmersdorf,True,2022,2022-02-12,Apartment,False,59.9,943.57,1115.32,15.75
221,11,Steglitz,Steglitz-Zehlendorf,False,2022,2022-02-22,Room,False,27.9,357.81,471.03,12.82
222,2,Friedrichshain,Friedrichshain-Kreuzberg,True,2022,2022-08-17,Room,True,20.2,425.5,545.48,21.06
223,5,Mitte,Mitte,True,2022,2022-01-30,Apartment,False,65.7,1101.87,1297.36,16.77
224,2,Friedrichshain,Friedrichshain-Kreuzberg,True,2022,2022-01-16,Apartment,False,60.7,973.37,1127.79,16.04
225,3,Kreuzberg,Friedrichshain-Kreuzberg,True,2022,2022-11-27,Apartment,False,56.9,831.43,980.08,14.61
226,1,Charlottenburg,Charlottenburg-Wilmersdorf,True,2022,2022-07-09,Room,False,14.5,230.77,351.02,15.92
227,1,Charlottenburg,Charlottenburg-Wilmersdorf,True,2022,2022-02-28,Room,True,15.9,309.02,421.56,19.44
228,5,Mitte,Mitte,True,2022,2022-05-14,Apartment,False,54.3,931.49,1074.6,17.15
229,11,Steglitz,Steglitz-Zehlendorf,False,2022,2022-03-04,Room,False,18.0,257.47,379.57,14.3
230,3,Kreuzberg,Friedrichshain-Kreuzberg,True,2022,2022-12-16,Apartment,False,79.9,1238.6,1436.67,15.5
231,1,Charlottenburg,Charlottenburg-Wilmersdorf,True,2022,2022-03-22,Apartment,False,62.5,881.12,1047.99,14.1
232,11,Steglitz,Steglitz-Zehlendorf,False,2022,2022-04-13,Apartment,False,43.7,482.13,595.83,11.03
233,3,Kreuzberg,Friedrichshain-Kreuzberg,True,2022,2022-10-10,Room,False,19.1,343.43,464.46,17.98
234,3,Kreuzberg,Friedrichshain-Kreuzberg,True,2022,2022-07-29,Apartment,True,50.5,1090.21,1235.3,21.59
235,8,Pankow,Pankow,False,2022,2022-06-26,Room,False,23.0,314.31,444.91,13.67
236,3,Kreuzberg,Friedrichshain-Kreuzberg,True,2022,2022-08-10,Apartment,False,67.0,989.43,1208.5,14.77
237,12,Wedding,Mitte,True,2022,2022-12-30,Apartment,True,41.2,562.05,672.89,13.64
238,9,Prenzlauer Berg,Pankow,True,2022,2022-11-22,Room,False,26.5,504.14,615.42,19.02
239,12,Wedding,Mitte,True,2022,2022-10-31,Room,False,22.6,302.95,431.79,13.4
240,8,Pankow,Pankow,False,2022,2022-10-16,Room,False,24.1,337.03,474.94,13.98
241,5,Mitte,Mitte,True,2022,2022-10-20,Apartment,True,37.3,810.57,921.95,21.73
242,10,Schöneberg,Tempelhof-Schöneberg,True,2022,2022-05-06,Apartment,True,79.4,1422.75,1634.9,17.92
243,4,Lichtenberg,Lichtenberg,False,2022,2022-08-26,Room,False,23.6,292.6,411.3,12.4
244,9,Prenzlauer Berg,Pankow,True,2022,2022-07-24,Room,True,26.1,573.72,689.26,21.98
245,3,Kreuzberg,Friedrichshain-Kreuzberg,True,2022,2022-08-19,Apartment,False,40.3,601.86,703.02,14.93
246,9,Prenzlauer Berg,Pankow,True,2022,2022-03-23,Room,True,27.2,618.3,761.62,22.73
247,1,Charlottenburg,Charlottenburg-Wilmersdorf,True,2022,2022-08-28,Apartment,False,44.5,612.14,758.83,13.76
248,6,Moabit,Mitte,True,2022,2022-05-04,Apartment,False,39.5,516.59,627.64,13.08
249,9,Prenzlauer Berg,Pankow,True,2022,2022-05-27,Apartment,True,49.1,1021.27,1168.83,20.8
250,12,Wedding,Mitte,True,2022,2022-01-24,Room,True,15.9,259.78,377.93,16.34
251,10,Schöneberg,Tempelhof-Schöneberg,True,2022,2022-08-19,Room,False,19.1,301.16,418.55,15.77
252,12,Wedding,Mitte,True,2022,2022-07-21,Room,False,23.5,316.29,460.17,13.46
253,1,Charlottenburg,Charlottenburg-Wilmersdorf,True,2022,2022-09-14,Apartment,True,81.9,1509.59,1743.68,18.43
254,5,Mitte,Mitte,True,2022,2022-09-21,Room,True,18.7,425.28,552.56,22.74
255,3,Kreuzberg,Friedrichshain-Kreuzberg,True,2022,2022-06-03,Room,False,16.3,311.18,444.45,19.09
256,8,Pankow,Pankow,False,2022,2022-01-09,Room,False,21.5,305.25,418.74,14.2
257,1,Charlottenburg,Charlottenburg-Wilmersdorf,True,2022,2022-11-19,Room,True,19.8,400.2,539.44,20.21
258,5,Mitte,Mitte,True,2022,2022-01-27,Apartment,True,67.8,1558.29,1734.89,22.98
259,8,Pankow,Pankow,False,2022,2022-12-15,Apartment,False,71.1,866.24,1061.21,12.18
260,9,Prenzlauer Berg,Pankow,True,2022,2022-03-19,Room,False,15.5,260.26,374.38,16.79
261,10,Schöneberg,Tempelhof-Schöneberg,True,2022,2022-02-01,Apartment,False,73.7,1120.22,1354.99,15.2
262,11,Steglitz,Steglitz-Zehlendorf,False,2022,2022-03-30,Room,True,18.6,308.52,422.64,16.59
263,6,Moabit,Mitte,True,2022,2022-12-21,Apartment,True,52.7,932.98,1089.97,17.7
264,7,Neukölln,Neukölln,True,2022,2022-06-02,Apartment,True,47.3,757.36,912.3,16.01
265,7,Neukölln,Neukölln,True,2022,2022-05-21,Apartment,False,59.5,778.42,951.23,13.08
266,7,Neukölln,Neukölln,True,2022,2022-03-16,Room,False,19.3,315.96,452.79,16.37
267,7,Neukölln,Neukölln,True,2022,2022-09-03,Room,False,15.1,245.27,374.79,16.24
268,9,Prenzlauer Berg,Pankow,True,2022,2022-11-12,Room,False,27.1,504.59,610.77,18.62
269,11,Steglitz,Steglitz-Zehlendorf,False,2022,2022-07-31,Apartment,True,68.5,979.05,1146.69,14.29
270,1,Charlottenburg,Charlottenburg-Wilmersdorf,True,2022,2022-07-28,Apartment,True,73.5,1222.97,1460.83,16.64
271,4,Lichtenberg,Lichtenberg,False,2022,2022-06-14,Apartment,False,58.9,608.07,800.53,10.32
272,7,Neukölln,Neukölln,True,2022,2022-01-20,Apartment,False,39.5,525.49,639.31,13.3
273,3,Kreuzberg,Friedrichshain-Kreuzberg,True,2022,2022-09-11,Room,False,27.1,448.71,586.34,16.56
274,3,Kreuzberg,Friedrichshain-Kreuzberg,True,2022,2022-10-18,Apartment,False,81.3,1358.21,1554.01,16.71
275,8,Pankow,Pankow,False,2022,2022-09-10,Room,False,18.0,265.92,390.37,14.77
276,3,Kreuzberg,Friedrichshain-Kreuzberg,True,2022,2022-08-23,Apartment,False,44.6,650.01,763.57,14.57
277,4,Lichtenberg,Lichtenberg,False,2022,2022-03-31,Room,True,24.3,399.75,533.83,16.45
278,8,Pankow,Pankow,False,2022,2022-12-09,Apartment,False,76.3,888.64,1077.72,11.65
279,2,Friedrichshain,Friedrichshain-Kreuzberg,True,2022,2022-05-17,Room,True,18.5,366.16,476.76,19.79
280,1,Charlottenburg,Charlottenburg-Wilmersdorf,True,2022,2022-02-01,Room,False,14.2,243.79,374.96,17.17
281,4,Lichtenberg,Lichtenberg,False,2022,2022-06-09,Room,True,19.7,319.15,450.81,16.2
282,11,Steglitz,Steglitz-Zehlendorf,False,2022,2022-03-10,Room,False,18.1,247.92,357.78,13.7
283,6,Moabit,Mitte,True,2022,2022-08-30,Room,False,22.5,343.86,468.58,15.28
284,12,Wedding,Mitte,True,2022,2022-02-11,Apartment,False,73.1,914.45,1129.09,12.51
285,12,Wedding,Mitte,True,2022,2022-10-08,Room,False,15.1,217.56,320.34,14.41
286,12,Wedding,Mitte,True,2022,2022-12-15,Room,False,16.3,244.92,364.8,15.03
287,9,Prenzlauer Berg,Pankow,True,2022,2022-03-09,Apartment,False,79.9,1262.66,1458.42,15.8
288,12,Wedding,Mitte,True,2022,2022-01-12,Room,False,21.8,319.13,433.0,14.64
289,10,Schöneberg,Tempelhof-Schöneberg,True,2022,2022-10-05,Room,True,17.1,310.81,442.33,18.18
290,5,Mitte,Mitte,True,2022,2022-11-25,Apartment,True,81.7,1561.64,1814.26,19.11
291,11,Steglitz,Steglitz-Zehlendorf,False,2022,2022-07-13,Apartment,False,84.6,936.95,1206.2,11.08
292,10,Schöneberg,Tempelhof-Schöneberg,True,2022,2022-03-02,Room,False,26.2,403.2,541.91,15.39
293,3,Kreuzberg,Friedrichshain-Kreuzberg,True,2022,2022-01-12,Apartment,False,41.4,703.41,833.88,16.99
294,7,Neukölln,Neukölln,True,2022,2022-08-24,Apartment,False,56.2,722.03,868.53,12.85
295,1,Charlottenburg,Charlottenburg-Wilmersdorf,True,2022,2022-11-11,Room,True,26.3,529.21,658.92,20.12
296,5,Mitte,Mitte,True,2022,2022-05-06,Room,True,22.3,514.16,653.41,23.06
297,11,Steglitz,Steglitz-Zehlendorf,False,2022,2022-03-13,Room,False,21.6,301.93,436.85,13.98
298,12,Wedding,Mitte,True,2022,2022-06-14,Apartment,True,80.8,1240.03,1490.13,15.35
299,9,Prenzlauer Berg,Pankow,True,2022,2022-10-30,Room,True,23.2,474.63,577.37,20.46
300,11,Steglitz,Steglitz-Zehlendorf,False,2022,2022-11-26,Apartment,False,56.4,637.5,822.21,11.3
301,4,Lichtenberg,Lichtenberg,False,2022,2022-04-05,Room,False,23.7,305.4,418.89,12.89
302,12,Wedding,Mitte,True,2022,2022-01-30,Apartment,False,50.0,628.42,784.68,12.57
303,12,Wedding,Mitte,True,2022,2022-06-19,Room,False,21.4,300.31,411.78,14.03
304,4,Lichtenberg,Lichtenberg,False,2022,2022-01-27,Room,False,19.2,252.18,389.5,13.13
305,7,Neukölln,Neukölln,True,2022,2022-10-28,Room,False,14.6,208.81,345.02,14.3
306,11,Steglitz,Steglitz-Zehlendorf,False,2022,2022-04-19,Apartment,True,45.4,670.01,816.11,14.76
307,9,Prenzlauer Berg,Pankow,True,2022,2022-04-15,Apartment,True,85.0,1633.91,1884.15,19.22
308,10,Schöneberg,Tempelhof-Schöneberg,True,2022,2022-07-03,Apartment,False,73.8,1021.34,1233.91,13.84
309,7,Neukölln,Neukölln,True,2022,2022-08-29,Room,False,21.0,301.58,445.74,14.36
310,1,Charlottenburg,Charlottenburg-Wilmersdorf,True,2022,2022-05-14,Apartment,True,55.7,995.18,1136.18,17.87
311,12,Wedding,Mitte,True,2022,2022-07-14,Apartment,False,55.9,635.54,786.3,11.37
312,8,Pankow,Pankow,False,2022,2022-09-08,Apartment,False,67.7,812.24,990.4,12.0
313,11,Steglitz,Steglitz-Zehlendorf,False,2022,2022-10-07,Apartment,False,43.4,516.75,627.52,11.91
314,6,Moabit,Mitte,True,2022,2022-02-08,Room,False,27.9,461.28,584.86,16.53
315,4,Lichtenberg,Lichtenberg,False,2022,2022-04-22,Room,True,15.9,244.99,351.79,15.41
316,12,Wedding,Mitte,True,2022,2022-01-09,Apartment,True,66.9,1126.44,1326.7,16.84
317,5,Mitte,Mitte,True,2022,2022-05-27,Apartment,False,35.8,631.51,734.69,17.64
318,5,Mitte,Mitte,True,2022,2022-02-19,Apartment,False,56.5,1033.82,1178.54,18.3
319,12,Wedding,Mitte,True,2022,2022-07-11,Room,True,21.4,376.28,494.14,17.58
320,10,Schöneberg,Tempelhof-Schöneberg,True,2022,2022-11-29,Apartment,True,69.9,1219.43,1392.26,17.45
321,5,Mitte,Mitte,True,2022,2022-09-13,Room,True,21.7,445.31,553.02,20.52
322,10,Schöneberg,Tempelhof-Schöneberg,True,2022,2022-04-28,Apartment,True,83.9,1656.25,1927.02,19.74
323,9,Prenzlauer Berg,Pankow,True,2022,2022-12-17,Apartment,False,63.3,968.93,1173.5,15.31
324,7,Neukölln,Neukölln,True,2022,2022-04-17,Apartment,False,36.6,517.28,615.48,14.13
325,8,Pankow,Pankow,False,2022,2022-10-16,Room,False,25.5,373.57,487.04,14.65
326,9,Prenzlauer Berg,Pankow,True,2022,2022-03-13,Apartment,False,68.9,1107.45,1296.61,16.07
327,11,Steglitz,Steglitz-Zehlendorf,False,2022,2022-02-08,Apartment,False,83.7,871.51,1105.32,10.41
328,1,Charlottenburg,Charlottenburg-Wilmersdorf,True,2022,2022-11-21,Apartment,False,64.8,1028.3,1202.85,15.87
329,7,Neukölln,Neukölln,True,2022,2022-04-06,Apartment,False,46.4,614.99,742.03,13.25
330,4,Lichtenberg,Lichtenberg,False,2022,2022-02-07,Apartment,False,73.6,773.55,966.51,10.51
331,2,Friedrichshain,Friedrichshain-Kreuzberg,True,2022,2022-02-16,Room,True,25.0,492.96,609.19,19.72
332,5,Mitte,Mitte,True,2022,2022-08-09,Apartment,False,73.1,1152.43,1333.61,15.77
333,6,Moabit,Mitte,True,2022,2022-11-02,Apartment,False,40.2,496.75,613.28,12.36
334,8,Pankow,Pankow,False,2022,2022-10-14,Apartment,False,35.6,407.14,517.54,11.44
335,9,Prenzlauer Berg,Pankow,True,2022,2022-02-02,Apartment,True,54.0,980.53,1134.1,18.16
336,3,Kreuzberg,Friedrichshain-Kreuzberg,True,2022,2022-05-07,Room,False,20.8,346.64,457.97,16.67
337,11,Steglitz,Steglitz-Zehlendorf,False,2022,2022-07-22,Apartment,False,44.8,471.28,591.08,10.52
338,1,Charlottenburg,Charlottenburg-Wilmersdorf,True,2022,2022-11-30,Apartment,True,78.1,1393.75,1639.08,17.85
339,8,Pankow,Pankow,False,2022,2022-06-13,Room,True,27.3,424.24,567.65,15.54
340,7,Neukölln,Neukölln,True,2022,2022-05-24,Apartment,False,83.4,1150.07,1374.69,13.79
341,10,Schöneberg,Tempelhof-Schöneberg,True,2022,2022-10-09,Room,False,16.8,293.82,401.92,17.49
342,5,Mitte,Mitte,True,2022,2022-12-21,Apartment,False,70.4,1181.44,1368.86,16.78
343,2,Friedrichshain,Friedrichshain-Kreuzberg,True,2022,2022-05-04,Apartment,False,55.5,851.93,1016.77,15.35
344,7,Neukölln,Neukölln,True,2022,2022-09-03,Apartment,False,74.5,903.91,1149.14,12.13
345,8,Pankow,Pankow,False,2022,2022-07-04,Room,False,26.9,380.97,505.43,14.16
346,11,Steglitz,Steglitz-Zehlendorf,False,2022,2022-12-03,Apartment,False,66.9,700.8,907.66,10.48
347,4,Lichtenberg,Lichtenberg,False,2022,2022-07-24,Room,False,14.6,204.52,335.01,14.01
348,1,Charlottenburg,Charlottenburg-Wilmersdorf,True,2022,2022-09-23,Apartment,False,35.5,497.54,599.06,14.02
349,12,Wedding,Mitte,True,2022,2022-10-29,Apartment,False,57.3,681.0,858.35,11.88
350,11,Steglitz,Steglitz-Zehlendorf,False,2022,2022-03-01,Apartment,True,36.2,468.15,586.36,12.93
351,11,Steglitz,Steglitz-Zehlendorf,False,2022,2022-08-13,Room,True,20.4,314.8,436.23,15.43
352,11,Steglitz,Steglitz-Zehlendorf,False,2022,2022-11-28,Apartment,True,50.0,712.55,870.76,14.25
353,2,Friedrichshain,Friedrichshain-Kreuzberg,True,2022,2022-10-14,Apartment,True,84.2,1481.52,1695.74,17.6
354,10,Schöneberg,Tempelhof-Schöneberg,True,2022,2022-01-15,Apartment,True,55.3,927.52,1081.75,16.77
355,11,Steglitz,Steglitz-Zehlendorf,False,2022,2022-12-27,Apartment,True,64.6,905.78,1072.78,14.02
356,2,Friedrichshain,Friedrichshain-Kreuzberg,True,2022,2022-02-28,Apartment,False,61.8,926.06,1085.34,14.98
357,7,Neukölln,Neukölln,True,2022,2022-07-20,Apartment,False,83.3,1057.36,1286.42,12.69
358,8,Pankow,Pankow,False,2022,2022-11-11,Room,True,20.4,325.22,461.25,15.94
359,8,Pankow,Pankow,False,2022,2022-09-19,Room,True,15.7,245.21,376.41,15.62
360,10,Schöneberg,Tempelhof-Schöneberg,True,2022,2022-11-27,Room,True,19.4,365.32,496.52,18.83
361,3,Kreuzberg,Friedrichshain-Kreuzberg,True,2022,2022-01-28,Apartment,False,42.0,635.78,753.63,15.14
362,1,Charlottenburg,Charlottenburg-Wilmersdorf,True,2022,2022-12-01,Apartment,False,44.8,642.53,772.69,14.34
363,6,Moabit,Mitte,True,2022,2022-10-17,Room,False,23.9,366.8,474.33,15.35
364,5,Mitte,Mitte,True,2022,2022-10-17,Apartment,True,36.6,717.34,830.9,19.6
365,11,Steglitz,Steglitz-Zehlendorf,False,2022,2022-10-06,Apartment,False,60.5,693.24,853.03,11.46
366,1,Charlottenburg,Charlottenburg-Wilmersdorf,True,2022,2022-08-06,Apartment,False,73.0,1057.91,1247.47,14.49
367,2,Friedrichshain,Friedrichshain-Kreuzberg,True,2022,2022-05-15,Apartment,False,47.4,776.29,891.42,16.38
368,1,Charlottenburg,Charlottenburg-Wilmersdorf,True,2022,2022-10-29,Apartment,True,78.3,1364.94,1567.65,17.43
369,11,Steglitz,Steglitz-Zehlendorf,False,2022,2022-04-16,Room,False,22.9,293.02,399.29,12.8
370,9,Prenzlauer Berg,Pankow,True,2022,2022-12-27,Apartment,False,61.6,999.98,1157.15,16.23
371,7,Neukölln,Neukölln,True,2022,2022-07-30,Room,True,26.0,518.78,623.07,19.95
372,5,Mitte,Mitte,True,2022,2022-12-31,Apartment,False,41.3,746.5,854.9,18.08
373,1,Charlottenburg,Charlottenburg-Wilmersdorf,True,2022,2022-05-18,Apartment,False,68.8,1005.68,1206.55,14.62
374,4,Lichtenberg,Lichtenberg,False,2022,2022-09-21,Room,False,22.9,316.16,420.35,13.81
375,11,Steglitz,Steglitz-Zehlendorf,False,2022,2022-01-02,Room,False,19.2,275.94,390.67,14.37
376,11,Steglitz,Steglitz-Zehlendorf,False,2022,2022-10-01,Room,False,22.9,317.48,455.73,13.86
377,10,Schöneberg,Tempelhof-Schöneberg,True,2022,2022-06-22,Room,False,17.0,267.22,404.5,15.72
378,12,Wedding,Mitte,True,2022,2022-01-25,Apartment,False,59.3,698.7,877.45,11.78
379,5,Mitte,Mitte,True,2022,2022-08-14,Room,False,20.4,367.69,506.28,18.02
380,6,Moabit,Mitte,True,2022,2022-11-29,Room,False,16.8,267.33,373.27,15.91
381,7,Neukölln,Neukölln,True,2022,2022-07-10,Room,False,17.8,278.19,389.46,15.63
382,4,Lichtenberg,Lichtenberg,False,2022,2022-12-02,Apartment,True,54.8,729.34,872.41,13.31
383,2,Friedrichshain,Friedrichshain-Kreuzberg,True,2022,2022-01-05,Apartment,True,58.8,1018.35,1195.45,17.32
384,5,Mitte,Mitte,True,2022,2022-02-06,Apartment,False,84.4,1412.27,1624.87,16.73
385,9,Prenzlauer Berg,Pankow,True,2022,2022-03-12,Room,False,15.4,270.83,410.47,17.59
386,10,Schöneberg,Tempelhof-Schöneberg,True,2022,2022-09-29,Apartment,False,41.7,641.44,746.88,15.38
387,8,Pankow,Pankow,False,2022,2022-03-19,Room,False,20.2,287.36,415.62,14.23
388,10,Schöneberg,Tempelhof-Schöneberg,True,2022,2022-03-05,Apartment,False,45.9,694.9,810.84,15.14
389,8,Pankow,Pankow,False,2022,2022-05-08,Apartment,True,56.5,835.07,1003.45,14.78
390,12,Wedding,Mitte,True,2022,2022-12-04,Apartment,False,49.2,643.2,762.47,13.07
391,7,Neukölln,Neukölln,True,2022,2022-05-03,Room,False,16.6,249.48,378.56,15.03
392,6,Moabit,Mitte,True,2022,2022-07-04,Room,True,22.9,410.97,511.51,17.95
393,1,Charlottenburg,Charlottenburg-Wilmersdorf,True,2022,2022-08-30,Room,False,22.0,361.82,492.55,16.45
394,2,Friedrichshain,Friedrichshain-Kreuzberg,True,2022,2022-09-17,Room,True,17.7,333.24,468.76,18.83
395,7,Neukölln,Neukölln,True,2022,2022-10-02,Apartment,False,55.8,759.0,897.06,13.6
396,12,Wedding,Mitte,True,2022,2022-10-02,Apartment,True,50.5,738.64,896.57,14.63
397,1,Charlottenburg,Charlottenburg-Wilmersdorf,True,2022,2022-12-24,Room,False,25.7,442.99,545.97,17.24
398,10,Schöneberg,Tempelhof-Schöneberg,True,2022,2022-08-21,Apartment,False,37.9,496.39,602.17,13.1
399,8,Pankow,Pankow,False,2022,2022-12-26,Apartment,True,72.1,1043.08,1262.06,14.47
400,5,Mitte,Mitte,True,2022,2022-03-27,Room,False,21.3,423.9,556.33,19.9
401,1,Charlottenburg,Charlottenburg-Wilmersdorf,True,2022,2022-01-16,Room,False,17.8,315.98,450.69,17.75
402,1,Charlottenburg,Charlottenburg-Wilmersdorf,True,2022,2022-08-22,Apartment,True,38.2,725.29,819.62,18.99
403,12,Wedding,Mitte,True,2022,2022-02-22,Room,False,21.9,306.36,417.84,13.99
404,8,Pankow,Pankow,False,2022,2022-01-24,Apartment,True,72.0,977.86,1151.46,13.58
405,6,Moabit,Mitte,True,2022,2022-12-02,Room,False,16.5,272.92,374.51,16.54
406,10,Schöneberg,Tempelhof-Schöneberg,True,2022,2022-03-03,Room,True,26.8,523.37,649.09,19.53
407,12,Wedding,Mitte,True,2022,2022-08-27,Apartment,True,46.2,665.69,793.24,14.41
408,7,Neukölln,Neukölln,True,2022,2022-06-05,Apartment,True,39.3,626.86,731.49,15.95
409,11,Steglitz,Steglitz-Zehlendorf,False,2022,2022-04-11,Apartment,False,64.6,729.89,929.85,11.3
410,11,Steglitz,Steglitz-Zehlendorf,False,2022,2022-04-30,Apartment,False,47.3,487.99,618.97,10.32
411,12,Wedding,Mitte,True,2022,2022-12-03,Room,False,26.3,400.59,500.66,15.23
412,10,Schöneberg,Tempelhof-Schöneberg,True,2022,2022-09-09,Apartment,False,40.2,571.45,676.55,14.22
413,5,Mitte,Mitte,True,2022,2022-07-31,Apartment,True,49.0,922.56,1077.45,18.83
414,11,Steglitz,Steglitz-Zehlendorf,False,2022,2022-11-23,Apartment,False,72.4,830.78,1037.47,11.47
415,10,Schöneberg,Tempelhof-Schöneberg,True,2022,2022-05-14,Room,False,20.1,349.92,460.57,17.41
416,1,Charlottenburg,Charlottenburg-Wilmersdorf,True,2022,2022-04-30,Apartment,False,76.6,1087.07,1302.12,14.19
417,2,Friedrichshain,Friedrichshain-Kreuzberg,True,2022,2022-06-10,Apartment,True,73.5,1252.0,1458.14,17.03
418,10,Schöneberg,Tempelhof-Schöneberg,True,2022,2022-02-16,Room,True,24.8,479.58,617.94,19.34
419,3,Kreuzberg,Friedrichshain-Kreuzberg,True,2022,2022-03-17,Apartment,True,70.2,1349.55,1572.15,19.22
420,2,Friedrichshain,Friedrichshain-Kreuzberg,True,2022,2022-03-31,Apartment,False,54.8,773.66,919.92,14.12
421,5,Mitte,Mitte,True,2022,2022-02-22,Apartment,False,62.8,1075.11,1231.18,17.12
422,3,Kreuzberg,Friedrichshain-Kreuzberg,True,2022,2022-12-18,Room,True,24.9,496.67,614.7,19.95
423,4,Lichtenberg,Lichtenberg,False,2022,2022-04-12,Apartment,True,64.3,895.98,1108.01,13.93
424,4,Lichtenberg,Lichtenberg,False,2022,2022-08-25,Room,True,26.7,433.02,534.94,16.22
425,5,Mitte,Mitte,True,2022,2022-12-16,Room,False,25.5,479.29,580.62,18.8
426,10,Schöneberg,Tempelhof-Schöneberg,True,2022,2022-11-14,Room,True,16.6,323.68,425.24,19.5
427,8,Pankow,Pankow,False,2022,2022-03-12,Room,True,19.8,317.56,430.15,16.04
428,10,Schöneberg,Tempelhof-Schöneberg,True,2022,2022-01-10,Room,False,21.4,355.21,491.31,16.6
429,10,Schöneberg,Tempelhof-Schöneberg,True,2022,2022-07-18,Apartment,True,62.2,1131.05,1308.45,18.18
430,7,Neukölln,Neukölln,True,2022,2022-08-30,Room,True,17.1,339.69,442.33,19.86
431,12,Wedding,Mitte,True,2022,2022-05-04,Room,False,17.3,234.35,345.5,13.55
432,7,Neukölln,Neukölln,True,2022,2022-10-22,Apartment,False,71.9,988.47,1222.36,13.75
433,10,Schöneberg,Tempelhof-Schöneberg,True,2022,2022-12-24,Room,False,25.8,399.74,526.4,15.49
434,1,Charlottenburg,Charlottenburg-Wilmersdorf,True,2022,2022-04-07,Apartment,True,70.0,1381.03,1584.51,19.73
435,6,Moabit,Mitte,True,2022,2022-09-02,Apartment,True,36.9,567.29,656.51,15.37
436,5,Mitte,Mitte,True,2022,2022-06-15,Room,False,25.3,471.62,579.61,18.64
437,5,Mitte,Mitte,True,2022,2022-07-06,Room,False,26.8,532.7,670.79,19.88
438,2,Friedrichshain,Friedrichshain-Kreuzberg,True,2022,2022-03-11,Room,False,19.5,320.69,434.27,16.45
439,3,Kreuzberg,Friedrichshain-Kreuzberg,True,2022,2022-12-29,Apartment,False,67.0,1046.49,1226.42,15.62
440,12,Wedding,Mitte,True,2022,2022-03-31,Apartment,False,74.3,856.1,1073.8,11.52
441,10,Schöneberg,Tempelhof-Schöneberg,True,2022,2022-10-21,Room,False,15.8,266.03,408.73,16.84
442,10,Schöneberg,Tempelhof-Schöneberg,True,2022,2022-11-10,Apartment,False,63.4,845.68,1016.0,13.34
443,9,Prenzlauer Berg,Pankow,True,2022,2022-06-13,Apartment,True,59.8,1100.82,1263.01,18.41
444,3,Kreuzberg,Friedrichshain-Kreuzberg,True,2022,2022-06-21,Apartment,False,76.1,1227.44,1460.03,16.13
445,6,Moabit,Mitte,True,2022,2022-01-25,Room,True,23.7,440.64,573.06,18.59
446,10,Schöneberg,Tempelhof-Schöneberg,True,2022,2022-06-29,Room,False,16.3,261.97,401.65,16.07
447,12,Wedding,Mitte,True,2022,2022-04-26,Room,False,25.0,360.93,495.05,14.44
448,3,Kreuzberg,Friedrichshain-Kreuzberg,True,2022,2022-02-23,Apartment,False,36.7,525.4,622.11,14.32
449,2,Friedrichshain,Friedrichshain-Kreuzberg,True,2022,2022-02-17,Room,False,16.3,266.96,409.34,16.38
450,1,Charlottenburg,Charlottenburg-Wilmersdorf,True,2022,2022-03-26,Apartment,False,59.1,793.17,985.14,13.42
451,8,Pankow,Pankow,False,2022,2022-10-04,Apartment,True,40.1,530.82,652.22,13.24
452,7,Neukölln,Neukölln,True,2022,2022-01-28,Apartment,True,39.8,638.68,751.79,16.05
453,1,Charlottenburg,Charlottenburg-Wilmersdorf,True,2022,2022-04-16,Room,True,25.5,522.31,626.67,20.48
454,3,Kreuzberg,Friedrichshain-Kreuzberg,True,2022,2022-08-30,Apartment,False,58.7,855.98,1038.33,14.58
455,6,Moabit,Mitte,True,2022,2022-04-06,Apartment,True,67.1,1073.47,1257.55,16.0
456,6,Moabit,Mitte,True,2022,2022-03-19,Room,False,17.7,287.73,413.12,16.26
457,11,Steglitz,Steglitz-Zehlendorf,False,2022,2022-10-11,Apartment,True,52.2,771.21,924.2,14.77
458,5,Mitte,Mitte,True,2022,2022-09-01,Apartment,False,55.9,954.51,1132.28,17.08
459,8,Pankow,Pankow,False,2022,2022-09-15,Apartment,False,38.9,484.26,602.63,12.45
460,8,Pankow,Pankow,False,2022,2022-08-18,Apartment,False,68.9,817.43,990.25,11.86
461,3,Kreuzberg,Friedrichshain-Kreuzberg,True,2022,2022-12-16,Apartment,True,45.6,799.69,912.35,17.54
462,10,Schöneberg,Tempelhof-Schöneberg,True,2022,2022-02-04,Room,False,16.1,265.84,380.23,16.51
463,2,Friedrichshain,Friedrichshain-Kreuzberg,True,2022,2022-01-07,Room,False,18.6,314.39,435.01,16.9
464,11,Steglitz,Steglitz-Zehlendorf,False,2022,2022-10-29,Apartment,False,56.0,623.81,765.68,11.14
465,8,Pankow,Pankow,False,2022,2022-05-27,Apartment,False,81.2,953.67,1155.93,11.74
466,12,Wedding,Mitte,True,2022,2022-08-31,Apartment,False,48.2,600.3,740.79,12.45
467,5,Mitte,Mitte,True,2022,2022-07-22,Room,False,22.7,445.15,563.23,19.61
468,1,Charlottenburg,Charlottenburg-Wilmersdorf,True,2022,2022-06-05,Apartment,True,58.8,1011.12,1170.12,17.2
469,7,Neukölln,Neukölln,True,2022,2022-03-10,Room,False,23.7,340.33,479.43,14.36
470,7,Neukölln,Neukölln,True,2022,2022-11-27,Apartment,False,76.3,960.65,1172.39,12.59
471,2,Friedrichshain,Friedrichshain-Kreuzberg,True,2022,2022-01-29,Room,True,25.5,566.33,705.35,22.21
472,12,Wedding,Mitte,True,2022,2022-10-19,Apartment,True,70.5,1069.55,1272.02,15.17
473,5,Mitte,Mitte,True,2022,2022-01-26,Room,False,16.8,299.62,401.11,17.83
474,1,Charlottenburg,Charlottenburg-Wilmersdorf,True,2022,2022-01-16,Apartment,True,76.2,1403.19,1594.57,18.41
475,9,Prenzlauer Berg,Pankow,True,2022,2022-06-29,Room,False,16.5,314.99,441.4,19.09
476,1,Charlottenburg,Charlottenburg-Wilmersdorf,True,2022,2022-07-17,Room,False,24.5,422.79,535.62,17.26
477,5,Mitte,Mitte,True,2022,2022-12-13,Room,False,27.5,553.1,682.23,20.11
478,9,Prenzlauer Berg,Pankow,True,2022,2022-01-05,Room,False,14.3,269.51,404.05,18.85
479,6,Moabit,Mitte,True,2022,2022-06-06,Apartment,False,65.1,791.88,962.91,12.16
480,11,Steglitz,Steglitz-Zehlendorf,False,2022,2022-05-10,Apartment,False,56.2,621.74,774.26,11.06
481,9,Prenzlauer Berg,Pankow,True,2022,2022-09-19,Apartment,False,76.2,1193.71,1383.61,15.67
482,4,Lichtenberg,Lichtenberg,False,2022,2022-12-17,Apartment,False,63.1,699.8,867.29,11.09
483,2,Friedrichshain,Friedrichshain-Kreuzberg,True,2022,2022-11-30,Apartment,True,48.8,880.6,1026.54,18.05
484,7,Neukölln,Neukölln,True,2022,2022-11-04,Room,False,17.4,248.22,386.8,14.27
485,10,Schöneberg,Tempelhof-Schöneberg,True,2022,2022-05-13,Apartment,False,71.1,1033.2,1267.67,14.53
486,10,Schöneberg,Tempelhof-Schöneberg,True,2022,2022-06-25,Room,False,22.2,388.13,524.85,17.48
487,11,Steglitz,Steglitz-Zehlendorf,False,2022,2022-07-03,Apartment,False,66.9,753.5,970.7,11.26
488,12,Wedding,Mitte,True,2022,2022-05-13,Room,True,23.2,393.87,515.06,16.98
489,11,Steglitz,Steglitz-Zehlendorf,False,2022,2022-02-15,Apartment,False,44.2,516.0,635.43,11.67
490,9,Prenzlauer Berg,Pankow,True,2022,2022-05-14,Room,False,18.3,345.28,460.19,18.87
491,8,Pankow,Pankow,False,2022,2022-11-14,Room,False,20.6,299.14,425.4,14.52
492,2,Friedrichshain,Friedrichshain-Kreuzberg,True,2022,2022-03-19,Apartment,True,41.0,807.96,921.6,19.71
493,3,Kreuzberg,Friedrichshain-Kreuzberg,True,2022,2022-04-03,Apartment,True,84.4,1835.66,2049.1,21.75
494,2,Friedrichshain,Friedrichshain-Kreuzberg,True,2022,2022-05-21,Apartment,False,43.8,688.54,793.85,15.72
495,9,Prenzlauer Berg,Pankow,True,2022,2022-11-11,Apartment,True,73.2,1482.66,1664.14,20.25
496,10,Schöneberg,Tempelhof-Schöneberg,True,2022,2022-04-13,Apartment,False,83.3,1153.37,1356.12,13.85
497,11,Steglitz,Steglitz-Zehlendorf,False,2022,2022-11-17,Room,True,18.5,305.74,436.19,16.53
498,11,Steglitz,Steglitz-Zehlendorf,False,2022,2022-10-29,Room,False,18.8,239.16,356.42,12.72
499,7,Neukölln,Neukölln,True,2022,2022-11-02,Room,False,18.2,269.34,402.09,14.8
500,12,Wedding,Mitte,True,2022,2022-07-03,Room,False,27.9,388.81,529.37,13.94
501,9,Prenzlauer Berg,Pankow,True,2022,2022-03-09,Room,False,25.4,426.51,536.6,16.79
502,9,Prenzlauer Berg,Pankow,True,2022,2022-01-20,Apartment,False,43.4,676.11,805.68,15.58
503,10,Schöneberg,Tempelhof-Schöneberg,True,2022,2022-12-01,Apartment,True,61.7,1042.41,1227.25,16.89
504,5,Mitte,Mitte,True,2022,2022-04-16,Room,True,20.2,427.86,559.44,21.18
505,11,Steglitz,Steglitz-Zehlendorf,False,2022,2022-12-25,Apartment,True,56.0,731.08,896.87,13.06
506,3,Kreuzberg,Friedrichshain-Kreuzberg,True,2022,2022-02-24,Room,False,21.2,383.74,496.46,18.1
507,6,Moabit,Mitte,True,2022,2022-06-01,Room,True,17.7,321.67,453.32,18.17
508,3,Kreuzberg,Friedrichshain-Kreuzberg,True,2022,2022-01-02,Room,False,16.9,320.06,434.94,18.94
509,5,Mitte,Mitte,True,2022,2022-02-16,Apartment,False,76.8,1342.4,1537.03,17.48
510,12,Wedding,Mitte,True,2022,2022-06-01,Room,False,26.7,389.24,509.79,14.58
511,7,Neukölln,Neukölln,True,2022,2022-06-10,Apartment,True,43.7,639.85,776.26,14.64
512,10,Schöneberg,Tempelhof-Schöneberg,True,2022,2022-03-29,Apartment,True,72.9,1214.77,1433.25,16.66
513,1,Charlottenburg,Charlottenburg-Wilmersdorf,True,2022,2022-06-25,Room,False,22.7,402.51,506.69,17.73
514,3,Kreuzberg,Friedrichshain-Kreuzberg,True,2022,2022-09-02,Room,False,20.4,381.07,512.12,18.68
515,10,Schöneberg,Tempelhof-Schöneberg,True,2022,2022-03-23,Apartment,False,40.7,595.62,695.45,14.63
516,2,Friedrichshain,Friedrichshain-Kreuzberg,True,2022,2022-07-14,Room,False,25.2,452.41,560.57,17.95
517,1,Charlottenburg,Charlottenburg-Wilmersdorf,True,2022,2022-09-05,Apartment,False,79.0,1203.82,1456.82,15.24
518,6,Moabit,Mitte,True,2022,2022-12-27,Room,False,14.6,217.92,332.06,14.93
519,4,Lichtenberg,Lichtenberg,False,2022,2022-06-23,Apartment,False,71.2,738.45,970.58,10.37
520,12,Wedding,Mitte,True,2022,2022-06-27,Apartment,False,39.8,496.28,600.7,12.47
521,4,Lichtenberg,Lichtenberg,False,2022,2022-01-28,Apartment,False,77.0,848.65,1101.9,11.02
522,5,Mitte,Mitte,True,2022,2022-09-09,Apartment,True,77.4,1792.52,1983.5,23.16
523,1,Charlottenburg,Charlottenburg-Wilmersdorf,True,2022,2022-07-26,Room,False,14.7,236.51,365.46,16.09
524,9,Prenzlauer Berg,Pankow,True,2022,2022-06-11,Room,False,22.0,373.51,495.94,16.98
525,2,Friedrichshain,Friedrichshain-Kreuzberg,True,2022,2022-10-09,Apartment,False,35.9,541.65,628.97,15.09
526,5,Mitte,Mitte,True,2022,2022-10-15,Apartment,False,83.2,1446.34,1712.67,17.38
527,9,Prenzlauer Berg,Pankow,True,2022,2022-08-21,Apartment,False,52.0,877.93,1040.95,16.88
528,1,Charlottenburg,Charlottenburg-Wilmersdorf,True,2022,2022-02-28,Apartment,False,58.7,883.74,1062.44,15.06
529,2,Friedrichshain,Friedrichshain-Kreuzberg,True,2022,2022-09-25,Apartment,True,52.1,1097.31,1236.04,21.06
530,1,Charlottenburg,Charlottenburg-Wilmersdorf,True,2022,2022-02-24,Apartment,True,43.2,749.64,881.37,17.35
531,7,Neukölln,Neukölln,True,2022,2022-06-23,Apartment,True,81.5,1296.18,1549.1,15.9
532,2,Friedrichshain,Friedrichshain-Kreuzberg,True,2022,2022-08-23,Apartment,True,66.7,1260.97,1474.58,18.91
533,4,Lichtenberg,Lichtenberg,False,2022,2022-10-11,Apartment,False,83.2,827.38,1082.19,9.94
534,10,Schöneberg,Tempelhof-Schöneberg,True,2022,2022-10-24,Apartment,False,60.4,918.16,1072.75,15.2
535,3,Kreuzberg,Friedrichshain-Kreuzberg,True,2022,2022-07-16,Apartment,True,54.4,1114.76,1270.0,20.49
536,10,Schöneberg,Tempelhof-Schöneberg,True,2022,2022-05-31,Apartment,False,73.1,991.93,1230.76,13.57
537,6,Moabit,Mitte,True,2022,2022-10-08,Apartment,True,65.1,1151.7,1357.34,17.69
538,1,Charlottenburg,Charlottenburg-Wilmersdorf,True,2022,2022-05-29,Apartment,False,66.6,923.36,1120.61,13.86
539,4,Lichtenberg,Lichtenberg,False,2022,2022-09-15,Room,False,27.7,370.01,513.13,13.36
540,12,Wedding,Mitte,True,2022,2022-12-08,Apartment,True,40.8,595.89,714.76,14.61
541,11,Steglitz,Steglitz-Zehlendorf,False,2022,2022-01-07,Room,False,25.8,336.35,474.48,13.04
542,12,Wedding,Mitte,True,2022,2022-03-24,Room,False,14.7,195.9,307.91,13.33
543,7,Neukölln,Neukölln,True,2022,2022-07-03,Apartment,True,38.1,633.08,743.08,16.62
544,6,Moabit,Mitte,True,2022,2022-10-15,Room,False,24.4,398.2,531.61,16.32
545,10,Schöneberg,Tempelhof-Schöneberg,True,2022,2022-07-15,Room,False,25.2,397.28,527.18,15.77
546,10,Schöneberg,Tempelhof-Schöneberg,True,2022,2022-05-09,Room,False,23.6,410.95,513.37,17.41
547,9,Prenzlauer Berg,Pankow,True,2022,2022-12-27,Apartment,False,78.5,1326.37,1579.17,16.9
548,11,Steglitz,Steglitz-Zehlendorf,False,2022,2022-04-10,Apartment,False,62.3,717.72,910.76,11.52
549,7,Neukölln,Neukölln,True,2022,2022-03-03,Room,False,15.0,244.96,378.04,16.33
550,10,Schöneberg,Tempelhof-Schöneberg,True,2022,2022-08-27,Room,True,17.7,337.77,438.02,19.08
551,11,Steglitz,Steglitz-Zehlendorf,False,2022,2022-12-05,Apartment,True,81.4,1192.26,1433.43,14.65
552,7,Neukölln,Neukölln,True,2022,2022-04-23,Apartment,False,52.9,729.74,871.83,13.79
553,3,Kreuzberg,Friedrichshain-Kreuzberg,True,2022,2022-06-28,Apartment,False,43.0,678.33,797.14,15.78
554,9,Prenzlauer Berg,Pankow,True,2022,2022-11-13,Apartment,False,51.6,793.14,961.11,15.37
555,12,Wedding,Mitte,True,2022,2022-06-27,Apartment,False,72.6,903.32,1085.06,12.44
556,6,Moabit,Mitte,True,2022,2022-06-14,Room,False,26.9,400.41,502.2,14.89
557,10,Schöneberg,Tempelhof-Schöneberg,True,2022,2022-09-22,Apartment,False,54.3,773.31,917.45,14.24
558,1,Charlottenburg,Charlottenburg-Wilmersdorf,True,2022,2022-06-14,Apartment,False,59.3,836.94,1014.03,14.11
559,12,Wedding,Mitte,True,2022,2022-04-18,Room,True,27.6,493.3,621.51,17.87
560,4,Lichtenberg,Lichtenberg,False,2022,2022-08-11,Apartment,True,69.3,965.11,1183.12,13.93
561,4,Lichtenberg,Lichtenberg,False,2022,2022-02-07,Apartment,True,69.3,875.79,1044.47,12.64
562,5,Mitte,Mitte,True,2022,2022-08-19,Room,True,15.0,372.55,490.89,24.84
563,4,Lichtenberg,Lichtenberg,False,2022,2022-02-02,Room,True,19.5,276.43,408.84,14.18
564,11,Steglitz,Steglitz-Zehlendorf,False,2022,2022-12-18,Apartment,False,38.6,469.95,566.28,12.17
565,7,Neukölln,Neukölln,True,2022,2022-03-22,Apartment,True,81.3,1336.08,1533.46,16.43
566,12,Wedding,Mitte,True,2022,2022-11-21,Room,False,25.2,378.39,491.66,15.02
567,3,Kreuzberg,Friedrichshain-Kreuzberg,True,2022,2022-01-06,Room,False,27.5,515.99,645.15,18.76
568,12,Wedding,Mitte,True,2022,2022-02-13,Apartment,True,37.1,559.01,666.33,15.07
569,7,Neukölln,Neukölln,True,2022,2022-09-20,Room,False,24.2,353.77,494.52,14.62
570,3,Kreuzberg,Friedrichshain-Kreuzberg,True,2022,2022-01-28,Room,True,25.7,509.67,645.65,19.83
571,12,Wedding,Mitte,True,2022,2022-10-25,Apartment,False,49.5,553.68,676.85,11.19
572,6,Moabit,Mitte,True,2022,2022-04-10,Apartment,True,68.6,1057.95,1226.9,15.42
573,1,Charlottenburg,Charlottenburg-Wilmersdorf,True,2022,2022-06-11,Apartment,True,68.0,1234.47,1432.36,18.15
574,10,Schöneberg,Tempelhof-Schöneberg,True,2022,2022-07-04,Room,True,25.0,509.81,622.26,20.39
575,3,Kreuzberg,Friedrichshain-Kreuzberg,True,2022,2022-02-25,Apartment,True,59.0,1164.32,1331.78,19.73
576,3,Kreuzberg,Friedrichshain-Kreuzberg,True,2022,2022-11-17,Apartment,True,49.0,1044.65,1170.91,21.32
577,2,Friedrichshain,Friedrichshain-Kreuzberg,True,2022,2022-10-24,Apartment,False,77.5,1217.69,1460.37,15.71
578,10,Schöneberg,Tempelhof-Schöneberg,True,2022,2022-12-01,Apartment,True,36.8,641.26,747.45,17.43
579,3,Kreuzberg,Friedrichshain-Kreuzberg,True,2022,2022-09-19,Room,True,24.8,538.27,659.18,21.7
580,2,Friedrichshain,Friedrichshain-Kreuzberg,True,2022,2022-11-11,Room,False,23.3,428.61,564.9,18.4
581,4,Lichtenberg,Lichtenberg,False,2022,2022-12-04,Room,False,20.2,251.27,393.96,12.44
582,3,Kreuzberg,Friedrichshain-Kreuzberg,True,2022,2022-02-02,Apartment,False,52.9,786.65,936.83,14.87
583,7,Neukölln,Neukölln,True,2022,2022-08-21,Room,True,16.9,324.85,445.99,19.22
584,5,Mitte,Mitte,True,2022,2022-05-21,Room,False,15.4,314.62,443.13,20.43
585,11,Steglitz,Steglitz-Zehlendorf,False,2022,2022-12-01,Room,False,16.4,225.92,342.36,13.78
586,2,Friedrichshain,Friedrichshain-Kreuzberg,True,2022,2022-09-07,Apartment,True,80.4,1513.15,1768.9,18.82
587,6,Moabit,Mitte,True,2022,2022-05-24,Apartment,True,79.1,1259.85,1486.32,15.93
588,9,Prenzlauer Berg,Pankow,True,2022,2022-06-19,Room,True,22.4,516.1,634.76,23.04
589,11,Steglitz,Steglitz-Zehlendorf,False,2022,2022-07-30,Room,False,20.7,282.54,411.67,13.65
590,5,Mitte,Mitte,True,2022,2022-03-17,Room,True,22.3,483.63,623.72,21.69
591,5,Mitte,Mitte,True,2022,2022-11-23,Room,False,21.2,399.1,542.72,18.83
592,5,Mitte,Mitte,True,2022,2022-11-07,Apartment,False,76.1,1394.19,1591.66,18.32
593,6,Moabit,Mitte,True,2022,2022-04-04,Apartment,True,76.5,1324.11,1564.2,17.31
594,8,Pankow,Pankow,False,2022,2022-04-28,Apartment,True,71.2,992.22,1200.95,13.94
595,10,Schöneberg,Tempelhof-Schöneberg,True,2022,2022-03-18,Room,True,16.8,345.97,464.86,20.59
596,8,Pankow,Pankow,False,2022,2022-09-15,Room,False,22.6,289.76,425.03,12.82
597,2,Friedrichshain,Friedrichshain-Kreuzberg,True,2022,2022-12-14,Room,False,26.6,467.88,567.93,17.59
598,4,Lichtenberg,Lichtenberg,False,2022,2022-09-04,Room,False,26.2,352.4,471.7,13.45
599,10,Schöneberg,Tempelhof-Schöneberg,True,2022,2022-08-06,Room,False,26.7,456.58,582.51,17.1
600,3,Kreuzberg,Friedrichshain-Kreuzberg,True,2022,2022-10-06,Room,False,26.7,445.45,572.37,16.68
601,10,Schöneberg,Tempelhof-Schöneberg,True,2022,2022-07-12,Room,True,24.4,442.47,565.86,18.13
602,4,Lichtenberg,Lichtenberg,False,2022,2022-10-27,Room,False,19.7,242.27,361.44,12.3
603,7,Neukölln,Neukölln,True,2022,2022-07-23,Room,False,21.9,340.13,484.76,15.53
604,9,Prenzlauer Berg,Pankow,True,2022,2022-05-10,Room,False,20.8,368.98,493.95,17.74
605,7,Neukölln,Neukölln,True,2022,2022-03-02,Apartment,False,54.9,674.34,848.78,12.28
606,11,Steglitz,Steglitz-Zehlendorf,False,2022,2022-06-23,Room,False,27.3,345.72,468.6,12.66
607,12,Wedding,Mitte,True,2022,2022-02-16,Apartment,False,37.6,446.71,558.47,11.88
608,3,Kreuzberg,Friedrichshain-Kreuzberg,True,2022,2022-11-08,Apartment,False,39.4,590.76,698.47,14.99
609,5,Mitte,Mitte,True,2022,2022-11-02,Apartment,False,55.0,959.22,1105.4,17.44
610,5,Mitte,Mitte,True,2022,2022-12-03,Apartment,False,67.0,1124.49,1297.45,16.78
611,12,Wedding,Mitte,True,2022,2022-01-19,Room,True,22.4,375.91,483.54,16.78
612,1,Charlottenburg,Charlottenburg-Wilmersdorf,True,2022,2022-07-22,Room,True,16.2,358.63,474.52,22.14
613,10,Schöneberg,Tempelhof-Schöneberg,True,2022,2022-05-26,Apartment,False,71.8,937.2,1115.35,13.05
614,11,Steglitz,Steglitz-Zehlendorf,False,2022,2022-11-07,Apartment,False,52.4,641.69,780.49,12.25
615,9,Prenzlauer Berg,Pankow,True,2022,2022-10-14,Apartment,False,35.2,529.19,629.71,15.03
616,2,Friedrichshain,Friedrichshain-Kreuzberg,True,2022,2022-10-22,Apartment,True,40.9,762.14,880.1,18.63
617,7,Neukölln,Neukölln,True,2022,2022-08-23,Apartment,False,63.2,869.74,1064.51,13.76
618,4,Lichtenberg,Lichtenberg,False,2022,2022-11-21,Apartment,False,36.4,369.9,459.47,10.16
619,9,Prenzlauer Berg,Pankow,True,2022,2022-05-15,Apartment,True,50.8,1088.55,1210.91,21.43
620,9,Prenzlauer Berg,Pankow,True,2022,2022-04-02,Room,False,24.5,432.75,557.7,17.66
621,6,Moabit,Mitte,True,2022,2022-04-08,Room,True,22.0,397.23,539.09,18.06
622,6,Moabit,Mitte,True,2022,2022-11-13,Apartment,True,47.1,726.54,874.97,15.43
623,1,Charlottenburg,Charlottenburg-Wilmersdorf,True,2022,2022-10-05,Room,True,26.9,563.56,691.18,20.95
624,5,Mitte,Mitte,True,2022,2022-05-21,Apartment,True,50.8,1186.89,1335.08,23.36
625,6,Moabit,Mitte,True,2022,2022-03-07,Room,False,21.2,323.11,456.87,15.24
626,5,Mitte,Mitte,True,2022,2022-12-18,Apartment,False,82.0,1275.47,1497.9,15.55
627,3,Kreuzberg,Friedrichshain-Kreuzberg,True,2022,2022-07-14,Apartment,True,60.9,1088.97,1272.08,17.88
628,8,Pankow,Pankow,False,2022,2022-11-10,Room,True,26.1,402.97,515.09,15.44
629,1,Charlottenburg,Charlottenburg-Wilmersdorf,True,2022,2022-07-25,Room,False,16.9,292.14,408.89,17.29
630,7,Neukölln,Neukölln,True,2022,2022-05-19,Apartment,False,84.0,1139.48,1402.63,13.57
631,9,Prenzlauer Berg,Pankow,True,2022,2022-08-31,Apartment,False,44.8,753.15,890.45,16.81
632,5,Mitte,Mitte,True,2022,2022-06-11,Room,False,27.9,560.53,683.8,20.09
633,6,Moabit,Mitte,True,2022,2022-01-31,Room,False,21.9,333.81,464.88,15.24
634,9,Prenzlauer Berg,Pankow,True,2022,2022-07-04,Apartment,False,66.5,1051.72,1231.35,15.82
635,1,Charlottenburg,Charlottenburg-Wilmersdorf,True,2022,2022-12-14,Apartment,False,47.9,641.47,761.66,13.39
636,8,Pankow,Pankow,False,2022,2022-07-01,Room,False,23.1,302.6,437.71,13.1
637,1,Charlottenburg,Charlottenburg-Wilmersdorf,True,2022,2022-05-27,Apartment,False,71.8,1124.53,1321.47,15.66
638,6,Moabit,Mitte,True,2022,2022-10-20,Apartment,True,43.4,744.91,873.73,17.16
639,10,Schöneberg,Tempelhof-Schöneberg,True,2022,2022-05-17,Apartment,True,43.1,706.35,821.09,16.39
640,8,Pankow,Pankow,False,2022,2022-08-19,Apartment,True,57.2,865.48,1032.97,15.13
641,10,Schöneberg,Tempelhof-Schöneberg,True,2022,2022-12-25,Room,False,15.8,247.05,358.37,15.64
642,11,Steglitz,Steglitz-Zehlendorf,False,2022,2022-01-14,Room,True,15.4,240.01,364.69,15.59
643,10,Schöneberg,Tempelhof-Schöneberg,True,2022,2022-07-19,Apartment,False,40.2,580.39,679.92,14.44
644,7,Neukölln,Neukölln,True,2022,2022-03-29,Room,False,20.2,291.37,415.07,14.42
645,5,Mitte,Mitte,True,2022,2022-05-20,Room,True,26.8,645.71,784.9,24.09
646,12,Wedding,Mitte,True,2022,2022-11-20,Room,False,23.8,323.28,450.17,13.58
647,11,Steglitz,Steglitz-Zehlendorf,False,2022,2022-06-27,Apartment,False,61.2,709.51,873.45,11.59
648,6,Moabit,Mitte,True,2022,2022-06-05,Apartment,False,57.1,743.05,893.44,13.01
649,5,Mitte,Mitte,True,2022,2022-01-05,Room,False,25.9,483.04,604.15,18.65
650,11,Steglitz,Steglitz-Zehlendorf,False,2022,2022-05-30,Apartment,False,58.9,607.99,772.17,10.32
651,8,Pankow,Pankow,False,2023,2023-03-25,Room,True,19.2,329.94,459.7,17.18
652,11,Steglitz,Steglitz-Zehlendorf,False,2023,2023-05-03,Apartment,False,53.9,615.5,784.21,11.42
653,12,Wedding,Mitte,True,2023,2023-09-30,Apartment,False,75.4,1002.44,1229.11,13.29
654,7,Neukölln,Neukölln,True,2023,2023-11-13,Room,False,16.6,262.0,402.66,15.78
655,6,Moabit,Mitte,True,2023,2023-10-01,Room,False,16.6,250.35,364.58,15.08
656,5,Mitte,Mitte,True,2023,2023-03-19,Room,True,17.8,453.59,576.07,25.48
657,5,Mitte,Mitte,True,2023,2023-01-17,Apartment,True,50.6,1251.91,1412.18,24.74
658,1,Charlottenburg,Charlottenburg-Wilmersdorf,True,2023,2023-10-06,Room,False,16.0,271.55,401.21,16.97
659,6,Moabit,Mitte,True,2023,2023-05-08,Room,False,17.5,279.29,391.86,15.96
660,10,Schöneberg,Tempelhof-Schöneberg,True,2023,2023-02-18,Apartment,False,71.9,988.07,1215.62,13.74
661,12,Wedding,Mitte,True,2023,2023-01-22,Apartment,True,54.5,981.09,1138.74,18.0
662,11,Steglitz,Steglitz-Zehlendorf,False,2023,2023-01-27,Apartment,False,47.7,582.76,722.47,12.22
663,4,Lichtenberg,Lichtenberg,False,2023,2023-03-03,Room,True,22.9,357.44,481.86,15.61
664,10,Schöneberg,Tempelhof-Schöneberg,True,2023,2023-07-10,Apartment,True,37.1,722.63,844.56,19.48
665,2,Friedrichshain,Friedrichshain-Kreuzberg,True,2023,2023-11-17,Room,False,23.6,426.66,582.29,18.08
666,5,Mitte,Mitte,True,2023,2023-04-30,Room,False,23.8,501.49,619.15,21.07
667,1,Charlottenburg,Charlottenburg-Wilmersdorf,True,2023,2023-04-09,Apartment,False,72.8,1186.04,1414.98,16.29
668,5,Mitte,Mitte,True,2023,2023-05-31,Apartment,True,41.7,999.38,1130.47,23.97
669,12,Wedding,Mitte,True,2023,2023-11-03,Apartment,True,44.3,703.33,836.13,15.88
670,12,Wedding,Mitte,True,2023,2023-08-21,Room,False,20.3,319.41,455.78,15.73
671,5,Mitte,Mitte,True,2023,2023-07-06,Apartment,False,71.7,1384.11,1621.28,19.3
672,8,Pankow,Pankow,False,2023,2023-09-26,Room,False,23.2,336.93,466.37,14.52
673,4,Lichtenberg,Lichtenberg,False,2023,2023-02-26,Apartment,False,65.7,737.03,955.6,11.22
674,2,Friedrichshain,Friedrichshain-Kreuzberg,True,2023,2023-09-06,Apartment,True,76.8,1511.11,1736.28,19.68
675,9,Prenzlauer Berg,Pankow,True,2023,2023-12-26,Room,False,25.7,502.6,638.26,19.56
676,8,Pankow,Pankow,False,2023,2023-09-09,Room,True,22.5,377.96,499.35,16.8
677,2,Friedrichshain,Friedrichshain-Kreuzberg,True,2023,2023-07-08,Apartment,False,53.0,906.69,1094.91,17.11
678,11,Steglitz,Steglitz-Zehlendorf,False,2023,2023-02-09,Room,False,21.4,311.73,461.28,14.57
679,9,Prenzlauer Berg,Pankow,True,2023,2023-05-08,Apartment,True,71.3,1464.28,1694.12,20.54
680,8,Pankow,Pankow,False,2023,2023-07-03,Apartment,True,72.5,1046.51,1287.56,14.43
681,4,Lichtenberg,Lichtenberg,False,2023,2023-07-25,Apartment,False,79.1,861.91,1092.28,10.9
682,12,Wedding,Mitte,True,2023,2023-06-16,Room,True,28.0,494.18,620.36,17.65
683,1,Charlottenburg,Charlottenburg-Wilmersdorf,True,2023,2023-10-07,Room,False,25.6,438.31,561.14,17.12
684,9,Prenzlauer Berg,Pankow,True,2023,2023-07-23,Room,False,24.4,456.45,588.81,18.71
685,5,Mitte,Mitte,True,2023,2023-06-04,Apartment,False,64.8,1174.67,1410.81,18.13
686,5,Mitte,Mitte,True,2023,2023-05-22,Room,True,26.0,600.73,743.77,23.11
687,12,Wedding,Mitte,True,2023,2023-03-21,Apartment,False,63.6,759.43,960.68,11.94
688,3,Kreuzberg,Friedrichshain-Kreuzberg,True,2023,2023-10-20,Room,False,17.5,317.31,442.82,18.13
689,10,Schöneberg,Tempelhof-Schöneberg,True,2023,2023-12-20,Apartment,True,38.9,699.21,823.28,17.97
690,11,Steglitz,Steglitz-Zehlendorf,False,2023,2023-10-23,Apartment,False,64.8,745.12,965.94,11.5
691,10,Schöneberg,Tempelhof-Schöneberg,True,2023,2023-03-03,Room,True,24.8,511.24,641.98,20.61
692,9,Prenzlauer Berg,Pankow,True,2023,2023-01-28,Apartment,False,81.4,1415.09,1685.25,17.38
693,7,Neukölln,Neukölln,True,2023,2023-12-11,Apartment,True,63.2,1095.57,1278.08,17.33
694,11,Steglitz,Steglitz-Zehlendorf,False,2023,2023-08-10,Apartment,False,72.6,877.21,1082.75,12.08
695,7,Neukölln,Neukölln,True,2023,2023-05-15,Apartment,True,51.8,926.73,1094.73,17.89
696,2,Friedrichshain,Friedrichshain-Kreuzberg,True,2023,2023-04-12,Room,False,23.8,458.16,591.8,19.25
697,6,Moabit,Mitte,True,2023,2023-05-05,Room,False,21.9,382.19,517.78,17.45
698,2,Friedrichshain,Friedrichshain-Kreuzberg,True,2023,2023-07-31,Room,False,23.6,442.17,559.23,18.74
699,10,Schöneberg,Tempelhof-Schöneberg,True,2023,2023-06-29,Room,True,18.8,404.19,523.81,21.5
700,8,Pankow,Pankow,False,2023,2023-04-30,Apartment,False,66.2,804.88,1041.99,12.16
701,9,Prenzlauer Berg,Pankow,True,2023,2023-11-14,Apartment,True,71.4,1424.6,1636.57,19.95
702,3,Kreuzberg,Friedrichshain-Kreuzberg,True,2023,2023-08-19,Apartment,False,35.7,616.35,718.1,17.26
703,6,Moabit,Mitte,True,2023,2023-09-05,Room,True,21.5,401.4,525.04,18.67
704,8,Pankow,Pankow,False,2023,2023-01-23,Apartment,True,69.9,981.53,1215.5,14.04
705,7,Neukölln,Neukölln,True,2023,2023-01-05,Room,True,25.0,478.93,620.39,19.16
706,2,Friedrichshain,Friedrichshain-Kreuzberg,True,2023,2023-11-29,Room,True,25.9,607.44,720.3,23.45
707,10,Schöneberg,Tempelhof-Schöneberg,True,2023,2023-11-02,Room,False,27.7,446.02,572.22,16.1
708,12,Wedding,Mitte,True,2023,2023-09-29,Room,True,27.5,508.96,622.75,18.51
709,7,Neukölln,Neukölln,True,2023,2023-11-17,Room,False,16.2,257.94,385.78,15.92
710,7,Neukölln,Neukölln,True,2023,2023-07-18,Room,False,21.0,358.13,498.29,17.05
711,5,Mitte,Mitte,True,2023,2023-03-12,Apartment,False,46.3,813.09,956.78,17.56
712,2,Friedrichshain,Friedrichshain-Kreuzberg,True,2023,2023-08-02,Apartment,False,68.9,1204.72,1436.77,17.49
713,9,Prenzlauer Berg,Pankow,True,2023,2023-03-09,Apartment,False,50.6,875.29,1034.9,17.3
714,9,Prenzlauer Berg,Pankow,True,2023,2023-12-19,Apartment,False,69.2,1112.63,1311.53,16.08
715,11,Steglitz,Steglitz-Zehlendorf,False,2023,2023-12-02,Apartment,False,56.5,722.74,917.27,12.79
716,8,Pankow,Pankow,False,2023,2023-03-16,Apartment,True,62.9,996.87,1187.82,15.85
717,11,Steglitz,Steglitz-Zehlendorf,False,2023,2023-11-23,Room,True,27.6,490.08,635.63,17.76
718,11,Steglitz,Steglitz-Zehlendorf,False,2023,2023-11-10,Room,False,15.5,207.89,354.2,13.41
719,8,Pankow,Pankow,False,2023,2023-07-03,Room,False,17.2,238.42,381.35,13.86
720,2,Friedrichshain,Friedrichshain-Kreuzberg,True,2023,2023-07-11,Apartment,False,60.1,1003.78,1207.57,16.7
721,3,Kreuzberg,Friedrichshain-Kreuzberg,True,2023,2023-01-08,Apartment,False,41.9,661.01,777.45,15.78
722,7,Neukölln,Neukölln,True,2023,2023-08-13,Apartment,True,68.6,1107.64,1307.22,16.15
723,8,Pankow,Pankow,False,2023,2023-07-14,Apartment,True,57.9,834.71,996.11,14.42
724,11,Steglitz,Steglitz-Zehlendorf,False,2023,2023-12-27,Room,False,24.4,348.23,483.87,14.27
725,5,Mitte,Mitte,True,2023,2023-09-23,Apartment,False,76.4,1268.03,1546.6,16.6
726,12,Wedding,Mitte,True,2023,2023-01-26,Room,False,21.8,328.2,468.58,15.06
727,9,Prenzlauer Berg,Pankow,True,2023,2023-08-05,Room,False,18.3,366.74,499.5,20.04
728,7,Neukölln,Neukölln,True,2023,2023-09-14,Apartment,True,60.8,1030.97,1222.89,16.96
729,2,Friedrichshain,Friedrichshain-Kreuzberg,True,2023,2023-06-15,Room,False,26.5,494.33,624.02,18.65
730,6,Moabit,Mitte,True,2023,2023-02-16,Room,False,26.6,457.68,609.39,17.21
731,7,Neukölln,Neukölln,True,2023,2023-02-16,Room,False,24.0,371.47,516.47,15.48
732,2,Friedrichshain,Friedrichshain-Kreuzberg,True,2023,2023-09-19,Apartment,False,39.3,668.16,801.94,17.0
733,8,Pankow,Pankow,False,2023,2023-12-04,Apartment,True,54.0,896.59,1072.57,16.6
734,3,Kreuzberg,Friedrichshain-Kreuzberg,True,2023,2023-08-17,Room,True,24.8,514.12,658.98,20.73
735,7,Neukölln,Neukölln,True,2023,2023-08-23,Apartment,True,41.6,699.66,823.54,16.82
736,6,Moabit,Mitte,True,2023,2023-10-29,Apartment,False,35.3,531.88,636.51,15.07
737,4,Lichtenberg,Lichtenberg,False,2023,2023-10-08,Apartment,False,39.0,459.85,575.69,11.79
738,7,Neukölln,Neukölln,True,2023,2023-12-01,Apartment,False,76.3,993.14,1213.15,13.02
739,1,Charlottenburg,Charlottenburg-Wilmersdorf,True,2023,2023-02-14,Room,False,23.3,430.4,555.83,18.47
740,5,Mitte,Mitte,True,2023,2023-12-25,Room,False,16.3,318.54,460.28,19.54
741,8,Pankow,Pankow,False,2023,2023-01-19,Apartment,False,83.3,1069.13,1325.21,12.83
742,2,Friedrichshain,Friedrichshain-Kreuzberg,True,2023,2023-02-03,Apartment,True,79.9,1760.11,2040.48,22.03
743,7,Neukölln,Neukölln,True,2023,2023-04-18,Apartment,True,78.0,1316.24,1545.47,16.87
744,8,Pankow,Pankow,False,2023,2023-12-19,Room,False,27.7,401.68,517.63,14.5
745,8,Pankow,Pankow,False,2023,2023-09-27,Apartment,False,49.4,618.84,768.76,12.53
746,8,Pankow,Pankow,False,2023,2023-09-10,Apartment,True,41.5,640.65,778.37,15.44
747,3,Kreuzberg,Friedrichshain-Kreuzberg,True,2023,2023-03-02,Apartment,True,49.5,932.6,1089.44,18.84
748,11,Steglitz,Steglitz-Zehlendorf,False,2023,2023-10-14,Apartment,False,84.9,996.74,1255.72,11.74
749,4,Lichtenberg,Lichtenberg,False,2023,2023-06-03,Room,False,23.7,313.66,428.71,13.23
750,12,Wedding,Mitte,True,2023,2023-10-19,Apartment,False,40.7,508.3,634.73,12.49
751,8,Pankow,Pankow,False,2023,2023-09-03,Apartment,False,44.7,581.98,742.01,13.02
752,6,Moabit,Mitte,True,2023,2023-10-02,Apartment,False,59.1,852.52,1062.49,14.43
753,1,Charlottenburg,Charlottenburg-Wilmersdorf,True,2023,2023-10-17,Apartment,False,81.4,1158.16,1420.18,14.23
754,11,Steglitz,Steglitz-Zehlendorf,False,2023,2023-07-01,Apartment,False,35.9,433.93,543.37,12.09
755,2,Friedrichshain,Friedrichshain-Kreuzberg,True,2023,2023-10-20,Apartment,True,36.6,818.14,946.54,22.35
756,8,Pankow,Pankow,False,2023,2023-06-11,Room,False,26.1,391.0,534.74,14.98
757,11,Steglitz,Steglitz-Zehlendorf,False,2023,2023-06-04,Room,False,21.0,284.0,416.34,13.52
758,9,Prenzlauer Berg,Pankow,True,2023,2023-09-17,Apartment,True,53.7,1007.5,1159.65,18.76
759,5,Mitte,Mitte,True,2023,2023-09-26,Apartment,False,42.7,749.64,885.64,17.56
760,7,Neukölln,Neukölln,True,2023,2023-03-09,Apartment,True,78.6,1520.55,1784.57,19.35
761,9,Prenzlauer Berg,Pankow,True,2023,2023-01-23,Apartment,False,70.7,1205.22,1399.91,17.05
762,4,Lichtenberg,Lichtenberg,False,2023,2023-12-04,Apartment,False,51.7,640.45,787.42,12.39
763,11,Steglitz,Steglitz-Zehlendorf,False,2023,2023-04-09,Room,False,18.4,274.13,400.57,14.9
764,7,Neukölln,Neukölln,True,2023,2023-01-08,Room,True,20.2,361.57,485.88,17.9
765,8,Pankow,Pankow,False,2023,2023-05-26,Apartment,True,62.1,933.45,1156.94,15.03
766,8,Pankow,Pankow,False,2023,2023-08-30,Room,True,22.6,380.36,498.21,16.83
767,4,Lichtenberg,Lichtenberg,False,2023,2023-10-31,Room,False,15.2,205.45,349.16,13.52
768,4,Lichtenberg,Lichtenberg,False,2023,2023-12-10,Apartment,False,65.8,736.77,966.13,11.2
769,12,Wedding,Mitte,True,2023,2023-12-24,Room,False,24.7,374.72,490.9,15.17
770,6,Moabit,Mitte,True,2023,2023-03-15,Room,True,23.0,465.09,619.73,20.22
771,8,Pankow,Pankow,False,2023,2023-06-16,Room,True,16.6,301.21,451.95,18.15
772,6,Moabit,Mitte,True,2023,2023-06-28,Apartment,True,40.6,731.08,853.04,18.01
773,8,Pankow,Pankow,False,2023,2023-10-12,Apartment,False,55.3,705.51,862.91,12.76
774,4,Lichtenberg,Lichtenberg,False,2023,2023-03-23,Room,True,20.5,335.06,458.03,16.34
775,6,Moabit,Mitte,True,2023,2023-06-25,Room,True,25.4,513.81,645.4,20.23
776,12,Wedding,Mitte,True,2023,2023-02-28,Apartment,True,68.5,1163.32,1403.28,16.98
777,8,Pankow,Pankow,False,2023,2023-11-03,Apartment,True,39.9,590.87,715.17,14.81
778,2,Friedrichshain,Friedrichshain-Kreuzberg,True,2023,2023-02-01,Apartment,False,76.0,1207.76,1460.88,15.89
779,2,Friedrichshain,Friedrichshain-Kreuzberg,True,2023,2023-12-05,Room,True,22.1,523.17,669.24,23.67
780,3,Kreuzberg,Friedrichshain-Kreuzberg,True,2023,2023-06-03,Apartment,True,65.8,1310.38,1543.29,19.91
781,8,Pankow,Pankow,False,2023,2023-06-26,Apartment,False,80.9,1071.52,1346.26,13.24
782,2,Friedrichshain,Friedrichshain-Kreuzberg,True,2023,2023-02-01,Apartment,False,60.5,1053.41,1266.2,17.41
783,1,Charlottenburg,Charlottenburg-Wilmersdorf,True,2023,2023-02-26,Apartment,False,35.0,546.55,673.63,15.62
784,7,Neukölln,Neukölln,True,2023,2023-07-15,Apartment,True,70.1,1185.9,1402.83,16.92
785,10,Schöneberg,Tempelhof-Schöneberg,True,2023,2023-07-04,Apartment,False,58.7,830.93,1012.67,14.16
786,10,Schöneberg,Tempelhof-Schöneberg,True,2023,2023-01-09,Room,False,23.4,378.86,494.09,16.19
787,3,Kreuzberg,Friedrichshain-Kreuzberg,True,2023,2023-11-25,Apartment,False,56.8,1030.7,1191.23,18.15
788,10,Schöneberg,Tempelhof-Schöneberg,True,2023,2023-08-21,Apartment,False,69.8,1126.42,1357.52,16.14
789,12,Wedding,Mitte,True,2023,2023-01-04,Room,False,19.4,279.44,410.55,14.4
790,8,Pankow,Pankow,False,2023,2023-10-23,Apartment,False,70.6,831.9,1084.92,11.78
791,1,Charlottenburg,Charlottenburg-Wilmersdorf,True,2023,2023-02-10,Room,True,20.8,433.19,588.47,20.83
792,3,Kreuzberg,Friedrichshain-Kreuzberg,True,2023,2023-09-22,Apartment,False,78.0,1359.81,1593.93,17.43
793,2,Friedrichshain,Friedrichshain-Kreuzberg,True,2023,2023-12-09,Apartment,False,47.3,793.59,951.92,16.78
794,2,Friedrichshain,Friedrichshain-Kreuzberg,True,2023,2023-10-01,Apartment,False,64.0,1070.48,1298.53,16.73
795,5,Mitte,Mitte,True,2023,2023-05-31,Apartment,False,58.5,1101.2,1284.24,18.82
796,7,Neukölln,Neukölln,True,2023,2023-05-14,Room,False,22.4,354.34,501.67,15.82
797,5,Mitte,Mitte,True,2023,2023-11-16,Apartment,False,63.6,1181.33,1372.93,18.57
798,5,Mitte,Mitte,True,2023,2023-05-24,Room,True,21.1,528.13,646.09,25.03
799,7,Neukölln,Neukölln,True,2023,2023-08-17,Apartment,True,40.6,677.22,794.39,16.68
800,1,Charlottenburg,Charlottenburg-Wilmersdorf,True,2023,2023-06-25,Apartment,True,70.0,1376.25,1623.06,19.66
801,2,Friedrichshain,Friedrichshain-Kreuzberg,True,2023,2023-07-31,Apartment,False,76.1,1322.81,1583.64,17.38
802,10,Schöneberg,Tempelhof-Schöneberg,True,2023,2023-06-26,Room,False,22.9,375.24,520.29,16.39
803,5,Mitte,Mitte,True,2023,2023-06-04,Apartment,False,40.8,693.62,820.46,17.0
804,6,Moabit,Mitte,True,2023,2023-08-31,Apartment,False,61.6,850.27,1058.79,13.8
805,7,Neukölln,Neukölln,True,2023,2023-12-14,Room,False,14.2,246.14,378.34,17.33
806,1,Charlottenburg,Charlottenburg-Wilmersdorf,True,2023,2023-08-10,Apartment,False,37.1,615.88,739.19,16.6
807,8,Pankow,Pankow,False,2023,2023-12-02,Apartment,False,51.7,608.95,755.7,11.78
808,8,Pankow,Pankow,False,2023,2023-04-10,Room,False,24.5,366.12,504.61,14.94
809,12,Wedding,Mitte,True,2023,2023-02-04,Room,False,16.5,249.57,391.85,15.13
810,5,Mitte,Mitte,True,2023,2023-05-09,Room,False,23.6,465.98,610.62,19.74
811,9,Prenzlauer Berg,Pankow,True,2023,2023-04-22,Room,False,14.8,286.75,438.98,19.38
812,8,Pankow,Pankow,False,2023,2023-12-03,Apartment,False,41.0,535.84,653.38,13.07
813,4,Lichtenberg,Lichtenberg,False,2023,2023-08-28,Apartment,False,79.8,956.66,1194.3,11.99
814,4,Lichtenberg,Lichtenberg,False,2023,2023-12-08,Apartment,False,81.1,902.05,1156.24,11.12
815,1,Charlottenburg,Charlottenburg-Wilmersdorf,True,2023,2023-01-31,Room,False,17.9,294.21,423.7,16.44
816,7,Neukölln,Neukölln,True,2023,2023-04-02,Apartment,True,57.0,1040.37,1228.43,18.25
817,4,Lichtenberg,Lichtenberg,False,2023,2023-05-13,Apartment,True,73.4,1015.33,1277.47,13.83
818,2,Friedrichshain,Friedrichshain-Kreuzberg,True,2023,2023-12-01,Room,True,24.2,537.78,672.18,22.22
819,4,Lichtenberg,Lichtenberg,False,2023,2023-01-02,Room,True,19.5,300.43,430.04,15.41
820,12,Wedding,Mitte,True,2023,2023-02-05,Apartment,False,58.9,745.15,945.7,12.65
821,12,Wedding,Mitte,True,2023,2023-10-02,Room,False,23.6,369.25,486.7,15.65
822,1,Charlottenburg,Charlottenburg-Wilmersdorf,True,2023,2023-06-24,Room,True,14.8,339.59,468.03,22.95
823,2,Friedrichshain,Friedrichshain-Kreuzberg,True,2023,2023-07-16,Apartment,False,49.5,768.66,929.49,15.53
824,4,Lichtenberg,Lichtenberg,False,2023,2023-02-13,Room,False,26.6,372.55,500.72,14.01
825,4,Lichtenberg,Lichtenberg,False,2023,2023-07-19,Room,True,14.5,231.29,354.02,15.95
826,2,Friedrichshain,Friedrichshain-Kreuzberg,True,2023,2023-01-09,Apartment,False,60.0,1065.27,1274.11,17.75
827,5,Mitte,Mitte,True,2023,2023-09-25,Room,True,24.1,561.9,703.32,23.32
828,6,Moabit,Mitte,True,2023,2023-02-06,Apartment,False,61.8,909.15,1092.06,14.71
829,5,Mitte,Mitte,True,2023,2023-05-05,Apartment,False,36.0,697.76,816.8,19.38
830,11,Steglitz,Steglitz-Zehlendorf,False,2023,2023-11-09,Apartment,True,66.6,1088.41,1277.39,16.34
831,3,Kreuzberg,Friedrichshain-Kreuzberg,True,2023,2023-02-02,Apartment,True,75.9,1476.08,1726.86,19.45
832,9,Prenzlauer Berg,Pankow,True,2023,2023-12-17,Room,False,27.8,545.3,671.89,19.62
833,8,Pankow,Pankow,False,2023,2023-02-02,Apartment,True,83.2,1150.1,1391.89,13.82
834,2,Friedrichshain,Friedrichshain-Kreuzberg,True,2023,2023-05-05,Room,False,16.4,297.92,417.35,18.17
835,8,Pankow,Pankow,False,2023,2023-09-07,Room,True,25.9,466.85,579.55,18.03
836,2,Friedrichshain,Friedrichshain-Kreuzberg,True,2023,2023-09-01,Room,True,15.2,356.71,487.44,23.47
837,11,Steglitz,Steglitz-Zehlendorf,False,2023,2023-12-21,Room,True,17.8,291.93,411.78,16.4
838,5,Mitte,Mitte,True,2023,2023-06-04,Apartment,False,65.6,1098.41,1327.61,16.74
839,1,Charlottenburg,Charlottenburg-Wilmersdorf,True,2023,2023-11-13,Room,False,16.7,315.0,470.96,18.86
840,1,Charlottenburg,Charlottenburg-Wilmersdorf,True,2023,2023-04-17,Apartment,False,60.4,927.26,1127.41,15.35
841,7,Neukölln,Neukölln,True,2023,2023-03-23,Room,True,16.1,342.32,476.71,21.26
842,4,Lichtenberg,Lichtenberg,False,2023,2023-08-21,Apartment,True,53.2,707.21,883.04,13.29
843,5,Mitte,Mitte,True,2023,2023-02-06,Room,True,21.5,474.97,610.14,22.09
844,9,Prenzlauer Berg,Pankow,True,2023,2023-06-16,Apartment,False,51.3,824.27,996.6,16.07
845,9,Prenzlauer Berg,Pankow,True,2023,2023-04-23,Apartment,True,39.9,907.01,1030.22,22.73
846,2,Friedrichshain,Friedrichshain-Kreuzberg,True,2023,2023-08-21,Apartment,False,79.5,1221.0,1506.02,15.36
847,3,Kreuzberg,Friedrichshain-Kreuzberg,True,2023,2023-03-07,Room,True,24.1,576.89,697.99,23.94
848,5,Mitte,Mitte,True,2023,2023-06-25,Apartment,True,41.8,991.36,1112.75,23.72
849,9,Prenzlauer Berg,Pankow,True,2023,2023-03-29,Apartment,False,74.5,1296.07,1541.95,17.4
850,8,Pankow,Pankow,False,2023,2023-04-21,Apartment,False,39.3,513.67,639.05,13.07
851,8,Pankow,Pankow,False,2023,2023-05-07,Apartment,False,35.7,433.08,559.29,12.13
852,1,Charlottenburg,Charlottenburg-Wilmersdorf,True,2023,2023-08-02,Room,True,27.0,628.66,781.08,23.28
853,5,Mitte,Mitte,True,2023,2023-09-03,Room,False,24.8,465.91,601.81,18.79
854,11,Steglitz,Steglitz-Zehlendorf,False,2023,2023-07-28,Apartment,False,47.0,566.21,695.99,12.05
855,9,Prenzlauer Berg,Pankow,True,2023,2023-12-27,Room,True,23.1,496.44,622.16,21.49
856,6,Moabit,Mitte,True,2023,2023-12-27,Apartment,False,36.2,506.5,631.2,13.99
857,10,Schöneberg,Tempelhof-Schöneberg,True,2023,2023-11-18,Room,False,22.8,402.34,514.4,17.65
858,2,Friedrichshain,Friedrichshain-Kreuzberg,True,2023,2023-12-24,Room,False,21.4,384.42,530.3,17.96
859,8,Pankow,Pankow,False,2023,2023-01-29,Apartment,False,74.4,846.0,1109.58,11.37
860,12,Wedding,Mitte,True,2023,2023-11-13,Apartment,False,79.4,951.13,1195.61,11.98
861,5,Mitte,Mitte,True,2023,2023-06-21,Room,True,21.8,502.72,623.93,23.06
862,9,Prenzlauer Berg,Pankow,True,2023,2023-12-26,Apartment,False,71.9,1275.7,1529.8,17.74
863,9,Prenzlauer Berg,Pankow,True,2023,2023-08-05,Apartment,False,51.0,927.36,1090.72,18.18
864,7,Neukölln,Neukölln,True,2023,2023-09-30,Room,True,20.3,407.94,541.1,20.1
865,4,Lichtenberg,Lichtenberg,False,2023,2023-12-21,Apartment,False,57.6,651.58,844.88,11.31
866,2,Friedrichshain,Friedrichshain-Kreuzberg,True,2023,2023-02-09,Room,False,15.2,277.0,397.05,18.22
867,2,Friedrichshain,Friedrichshain-Kreuzberg,True,2023,2023-01-12,Room,True,16.1,330.89,485.73,20.55
868,7,Neukölln,Neukölln,True,2023,2023-11-27,Room,False,27.0,438.25,569.16,16.23
869,5,Mitte,Mitte,True,2023,2023-07-30,Room,True,26.2,632.21,773.22,24.13
870,8,Pankow,Pankow,False,2023,2023-10-08,Room,False,18.6,272.3,415.66,14.64
871,6,Moabit,Mitte,True,2023,2023-04-27,Apartment,False,79.9,1088.14,1364.62,13.62
872,6,Moabit,Mitte,True,2023,2023-11-13,Room,True,25.8,468.03,623.06,18.14
873,3,Kreuzberg,Friedrichshain-Kreuzberg,True,2023,2023-03-20,Apartment,True,83.7,1871.06,2151.43,22.35
874,3,Kreuzberg,Friedrichshain-Kreuzberg,True,2023,2023-10-15,Room,True,18.4,384.48,504.78,20.9
875,11,Steglitz,Steglitz-Zehlendorf,False,2023,2023-06-04,Room,True,18.8,312.54,431.86,16.62
876,2,Friedrichshain,Friedrichshain-Kreuzberg,True,2023,2023-06-13,Apartment,False,60.0,921.58,1111.31,15.36
877,3,Kreuzberg,Friedrichshain-Kreuzberg,True,2023,2023-08-31,Room,False,27.7,508.09,651.84,18.34
878,7,Neukölln,Neukölln,True,2023,2023-08-15,Apartment,False,84.7,1234.51,1528.39,14.58
879,1,Charlottenburg,Charlottenburg-Wilmersdorf,True,2023,2023-06-07,Apartment,False,80.0,1156.61,1416.28,14.46
880,5,Mitte,Mitte,True,2023,2023-11-25,Room,False,20.2,383.08,497.56,18.96
881,9,Prenzlauer Berg,Pankow,True,2023,2023-08-17,Apartment,True,81.8,1577.66,1842.25,19.29
882,4,Lichtenberg,Lichtenberg,False,2023,2023-01-29,Apartment,True,60.6,808.57,1008.22,13.34
883,4,Lichtenberg,Lichtenberg,False,2023,2023-06-29,Room,True,26.0,415.83,540.64,15.99
884,7,Neukölln,Neukölln,True,2023,2023-08-01,Apartment,False,39.4,580.32,704.42,14.73
885,6,Moabit,Mitte,True,2023,2023-03-13,Room,False,27.6,443.3,595.64,16.06
886,8,Pankow,Pankow,False,2023,2023-10-30,Apartment,True,50.2,833.56,986.76,16.6
887,10,Schöneberg,Tempelhof-Schöneberg,True,2023,2023-12-30,Room,False,26.8,453.1,590.11,16.91
888,8,Pankow,Pankow,False,2023,2023-06-04,Apartment,True,44.3,664.26,787.77,14.99
889,8,Pankow,Pankow,False,2023,2023-05-15,Room,False,20.5,275.09,387.2,13.42
890,7,Neukölln,Neukölln,True,2023,2023-08-02,Apartment,False,58.6,852.17,1060.4,14.54
891,3,Kreuzberg,Friedrichshain-Kreuzberg,True,2023,2023-02-04,Apartment,False,47.2,734.25,875.83,15.56
892,8,Pankow,Pankow,False,2023,2023-09-01,Apartment,False,63.3,828.94,1038.79,13.1
893,11,Steglitz,Steglitz-Zehlendorf,False,2023,2023-03-16,Apartment,True,71.6,945.03,1179.41,13.2
894,1,Charlottenburg,Charlottenburg-Wilmersdorf,True,2023,2023-11-22,Apartment,False,52.9,752.2,914.87,14.22
895,1,Charlottenburg,Charlottenburg-Wilmersdorf,True,2023,2023-02-18,Room,True,22.9,441.16,581.42,19.26
896,8,Pankow,Pankow,False,2023,2023-06-04,Apartment,False,78.6,1022.15,1286.75,13.0
897,7,Neukölln,Neukölln,True,2023,2023-01-07,Apartment,False,39.8,571.37,710.31,14.36
898,3,Kreuzberg,Friedrichshain-Kreuzberg,True,2023,2023-03-21,Apartment,True,59.2,1237.5,1405.76,20.9
899,12,Wedding,Mitte,True,2023,2023-09-30,Room,True,26.6,500.98,636.63,18.83
900,11,Steglitz,Steglitz-Zehlendorf,False,2023,2023-03-09,Apartment,False,40.7,481.84,596.56,11.84
901,5,Mitte,Mitte,True,2023,2023-06-25,Apartment,True,53.1,1304.5,1479.09,24.57
902,3,Kreuzberg,Friedrichshain-Kreuzberg,True,2023,2023-04-27,Apartment,True,75.7,1540.39,1758.26,20.35
903,7,Neukölln,Neukölln,True,2023,2023-09-05,Room,True,15.1,310.86,426.36,20.59
904,10,Schöneberg,Tempelhof-Schöneberg,True,2023,2023-05-10,Room,True,25.1,497.87,615.22,19.84
905,5,Mitte,Mitte,True,2023,2023-04-16,Room,False,24.6,517.67,671.07,21.04
906,8,Pankow,Pankow,False,2023,2023-10-24,Apartment,True,52.6,767.93,957.17,14.6
907,1,Charlottenburg,Charlottenburg-Wilmersdorf,True,2023,2023-02-04,Room,False,24.9,445.25,579.97,17.88
908,2,Friedrichshain,Friedrichshain-Kreuzberg,True,2023,2023-03-29,Apartment,False,61.4,1045.43,1267.57,17.03
909,12,Wedding,Mitte,True,2023,2023-09-01,Room,False,26.9,429.36,579.67,15.96
910,1,Charlottenburg,Charlottenburg-Wilmersdorf,True,2023,2023-08-06,Apartment,True,68.7,1263.74,1513.34,18.4
911,9,Prenzlauer Berg,Pankow,True,2023,2023-09-24,Apartment,False,73.1,1200.11,1431.79,16.42
912,3,Kreuzberg,Friedrichshain-Kreuzberg,True,2023,2023-07-17,Apartment,True,49.4,1019.76,1177.56,20.64
913,7,Neukölln,Neukölln,True,2023,2023-07-28,Apartment,False,69.4,1042.01,1246.97,15.01
914,7,Neukölln,Neukölln,True,2023,2023-12-14,Apartment,False,77.8,1178.66,1448.8,15.15
915,1,Charlottenburg,Charlottenburg-Wilmersdorf,True,2023,2023-12-04,Room,False,20.9,345.87,477.58,16.55
916,4,Lichtenberg,Lichtenberg,False,2023,2023-03-28,Room,True,19.6,316.61,470.25,16.15
917,2,Friedrichshain,Friedrichshain-Kreuzberg,True,2023,2023-08-06,Room,True,16.8,389.52,512.0,23.19
918,11,Steglitz,Steglitz-Zehlendorf,False,2023,2023-11-26,Apartment,False,73.3,888.53,1140.0,12.12
919,10,Schöneberg,Tempelhof-Schöneberg,True,2023,2023-03-17,Room,False,27.3,501.54,636.55,18.37
920,6,Moabit,Mitte,True,2023,2023-01-28,Room,True,21.0,404.55,521.03,19.26
921,2,Friedrichshain,Friedrichshain-Kreuzberg,True,2023,2023-11-16,Apartment,True,44.0,895.98,1028.97,20.36
922,2,Friedrichshain,Friedrichshain-Kreuzberg,True,2023,2023-05-31,Apartment,False,61.0,998.76,1192.09,16.37
923,4,Lichtenberg,Lichtenberg,False,2023,2023-01-10,Apartment,False,62.1,759.06,960.05,12.22
924,5,Mitte,Mitte,True,2023,2023-08-15,Apartment,False,41.0,734.32,878.54,17.91
925,6,Moabit,Mitte,True,2023,2023-08-09,Room,True,23.2,486.27,605.66,20.96
926,3,Kreuzberg,Friedrichshain-Kreuzberg,True,2023,2023-10-11,Room,False,24.7,469.55,603.62,19.01
927,4,Lichtenberg,Lichtenberg,False,2023,2023-05-15,Apartment,False,63.1,686.2,862.89,10.87
928,6,Moabit,Mitte,True,2023,2023-10-30,Apartment,True,68.8,1234.2,1427.2,17.94
929,5,Mitte,Mitte,True,2023,2023-07-14,Room,True,25.3,634.44,774.57,25.08
930,2,Friedrichshain,Friedrichshain-Kreuzberg,True,2023,2023-05-01,Room,False,19.8,342.53,465.52,17.3
931,4,Lichtenberg,Lichtenberg,False,2023,2023-10-03,Room,True,23.6,397.29,516.93,16.83
932,1,Charlottenburg,Charlottenburg-Wilmersdorf,True,2023,2023-01-11,Room,False,19.9,350.71,481.66,17.62
933,11,Steglitz,Steglitz-Zehlendorf,False,2023,2023-09-08,Apartment,True,50.8,747.39,891.56,14.71
934,2,Friedrichshain,Friedrichshain-Kreuzberg,True,2023,2023-06-03,Apartment,True,59.8,1304.06,1477.48,21.81
935,1,Charlottenburg,Charlottenburg-Wilmersdorf,True,2023,2023-04-20,Apartment,True,66.8,1330.89,1565.71,19.92
936,7,Neukölln,Neukölln,True,2023,2023-10-24,Room,True,22.0,454.42,609.53,20.66
937,2,Friedrichshain,Friedrichshain-Kreuzberg,True,2023,2023-02-09,Apartment,True,63.3,1284.95,1478.81,20.3
938,4,Lichtenberg,Lichtenberg,False,2023,2023-08-01,Apartment,False,50.0,596.09,747.69,11.92
939,10,Schöneberg,Tempelhof-Schöneberg,True,2023,2023-11-18,Room,False,23.4,403.57,555.21,17.25
940,11,Steglitz,Steglitz-Zehlendorf,False,2023,2023-05-18,Apartment,True,60.0,941.08,1156.74,15.68
941,4,Lichtenberg,Lichtenberg,False,2023,2023-11-17,Apartment,False,73.5,841.39,1080.96,11.45
942,5,Mitte,Mitte,True,2023,2023-08-11,Apartment,True,42.4,906.89,1034.95,21.39
943,10,Schöneberg,Tempelhof-Schöneberg,True,2023,2023-05-27,Room,False,14.9,243.88,374.44,16.37
944,4,Lichtenberg,Lichtenberg,False,2023,2023-01-15,Room,False,17.3,228.39,347.14,13.2
945,9,Prenzlauer Berg,Pankow,True,2023,2023-04-14,Apartment,True,59.3,1347.59,1559.0,22.72
946,3,Kreuzberg,Friedrichshain-Kreuzberg,True,2023,2023-01-22,Room,True,25.1,550.27,691.26,21.92
947,11,Steglitz,Steglitz-Zehlendorf,False,2023,2023-07-28,Apartment,True,78.0,1078.17,1353.55,13.82
948,1,Charlottenburg,Charlottenburg-Wilmersdorf,True,2023,2023-05-01,Apartment,False,54.8,897.96,1090.22,16.39
949,2,Friedrichshain,Friedrichshain-Kreuzberg,True,2023,2023-09-26,Apartment,False,41.0,691.91,826.08,16.88
950,7,Neukölln,Neukölln,True,2023,2023-07-19,Apartment,True,65.0,1174.76,1402.2,18.07
951,11,Steglitz,Steglitz-Zehlendorf,False,2023,2023-05-21,Apartment,False,45.9,508.91,643.98,11.09
952,6,Moabit,Mitte,True,2023,2023-02-27,Room,False,14.8,241.65,385.13,16.33
953,1,Charlottenburg,Charlottenburg-Wilmersdorf,True,2023,2023-03-16,Apartment,False,47.3,701.86,865.32,14.84
954,1,Charlottenburg,Charlottenburg-Wilmersdorf,True,2023,2023-12-06,Apartment,True,50.4,1029.46,1169.64,20.43
955,5,Mitte,Mitte,True,2023,2023-12-25,Apartment,False,47.0,857.31,999.64,18.24
956,1,Charlottenburg,Charlottenburg-Wilmersdorf,True,2023,2023-01-05,Apartment,False,61.7,908.51,1102.75,14.72
957,10,Schöneberg,Tempelhof-Schöneberg,True,2023,2023-06-02,Apartment,False,50.0,807.7,979.25,16.15
958,9,Prenzlauer Berg,Pankow,True,2023,2023-01-18,Apartment,True,56.9,1193.98,1383.46,20.98
959,7,Neukölln,Neukölln,True,2023,2023-06-20,Apartment,False,82.0,1154.66,1410.64,14.08
960,11,Steglitz,Steglitz-Zehlendorf,False,2023,2023-02-03,Room,False,15.4,205.76,329.5,13.36
961,1,Charlottenburg,Charlottenburg-Wilmersdorf,True,2023,2023-01-27,Room,False,21.7,371.73,515.01,17.13
962,4,Lichtenberg,Lichtenberg,False,2023,2023-11-18,Apartment,False,74.6,808.14,1040.19,10.83
963,7,Neukölln,Neukölln,True,2023,2023-03-08,Room,True,16.2,329.98,479.36,20.37
964,8,Pankow,Pankow,False,2023,2023-05-14,Apartment,False,51.0,624.31,798.3,12.24
965,3,Kreuzberg,Friedrichshain-Kreuzberg,True,2023,2023-04-04,Apartment,False,75.0,1184.4,1418.63,15.79
966,10,Schöneberg,Tempelhof-Schöneberg,True,2023,2023-10-13,Apartment,False,79.2,1128.79,1414.17,14.25
967,4,Lichtenberg,Lichtenberg,False,2023,2023-01-26,Apartment,True,39.4,549.21,687.77,13.94
968,10,Schöneberg,Tempelhof-Schöneberg,True,2023,2023-10-18,Apartment,False,42.5,689.01,812.39,16.21
969,2,Friedrichshain,Friedrichshain-Kreuzberg,True,2023,2023-09-11,Room,False,24.8,488.81,638.04,19.71
970,2,Friedrichshain,Friedrichshain-Kreuzberg,True,2023,2023-07-15,Room,True,27.2,620.63,766.22,22.82
971,3,Kreuzberg,Friedrichshain-Kreuzberg,True,2023,2023-04-03,Room,True,17.0,410.03,530.55,24.12
972,10,Schöneberg,Tempelhof-Schöneberg,True,2023,2023-10-26,Apartment,True,83.8,1477.01,1726.19,17.63
973,4,Lichtenberg,Lichtenberg,False,2023,2023-04-19,Apartment,True,58.4,935.48,1116.98,16.02
974,11,Steglitz,Steglitz-Zehlendorf,False,2023,2023-01-27,Room,False,22.4,295.19,432.25,13.18
975,1,Charlottenburg,Charlottenburg-Wilmersdorf,True,2023,2023-11-03,Apartment,False,52.7,829.68,1006.42,15.74
976,11,Steglitz,Steglitz-Zehlendorf,False,2023,2023-07-09,Apartment,True,47.7,706.49,854.61,14.81
977,3,Kreuzberg,Friedrichshain-Kreuzberg,True,2023,2023-06-23,Apartment,False,64.0,1022.42,1227.44,15.98
978,6,Moabit,Mitte,True,2023,2023-03-07,Room,True,21.4,382.29,496.28,17.86
979,6,Moabit,Mitte,True,2023,2023-05-15,Apartment,False,72.4,1098.8,1316.34,15.18
980,8,Pankow,Pankow,False,2023,2023-09-09,Apartment,False,60.8,738.6,914.83,12.15
981,3,Kreuzberg,Friedrichshain-Kreuzberg,True,2023,2023-01-28,Apartment,False,66.8,1102.85,1297.91,16.51
982,9,Prenzlauer Berg,Pankow,True,2023,2023-09-11,Room,False,16.3,309.9,427.12,19.01
983,5,Mitte,Mitte,True,2023,2023-03-17,Room,False,21.9,439.43,556.49,20.07
984,2,Friedrichshain,Friedrichshain-Kreuzberg,True,2023,2023-10-16,Room,True,18.0,428.91,577.93,23.83
985,4,Lichtenberg,Lichtenberg,False,2023,2023-08-02,Apartment,False,83.6,972.94,1245.79,11.64
986,2,Friedrichshain,Friedrichshain-Kreuzberg,True,2023,2023-12-15,Room,False,15.3,276.2,400.99,18.05
987,2,Friedrichshain,Friedrichshain-Kreuzberg,True,2023,2023-02-11,Room,False,27.3,531.19,650.11,19.46
988,6,Moabit,Mitte,True,2023,2023-01-03,Apartment,False,57.7,879.9,1069.43,15.25
989,1,Charlottenburg,Charlottenburg-Wilmersdorf,True,2023,2023-10-19,Apartment,False,82.5,1234.89,1516.08,14.97
990,3,Kreuzberg,Friedrichshain-Kreuzberg,True,2023,2023-11-05,Room,True,23.0,486.9,602.08,21.17
991,10,Schöneberg,Tempelhof-Schöneberg,True,2023,2023-04-17,Room,True,17.4,368.9,481.82,21.2
992,3,Kreuzberg,Friedrichshain-Kreuzberg,True,2023,2023-06-02,Room,False,23.1,464.15,583.09,20.09
993,6,Moabit,Mitte,True,2023,2023-07-03,Apartment,False,81.1,1226.25,1493.33,15.12
994,4,Lichtenberg,Lichtenberg,False,2023,2023-11-04,Room,True,16.8,272.14,396.22,16.2
995,10,Schöneberg,Tempelhof-Schöneberg,True,2023,2023-02-17,Room,False,19.2,313.41,453.79,16.32
996,5,Mitte,Mitte,True,2023,2023-09-11,Apartment,False,68.8,1275.99,1509.38,18.55
997,12,Wedding,Mitte,True,2023,2023-09-02,Apartment,False,49.5,630.02,806.56,12.73
998,7,Neukölln,Neukölln,True,2023,2023-01-25,Room,True,26.6,547.71,673.01,20.59
999,12,Wedding,Mitte,True,2023,2023-10-19,Room,True,15.5,266.88,408.62,17.22
1000,7,Neukölln,Neukölln,True,2023,2023-08-25,Room,False,24.8,374.94,520.26,15.12
1001,3,Kreuzberg,Friedrichshain-Kreuzberg,True,2023,2023-06-10,Apartment,False,37.3,613.18,739.4,16.44
1002,8,Pankow,Pankow,False,2023,2023-04-06,Apartment,False,57.5,745.36,921.15,12.96
1003,9,Prenzlauer Berg,Pankow,True,2023,2023-10-01,Room,False,22.5,453.73,570.51,20.17
1004,5,Mitte,Mitte,True,2023,2023-11-05,Room,True,16.4,402.36,553.46,24.53
1005,11,Steglitz,Steglitz-Zehlendorf,False,2023,2023-12-20,Apartment,False,83.7,973.17,1254.1,11.63
1006,4,Lichtenberg,Lichtenberg,False,2023,2023-04-07,Room,True,15.8,233.76,346.47,14.79
1007,5,Mitte,Mitte,True,2023,2023-10-03,Room,False,23.1,461.98,602.15,20.0
1008,9,Prenzlauer Berg,Pankow,True,2023,2023-03-20,Room,False,16.1,304.02,421.26,18.88
1009,11,Steglitz,Steglitz-Zehlendorf,False,2023,2023-04-14,Apartment,False,58.6,743.48,935.49,12.69
1010,7,Neukölln,Neukölln,True,2023,2023-08-10,Apartment,False,37.5,484.23,608.63,12.91
1011,10,Schöneberg,Tempelhof-Schöneberg,True,2023,2023-09-07,Apartment,False,64.8,980.65,1175.81,15.13
1012,10,Schöneberg,Tempelhof-Schöneberg,True,2023,2023-09-07,Apartment,False,65.6,1014.55,1243.17,15.47
1013,9,Prenzlauer Berg,Pankow,True,2023,2023-11-28,Apartment,False,56.1,921.28,1078.76,16.42
1014,10,Schöneberg,Tempelhof-Schöneberg,True,2023,2023-03-24,Apartment,True,66.1,1254.21,1461.94,18.97
1015,7,Neukölln,Neukölln,True,2023,2023-12-17,Apartment,False,56.9,806.47,993.04,14.17
1016,1,Charlottenburg,Charlottenburg-Wilmersdorf,True,2023,2023-12-31,Apartment,False,70.8,1087.75,1338.73,15.36
1017,10,Schöneberg,Tempelhof-Schöneberg,True,2023,2023-03-24,Apartment,False,68.7,1072.75,1310.89,15.61
1018,8,Pankow,Pankow,False,2023,2023-03-22,Room,False,15.2,218.91,338.71,14.4
1019,8,Pankow,Pankow,False,2023,2023-10-13,Apartment,False,82.2,1009.0,1252.41,12.27
1020,5,Mitte,Mitte,True,2023,2023-09-15,Apartment,True,48.0,1074.57,1243.7,22.39
1021,5,Mitte,Mitte,True,2023,2023-06-24,Apartment,True,40.7,872.78,1002.52,21.44
1022,1,Charlottenburg,Charlottenburg-Wilmersdorf,True,2023,2023-09-21,Apartment,False,62.9,1040.48,1261.77,16.54
1023,8,Pankow,Pankow,False,2023,2023-02-26,Apartment,False,81.3,988.0,1245.02,12.15
1024,2,Friedrichshain,Friedrichshain-Kreuzberg,True,2023,2023-09-17,Apartment,False,77.9,1186.62,1440.28,15.23
1025,2,Friedrichshain,Friedrichshain-Kreuzberg,True,2023,2023-09-17,Room,True,16.9,374.95,518.82,22.19
1026,6,Moabit,Mitte,True,2023,2023-08-13,Apartment,True,67.4,1104.01,1340.84,16.38
1027,10,Schöneberg,Tempelhof-Schöneberg,True,2023,2023-05-17,Apartment,True,76.7,1389.55,1612.3,18.12
1028,1,Charlottenburg,Charlottenburg-Wilmersdorf,True,2023,2023-09-29,Apartment,False,66.5,980.85,1208.8,14.75
1029,10,Schöneberg,Tempelhof-Schöneberg,True,2023,2023-09-22,Apartment,True,56.4,1169.71,1373.13,20.74
1030,4,Lichtenberg,Lichtenberg,False,2023,2023-02-13,Room,True,16.0,250.72,405.18,15.67
1031,1,Charlottenburg,Charlottenburg-Wilmersdorf,True,2023,2023-12-05,Room,False,16.3,267.87,414.03,16.43
1032,4,Lichtenberg,Lichtenberg,False,2023,2023-09-24,Room,False,27.7,407.81,555.77,14.72
1033,7,Neukölln,Neukölln,True,2023,2023-06-10,Room,False,23.8,409.45,553.92,17.2
1034,1,Charlottenburg,Charlottenburg-Wilmersdorf,True,2023,2023-04-16,Room,True,21.4,487.93,620.01,22.8
1035,12,Wedding,Mitte,True,2023,2023-11-29,Apartment,False,57.1,714.69,913.43,12.52
1036,10,Schöneberg,Tempelhof-Schöneberg,True,2023,2023-03-06,Apartment,False,39.2,591.46,713.02,15.09
1037,12,Wedding,Mitte,True,2023,2023-03-23,Apartment,True,39.6,639.19,775.07,16.14
1038,5,Mitte,Mitte,True,2023,2023-08-05,Room,False,22.3,432.91,579.75,19.41
1039,12,Wedding,Mitte,True,2023,2023-11-30,Room,True,19.2,348.31,462.46,18.14
1040,2,Friedrichshain,Friedrichshain-Kreuzberg,True,2023,2023-10-25,Room,False,14.1,254.94,377.56,18.08
1041,8,Pankow,Pankow,False,2023,2023-06-03,Apartment,False,68.3,890.85,1093.05,13.04
1042,7,Neukölln,Neukölln,True,2023,2023-05-07,Apartment,False,63.6,842.44,1038.96,13.25
1043,2,Friedrichshain,Friedrichshain-Kreuzberg,True,2023,2023-12-31,Room,False,25.5,462.63,579.04,18.14
1044,10,Schöneberg,Tempelhof-Schöneberg,True,2023,2023-07-09,Apartment,True,38.1,755.4,875.47,19.83
1045,4,Lichtenberg,Lichtenberg,False,2023,2023-09-13,Apartment,False,60.9,692.25,874.18,11.37
1046,4,Lichtenberg,Lichtenberg,False,2023,2023-03-25,Room,False,27.0,370.35,526.15,13.72
1047,3,Kreuzberg,Friedrichshain-Kreuzberg,True,2023,2023-09-28,Apartment,False,57.9,1046.84,1232.81,18.08
1048,2,Friedrichshain,Friedrichshain-Kreuzberg,True,2023,2023-03-02,Apartment,False,36.6,563.39,682.45,15.39
1049,8,Pankow,Pankow,False,2023,2023-06-06,Apartment,True,53.5,786.39,939.18,14.7
1050,1,Charlottenburg,Charlottenburg-Wilmersdorf,True,2023,2023-01-25,Room,False,25.1,417.81,556.34,16.65
1051,7,Neukölln,Neukölln,True,2023,2023-01-23,Apartment,True,76.0,1282.57,1515.42,16.88
1052,10,Schöneberg,Tempelhof-Schöneberg,True,2023,2023-11-07,Apartment,True,57.6,1027.25,1228.91,17.83
1053,3,Kreuzberg,Friedrichshain-Kreuzberg,True,2023,2023-06-16,Apartment,False,58.0,959.28,1142.22,16.54
1054,2,Friedrichshain,Friedrichshain-Kreuzberg,True,2023,2023-10-04,Apartment,False,55.5,866.65,1039.03,15.62
1055,5,Mitte,Mitte,True,2023,2023-12-29,Apartment,False,71.8,1331.23,1584.64,18.54
1056,5,Mitte,Mitte,True,2023,2023-10-14,Apartment,False,70.4,1286.03,1487.47,18.27
1057,2,Friedrichshain,Friedrichshain-Kreuzberg,True,2023,2023-04-07,Room,False,22.1,382.1,519.76,17.29
1058,6,Moabit,Mitte,True,2023,2023-04-16,Apartment,True,67.9,1247.79,1451.32,18.38
1059,9,Prenzlauer Berg,Pankow,True,2023,2023-06-14,Apartment,False,64.0,1006.24,1212.97,15.72
1060,10,Schöneberg,Tempelhof-Schöneberg,True,2023,2023-01-13,Apartment,False,81.7,1189.62,1427.57,14.56
1061,12,Wedding,Mitte,True,2023,2023-05-11,Room,True,15.6,257.03,375.51,16.48
1062,2,Friedrichshain,Friedrichshain-Kreuzberg,True,2023,2023-04-03,Room,False,23.5,406.69,561.94,17.31
1063,5,Mitte,Mitte,True,2023,2023-03-03,Apartment,True,39.9,868.94,987.93,21.78
1064,5,Mitte,Mitte,True,2023,2023-07-17,Room,False,22.2,447.8,593.66,20.17
1065,2,Friedrichshain,Friedrichshain-Kreuzberg,True,2023,2023-01-10,Room,True,21.7,433.41,573.92,19.97
1066,7,Neukölln,Neukölln,True,2023,2023-03-06,Apartment,False,40.1,594.18,727.97,14.82
1067,7,Neukölln,Neukölln,True,2023,2023-03-14,Apartment,False,77.3,1094.2,1361.24,14.16
1068,1,Charlottenburg,Charlottenburg-Wilmersdorf,True,2023,2023-01-22,Apartment,True,47.3,1023.02,1176.73,21.63
1069,5,Mitte,Mitte,True,2023,2023-01-31,Apartment,False,66.0,1225.21,1416.65,18.56
1070,6,Moabit,Mitte,True,2023,2023-09-19,Room,True,23.5,506.34,627.91,21.55
1071,7,Neukölln,Neukölln,True,2023,2023-03-04,Room,False,21.9,346.24,476.03,15.81
1072,3,Kreuzberg,Friedrichshain-Kreuzberg,True,2023,2023-06-12,Apartment,False,78.9,1248.85,1501.67,15.83
1073,4,Lichtenberg,Lichtenberg,False,2023,2023-12-06,Apartment,False,84.0,1009.11,1260.75,12.01
1074,1,Charlottenburg,Charlottenburg-Wilmersdorf,True,2023,2023-11-27,Room,False,22.4,365.44,508.57,16.31
1075,5,Mitte,Mitte,True,2023,2023-09-08,Apartment,True,35.5,753.24,873.12,21.22
1076,10,Schöneberg,Tempelhof-Schöneberg,True,2023,2023-12-10,Apartment,False,67.5,935.54,1123.05,13.86
1077,6,Moabit,Mitte,True,2023,2023-12-23,Apartment,True,75.6,1380.22,1600.18,18.26
1078,5,Mitte,Mitte,True,2023,2023-12-15,Room,True,16.7,382.62,528.75,22.91
1079,11,Steglitz,Steglitz-Zehlendorf,False,2023,2023-09-10,Room,True,22.6,377.22,499.76,16.69
1080,1,Charlottenburg,Charlottenburg-Wilmersdorf,True,2023,2023-11-23,Room,False,23.9,426.93,539.25,17.86
1081,10,Schöneberg,Tempelhof-Schöneberg,True,2023,2023-12-11,Room,True,21.0,399.86,545.11,19.04
1082,4,Lichtenberg,Lichtenberg,False,2023,2023-04-27,Apartment,True,64.4,930.81,1162.02,14.45
1083,12,Wedding,Mitte,True,2023,2023-11-11,Apartment,True,77.4,1181.75,1441.81,15.27
1084,7,Neukölln,Neukölln,True,2023,2023-11-29,Apartment,False,35.1,490.36,608.15,13.97
1085,5,Mitte,Mitte,True,2023,2023-09-11,Apartment,True,77.2,1638.91,1887.22,21.23
1086,1,Charlottenburg,Charlottenburg-Wilmersdorf,True,2023,2023-06-11,Apartment,True,71.1,1302.9,1532.49,18.32
1087,5,Mitte,Mitte,True,2023,2023-12-20,Room,True,26.3,693.77,815.92,26.38
1088,10,Schöneberg,Tempelhof-Schöneberg,True,2023,2023-11-17,Apartment,False,44.8,651.04,776.77,14.53
1089,2,Friedrichshain,Friedrichshain-Kreuzberg,True,2023,2023-05-09,Room,False,14.3,276.67,430.75,19.35
1090,9,Prenzlauer Berg,Pankow,True,2023,2023-02-07,Room,True,18.8,396.79,544.53,21.11
1091,8,Pankow,Pankow,False,2023,2023-02-01,Apartment,False,66.3,826.2,1013.63,12.46
1092,5,Mitte,Mitte,True,2023,2023-08-15,Room,False,23.7,498.75,613.54,21.04
1093,5,Mitte,Mitte,True,2023,2023-05-31,Room,False,14.9,308.84,446.01,20.73
1094,10,Schöneberg,Tempelhof-Schöneberg,True,2023,2023-11-16,Room,False,19.8,357.53,504.97,18.06
1095,5,Mitte,Mitte,True,2023,2023-11-30,Apartment,False,56.4,1041.03,1201.27,18.46
1096,4,Lichtenberg,Lichtenberg,False,2023,2023-11-01,Apartment,False,51.4,562.8,708.9,10.95
1097,11,Steglitz,Steglitz-Zehlendorf,False,2023,2023-05-12,Room,False,16.7,237.62,378.3,14.23
1098,1,Charlottenburg,Charlottenburg-Wilmersdorf,True,2023,2023-01-31,Room,False,20.2,341.6,489.47,16.91
1099,3,Kreuzberg,Friedrichshain-Kreuzberg,True,2023,2023-10-05,Room,False,27.4,535.15,661.15,19.53
1100,3,Kreuzberg,Friedrichshain-Kreuzberg,True,2023,2023-12-14,Room,True,18.8,399.13,537.52,21.23
1101,3,Kreuzberg,Friedrichshain-Kreuzberg,True,2023,2023-04-11,Room,False,25.7,509.48,640.47,19.82
1102,9,Prenzlauer Berg,Pankow,True,2023,2023-08-28,Apartment,True,38.4,761.93,891.44,19.84
1103,8,Pankow,Pankow,False,2023,2023-06-18,Apartment,False,63.3,755.09,946.24,11.93
1104,3,Kreuzberg,Friedrichshain-Kreuzberg,True,2023,2023-11-24,Room,False,26.7,502.1,655.5,18.81
1105,9,Prenzlauer Berg,Pankow,True,2023,2023-06-19,Apartment,False,45.7,773.29,930.57,16.92
1106,11,Steglitz,Steglitz-Zehlendorf,False,2023,2023-07-03,Room,False,25.6,333.79,446.24,13.04
1107,5,Mitte,Mitte,True,2023,2023-01-16,Apartment,True,57.0,1359.36,1534.57,23.85
1108,9,Prenzlauer Berg,Pankow,True,2023,2023-04-02,Room,True,26.4,616.71,753.66,23.36
1109,9,Prenzlauer Berg,Pankow,True,2023,2023-07-14,Room,False,26.7,473.67,616.16,17.74
1110,4,Lichtenberg,Lichtenberg,False,2023,2023-12-05,Apartment,True,81.8,1105.68,1390.22,13.52
1111,3,Kreuzberg,Friedrichshain-Kreuzberg,True,2023,2023-02-03,Apartment,False,84.9,1513.2,1813.79,17.82
1112,2,Friedrichshain,Friedrichshain-Kreuzberg,True,2023,2023-07-11,Room,False,25.1,443.6,572.62,17.67
1113,1,Charlottenburg,Charlottenburg-Wilmersdorf,True,2023,2023-04-07,Apartment,False,47.2,670.28,826.25,14.2
1114,12,Wedding,Mitte,True,2023,2023-09-18,Room,True,17.5,315.6,433.29,18.03
1115,8,Pankow,Pankow,False,2023,2023-09-18,Apartment,True,39.1,602.07,711.88,15.4
1116,10,Schöneberg,Tempelhof-Schöneberg,True,2023,2023-06-14,Apartment,False,60.5,906.57,1098.22,14.98
1117,11,Steglitz,Steglitz-Zehlendorf,False,2023,2023-07-25,Room,False,24.0,337.53,461.61,14.06
1118,4,Lichtenberg,Lichtenberg,False,2023,2023-05-01,Apartment,False,36.8,404.99,512.91,11.01
1119,10,Schöneberg,Tempelhof-Schöneberg,True,2023,2023-05-11,Room,False,19.3,313.61,463.52,16.25
1120,12,Wedding,Mitte,True,2023,2023-01-22,Room,False,18.1,272.6,394.96,15.06
1121,6,Moabit,Mitte,True,2023,2023-05-20,Apartment,True,57.6,982.57,1166.76,17.06
1122,10,Schöneberg,Tempelhof-Schöneberg,True,2023,2023-05-31,Room,False,17.7,283.93,436.5,16.04
1123,12,Wedding,Mitte,True,2023,2023-02-06,Apartment,False,74.3,1029.06,1239.97,13.85
1124,1,Charlottenburg,Charlottenburg-Wilmersdorf,True,2023,2023-12-16,Room,True,16.8,339.8,488.5,20.23
1125,7,Neukölln,Neukölln,True,2023,2023-10-06,Room,False,15.9,272.82,417.05,17.16
1126,7,Neukölln,Neukölln,True,2023,2023-10-24,Room,True,25.5,515.53,645.79,20.22
1127,4,Lichtenberg,Lichtenberg,False,2023,2023-04-27,Room,False,27.8,407.65,558.6,14.66
1128,9,Prenzlauer Berg,Pankow,True,2023,2023-08-25,Apartment,True,46.7,1003.57,1151.7,21.49
1129,1,Charlottenburg,Charlottenburg-Wilmersdorf,True,2023,2023-08-19,Apartment,True,44.4,908.67,1039.15,20.47
1130,12,Wedding,Mitte,True,2023,2023-12-04,Room,True,26.2,467.57,602.06,17.85
1131,1,Charlottenburg,Charlottenburg-Wilmersdorf,True,2023,2023-10-03,Room,False,23.6,409.02,556.06,17.33
1132,7,Neukölln,Neukölln,True,2023,2023-06-19,Room,True,25.0,504.66,659.53,20.19
1133,8,Pankow,Pankow,False,2023,2023-04-15,Apartment,False,65.4,856.24,1093.78,13.09
1134,10,Schöneberg,Tempelhof-Schöneberg,True,2023,2023-11-24,Room,False,20.6,343.77,499.06,16.69
1135,7,Neukölln,Neukölln,True,2023,2023-04-06,Room,True,21.7,400.91,534.9,18.48
1136,9,Prenzlauer Berg,Pankow,True,2023,2023-02-05,Room,False,18.0,330.21,471.89,18.34
1137,6,Moabit,Mitte,True,2023,2023-03-22,Room,False,16.4,280.75,411.24,17.12
1138,2,Friedrichshain,Friedrichshain-Kreuzberg,True,2023,2023-04-16,Room,False,24.4,444.54,597.2,18.22
1139,3,Kreuzberg,Friedrichshain-Kreuzberg,True,2023,2023-06-08,Apartment,True,75.9,1563.37,1811.38,20.6
1140,8,Pankow,Pankow,False,2023,2023-08-17,Room,False,20.4,281.44,438.04,13.8
1141,2,Friedrichshain,Friedrichshain-Kreuzberg,True,2023,2023-09-09,Apartment,False,47.3,751.88,906.19,15.9
1142,6,Moabit,Mitte,True,2023,2023-12-31,Apartment,True,39.6,739.49,860.75,18.67
1143,7,Neukölln,Neukölln,True,2023,2023-11-13,Room,False,25.9,416.69,536.77,16.09
1144,11,Steglitz,Steglitz-Zehlendorf,False,2023,2023-12-24,Room,False,23.2,336.21,452.51,14.49
1145,5,Mitte,Mitte,True,2023,2023-02-04,Room,False,17.8,366.3,491.44,20.58
1146,11,Steglitz,Steglitz-Zehlendorf,False,2023,2023-03-04,Apartment,False,80.4,943.44,1219.67,11.73
1147,1,Charlottenburg,Charlottenburg-Wilmersdorf,True,2023,2023-09-17,Room,True,24.7,505.61,628.98,20.47
1148,5,Mitte,Mitte,True,2023,2023-04-10,Apartment,True,69.7,1612.58,1851.05,23.14
1149,10,Schöneberg,Tempelhof-Schöneberg,True,2023,2023-08-25,Room,True,23.9,471.09,603.98,19.71
1150,2,Friedrichshain,Friedrichshain-Kreuzberg,True,2023,2023-05-23,Room,False,24.0,440.49,573.68,18.35
1151,3,Kreuzberg,Friedrichshain-Kreuzberg,True,2023,2023-02-09,Room,True,15.4,338.02,467.61,21.95
1152,4,Lichtenberg,Lichtenberg,False,2023,2023-01-18,Apartment,False,42.7,482.14,607.89,11.29
1153,4,Lichtenberg,Lichtenberg,False,2023,2023-12-06,Apartment,False,37.4,443.66,564.11,11.86
1154,11,Steglitz,Steglitz-Zehlendorf,False,2023,2023-07-13,Apartment,True,69.5,1026.92,1221.09,14.78
1155,9,Prenzlauer Berg,Pankow,True,2023,2023-06-22,Apartment,True,46.9,908.6,1079.33,19.37
1156,9,Prenzlauer Berg,Pankow,True,2023,2023-03-27,Apartment,True,82.9,1672.5,1950.02,20.17
1157,5,Mitte,Mitte,True,2023,2023-10-05,Room,True,18.6,443.1,564.42,23.82
1158,10,Schöneberg,Tempelhof-Schöneberg,True,2023,2023-06-11,Apartment,True,45.7,801.51,943.72,17.54
1159,5,Mitte,Mitte,True,2023,2023-07-08,Room,False,14.9,315.02,456.27,21.14
1160,5,Mitte,Mitte,True,2023,2023-10-02,Room,True,18.2,465.53,582.11,25.58
1161,8,Pankow,Pankow,False,2023,2023-12-14,Room,False,22.4,346.67,490.0,15.48
1162,11,Steglitz,Steglitz-Zehlendorf,False,2023,2023-02-04,Room,True,24.7,445.94,587.93,18.05
1163,1,Charlottenburg,Charlottenburg-Wilmersdorf,True,2023,2023-09-15,Room,False,20.3,357.56,502.94,17.61
1164,8,Pankow,Pankow,False,2023,2023-08-08,Apartment,True,36.1,554.54,661.5,15.36
1165,9,Prenzlauer Berg,Pankow,True,2023,2023-01-20,Apartment,True,53.7,1052.91,1210.46,19.61
1166,9,Prenzlauer Berg,Pankow,True,2023,2023-05-23,Apartment,False,82.3,1456.98,1707.65,17.7
1167,1,Charlottenburg,Charlottenburg-Wilmersdorf,True,2023,2023-05-28,Apartment,False,61.0,1022.69,1226.02,16.77
1168,5,Mitte,Mitte,True,2023,2023-12-07,Room,False,18.8,362.95,477.38,19.31
1169,9,Prenzlauer Berg,Pankow,True,2023,2023-04-04,Apartment,False,46.1,834.74,983.15,18.11
1170,6,Moabit,Mitte,True,2023,2023-04-15,Apartment,True,59.6,1077.88,1294.99,18.09
1171,3,Kreuzberg,Friedrichshain-Kreuzberg,True,2023,2023-02-10,Room,False,25.6,512.75,635.38,20.03
1172,10,Schöneberg,Tempelhof-Schöneberg,True,2023,2023-05-27,Apartment,True,71.1,1221.87,1433.33,17.19
1173,8,Pankow,Pankow,False,2023,2023-07-04,Room,False,17.8,267.8,383.4,15.04
1174,10,Schöneberg,Tempelhof-Schöneberg,True,2023,2023-03-21,Room,False,19.9,346.36,477.86,17.41
1175,6,Moabit,Mitte,True,2023,2023-11-01,Room,False,26.0,438.73,592.2,16.87
1176,12,Wedding,Mitte,True,2023,2023-07-12,Room,False,17.6,262.9,395.31,14.94
1177,12,Wedding,Mitte,True,2023,2023-01-07,Apartment,True,41.8,641.33,763.41,15.34
1178,12,Wedding,Mitte,True,2023,2023-07-16,Apartment,True,55.2,858.96,1047.63,15.56
1179,6,Moabit,Mitte,True,2023,2023-03-05,Room,False,15.0,257.7,414.36,17.18
1180,10,Schöneberg,Tempelhof-Schöneberg,True,2023,2023-06-28,Apartment,True,73.1,1507.86,1758.33,20.63
1181,12,Wedding,Mitte,True,2023,2023-08-06,Apartment,False,53.4,633.16,798.53,11.86
1182,11,Steglitz,Steglitz-Zehlendorf,False,2023,2023-01-15,Room,False,26.9,370.78,514.58,13.78
1183,11,Steglitz,Steglitz-Zehlendorf,False,2023,2023-10-24,Apartment,True,65.3,1006.3,1200.42,15.41
1184,4,Lichtenberg,Lichtenberg,False,2023,2023-10-28,Apartment,True,73.5,1126.65,1355.08,15.33
1185,2,Friedrichshain,Friedrichshain-Kreuzberg,True,2023,2023-09-30,Apartment,True,56.1,1178.71,1348.24,21.01
1186,4,Lichtenberg,Lichtenberg,False,2023,2023-02-15,Apartment,False,71.7,867.97,1124.79,12.11
1187,2,Friedrichshain,Friedrichshain-Kreuzberg,True,2023,2023-07-23,Apartment,False,52.2,801.37,980.1,15.35
1188,11,Steglitz,Steglitz-Zehlendorf,False,2023,2023-12-23,Room,False,25.4,330.91,446.05,13.03
1189,10,Schöneberg,Tempelhof-Schöneberg,True,2023,2023-12-27,Apartment,False,71.7,1011.59,1232.94,14.11
1190,3,Kreuzberg,Friedrichshain-Kreuzberg,True,2023,2023-01-31,Room,True,27.3,627.92,748.27,23.0
1191,11,Steglitz,Steglitz-Zehlendorf,False,2023,2023-11-17,Room,False,17.6,262.59,392.99,14.92
1192,8,Pankow,Pankow,False,2023,2023-02-02,Room,False,15.1,204.54,322.15,13.55
1193,1,Charlottenburg,Charlottenburg-Wilmersdorf,True,2023,2023-01-04,Room,True,20.8,437.35,561.32,21.03
1194,4,Lichtenberg,Lichtenberg,False,2023,2023-11-05,Apartment,False,39.8,462.89,572.6,11.63
1195,12,Wedding,Mitte,True,2023,2023-08-08,Apartment,False,81.6,1045.3,1294.45,12.81
1196,1,Charlottenburg,Charlottenburg-Wilmersdorf,True,2023,2023-12-07,Room,False,28.0,515.66,670.0,18.42
1197,10,Schöneberg,Tempelhof-Schöneberg,True,2023,2023-12-24,Room,True,19.0,367.88,500.44,19.36
1198,10,Schöneberg,Tempelhof-Schöneberg,True,2023,2023-05-24,Apartment,False,41.9,639.42,787.42,15.26
1199,11,Steglitz,Steglitz-Zehlendorf,False,2023,2023-12-05,Apartment,True,57.6,911.33,1096.42,15.82
1200,9,Prenzlauer Berg,Pankow,True,2023,2023-01-24,Room,False,27.2,505.9,646.42,18.6
1201,11,Steglitz,Steglitz-Zehlendorf,False,2023,2023-02-11,Room,False,22.5,311.96,451.53,13.86
1202,1,Charlottenburg,Charlottenburg-Wilmersdorf,True,2023,2023-02-21,Room,False,27.0,509.3,659.87,18.86
1203,11,Steglitz,Steglitz-Zehlendorf,False,2023,2023-09-16,Room,False,24.0,356.44,507.87,14.85
1204,5,Mitte,Mitte,True,2023,2023-08-28,Room,False,18.2,377.0,513.69,20.71
1205,3,Kreuzberg,Friedrichshain-Kreuzberg,True,2023,2023-03-29,Apartment,False,59.1,993.42,1168.89,16.81
1206,4,Lichtenberg,Lichtenberg,False,2023,2023-07-16,Apartment,True,84.7,1160.87,1418.68,13.71
1207,7,Neukölln,Neukölln,True,2023,2023-10-01,Room,True,20.7,415.32,533.43,20.06
1208,4,Lichtenberg,Lichtenberg,False,2023,2023-11-04,Apartment,True,69.6,1110.59,1349.99,15.96
1209,2,Friedrichshain,Friedrichshain-Kreuzberg,True,2023,2023-10-15,Apartment,True,70.9,1484.89,1720.84,20.94
1210,10,Schöneberg,Tempelhof-Schöneberg,True,2023,2023-04-07,Apartment,True,40.8,674.64,814.03,16.54
1211,11,Steglitz,Steglitz-Zehlendorf,False,2023,2023-01-01,Apartment,False,41.4,477.19,605.21,11.53
1212,7,Neukölln,Neukölln,True,2023,2023-07-06,Room,False,25.9,452.27,578.65,17.46
1213,4,Lichtenberg,Lichtenberg,False,2023,2023-08-24,Apartment,True,68.2,957.61,1145.72,14.04
1214,1,Charlottenburg,Charlottenburg-Wilmersdorf,True,2023,2023-11-04,Room,False,25.7,451.92,584.43,17.58
1215,7,Neukölln,Neukölln,True,2023,2023-06-08,Room,False,25.2,423.08,562.03,16.79
1216,12,Wedding,Mitte,True,2023,2023-09-11,Apartment,True,84.8,1400.32,1696.77,16.51
1217,7,Neukölln,Neukölln,True,2023,2023-04-26,Apartment,True,84.1,1477.6,1724.82,17.57
1218,11,Steglitz,Steglitz-Zehlendorf,False,2023,2023-06-03,Apartment,False,73.8,935.85,1187.11,12.68
1219,4,Lichtenberg,Lichtenberg,False,2023,2023-06-28,Apartment,True,36.1,504.79,619.45,13.98
1220,10,Schöneberg,Tempelhof-Schöneberg,True,2023,2023-10-08,Room,False,18.0,317.29,438.07,17.63
1221,10,Schöneberg,Tempelhof-Schöneberg,True,2023,2023-06-05,Room,True,25.1,523.76,677.82,20.87
1222,6,Moabit,Mitte,True,2023,2023-04-18,Apartment,False,57.1,802.89,1006.02,14.06
1223,9,Prenzlauer Berg,Pankow,True,2023,2023-03-17,Apartment,True,67.6,1436.18,1628.28,21.25
1224,10,Schöneberg,Tempelhof-Schöneberg,True,2023,2023-08-31,Apartment,False,77.1,1243.34,1462.03,16.13
1225,3,Kreuzberg,Friedrichshain-Kreuzberg,True,2023,2023-07-26,Apartment,True,60.8,1214.12,1389.45,19.97
1226,9,Prenzlauer Berg,Pankow,True,2023,2023-07-12,Room,True,20.8,508.84,650.22,24.46
1227,11,Steglitz,Steglitz-Zehlendorf,False,2023,2023-07-15,Apartment,False,39.5,467.9,605.61,11.85
1228,7,Neukölln,Neukölln,True,2023,2023-11-25,Apartment,False,35.6,469.46,571.27,13.19
1229,4,Lichtenberg,Lichtenberg,False,2023,2023-02-18,Apartment,True,64.3,1001.87,1218.84,15.58
1230,8,Pankow,Pankow,False,2023,2023-02-20,Room,False,23.0,328.8,466.51,14.3
1231,1,Charlottenburg,Charlottenburg-Wilmersdorf,True,2023,2023-01-11,Room,False,25.1,420.62,569.2,16.76
1232,10,Schöneberg,Tempelhof-Schöneberg,True,2023,2023-10-27,Apartment,False,75.6,1130.81,1374.02,14.96
1233,12,Wedding,Mitte,True,2023,2023-03-02,Apartment,False,41.2,554.21,703.32,13.45
1234,3,Kreuzberg,Friedrichshain-Kreuzberg,True,2023,2023-01-21,Apartment,False,35.3,583.55,690.61,16.53
1235,3,Kreuzberg,Friedrichshain-Kreuzberg,True,2023,2023-02-13,Apartment,False,39.4,629.01,764.06,15.96
1236,2,Friedrichshain,Friedrichshain-Kreuzberg,True,2023,2023-06-03,Apartment,True,62.2,1300.98,1472.03,20.92
1237,5,Mitte,Mitte,True,2023,2023-10-23,Apartment,False,74.1,1377.04,1610.49,18.58
1238,6,Moabit,Mitte,True,2023,2023-04-18,Apartment,False,84.3,1157.73,1430.39,13.73
1239,11,Steglitz,Steglitz-Zehlendorf,False,2023,2023-04-21,Room,False,17.3,232.16,357.65,13.42
1240,3,Kreuzberg,Friedrichshain-Kreuzberg,True,2023,2023-05-11,Apartment,True,53.0,1036.26,1185.56,19.55
1241,7,Neukölln,Neukölln,True,2023,2023-08-06,Room,False,19.6,299.52,422.96,15.28
1242,11,Steglitz,Steglitz-Zehlendorf,False,2023,2023-07-10,Room,True,22.8,375.96,517.01,16.49
1243,8,Pankow,Pankow,False,2023,2023-08-11,Apartment,False,65.2,789.75,978.06,12.11
1244,10,Schöneberg,Tempelhof-Schöneberg,True,2023,2023-10-08,Room,False,15.1,244.1,361.05,16.17
1245,10,Schöneberg,Tempelhof-Schöneberg,True,2023,2023-04-26,Room,False,19.1,318.96,443.26,16.7
1246,7,Neukölln,Neukölln,True,2023,2023-03-31,Room,True,27.6,512.47,666.12,18.57
1247,12,Wedding,Mitte,True,2023,2023-05-25,Apartment,True,76.1,1215.75,1473.0,15.98
1248,12,Wedding,Mitte,True,2023,2023-12-14,Room,True,14.7,263.14,383.27,17.9
1249,12,Wedding,Mitte,True,2023,2023-12-18,Apartment,False,55.1,720.88,885.25,13.08
1250,12,Wedding,Mitte,True,2023,2023-11-24,Apartment,False,42.1,548.41,674.32,13.03
1251,1,Charlottenburg,Charlottenburg-Wilmersdorf,True,2023,2023-08-28,Apartment,True,65.4,1259.31,1497.21,19.26
1252,12,Wedding,Mitte,True,2023,2023-04-28,Room,False,21.3,330.33,483.9,15.51
1253,7,Neukölln,Neukölln,True,2023,2023-02-09,Apartment,True,50.3,956.31,1123.37,19.01
1254,11,Steglitz,Steglitz-Zehlendorf,False,2023,2023-01-06,Room,True,22.1,343.87,497.7,15.56
1255,10,Schöneberg,Tempelhof-Schöneberg,True,2023,2023-12-13,Apartment,False,41.8,626.27,766.99,14.98
1256,12,Wedding,Mitte,True,2023,2023-08-06,Apartment,False,65.8,908.96,1134.08,13.81
1257,11,Steglitz,Steglitz-Zehlendorf,False,2023,2023-09-28,Apartment,True,84.7,1340.62,1649.71,15.83
1258,4,Lichtenberg,Lichtenberg,False,2023,2023-09-26,Apartment,False,83.2,993.79,1288.63,11.94
1259,9,Prenzlauer Berg,Pankow,True,2023,2023-03-29,Room,True,15.9,343.22,477.52,21.59
1260,1,Charlottenburg,Charlottenburg-Wilmersdorf,True,2023,2023-05-29,Apartment,True,69.0,1447.62,1690.64,20.98
1261,7,Neukölln,Neukölln,True,2023,2023-11-26,Apartment,True,35.1,623.96,749.64,17.78
1262,12,Wedding,Mitte,True,2023,2023-11-12,Apartment,True,58.2,947.32,1126.0,16.28
1263,6,Moabit,Mitte,True,2023,2023-02-21,Room,True,14.1,283.29,411.24,20.09
1264,10,Schöneberg,Tempelhof-Schöneberg,True,2023,2023-03-21,Apartment,True,60.7,1019.99,1213.54,16.8
1265,4,Lichtenberg,Lichtenberg,False,2023,2023-10-02,Room,False,19.2,258.43,410.58,13.46
1266,7,Neukölln,Neukölln,True,2023,2023-08-11,Room,False,25.8,399.19,527.11,15.47
1267,5,Mitte,Mitte,True,2023,2023-07-22,Room,False,16.8,323.52,437.33,19.26
1268,10,Schöneberg,Tempelhof-Schöneberg,True,2023,2023-12-07,Apartment,False,43.0,609.93,746.73,14.18
1269,7,Neukölln,Neukölln,True,2023,2023-07-24,Room,False,20.9,349.8,467.53,16.74
1270,12,Wedding,Mitte,True,2023,2023-01-11,Apartment,False,76.3,917.58,1193.17,12.03
1271,3,Kreuzberg,Friedrichshain-Kreuzberg,True,2023,2023-06-25,Room,False,24.7,446.49,589.01,18.08
1272,10,Schöneberg,Tempelhof-Schöneberg,True,2023,2023-08-08,Apartment,False,56.7,817.96,998.68,14.43
1273,9,Prenzlauer Berg,Pankow,True,2023,2023-05-15,Apartment,False,44.3,722.84,849.25,16.32
1274,11,Steglitz,Steglitz-Zehlendorf,False,2023,2023-12-25,Room,False,16.8,243.74,392.19,14.51
1275,11,Steglitz,Steglitz-Zehlendorf,False,2023,2023-03-09,Apartment,True,84.6,1287.62,1537.74,15.22
1276,10,Schöneberg,Tempelhof-Schöneberg,True,2023,2023-02-16,Room,False,27.0,457.29,597.03,16.94
1277,5,Mitte,Mitte,True,2023,2023-08-07,Room,False,23.8,515.02,637.0,21.64
1278,6,Moabit,Mitte,True,2023,2023-06-29,Room,False,14.7,224.92,353.28,15.3
1279,11,Steglitz,Steglitz-Zehlendorf,False,2023,2023-04-19,Room,True,14.7,222.64,368.15,15.15
1280,7,Neukölln,Neukölln,True,2023,2023-07-06,Apartment,False,40.0,534.37,678.51,13.36
1281,1,Charlottenburg,Charlottenburg-Wilmersdorf,True,2023,2023-07-05,Room,True,14.2,311.07,437.97,21.91
1282,11,Steglitz,Steglitz-Zehlendorf,False,2023,2023-07-16,Apartment,False,53.6,656.18,813.71,12.24
1283,2,Friedrichshain,Friedrichshain-Kreuzberg,True,2023,2023-12-02,Apartment,True,72.1,1378.13,1635.6,19.11
1284,9,Prenzlauer Berg,Pankow,True,2023,2023-06-04,Room,False,15.4,313.64,453.5,20.37
1285,11,Steglitz,Steglitz-Zehlendorf,False,2023,2023-08-03,Apartment,False,61.7,690.23,867.0,11.19
1286,12,Wedding,Mitte,True,2023,2023-06-27,Apartment,False,73.0,997.57,1235.13,13.67
1287,1,Charlottenburg,Charlottenburg-Wilmersdorf,True,2023,2023-09-15,Room,False,26.8,440.87,571.73,16.45
1288,5,Mitte,Mitte,True,2023,2023-12-22,Room,True,27.5,669.95,784.69,24.36
1289,9,Prenzlauer Berg,Pankow,True,2023,2023-03-26,Apartment,False,69.2,1252.5,1503.31,18.1
1290,6,Moabit,Mitte,True,2023,2023-04-05,Apartment,False,74.0,1025.34,1246.92,13.86
1291,5,Mitte,Mitte,True,2023,2023-12-29,Room,True,23.8,624.09,756.58,26.22
1292,11,Steglitz,Steglitz-Zehlendorf,False,2023,2023-01-24,Apartment,True,46.0,708.88,842.46,15.41
1293,12,Wedding,Mitte,True,2023,2023-01-27,Room,True,16.1,317.7,441.87,19.73
1294,4,Lichtenberg,Lichtenberg,False,2023,2023-11-20,Apartment,False,45.5,491.03,642.72,10.79
1295,8,Pankow,Pankow,False,2023,2023-11-10,Apartment,True,82.3,1309.31,1545.53,15.91
1296,7,Neukölln,Neukölln,True,2023,2023-04-01,Room,True,25.4,508.51,663.95,20.02
1297,7,Neukölln,Neukölln,True,2023,2023-02-24,Apartment,False,83.9,1246.41,1536.07,14.86
1298,11,Steglitz,Steglitz-Zehlendorf,False,2023,2023-10-10,Apartment,False,67.7,860.41,1085.23,12.71
1299,9,Prenzlauer Berg,Pankow,True,2023,2023-03-21,Apartment,True,48.4,1064.65,1230.55,22.0
1300,6,Moabit,Mitte,True,2023,2023-04-03,Room,False,19.2,330.66,446.88,17.22
1301,6,Moabit,Mitte,True,2024,2024-11-27,Room,False,16.6,282.8,439.63,17.04
1302,7,Neukölln,Neukölln,True,2024,2024-02-06,Room,True,16.5,342.0,469.13,20.73
1303,10,Schöneberg,Tempelhof-Schöneberg,True,2024,2024-01-07,Room,False,27.6,467.68,615.39,16.94
1304,8,Pankow,Pankow,False,2024,2024-01-23,Room,False,15.5,217.75,379.12,14.05
1305,3,Kreuzberg,Friedrichshain-Kreuzberg,True,2024,2024-02-24,Room,True,16.0,373.8,541.29,23.36
1306,12,Wedding,Mitte,True,2024,2024-08-15,Apartment,True,70.4,1127.84,1381.74,16.02
1307,3,Kreuzberg,Friedrichshain-Kreuzberg,True,2024,2024-10-05,Room,False,17.4,348.73,484.77,20.04
1308,2,Friedrichshain,Friedrichshain-Kreuzberg,True,2024,2024-01-01,Room,True,21.6,494.17,636.86,22.88
1309,9,Prenzlauer Berg,Pankow,True,2024,2024-12-16,Room,False,16.1,332.56,466.72,20.66
1310,10,Schöneberg,Tempelhof-Schöneberg,True,2024,2024-04-24,Apartment,False,80.1,1270.75,1590.48,15.86
1311,2,Friedrichshain,Friedrichshain-Kreuzberg,True,2024,2024-02-13,Apartment,True,38.8,806.48,959.05,20.79
1312,5,Mitte,Mitte,True,2024,2024-12-07,Apartment,True,61.5,1519.66,1718.62,24.71
1313,4,Lichtenberg,Lichtenberg,False,2024,2024-12-04,Room,False,18.9,257.01,422.24,13.6
1314,1,Charlottenburg,Charlottenburg-Wilmersdorf,True,2024,2024-03-17,Apartment,False,70.6,1063.91,1282.91,15.07
1315,4,Lichtenberg,Lichtenberg,False,2024,2024-02-27,Room,True,20.3,382.26,542.92,18.83
1316,8,Pankow,Pankow,False,2024,2024-07-16,Room,False,16.0,235.97,365.71,14.75
1317,1,Charlottenburg,Charlottenburg-Wilmersdorf,True,2024,2024-06-19,Room,False,23.7,431.19,590.9,18.19
1318,3,Kreuzberg,Friedrichshain-Kreuzberg,True,2024,2024-09-30,Apartment,False,47.3,829.25,997.04,17.53
1319,6,Moabit,Mitte,True,2024,2024-10-22,Apartment,False,54.2,820.52,1009.12,15.14
1320,11,Steglitz,Steglitz-Zehlendorf,False,2024,2024-07-04,Apartment,True,39.4,581.63,733.93,14.76
1321,12,Wedding,Mitte,True,2024,2024-03-12,Apartment,True,40.5,726.89,883.4,17.95
1322,7,Neukölln,Neukölln,True,2024,2024-04-17,Apartment,False,62.6,1028.59,1246.37,16.43
1323,9,Prenzlauer Berg,Pankow,True,2024,2024-08-05,Room,True,27.5,679.46,804.65,24.71
1324,1,Charlottenburg,Charlottenburg-Wilmersdorf,True,2024,2024-03-16,Room,True,22.1,490.9,622.02,22.21
1325,1,Charlottenburg,Charlottenburg-Wilmersdorf,True,2024,2024-08-28,Room,True,14.2,327.28,485.72,23.05
1326,11,Steglitz,Steglitz-Zehlendorf,False,2024,2024-08-15,Room,False,27.3,399.94,556.46,14.65
1327,4,Lichtenberg,Lichtenberg,False,2024,2024-09-14,Apartment,True,42.8,665.7,827.31,15.55
1328,3,Kreuzberg,Friedrichshain-Kreuzberg,True,2024,2024-05-12,Room,False,23.5,494.2,643.14,21.03
1329,8,Pankow,Pankow,False,2024,2024-09-24,Apartment,False,56.2,685.99,909.43,12.21
1330,10,Schöneberg,Tempelhof-Schöneberg,True,2024,2024-10-13,Apartment,True,45.6,892.46,1041.36,19.57
1331,8,Pankow,Pankow,False,2024,2024-07-13,Apartment,False,58.4,734.0,948.78,12.57
1332,3,Kreuzberg,Friedrichshain-Kreuzberg,True,2024,2024-06-20,Room,True,19.9,444.05,584.37,22.31
1333,5,Mitte,Mitte,True,2024,2024-04-06,Room,True,15.5,364.74,529.68,23.53
1334,12,Wedding,Mitte,True,2024,2024-01-23,Room,False,17.4,258.1,407.76,14.83
1335,8,Pankow,Pankow,False,2024,2024-07-01,Apartment,False,37.4,451.0,577.33,12.06
1336,7,Neukölln,Neukölln,True,2024,2024-03-07,Apartment,False,50.7,758.51,931.92,14.96
1337,11,Steglitz,Steglitz-Zehlendorf,False,2024,2024-01-13,Apartment,True,79.8,1244.55,1547.59,15.6
1338,8,Pankow,Pankow,False,2024,2024-12-15,Apartment,False,78.4,935.28,1189.7,11.93
1339,6,Moabit,Mitte,True,2024,2024-12-14,Room,False,27.3,447.09,580.79,16.38
1340,4,Lichtenberg,Lichtenberg,False,2024,2024-11-07,Room,False,27.9,403.33,571.98,14.46
1341,4,Lichtenberg,Lichtenberg,False,2024,2024-11-15,Apartment,False,57.4,659.75,852.71,11.49
1342,10,Schöneberg,Tempelhof-Schöneberg,True,2024,2024-11-06,Room,False,23.6,408.71,577.58,17.32
1343,2,Friedrichshain,Friedrichshain-Kreuzberg,True,2024,2024-06-07,Apartment,False,84.7,1376.75,1640.46,16.25
1344,12,Wedding,Mitte,True,2024,2024-03-27,Apartment,False,79.8,1090.61,1370.65,13.67
1345,7,Neukölln,Neukölln,True,2024,2024-05-12,Room,True,19.1,364.22,522.96,19.07
1346,6,Moabit,Mitte,True,2024,2024-10-18,Apartment,False,57.1,916.54,1141.85,16.05
1347,6,Moabit,Mitte,True,2024,2024-03-07,Room,False,19.6,352.2,517.47,17.97
1348,6,Moabit,Mitte,True,2024,2024-09-16,Room,False,27.3,456.97,611.67,16.74
1349,6,Moabit,Mitte,True,2024,2024-05-05,Room,False,23.6,409.88,562.85,17.37
1350,11,Steglitz,Steglitz-Zehlendorf,False,2024,2024-02-07,Apartment,True,77.7,1127.05,1395.84,14.51
1351,9,Prenzlauer Berg,Pankow,True,2024,2024-08-26,Room,False,15.3,307.3,460.21,20.08
1352,2,Friedrichshain,Friedrichshain-Kreuzberg,True,2024,2024-04-12,Room,False,26.8,559.41,717.98,20.87
1353,10,Schöneberg,Tempelhof-Schöneberg,True,2024,2024-05-22,Room,True,28.0,614.42,759.85,21.94
1354,6,Moabit,Mitte,True,2024,2024-11-03,Room,True,20.6,424.11,549.52,20.59
1355,10,Schöneberg,Tempelhof-Schöneberg,True,2024,2024-04-18,Room,False,25.1,484.61,618.21,19.31
1356,5,Mitte,Mitte,True,2024,2024-02-05,Apartment,False,48.5,955.98,1109.98,19.71
1357,7,Neukölln,Neukölln,True,2024,2024-05-12,Room,True,24.0,529.79,683.92,22.07
1358,3,Kreuzberg,Friedrichshain-Kreuzberg,True,2024,2024-06-27,Apartment,True,80.1,1759.26,2019.43,21.96
1359,10,Schöneberg,Tempelhof-Schöneberg,True,2024,2024-12-20,Apartment,False,74.2,1276.69,1535.88,17.21
1360,8,Pankow,Pankow,False,2024,2024-11-11,Room,True,25.0,444.81,598.87,17.79
1361,3,Kreuzberg,Friedrichshain-Kreuzberg,True,2024,2024-06-11,Room,False,27.1,559.19,716.34,20.63
1362,5,Mitte,Mitte,True,2024,2024-12-11,Room,False,16.1,362.62,491.73,22.52
1363,10,Schöneberg,Tempelhof-Schöneberg,True,2024,2024-11-20,Room,False,27.8,534.1,696.68,19.21
1364,6,Moabit,Mitte,True,2024,2024-12-22,Apartment,False,36.8,573.23,693.53,15.58
1365,12,Wedding,Mitte,True,2024,2024-12-13,Apartment,False,45.8,593.68,743.54,12.96
1366,8,Pankow,Pankow,False,2024,2024-03-04,Apartment,True,53.2,811.95,1016.09,15.26
1367,11,Steglitz,Steglitz-Zehlendorf,False,2024,2024-08-06,Apartment,False,55.7,681.47,895.66,12.23
1368,12,Wedding,Mitte,True,2024,2024-03-24,Apartment,True,81.3,1351.14,1643.61,16.62
1369,12,Wedding,Mitte,True,2024,2024-02-20,Room,True,23.2,457.13,612.72,19.7
1370,2,Friedrichshain,Friedrichshain-Kreuzberg,True,2024,2024-11-15,Apartment,True,67.5,1483.18,1722.59,21.97
1371,12,Wedding,Mitte,True,2024,2024-08-03,Room,False,22.1,325.09,462.14,14.71
1372,9,Prenzlauer Berg,Pankow,True,2024,2024-03-04,Room,False,19.3,371.92,517.05,19.27
1373,1,Charlottenburg,Charlottenburg-Wilmersdorf,True,2024,2024-07-21,Apartment,False,55.6,958.05,1165.63,17.23
1374,5,Mitte,Mitte,True,2024,2024-06-06,Apartment,False,60.4,1114.29,1337.34,18.45
1375,10,Schöneberg,Tempelhof-Schöneberg,True,2024,2024-09-22,Apartment,True,80.5,1387.17,1693.99,17.23
1376,11,Steglitz,Steglitz-Zehlendorf,False,2024,2024-04-08,Apartment,True,83.0,1371.81,1701.83,16.53
1377,8,Pankow,Pankow,False,2024,2024-11-21,Apartment,False,75.1,989.95,1231.47,13.18
1378,10,Schöneberg,Tempelhof-Schöneberg,True,2024,2024-03-05,Apartment,True,80.2,1575.26,1831.07,19.64
1379,12,Wedding,Mitte,True,2024,2024-10-10,Room,False,19.5,320.42,485.67,16.43
1380,3,Kreuzberg,Friedrichshain-Kreuzberg,True,2024,2024-01-15,Apartment,True,39.7,876.78,1021.05,22.09
1381,8,Pankow,Pankow,False,2024,2024-03-07,Apartment,False,38.9,495.16,641.74,12.73
1382,6,Moabit,Mitte,True,2024,2024-04-09,Apartment,False,44.3,679.08,825.25,15.33
1383,12,Wedding,Mitte,True,2024,2024-01-27,Apartment,False,75.4,1008.29,1259.71,13.37
1384,7,Neukölln,Neukölln,True,2024,2024-11-01,Room,True,14.3,329.86,458.85,23.07
1385,2,Friedrichshain,Friedrichshain-Kreuzberg,True,2024,2024-04-16,Room,True,26.5,586.17,726.43,22.12
1386,10,Schöneberg,Tempelhof-Schöneberg,True,2024,2024-04-17,Room,False,19.8,356.08,508.24,17.98
1387,4,Lichtenberg,Lichtenberg,False,2024,2024-06-01,Room,False,22.9,328.54,459.79,14.35
1388,5,Mitte,Mitte,True,2024,2024-06-24,Apartment,False,66.6,1362.8,1576.29,20.46
1389,1,Charlottenburg,Charlottenburg-Wilmersdorf,True,2024,2024-03-03,Apartment,False,62.3,953.68,1188.4,15.31
1390,9,Prenzlauer Berg,Pankow,True,2024,2024-07-05,Apartment,False,60.9,1151.39,1352.04,18.91
1391,2,Friedrichshain,Friedrichshain-Kreuzberg,True,2024,2024-05-20,Apartment,True,41.9,857.87,992.53,20.47
1392,6,Moabit,Mitte,True,2024,2024-08-11,Room,True,23.9,499.02,659.43,20.88
1393,12,Wedding,Mitte,True,2024,2024-05-23,Apartment,False,47.5,614.34,797.76,12.93
1394,10,Schöneberg,Tempelhof-Schöneberg,True,2024,2024-09-06,Room,False,22.2,380.08,513.34,17.12
1395,10,Schöneberg,Tempelhof-Schöneberg,True,2024,2024-11-06,Apartment,False,72.4,1215.03,1480.06,16.78
1396,10,Schöneberg,Tempelhof-Schöneberg,True,2024,2024-03-26,Room,False,19.2,352.84,479.73,18.38
1397,5,Mitte,Mitte,True,2024,2024-09-28,Apartment,True,55.5,1398.25,1617.77,25.19
1398,1,Charlottenburg,Charlottenburg-Wilmersdorf,True,2024,2024-04-20,Room,True,25.3,539.16,674.2,21.31
1399,4,Lichtenberg,Lichtenberg,False,2024,2024-04-19,Room,True,18.4,300.4,456.66,16.33
1400,6,Moabit,Mitte,True,2024,2024-04-21,Apartment,True,46.6,779.01,932.37,16.72
1401,2,Friedrichshain,Friedrichshain-Kreuzberg,True,2024,2024-10-20,Apartment,False,82.3,1520.1,1824.96,18.47
1402,4,Lichtenberg,Lichtenberg,False,2024,2024-09-09,Room,False,18.4,258.79,391.66,14.06
1403,6,Moabit,Mitte,True,2024,2024-05-01,Room,True,15.7,321.85,472.45,20.5
1404,8,Pankow,Pankow,False,2024,2024-03-08,Room,True,25.0,440.61,585.39,17.62
1405,10,Schöneberg,Tempelhof-Schöneberg,True,2024,2024-08-28,Room,False,21.4,376.27,501.0,17.58
1406,2,Friedrichshain,Friedrichshain-Kreuzberg,True,2024,2024-02-10,Apartment,False,50.0,847.02,1017.58,16.94
1407,12,Wedding,Mitte,True,2024,2024-09-09,Apartment,False,37.4,492.87,641.93,13.18
1408,4,Lichtenberg,Lichtenberg,False,2024,2024-01-06,Apartment,True,53.7,798.32,967.1,14.87
1409,3,Kreuzberg,Friedrichshain-Kreuzberg,True,2024,2024-07-07,Room,True,23.6,543.16,675.76,23.02
1410,12,Wedding,Mitte,True,2024,2024-02-26,Apartment,False,78.4,1025.79,1324.22,13.08
1411,5,Mitte,Mitte,True,2024,2024-03-28,Apartment,True,51.5,1291.63,1463.79,25.08
1412,3,Kreuzberg,Friedrichshain-Kreuzberg,True,2024,2024-07-30,Apartment,True,51.0,1063.03,1260.15,20.84
1413,4,Lichtenberg,Lichtenberg,False,2024,2024-06-13,Room,True,21.4,380.5,548.44,17.78
1414,11,Steglitz,Steglitz-Zehlendorf,False,2024,2024-05-04,Apartment,True,73.3,1168.38,1450.73,15.94
1415,4,Lichtenberg,Lichtenberg,False,2024,2024-04-18,Apartment,False,69.7,792.56,1039.66,11.37
1416,5,Mitte,Mitte,True,2024,2024-10-29,Apartment,False,54.3,1042.73,1227.7,19.2
1417,12,Wedding,Mitte,True,2024,2024-02-24,Apartment,True,82.2,1466.79,1784.33,17.84
1418,3,Kreuzberg,Friedrichshain-Kreuzberg,True,2024,2024-04-06,Room,True,27.7,699.02,858.12,25.24
1419,2,Friedrichshain,Friedrichshain-Kreuzberg,True,2024,2024-02-24,Room,True,18.3,460.62,591.25,25.17
1420,11,Steglitz,Steglitz-Zehlendorf,False,2024,2024-06-29,Room,True,20.5,348.71,496.6,17.01
1421,7,Neukölln,Neukölln,True,2024,2024-08-08,Room,False,19.0,316.28,458.14,16.65
1422,12,Wedding,Mitte,True,2024,2024-08-04,Room,False,19.2,283.18,424.39,14.75
1423,9,Prenzlauer Berg,Pankow,True,2024,2024-08-09,Room,False,22.3,452.17,598.38,20.28
1424,2,Friedrichshain,Friedrichshain-Kreuzberg,True,2024,2024-01-19,Apartment,False,82.9,1379.1,1640.05,16.64
1425,8,Pankow,Pankow,False,2024,2024-07-19,Room,True,15.4,271.2,427.41,17.61
1426,10,Schöneberg,Tempelhof-Schöneberg,True,2024,2024-04-14,Room,False,26.3,457.54,590.8,17.4
1427,1,Charlottenburg,Charlottenburg-Wilmersdorf,True,2024,2024-12-24,Apartment,False,49.4,733.92,895.29,14.86
1428,8,Pankow,Pankow,False,2024,2024-04-05,Apartment,True,80.3,1212.19,1466.14,15.1
1429,1,Charlottenburg,Charlottenburg-Wilmersdorf,True,2024,2024-05-15,Apartment,True,35.6,704.8,820.85,19.8
1430,2,Friedrichshain,Friedrichshain-Kreuzberg,True,2024,2024-01-01,Room,False,14.1,270.75,416.07,19.2
1431,6,Moabit,Mitte,True,2024,2024-05-28,Apartment,False,37.3,508.76,647.22,13.64
1432,9,Prenzlauer Berg,Pankow,True,2024,2024-08-19,Apartment,True,42.3,862.4,1021.56,20.39
1433,6,Moabit,Mitte,True,2024,2024-01-07,Apartment,False,47.9,713.11,877.3,14.89
1434,1,Charlottenburg,Charlottenburg-Wilmersdorf,True,2024,2024-09-04,Room,True,21.2,494.96,656.93,23.35
1435,2,Friedrichshain,Friedrichshain-Kreuzberg,True,2024,2024-04-22,Room,False,23.0,427.88,570.34,18.6
1436,4,Lichtenberg,Lichtenberg,False,2024,2024-04-15,Apartment,True,36.5,575.21,702.51,15.76
1437,11,Steglitz,Steglitz-Zehlendorf,False,2024,2024-11-16,Room,False,19.3,267.39,403.72,13.85
1438,4,Lichtenberg,Lichtenberg,False,2024,2024-12-13,Apartment,False,84.4,1107.93,1382.86,13.13
1439,1,Charlottenburg,Charlottenburg-Wilmersdorf,True,2024,2024-01-22,Apartment,False,55.9,991.4,1180.25,17.74
1440,8,Pankow,Pankow,False,2024,2024-06-26,Apartment,True,65.6,1040.5,1301.02,15.86
1441,7,Neukölln,Neukölln,True,2024,2024-05-28,Room,True,27.0,541.92,689.46,20.07
1442,8,Pankow,Pankow,False,2024,2024-04-21,Apartment,True,59.3,864.32,1072.37,14.58
1443,7,Neukölln,Neukölln,True,2024,2024-01-26,Apartment,True,59.4,1010.08,1238.81,17.0
1444,7,Neukölln,Neukölln,True,2024,2024-10-14,Room,False,25.0,434.97,602.1,17.4
1445,3,Kreuzberg,Friedrichshain-Kreuzberg,True,2024,2024-02-11,Apartment,False,42.1,780.05,926.93,18.53
1446,7,Neukölln,Neukölln,True,2024,2024-08-04,Room,False,19.0,345.85,498.52,18.2
1447,10,Schöneberg,Tempelhof-Schöneberg,True,2024,2024-12-13,Apartment,True,48.1,897.43,1070.95,18.66
1448,1,Charlottenburg,Charlottenburg-Wilmersdorf,True,2024,2024-06-05,Apartment,True,73.4,1406.01,1646.73,19.16
1449,2,Friedrichshain,Friedrichshain-Kreuzberg,True,2024,2024-08-11,Room,False,20.5,383.5,542.71,18.71
1450,2,Friedrichshain,Friedrichshain-Kreuzberg,True,2024,2024-08-27,Room,False,18.4,384.74,540.81,20.91
1451,1,Charlottenburg,Charlottenburg-Wilmersdorf,True,2024,2024-08-03,Room,False,19.7,337.49,486.64,17.13
1452,2,Friedrichshain,Friedrichshain-Kreuzberg,True,2024,2024-03-06,Apartment,False,50.1,837.06,1015.47,16.71
1453,8,Pankow,Pankow,False,2024,2024-07-25,Apartment,False,49.7,675.57,847.2,13.59
1454,4,Lichtenberg,Lichtenberg,False,2024,2024-01-29,Room,False,26.2,376.41,502.86,14.37
1455,7,Neukölln,Neukölln,True,2024,2024-09-03,Apartment,False,51.7,732.25,906.04,14.16
1456,11,Steglitz,Steglitz-Zehlendorf,False,2024,2024-04-14,Room,True,24.4,450.9,577.29,18.48
1457,12,Wedding,Mitte,True,2024,2024-03-20,Room,False,20.9,316.85,471.26,15.16
1458,7,Neukölln,Neukölln,True,2024,2024-04-12,Apartment,False,81.8,1316.1,1615.59,16.09
1459,2,Friedrichshain,Friedrichshain-Kreuzberg,True,2024,2024-01-13,Room,True,26.3,608.43,737.09,23.13
1460,12,Wedding,Mitte,True,2024,2024-10-06,Room,True,15.7,305.48,466.39,19.46
1461,7,Neukölln,Neukölln,True,2024,2024-11-21,Apartment,False,78.0,1214.99,1487.14,15.58
1462,5,Mitte,Mitte,True,2024,2024-10-06,Room,False,23.2,471.23,628.6,20.31
1463,9,Prenzlauer Berg,Pankow,True,2024,2024-07-19,Apartment,True,68.4,1656.53,1909.67,24.22
1464,10,Schöneberg,Tempelhof-Schöneberg,True,2024,2024-10-15,Apartment,True,55.8,1035.03,1230.96,18.55
1465,10,Schöneberg,Tempelhof-Schöneberg,True,2024,2024-06-30,Room,True,23.0,531.8,657.72,23.12
1466,3,Kreuzberg,Friedrichshain-Kreuzberg,True,2024,2024-09-14,Apartment,False,48.8,942.67,1109.66,19.32
1467,9,Prenzlauer Berg,Pankow,True,2024,2024-06-29,Room,False,19.5,367.97,521.49,18.87
1468,4,Lichtenberg,Lichtenberg,False,2024,2024-06-04,Apartment,True,70.8,1110.9,1378.97,15.69
1469,10,Schöneberg,Tempelhof-Schöneberg,True,2024,2024-04-02,Room,False,20.8,400.69,551.95,19.26
1470,8,Pankow,Pankow,False,2024,2024-10-28,Apartment,False,67.9,844.91,1098.04,12.44
1471,8,Pankow,Pankow,False,2024,2024-03-22,Room,False,19.7,278.15,440.49,14.12
1472,9,Prenzlauer Berg,Pankow,True,2024,2024-05-01,Room,True,27.1,668.36,836.52,24.66
1473,2,Friedrichshain,Friedrichshain-Kreuzberg,True,2024,2024-11-09,Apartment,True,79.6,1793.21,2044.58,22.53
1474,7,Neukölln,Neukölln,True,2024,2024-01-16,Room,False,15.0,271.16,422.45,18.08
1475,3,Kreuzberg,Friedrichshain-Kreuzberg,True,2024,2024-04-12,Room,False,19.3,412.35,562.17,21.37
1476,9,Prenzlauer Berg,Pankow,True,2024,2024-09-27,Room,False,18.0,347.17,478.46,19.29
1477,9,Prenzlauer Berg,Pankow,True,2024,2024-01-03,Room,True,27.4,599.5,729.83,21.88
1478,1,Charlottenburg,Charlottenburg-Wilmersdorf,True,2024,2024-11-24,Apartment,False,78.2,1238.49,1528.93,15.84
1479,12,Wedding,Mitte,True,2024,2024-11-12,Apartment,False,63.5,863.95,1080.92,13.61
1480,12,Wedding,Mitte,True,2024,2024-10-18,Apartment,False,56.9,795.19,1016.34,13.98
1481,2,Friedrichshain,Friedrichshain-Kreuzberg,True,2024,2024-10-03,Room,False,15.4,302.32,428.64,19.63
1482,1,Charlottenburg,Charlottenburg-Wilmersdorf,True,2024,2024-07-02,Room,False,18.1,349.93,491.5,19.33
1483,2,Friedrichshain,Friedrichshain-Kreuzberg,True,2024,2024-11-08,Apartment,True,49.4,1052.22,1228.38,21.3
1484,12,Wedding,Mitte,True,2024,2024-05-14,Room,False,21.6,361.53,511.75,16.74
1485,4,Lichtenberg,Lichtenberg,False,2024,2024-10-07,Room,True,17.7,306.0,436.27,17.29
1486,11,Steglitz,Steglitz-Zehlendorf,False,2024,2024-10-15,Room,False,26.8,368.61,514.82,13.75
1487,8,Pankow,Pankow,False,2024,2024-11-02,Apartment,False,36.8,519.47,665.01,14.12
1488,11,Steglitz,Steglitz-Zehlendorf,False,2024,2024-01-19,Apartment,True,62.6,1029.73,1226.14,16.45
1489,6,Moabit,Mitte,True,2024,2024-04-26,Apartment,False,56.6,815.07,1033.82,14.4
1490,5,Mitte,Mitte,True,2024,2024-12-16,Apartment,True,74.1,1690.11,1945.12,22.81
1491,11,Steglitz,Steglitz-Zehlendorf,False,2024,2024-12-25,Room,False,19.4,280.25,409.89,14.45
1492,10,Schöneberg,Tempelhof-Schöneberg,True,2024,2024-06-24,Apartment,True,40.9,854.48,994.22,20.89
1493,10,Schöneberg,Tempelhof-Schöneberg,True,2024,2024-10-01,Apartment,True,39.6,706.04,855.62,17.83
1494,8,Pankow,Pankow,False,2024,2024-01-30,Room,False,26.2,382.07,508.63,14.58
1495,3,Kreuzberg,Friedrichshain-Kreuzberg,True,2024,2024-03-07,Room,True,18.4,460.91,629.82,25.05
1496,8,Pankow,Pankow,False,2024,2024-04-15,Room,False,23.2,329.21,495.44,14.19
1497,6,Moabit,Mitte,True,2024,2024-06-03,Apartment,False,79.9,1268.61,1548.2,15.88
1498,1,Charlottenburg,Charlottenburg-Wilmersdorf,True,2024,2024-09-14,Apartment,True,67.7,1343.99,1596.38,19.85
1499,2,Friedrichshain,Friedrichshain-Kreuzberg,True,2024,2024-04-14,Room,False,23.9,477.82,614.41,19.99
1500,3,Kreuzberg,Friedrichshain-Kreuzberg,True,2024,2024-03-13,Apartment,False,50.2,901.47,1062.64,17.96
1501,5,Mitte,Mitte,True,2024,2024-09-12,Apartment,False,67.5,1288.37,1504.56,19.09
1502,5,Mitte,Mitte,True,2024,2024-11-08,Room,False,18.2,415.76,542.45,22.84
1503,10,Schöneberg,Tempelhof-Schöneberg,True,2024,2024-04-04,Apartment,False,54.2,791.2,969.26,14.6
1504,4,Lichtenberg,Lichtenberg,False,2024,2024-11-07,Room,True,18.3,315.3,440.47,17.23
1505,1,Charlottenburg,Charlottenburg-Wilmersdorf,True,2024,2024-06-23,Apartment,False,75.5,1250.62,1536.13,16.56
1506,11,Steglitz,Steglitz-Zehlendorf,False,2024,2024-01-30,Apartment,False,56.4,737.72,949.89,13.08
1507,2,Friedrichshain,Friedrichshain-Kreuzberg,True,2024,2024-09-30,Apartment,False,81.6,1374.75,1700.48,16.85
1508,6,Moabit,Mitte,True,2024,2024-08-27,Room,False,24.8,407.95,575.16,16.45
1509,11,Steglitz,Steglitz-Zehlendorf,False,2024,2024-05-07,Apartment,True,80.4,1225.16,1494.26,15.24
1510,12,Wedding,Mitte,True,2024,2024-05-08,Room,False,14.5,221.56,357.65,15.28
1511,4,Lichtenberg,Lichtenberg,False,2024,2024-05-15,Apartment,False,41.2,513.05,652.67,12.45
1512,3,Kreuzberg,Friedrichshain-Kreuzberg,True,2024,2024-10-11,Room,True,14.1,309.95,462.65,21.98
1513,9,Prenzlauer Berg,Pankow,True,2024,2024-02-02,Room,False,15.1,322.9,471.72,21.38
1514,6,Moabit,Mitte,True,2024,2024-11-18,Room,False,17.9,322.2,451.93,18.0
1515,3,Kreuzberg,Friedrichshain-Kreuzberg,True,2024,2024-12-16,Room,False,14.7,275.87,401.6,18.77
1516,12,Wedding,Mitte,True,2024,2024-12-31,Apartment,False,37.1,526.78,643.82,14.2
1517,7,Neukölln,Neukölln,True,2024,2024-04-30,Apartment,True,77.2,1557.66,1800.09,20.18
1518,1,Charlottenburg,Charlottenburg-Wilmersdorf,True,2024,2024-10-19,Room,False,15.6,269.38,402.56,17.27
1519,1,Charlottenburg,Charlottenburg-Wilmersdorf,True,2024,2024-01-13,Apartment,False,38.6,620.95,750.44,16.09
1520,1,Charlottenburg,Charlottenburg-Wilmersdorf,True,2024,2024-05-30,Apartment,True,83.8,1791.76,2122.62,21.38
1521,8,Pankow,Pankow,False,2024,2024-04-18,Room,True,18.1,314.2,442.98,17.36
1522,1,Charlottenburg,Charlottenburg-Wilmersdorf,True,2024,2024-04-20,Apartment,False,60.4,998.83,1204.77,16.54
1523,10,Schöneberg,Tempelhof-Schöneberg,True,2024,2024-02-09,Apartment,True,71.3,1441.13,1667.19,20.21
1524,9,Prenzlauer Berg,Pankow,True,2024,2024-03-03,Apartment,False,66.5,1251.48,1489.89,18.82
1525,12,Wedding,Mitte,True,2024,2024-04-09,Apartment,False,68.0,932.89,1163.09,13.72
1526,8,Pankow,Pankow,False,2024,2024-02-29,Room,True,17.4,325.14,469.65,18.69
1527,11,Steglitz,Steglitz-Zehlendorf,False,2024,2024-09-15,Room,False,26.3,379.04,518.88,14.41
1528,2,Friedrichshain,Friedrichshain-Kreuzberg,True,2024,2024-10-18,Apartment,False,65.3,1133.06,1360.11,17.35
1529,3,Kreuzberg,Friedrichshain-Kreuzberg,True,2024,2024-05-26,Apartment,True,80.5,1860.26,2153.68,23.11
1530,1,Charlottenburg,Charlottenburg-Wilmersdorf,True,2024,2024-04-11,Room,True,19.9,474.86,627.33,23.86
1531,3,Kreuzberg,Friedrichshain-Kreuzberg,True,2024,2024-02-21,Apartment,True,41.0,870.86,1032.28,21.24
1532,3,Kreuzberg,Friedrichshain-Kreuzberg,True,2024,2024-09-20,Apartment,False,36.2,605.76,720.36,16.73
1533,12,Wedding,Mitte,True,2024,2024-12-30,Apartment,False,52.7,707.84,897.63,13.43
1534,7,Neukölln,Neukölln,True,2024,2024-01-24,Room,False,26.6,468.99,620.74,17.63
1535,2,Friedrichshain,Friedrichshain-Kreuzberg,True,2024,2024-05-28,Apartment,True,57.4,1220.15,1441.22,21.26
1536,6,Moabit,Mitte,True,2024,2024-09-17,Apartment,False,71.2,1079.5,1352.77,15.16
1537,2,Friedrichshain,Friedrichshain-Kreuzberg,True,2024,2024-03-31,Room,True,22.3,536.99,675.41,24.08
1538,12,Wedding,Mitte,True,2024,2024-09-22,Apartment,True,73.7,1188.85,1420.52,16.13
1539,12,Wedding,Mitte,True,2024,2024-04-01,Apartment,False,56.3,745.29,935.96,13.24
1540,3,Kreuzberg,Friedrichshain-Kreuzberg,True,2024,2024-05-22,Room,False,26.4,543.82,687.19,20.6
1541,8,Pankow,Pankow,False,2024,2024-04-24,Apartment,True,52.4,778.12,963.51,14.85
1542,3,Kreuzberg,Friedrichshain-Kreuzberg,True,2024,2024-12-07,Room,False,27.8,574.51,740.11,20.67
1543,7,Neukölln,Neukölln,True,2024,2024-10-03,Room,True,25.7,534.89,699.5,20.81
1544,12,Wedding,Mitte,True,2024,2024-10-19,Apartment,True,76.6,1154.5,1456.89,15.07
1545,10,Schöneberg,Tempelhof-Schöneberg,True,2024,2024-12-27,Apartment,False,76.6,1172.52,1417.54,15.31
1546,2,Friedrichshain,Friedrichshain-Kreuzberg,True,2024,2024-12-08,Room,False,17.7,366.45,535.14,20.7
1547,2,Friedrichshain,Friedrichshain-Kreuzberg,True,2024,2024-03-21,Apartment,False,72.2,1201.75,1430.4,16.64
1548,12,Wedding,Mitte,True,2024,2024-12-18,Room,False,24.3,394.12,521.45,16.22
1549,1,Charlottenburg,Charlottenburg-Wilmersdorf,True,2024,2024-10-12,Apartment,True,40.0,839.77,970.62,20.99
1550,4,Lichtenberg,Lichtenberg,False,2024,2024-10-27,Apartment,False,82.5,1037.98,1311.99,12.58
1551,10,Schöneberg,Tempelhof-Schöneberg,True,2024,2024-09-11,Apartment,True,44.8,876.58,1023.0,19.57
1552,7,Neukölln,Neukölln,True,2024,2024-04-19,Room,False,15.2,265.03,421.58,17.44
1553,5,Mitte,Mitte,True,2024,2024-12-18,Room,False,22.6,497.9,623.65,22.03
1554,7,Neukölln,Neukölln,True,2024,2024-04-02,Apartment,False,46.7,693.34,860.41,14.85
1555,7,Neukölln,Neukölln,True,2024,2024-11-02,Apartment,False,68.4,1041.84,1292.66,15.23
1556,1,Charlottenburg,Charlottenburg-Wilmersdorf,True,2024,2024-08-02,Apartment,True,45.9,1042.85,1216.7,22.72
1557,6,Moabit,Mitte,True,2024,2024-02-28,Room,False,15.6,264.74,403.09,16.97
1558,1,Charlottenburg,Charlottenburg-Wilmersdorf,True,2024,2024-09-07,Apartment,False,73.7,1197.85,1479.7,16.25
1559,8,Pankow,Pankow,False,2024,2024-02-01,Room,True,18.1,340.08,499.31,18.79
1560,12,Wedding,Mitte,True,2024,2024-01-28,Apartment,True,50.9,841.31,1017.36,16.53
1561,7,Neukölln,Neukölln,True,2024,2024-03-26,Apartment,True,66.8,1155.63,1376.02,17.3
1562,12,Wedding,Mitte,True,2024,2024-11-05,Room,False,27.3,438.99,577.83,16.08
1563,12,Wedding,Mitte,True,2024,2024-06-29,Room,False,25.2,374.11,529.82,14.85
1564,12,Wedding,Mitte,True,2024,2024-07-21,Room,True,16.9,335.42,497.14,19.85
1565,11,Steglitz,Steglitz-Zehlendorf,False,2024,2024-05-07,Room,False,26.7,383.02,516.72,14.35
1566,5,Mitte,Mitte,True,2024,2024-03-21,Room,True,27.2,650.29,796.11,23.91
1567,7,Neukölln,Neukölln,True,2024,2024-07-12,Room,True,24.8,488.67,618.23,19.7
1568,4,Lichtenberg,Lichtenberg,False,2024,2024-09-15,Room,False,26.3,400.64,528.08,15.23
1569,11,Steglitz,Steglitz-Zehlendorf,False,2024,2024-03-18,Apartment,False,36.0,471.96,601.11,13.11
1570,2,Friedrichshain,Friedrichshain-Kreuzberg,True,2024,2024-06-14,Apartment,False,44.7,797.48,948.61,17.84
1571,10,Schöneberg,Tempelhof-Schöneberg,True,2024,2024-08-29,Apartment,True,48.7,887.86,1067.58,18.23
1572,10,Schöneberg,Tempelhof-Schöneberg,True,2024,2024-09-30,Room,True,27.5,599.24,764.08,21.79
1573,12,Wedding,Mitte,True,2024,2024-02-25,Room,True,21.0,388.0,536.6,18.48
1574,6,Moabit,Mitte,True,2024,2024-10-15,Room,False,19.6,321.02,461.66,16.38
1575,2,Friedrichshain,Friedrichshain-Kreuzberg,True,2024,2024-09-07,Apartment,True,75.5,1708.75,1954.3,22.63
1576,8,Pankow,Pankow,False,2024,2024-04-29,Room,True,22.6,416.8,566.3,18.44
1577,5,Mitte,Mitte,True,2024,2024-10-16,Apartment,True,50.6,1133.0,1304.5,22.39
1578,8,Pankow,Pankow,False,2024,2024-06-09,Room,True,23.7,458.19,606.74,19.33
1579,4,Lichtenberg,Lichtenberg,False,2024,2024-02-11,Room,False,20.8,303.07,460.36,14.57
1580,2,Friedrichshain,Friedrichshain-Kreuzberg,True,2024,2024-04-11,Room,True,15.8,345.83,475.3,21.89
1581,6,Moabit,Mitte,True,2024,2024-03-12,Apartment,True,79.3,1484.09,1767.36,18.71
1582,11,Steglitz,Steglitz-Zehlendorf,False,2024,2024-12-12,Apartment,False,35.5,415.71,557.57,11.71
1583,7,Neukölln,Neukölln,True,2024,2024-09-24,Apartment,False,53.6,839.73,1012.72,15.67
1584,4,Lichtenberg,Lichtenberg,False,2024,2024-08-24,Room,False,24.0,347.87,483.18,14.49
1585,9,Prenzlauer Berg,Pankow,True,2024,2024-09-25,Apartment,False,71.0,1363.24,1591.99,19.2
1586,11,Steglitz,Steglitz-Zehlendorf,False,2024,2024-06-08,Apartment,True,55.8,781.17,1003.21,14.0
1587,11,Steglitz,Steglitz-Zehlendorf,False,2024,2024-08-27,Room,False,21.5,308.4,435.15,14.34
1588,8,Pankow,Pankow,False,2024,2024-05-20,Room,True,21.8,384.15,549.9,17.62
1589,7,Neukölln,Neukölln,True,2024,2024-07-25,Apartment,False,64.2,945.66,1180.76,14.73
1590,7,Neukölln,Neukölln,True,2024,2024-04-20,Apartment,False,45.1,699.5,843.49,15.51
1591,7,Neukölln,Neukölln,True,2024,2024-07-15,Room,False,15.8,275.73,428.75,17.45
1592,1,Charlottenburg,Charlottenburg-Wilmersdorf,True,2024,2024-11-11,Apartment,False,65.2,1151.16,1396.54,17.66
1593,4,Lichtenberg,Lichtenberg,False,2024,2024-11-10,Apartment,True,35.1,495.87,634.04,14.13
1594,3,Kreuzberg,Friedrichshain-Kreuzberg,True,2024,2024-03-11,Room,False,14.0,261.21,428.85,18.66
1595,12,Wedding,Mitte,True,2024,2024-05-03,Apartment,False,58.6,772.84,994.58,13.19
1596,12,Wedding,Mitte,True,2024,2024-06-11,Room,False,23.9,369.75,531.49,15.47
1597,12,Wedding,Mitte,True,2024,2024-05-22,Room,False,17.0,255.42,407.94,15.02
1598,11,Steglitz,Steglitz-Zehlendorf,False,2024,2024-03-02,Room,False,20.2,305.91,441.18,15.14
1599,12,Wedding,Mitte,True,2024,2024-12-09,Apartment,False,43.9,639.25,809.14,14.56
1600,1,Charlottenburg,Charlottenburg-Wilmersdorf,True,2024,2024-04-01,Apartment,True,63.0,1445.32,1662.31,22.94
1601,11,Steglitz,Steglitz-Zehlendorf,False,2024,2024-07-07,Apartment,True,53.0,787.49,967.46,14.86
1602,7,Neukölln,Neukölln,True,2024,2024-12-22,Apartment,True,48.7,958.55,1126.98,19.68
1603,11,Steglitz,Steglitz-Zehlendorf,False,2024,2024-08-29,Room,False,27.6,425.75,588.59,15.43
1604,8,Pankow,Pankow,False,2024,2024-02-23,Apartment,False,58.7,814.18,1035.8,13.87
1605,5,Mitte,Mitte,True,2024,2024-03-08,Room,False,24.0,528.41,660.37,22.02
1606,2,Friedrichshain,Friedrichshain-Kreuzberg,True,2024,2024-02-19,Room,False,14.8,296.56,423.36,20.04
1607,12,Wedding,Mitte,True,2024,2024-12-10,Room,False,23.2,379.86,518.83,16.37
1608,1,Charlottenburg,Charlottenburg-Wilmersdorf,True,2024,2024-12-06,Apartment,True,84.3,1748.43,2010.84,20.74
1609,10,Schöneberg,Tempelhof-Schöneberg,True,2024,2024-03-16,Room,False,14.9,256.19,414.45,17.19
1610,11,Steglitz,Steglitz-Zehlendorf,False,2024,2024-11-21,Room,True,14.6,266.11,408.53,18.23
1611,11,Steglitz,Steglitz-Zehlendorf,False,2024,2024-08-26,Apartment,False,50.6,642.74,804.96,12.7
1612,8,Pankow,Pankow,False,2024,2024-02-14,Apartment,True,81.5,1266.74,1532.78,15.54
1613,3,Kreuzberg,Friedrichshain-Kreuzberg,True,2024,2024-11-22,Room,False,14.3,270.7,395.17,18.93
1614,1,Charlottenburg,Charlottenburg-Wilmersdorf,True,2024,2024-04-07,Apartment,False,82.2,1293.98,1599.17,15.74
1615,11,Steglitz,Steglitz-Zehlendorf,False,2024,2024-06-10,Apartment,True,37.7,590.05,711.68,15.65
1616,10,Schöneberg,Tempelhof-Schöneberg,True,2024,2024-05-15,Room,True,26.4,534.08,689.47,20.23
1617,2,Friedrichshain,Friedrichshain-Kreuzberg,True,2024,2024-11-19,Apartment,False,52.4,940.76,1124.41,17.95
1618,4,Lichtenberg,Lichtenberg,False,2024,2024-12-25,Apartment,True,76.7,1150.44,1402.75,15.0
1619,10,Schöneberg,Tempelhof-Schöneberg,True,2024,2024-09-14,Room,False,25.1,432.55,588.03,17.23
1620,12,Wedding,Mitte,True,2024,2024-08-27,Apartment,False,39.5,566.25,697.88,14.34
1621,7,Neukölln,Neukölln,True,2024,2024-07-09,Room,True,23.2,447.72,598.13,19.3
1622,8,Pankow,Pankow,False,2024,2024-01-05,Room,False,14.5,226.25,378.58,15.6
1623,3,Kreuzberg,Friedrichshain-Kreuzberg,True,2024,2024-08-27,Room,True,23.1,536.91,674.69,23.24
1624,12,Wedding,Mitte,True,2024,2024-07-23,Room,True,25.3,479.98,623.55,18.97
1625,6,Moabit,Mitte,True,2024,2024-04-29,Apartment,True,53.7,981.68,1162.66,18.28
1626,12,Wedding,Mitte,True,2024,2024-03-24,Room,False,17.8,284.72,435.41,16.0
1627,12,Wedding,Mitte,True,2024,2024-10-17,Room,True,22.4,438.46,605.28,19.57
1628,3,Kreuzberg,Friedrichshain-Kreuzberg,True,2024,2024-06-26,Room,True,27.4,689.55,848.01,25.17
1629,6,Moabit,Mitte,True,2024,2024-06-06,Room,False,23.2,378.1,509.84,16.3
1630,2,Friedrichshain,Friedrichshain-Kreuzberg,True,2024,2024-10-11,Room,False,20.1,407.87,538.81,20.29
1631,1,Charlottenburg,Charlottenburg-Wilmersdorf,True,2024,2024-08-29,Room,True,15.4,340.1,473.66,22.08
1632,4,Lichtenberg,Lichtenberg,False,2024,2024-06-11,Room,False,17.4,267.13,408.57,15.35
1633,3,Kreuzberg,Friedrichshain-Kreuzberg,True,2024,2024-09-30,Room,True,18.0,455.04,605.9,25.28
1634,2,Friedrichshain,Friedrichshain-Kreuzberg,True,2024,2024-04-01,Room,False,27.6,503.66,667.51,18.25
1635,9,Prenzlauer Berg,Pankow,True,2024,2024-11-26,Room,True,25.5,641.1,806.26,25.14
1636,9,Prenzlauer Berg,Pankow,True,2024,2024-08-05,Room,True,17.0,402.4,555.83,23.67
1637,3,Kreuzberg,Friedrichshain-Kreuzberg,True,2024,2024-08-03,Room,False,25.5,472.52,639.65,18.53
1638,3,Kreuzberg,Friedrichshain-Kreuzberg,True,2024,2024-12-17,Room,False,25.7,509.07,636.79,19.81
1639,11,Steglitz,Steglitz-Zehlendorf,False,2024,2024-10-21,Room,False,25.2,343.83,482.19,13.64
1640,12,Wedding,Mitte,True,2024,2024-01-28,Room,False,20.8,351.48,493.56,16.9
1641,7,Neukölln,Neukölln,True,2024,2024-09-14,Room,False,15.6,283.78,448.65,18.19
1642,1,Charlottenburg,Charlottenburg-Wilmersdorf,True,2024,2024-04-01,Apartment,False,77.2,1364.18,1611.26,17.67
1643,10,Schöneberg,Tempelhof-Schöneberg,True,2024,2024-12-28,Apartment,False,68.7,1023.48,1257.29,14.9
1644,8,Pankow,Pankow,False,2024,2024-08-25,Room,False,22.6,361.36,504.93,15.99
1645,7,Neukölln,Neukölln,True,2024,2024-07-08,Room,False,20.4,331.0,481.97,16.23
1646,7,Neukölln,Neukölln,True,2024,2024-05-30,Room,False,24.7,399.07,535.1,16.16
1647,1,Charlottenburg,Charlottenburg-Wilmersdorf,True,2024,2024-01-19,Room,False,18.2,312.19,441.22,17.15
1648,12,Wedding,Mitte,True,2024,2024-08-08,Apartment,True,39.2,629.97,773.82,16.07
1649,7,Neukölln,Neukölln,True,2024,2024-09-25,Room,False,22.6,417.67,582.33,18.48
1650,8,Pankow,Pankow,False,2024,2024-02-21,Apartment,True,53.6,847.09,1044.02,15.8
1651,10,Schöneberg,Tempelhof-Schöneberg,True,2024,2024-07-24,Apartment,False,51.9,844.67,1019.67,16.27
1652,5,Mitte,Mitte,True,2024,2024-08-09,Room,False,24.1,533.45,661.02,22.13
1653,2,Friedrichshain,Friedrichshain-Kreuzberg,True,2024,2024-05-04,Apartment,False,84.7,1513.72,1817.39,17.87
1654,11,Steglitz,Steglitz-Zehlendorf,False,2024,2024-04-05,Apartment,True,58.6,949.74,1170.79,16.21
1655,7,Neukölln,Neukölln,True,2024,2024-04-16,Apartment,True,54.9,959.32,1129.76,17.47
1656,5,Mitte,Mitte,True,2024,2024-11-21,Apartment,False,48.7,930.98,1116.59,19.12
1657,1,Charlottenburg,Charlottenburg-Wilmersdorf,True,2024,2024-11-07,Room,True,23.9,511.28,668.05,21.39
1658,6,Moabit,Mitte,True,2024,2024-01-07,Apartment,False,51.4,751.89,954.25,14.63
1659,1,Charlottenburg,Charlottenburg-Wilmersdorf,True,2024,2024-12-23,Room,True,20.2,453.2,586.68,22.44
1660,3,Kreuzberg,Friedrichshain-Kreuzberg,True,2024,2024-10-14,Apartment,True,36.6,896.89,1031.15,24.51
1661,1,Charlottenburg,Charlottenburg-Wilmersdorf,True,2024,2024-08-19,Room,False,21.4,382.88,540.67,17.89
1662,4,Lichtenberg,Lichtenberg,False,2024,2024-01-12,Apartment,True,64.2,1007.36,1230.38,15.69
1663,7,Neukölln,Neukölln,True,2024,2024-11-06,Apartment,False,46.7,766.04,916.35,16.4
1664,2,Friedrichshain,Friedrichshain-Kreuzberg,True,2024,2024-07-24,Room,True,27.9,646.54,777.7,23.17
1665,12,Wedding,Mitte,True,2024,2024-07-04,Room,False,19.9,319.34,457.71,16.05
1666,4,Lichtenberg,Lichtenberg,False,2024,2024-10-01,Room,False,27.4,411.47,549.77,15.02
1667,12,Wedding,Mitte,True,2024,2024-08-18,Room,False,20.9,328.71,489.89,15.73
1668,3,Kreuzberg,Friedrichshain-Kreuzberg,True,2024,2024-03-29,Apartment,True,49.4,1078.46,1252.23,21.83
1669,4,Lichtenberg,Lichtenberg,False,2024,2024-11-21,Apartment,False,67.7,903.28,1138.15,13.34
1670,5,Mitte,Mitte,True,2024,2024-01-12,Apartment,True,66.0,1731.63,1979.72,26.24
1671,1,Charlottenburg,Charlottenburg-Wilmersdorf,True,2024,2024-11-03,Apartment,True,66.3,1444.63,1651.52,21.79
1672,4,Lichtenberg,Lichtenberg,False,2024,2024-05-02,Room,False,16.7,256.24,400.84,15.34
1673,3,Kreuzberg,Friedrichshain-Kreuzberg,True,2024,2024-01-16,Apartment,False,45.0,748.12,890.24,16.62
1674,9,Prenzlauer Berg,Pankow,True,2024,2024-03-31,Apartment,False,69.2,1237.61,1467.19,17.88
1675,6,Moabit,Mitte,True,2024,2024-08-24,Apartment,True,65.2,1217.82,1429.29,18.68
1676,11,Steglitz,Steglitz-Zehlendorf,False,2024,2024-07-16,Apartment,True,36.6,609.2,755.45,16.64
1677,2,Friedrichshain,Friedrichshain-Kreuzberg,True,2024,2024-11-06,Apartment,False,79.2,1396.09,1692.63,17.63
1678,4,Lichtenberg,Lichtenberg,False,2024,2024-07-22,Apartment,False,56.9,740.9,920.35,13.02
1679,11,Steglitz,Steglitz-Zehlendorf,False,2024,2024-03-04,Apartment,True,70.8,1121.54,1368.33,15.84
1680,2,Friedrichshain,Friedrichshain-Kreuzberg,True,2024,2024-07-30,Room,True,25.6,605.77,737.37,23.66
1681,4,Lichtenberg,Lichtenberg,False,2024,2024-11-24,Room,False,25.1,347.06,475.43,13.83
1682,11,Steglitz,Steglitz-Zehlendorf,False,2024,2024-05-31,Room,False,20.9,295.84,431.54,14.16
1683,11,Steglitz,Steglitz-Zehlendorf,False,2024,2024-03-12,Room,False,23.8,353.79,504.54,14.87
1684,3,Kreuzberg,Friedrichshain-Kreuzberg,True,2024,2024-03-22,Apartment,True,79.0,1798.87,2065.57,22.77
1685,8,Pankow,Pankow,False,2024,2024-12-21,Apartment,False,57.0,713.99,928.84,12.53
1686,3,Kreuzberg,Friedrichshain-Kreuzberg,True,2024,2024-06-04,Room,True,19.4,454.42,587.94,23.42
1687,3,Kreuzberg,Friedrichshain-Kreuzberg,True,2024,2024-11-12,Apartment,True,71.1,1715.61,1961.99,24.13
1688,3,Kreuzberg,Friedrichshain-Kreuzberg,True,2024,2024-07-12,Apartment,False,64.4,1145.88,1375.85,17.79
1689,6,Moabit,Mitte,True,2024,2024-12-08,Apartment,False,59.1,879.46,1082.88,14.88
1690,2,Friedrichshain,Friedrichshain-Kreuzberg,True,2024,2024-11-28,Room,True,17.1,398.61,558.13,23.31
1691,9,Prenzlauer Berg,Pankow,True,2024,2024-09-25,Room,False,26.8,573.84,735.64,21.41
1692,9,Prenzlauer Berg,Pankow,True,2024,2024-05-18,Apartment,True,36.6,875.05,1005.22,23.91
1693,12,Wedding,Mitte,True,2024,2024-08-16,Apartment,False,61.9,782.72,1019.06,12.64
1694,8,Pankow,Pankow,False,2024,2024-04-26,Apartment,True,74.9,1187.34,1477.34,15.85
1695,11,Steglitz,Steglitz-Zehlendorf,False,2024,2024-02-02,Apartment,True,84.0,1227.29,1543.87,14.61
1696,3,Kreuzberg,Friedrichshain-Kreuzberg,True,2024,2024-10-01,Apartment,True,46.4,1047.35,1210.58,22.57
1697,5,Mitte,Mitte,True,2024,2024-04-11,Room,False,16.7,336.31,464.06,20.14
1698,2,Friedrichshain,Friedrichshain-Kreuzberg,True,2024,2024-02-27,Apartment,True,59.4,1316.04,1546.22,22.16
1699,11,Steglitz,Steglitz-Zehlendorf,False,2024,2024-08-21,Apartment,False,44.7,592.34,755.63,13.25
1700,5,Mitte,Mitte,True,2024,2024-09-04,Room,False,17.8,387.67,526.46,21.78
1701,12,Wedding,Mitte,True,2024,2024-12-13,Room,False,17.7,281.23,420.58,15.89
1702,12,Wedding,Mitte,True,2024,2024-01-04,Apartment,False,40.6,580.36,712.88,14.29
1703,1,Charlottenburg,Charlottenburg-Wilmersdorf,True,2024,2024-12-10,Apartment,False,59.8,918.96,1145.27,15.37
1704,7,Neukölln,Neukölln,True,2024,2024-04-09,Room,False,18.8,336.12,497.14,17.88
1705,2,Friedrichshain,Friedrichshain-Kreuzberg,True,2024,2024-06-02,Apartment,True,60.1,1266.84,1458.72,21.08
1706,8,Pankow,Pankow,False,2024,2024-03-28,Room,False,18.5,267.35,409.18,14.45
1707,3,Kreuzberg,Friedrichshain-Kreuzberg,True,2024,2024-05-17,Apartment,True,82.8,2012.58,2328.04,24.31
1708,9,Prenzlauer Berg,Pankow,True,2024,2024-06-19,Apartment,False,77.8,1356.34,1607.67,17.43
1709,11,Steglitz,Steglitz-Zehlendorf,False,2024,2024-08-01,Room,False,20.3,295.39,437.1,14.55
1710,5,Mitte,Mitte,True,2024,2024-08-21,Apartment,False,83.4,1563.2,1882.19,18.74
1711,7,Neukölln,Neukölln,True,2024,2024-07-10,Room,False,16.9,303.46,440.73,17.96
1712,5,Mitte,Mitte,True,2024,2024-04-20,Room,False,18.6,400.88,533.86,21.55
1713,8,Pankow,Pankow,False,2024,2024-09-02,Apartment,False,40.3,499.97,636.71,12.41
1714,11,Steglitz,Steglitz-Zehlendorf,False,2024,2024-12-27,Apartment,False,82.3,1086.07,1370.09,13.2
1715,6,Moabit,Mitte,True,2024,2024-06-24,Room,False,22.2,353.83,480.36,15.94
1716,7,Neukölln,Neukölln,True,2024,2024-02-07,Apartment,False,49.2,746.93,938.45,15.18
1717,1,Charlottenburg,Charlottenburg-Wilmersdorf,True,2024,2024-10-20,Apartment,False,76.2,1324.86,1601.53,17.39
1718,9,Prenzlauer Berg,Pankow,True,2024,2024-10-12,Apartment,False,51.4,936.3,1126.2,18.22
1719,12,Wedding,Mitte,True,2024,2024-12-24,Apartment,False,42.0,601.73,764.84,14.33
1720,11,Steglitz,Steglitz-Zehlendorf,False,2024,2024-04-19,Apartment,False,53.1,699.72,900.04,13.18
1721,3,Kreuzberg,Friedrichshain-Kreuzberg,True,2024,2024-11-05,Room,True,19.1,453.02,588.68,23.72
1722,11,Steglitz,Steglitz-Zehlendorf,False,2024,2024-09-27,Apartment,True,67.1,1062.63,1318.84,15.84
1723,5,Mitte,Mitte,True,2024,2024-09-15,Apartment,False,35.8,681.28,793.29,19.03
1724,1,Charlottenburg,Charlottenburg-Wilmersdorf,True,2024,2024-10-16,Apartment,False,63.7,1063.19,1302.77,16.69
1725,2,Friedrichshain,Friedrichshain-Kreuzberg,True,2024,2024-02-14,Apartment,False,61.6,1136.07,1373.95,18.44
1726,8,Pankow,Pankow,False,2024,2024-08-08,Apartment,False,84.6,1149.3,1469.97,13.59
1727,7,Neukölln,Neukölln,True,2024,2024-04-03,Apartment,False,84.7,1212.26,1500.02,14.31
1728,4,Lichtenberg,Lichtenberg,False,2024,2024-01-11,Apartment,False,74.1,950.52,1243.49,12.83
1729,10,Schöneberg,Tempelhof-Schöneberg,True,2024,2024-05-12,Apartment,True,76.4,1339.49,1605.7,17.53
1730,9,Prenzlauer Berg,Pankow,True,2024,2024-10-21,Apartment,False,61.6,1143.33,1345.4,18.56
1731,1,Charlottenburg,Charlottenburg-Wilmersdorf,True,2024,2024-06-06,Apartment,False,63.8,982.29,1188.58,15.4
1732,3,Kreuzberg,Friedrichshain-Kreuzberg,True,2024,2024-06-27,Room,False,27.2,504.39,634.12,18.54
1733,2,Friedrichshain,Friedrichshain-Kreuzberg,True,2024,2024-05-18,Room,True,17.2,381.29,524.38,22.17
1734,9,Prenzlauer Berg,Pankow,True,2024,2024-07-11,Apartment,True,52.8,1149.07,1333.64,21.76
1735,5,Mitte,Mitte,True,2024,2024-07-23,Room,False,24.4,511.91,656.02,20.98
1736,9,Prenzlauer Berg,Pankow,True,2024,2024-10-23,Room,False,25.4,481.6,613.48,18.96
1737,11,Steglitz,Steglitz-Zehlendorf,False,2024,2024-06-11,Apartment,True,45.5,782.51,938.24,17.2
1738,10,Schöneberg,Tempelhof-Schöneberg,True,2024,2024-02-27,Room,False,25.2,444.61,580.1,17.64
1739,6,Moabit,Mitte,True,2024,2024-07-03,Room,False,19.9,362.89,491.39,18.24
1740,7,Neukölln,Neukölln,True,2024,2024-02-13,Apartment,False,77.4,1139.03,1448.61,14.72
1741,4,Lichtenberg,Lichtenberg,False,2024,2024-11-27,Apartment,False,58.6,778.91,975.06,13.29
1742,1,Charlottenburg,Charlottenburg-Wilmersdorf,True,2024,2024-03-12,Room,False,16.5,281.83,429.17,17.08
1743,11,Steglitz,Steglitz-Zehlendorf,False,2024,2024-11-12,Apartment,True,64.8,979.76,1197.73,15.12
1744,10,Schöneberg,Tempelhof-Schöneberg,True,2024,2024-12-08,Apartment,False,43.7,696.59,838.01,15.94
1745,3,Kreuzberg,Friedrichshain-Kreuzberg,True,2024,2024-07-25,Room,False,25.0,462.89,596.07,18.52
1746,4,Lichtenberg,Lichtenberg,False,2024,2024-01-15,Room,False,22.7,304.99,430.15,13.44
1747,6,Moabit,Mitte,True,2024,2024-11-02,Room,False,26.8,426.27,567.24,15.91
1748,11,Steglitz,Steglitz-Zehlendorf,False,2024,2024-02-27,Apartment,True,35.7,572.17,714.59,16.03
1749,6,Moabit,Mitte,True,2024,2024-11-22,Apartment,False,79.9,1179.71,1489.02,14.76
1750,5,Mitte,Mitte,True,2024,2024-07-06,Room,False,26.6,536.68,690.22,20.18
1751,8,Pankow,Pankow,False,2024,2024-09-20,Apartment,True,59.6,1024.57,1216.08,17.19
1752,3,Kreuzberg,Friedrichshain-Kreuzberg,True,2024,2024-11-10,Apartment,True,68.0,1597.94,1826.02,23.5
1753,2,Friedrichshain,Friedrichshain-Kreuzberg,True,2024,2024-10-29,Room,True,24.2,562.98,707.78,23.26
1754,12,Wedding,Mitte,True,2024,2024-07-10,Apartment,False,48.3,707.25,871.24,14.64
1755,4,Lichtenberg,Lichtenberg,False,2024,2024-11-19,Room,False,25.9,388.17,548.16,14.99
1756,5,Mitte,Mitte,True,2024,2024-05-01,Apartment,False,35.7,703.55,841.06,19.71
1757,3,Kreuzberg,Friedrichshain-Kreuzberg,True,2024,2024-10-22,Room,True,20.7,507.48,670.61,24.52
1758,10,Schöneberg,Tempelhof-Schöneberg,True,2024,2024-09-20,Apartment,True,66.1,1264.31,1485.84,19.13
1759,1,Charlottenburg,Charlottenburg-Wilmersdorf,True,2024,2024-10-08,Room,False,17.6,339.24,485.17,19.27
1760,6,Moabit,Mitte,True,2024,2024-07-06,Apartment,False,52.1,780.15,944.62,14.97
1761,10,Schöneberg,Tempelhof-Schöneberg,True,2024,2024-02-26,Apartment,False,41.3,624.25,769.28,15.12
1762,2,Friedrichshain,Friedrichshain-Kreuzberg,True,2024,2024-02-12,Apartment,True,78.7,1639.89,1953.58,20.84
1763,12,Wedding,Mitte,True,2024,2024-12-14,Room,False,26.4,418.14,548.52,15.84
1764,9,Prenzlauer Berg,Pankow,True,2024,2024-09-28,Apartment,True,72.2,1668.8,1929.2,23.11
1765,12,Wedding,Mitte,True,2024,2024-03-26,Room,False,21.6,351.43,520.3,16.27
1766,1,Charlottenburg,Charlottenburg-Wilmersdorf,True,2024,2024-03-18,Room,False,22.9,444.67,578.85,19.42
1767,12,Wedding,Mitte,True,2024,2024-07-24,Apartment,False,77.9,1022.8,1331.53,13.13
1768,7,Neukölln,Neukölln,True,2024,2024-06-02,Room,False,19.9,344.92,483.41,17.33
1769,5,Mitte,Mitte,True,2024,2024-10-31,Room,False,23.4,478.13,635.14,20.43
1770,2,Friedrichshain,Friedrichshain-Kreuzberg,True,2024,2024-05-04,Room,False,16.0,329.28,487.69,20.58
1771,10,Schöneberg,Tempelhof-Schöneberg,True,2024,2024-02-06,Apartment,False,54.5,818.56,1028.43,15.02
1772,9,Prenzlauer Berg,Pankow,True,2024,2024-03-18,Apartment,True,79.6,1702.11,2016.52,21.38
1773,9,Prenzlauer Berg,Pankow,True,2024,2024-06-08,Room,False,24.6,460.35,589.63,18.71
1774,12,Wedding,Mitte,True,2024,2024-03-04,Room,False,20.6,333.54,470.99,16.19
1775,12,Wedding,Mitte,True,2024,2024-06-23,Apartment,False,38.5,571.2,722.1,14.84
1776,7,Neukölln,Neukölln,True,2024,2024-03-27,Apartment,True,76.9,1408.64,1676.51,18.32
1777,11,Steglitz,Steglitz-Zehlendorf,False,2024,2024-11-04,Apartment,False,72.9,871.15,1103.9,11.95
1778,8,Pankow,Pankow,False,2024,2024-01-30,Apartment,True,77.5,1272.57,1542.99,16.42
1779,4,Lichtenberg,Lichtenberg,False,2024,2024-11-23,Room,False,25.8,385.81,550.52,14.95
1780,12,Wedding,Mitte,True,2024,2024-12-31,Room,False,17.5,270.8,395.38,15.47
1781,6,Moabit,Mitte,True,2024,2024-12-28,Room,False,22.3,389.85,518.53,17.48
1782,6,Moabit,Mitte,True,2024,2024-07-14,Apartment,False,53.8,805.59,1017.17,14.97
1783,5,Mitte,Mitte,True,2024,2024-03-01,Apartment,False,74.7,1553.98,1824.25,20.8
1784,9,Prenzlauer Berg,Pankow,True,2024,2024-01-21,Room,False,26.7,532.72,674.44,19.95
1785,1,Charlottenburg,Charlottenburg-Wilmersdorf,True,2024,2024-07-23,Apartment,False,58.0,1006.65,1188.4,17.36
1786,4,Lichtenberg,Lichtenberg,False,2024,2024-11-18,Apartment,False,80.4,939.07,1201.39,11.68
1787,1,Charlottenburg,Charlottenburg-Wilmersdorf,True,2024,2024-05-09,Room,False,25.2,480.33,642.55,19.06
1788,1,Charlottenburg,Charlottenburg-Wilmersdorf,True,2024,2024-08-22,Apartment,True,83.7,1607.56,1870.63,19.21
1789,11,Steglitz,Steglitz-Zehlendorf,False,2024,2024-06-13,Apartment,True,74.7,1132.66,1401.02,15.16
1790,11,Steglitz,Steglitz-Zehlendorf,False,2024,2024-11-11,Room,True,25.4,485.62,624.64,19.12
1791,12,Wedding,Mitte,True,2024,2024-02-16,Apartment,False,46.4,671.42,819.49,14.47
1792,4,Lichtenberg,Lichtenberg,False,2024,2024-12-28,Room,False,23.0,345.14,478.24,15.01
1793,6,Moabit,Mitte,True,2024,2024-06-14,Room,False,26.5,469.29,636.46,17.71
1794,5,Mitte,Mitte,True,2024,2024-10-13,Room,False,26.7,587.39,736.61,22.0
1795,12,Wedding,Mitte,True,2024,2024-12-05,Room,False,15.1,224.28,380.3,14.85
1796,10,Schöneberg,Tempelhof-Schöneberg,True,2024,2024-05-30,Apartment,True,52.0,962.31,1141.54,18.51
1797,8,Pankow,Pankow,False,2024,2024-12-07,Apartment,True,85.0,1296.04,1601.46,15.25
1798,7,Neukölln,Neukölln,True,2024,2024-04-20,Room,True,23.7,488.74,632.56,20.62
1799,3,Kreuzberg,Friedrichshain-Kreuzberg,True,2024,2024-10-09,Room,True,14.3,357.21,499.86,24.98
1800,8,Pankow,Pankow,False,2024,2024-07-17,Room,True,21.3,383.78,548.39,18.02
1801,11,Steglitz,Steglitz-Zehlendorf,False,2024,2024-07-05,Room,False,19.1,293.72,437.13,15.38
1802,9,Prenzlauer Berg,Pankow,True,2024,2024-05-06,Room,True,27.4,646.38,814.76,23.59
1803,12,Wedding,Mitte,True,2024,2024-02-23,Apartment,True,80.9,1519.96,1809.73,18.79
1804,8,Pankow,Pankow,False,2024,2024-05-17,Room,True,23.8,475.79,609.87,19.99
1805,8,Pankow,Pankow,False,2024,2024-03-28,Apartment,False,56.9,751.79,931.49,13.21
1806,5,Mitte,Mitte,True,2024,2024-03-16,Apartment,False,37.9,709.6,856.68,18.72
1807,2,Friedrichshain,Friedrichshain-Kreuzberg,True,2024,2024-12-31,Apartment,True,70.9,1626.1,1892.33,22.94
1808,8,Pankow,Pankow,False,2024,2024-08-19,Apartment,False,82.1,1159.91,1430.32,14.13
1809,7,Neukölln,Neukölln,True,2024,2024-07-27,Apartment,False,51.5,795.58,995.83,15.45
1810,3,Kreuzberg,Friedrichshain-Kreuzberg,True,2024,2024-01-28,Apartment,False,64.3,1217.82,1473.34,18.94
1811,11,Steglitz,Steglitz-Zehlendorf,False,2024,2024-07-30,Apartment,False,73.7,855.36,1088.05,11.61
1812,11,Steglitz,Steglitz-Zehlendorf,False,2024,2024-01-16,Room,True,27.7,529.9,691.51,19.13
1813,4,Lichtenberg,Lichtenberg,False,2024,2024-12-24,Apartment,False,51.6,588.9,767.6,11.41
1814,4,Lichtenberg,Lichtenberg,False,2024,2024-02-19,Room,False,23.7,324.05,463.5,13.67
1815,7,Neukölln,Neukölln,True,2024,2024-07-24,Room,False,26.3,457.43,589.74,17.39
1816,9,Prenzlauer Berg,Pankow,True,2024,2024-09-25,Room,False,22.9,451.24,609.07,19.7
1817,7,Neukölln,Neukölln,True,2024,2024-03-27,Room,False,27.7,450.1,590.89,16.25
1818,5,Mitte,Mitte,True,2024,2024-10-17,Apartment,False,35.2,663.53,773.53,18.85
1819,8,Pankow,Pankow,False,2024,2024-06-25,Room,True,16.4,304.14,452.22,18.55
1820,2,Friedrichshain,Friedrichshain-Kreuzberg,True,2024,2024-12-27,Apartment,False,65.0,1153.21,1406.86,17.74
1821,3,Kreuzberg,Friedrichshain-Kreuzberg,True,2024,2024-03-02,Apartment,False,57.3,1041.53,1267.39,18.18
1822,7,Neukölln,Neukölln,True,2024,2024-04-08,Apartment,True,69.2,1287.48,1508.21,18.61
1823,8,Pankow,Pankow,False,2024,2024-07-18,Room,False,18.7,281.35,434.98,15.05
1824,6,Moabit,Mitte,True,2024,2024-09-08,Apartment,False,38.3,545.71,669.31,14.25
1825,9,Prenzlauer Berg,Pankow,True,2024,2024-12-03,Apartment,True,37.9,920.27,1066.54,24.28
1826,11,Steglitz,Steglitz-Zehlendorf,False,2024,2024-09-26,Apartment,False,77.4,901.75,1187.3,11.65
1827,8,Pankow,Pankow,False,2024,2024-06-13,Apartment,False,54.7,717.06,896.52,13.11
1828,3,Kreuzberg,Friedrichshain-Kreuzberg,True,2024,2024-01-13,Room,True,27.2,639.32,767.03,23.5
1829,6,Moabit,Mitte,True,2024,2024-05-27,Room,False,22.5,372.74,541.39,16.57
1830,4,Lichtenberg,Lichtenberg,False,2024,2024-10-27,Apartment,False,37.1,492.77,618.03,13.28
1831,11,Steglitz,Steglitz-Zehlendorf,False,2024,2024-01-25,Apartment,False,67.0,877.87,1117.79,13.1
1832,7,Neukölln,Neukölln,True,2024,2024-09-17,Room,True,21.5,477.66,621.18,22.22
1833,12,Wedding,Mitte,True,2024,2024-08-22,Apartment,False,69.1,867.92,1095.47,12.56
1834,3,Kreuzberg,Friedrichshain-Kreuzberg,True,2024,2024-11-23,Apartment,False,38.6,650.41,777.25,16.85
1835,8,Pankow,Pankow,False,2024,2024-01-03,Room,False,16.9,263.24,428.83,15.58
1836,9,Prenzlauer Berg,Pankow,True,2024,2024-04-26,Apartment,False,51.5,876.85,1054.57,17.03
1837,1,Charlottenburg,Charlottenburg-Wilmersdorf,True,2024,2024-05-12,Apartment,False,42.8,709.93,866.56,16.59
1838,10,Schöneberg,Tempelhof-Schöneberg,True,2024,2024-11-30,Apartment,False,80.1,1229.45,1545.54,15.35
1839,11,Steglitz,Steglitz-Zehlendorf,False,2024,2024-04-07,Apartment,False,35.5,471.84,593.94,13.29
1840,6,Moabit,Mitte,True,2024,2024-12-19,Room,True,23.7,462.08,591.88,19.5
1841,9,Prenzlauer Berg,Pankow,True,2024,2024-03-26,Room,True,16.2,394.71,542.87,24.36
1842,11,Steglitz,Steglitz-Zehlendorf,False,2024,2024-05-25,Room,False,27.0,391.28,539.41,14.49
1843,8,Pankow,Pankow,False,2024,2024-02-14,Room,False,19.5,312.39,445.49,16.02
1844,12,Wedding,Mitte,True,2024,2024-01-20,Apartment,True,60.9,944.91,1139.81,15.52
1845,10,Schöneberg,Tempelhof-Schöneberg,True,2024,2024-08-12,Room,False,25.3,438.33,590.02,17.33
1846,11,Steglitz,Steglitz-Zehlendorf,False,2024,2024-04-06,Room,False,14.6,228.75,387.26,15.67
1847,9,Prenzlauer Berg,Pankow,True,2024,2024-03-30,Apartment,True,35.7,776.35,895.08,21.75
1848,1,Charlottenburg,Charlottenburg-Wilmersdorf,True,2024,2024-09-15,Apartment,False,37.8,602.98,752.37,15.95
1849,2,Friedrichshain,Friedrichshain-Kreuzberg,True,2024,2024-08-13,Room,False,18.7,379.3,504.44,20.28
1850,2,Friedrichshain,Friedrichshain-Kreuzberg,True,2024,2024-06-11,Apartment,False,49.4,812.79,990.26,16.45
1851,5,Mitte,Mitte,True,2024,2024-06-13,Room,True,21.3,515.98,672.56,24.22
1852,1,Charlottenburg,Charlottenburg-Wilmersdorf,True,2024,2024-01-30,Room,False,23.6,402.88,527.03,17.07
1853,10,Schöneberg,Tempelhof-Schöneberg,True,2024,2024-11-28,Apartment,True,46.2,936.72,1083.01,20.28
1854,6,Moabit,Mitte,True,2024,2024-05-01,Apartment,False,49.1,747.89,919.97,15.23
1855,4,Lichtenberg,Lichtenberg,False,2024,2024-08-20,Apartment,True,84.0,1310.0,1638.33,15.6
1856,12,Wedding,Mitte,True,2024,2024-05-11,Apartment,True,49.3,909.03,1079.1,18.44
1857,3,Kreuzberg,Friedrichshain-Kreuzberg,True,2024,2024-10-04,Room,True,25.3,570.51,726.49,22.55
1858,9,Prenzlauer Berg,Pankow,True,2024,2024-08-23,Apartment,True,66.3,1395.14,1653.4,21.04
1859,11,Steglitz,Steglitz-Zehlendorf,False,2024,2024-03-09,Apartment,False,58.2,710.24,925.51,12.2
1860,11,Steglitz,Steglitz-Zehlendorf,False,2024,2024-11-12,Apartment,True,70.6,1161.82,1427.02,16.46
1861,1,Charlottenburg,Charlottenburg-Wilmersdorf,True,2024,2024-04-19,Apartment,False,73.2,1173.66,1443.01,16.03
1862,10,Schöneberg,Tempelhof-Schöneberg,True,2024,2024-11-15,Room,True,23.1,498.07,656.93,21.56
1863,10,Schöneberg,Tempelhof-Schöneberg,True,2024,2024-04-02,Room,True,21.7,440.91,588.2,20.32
1864,6,Moabit,Mitte,True,2024,2024-03-20,Room,True,21.9,443.61,598.24,20.26
1865,4,Lichtenberg,Lichtenberg,False,2024,2024-03-07,Room,False,16.8,239.59,384.68,14.26
1866,6,Moabit,Mitte,True,2024,2024-12-12,Room,False,22.6,399.11,562.53,17.66
1867,2,Friedrichshain,Friedrichshain-Kreuzberg,True,2024,2024-06-09,Apartment,True,35.4,782.86,919.76,22.11
1868,1,Charlottenburg,Charlottenburg-Wilmersdorf,True,2024,2024-10-25,Room,True,17.0,390.59,555.51,22.98
1869,6,Moabit,Mitte,True,2024,2024-03-18,Apartment,False,49.5,686.24,864.72,13.86
1870,3,Kreuzberg,Friedrichshain-Kreuzberg,True,2024,2024-08-28,Room,False,22.7,428.96,577.81,18.9
1871,11,Steglitz,Steglitz-Zehlendorf,False,2024,2024-03-16,Apartment,False,80.2,1093.37,1389.91,13.63
1872,6,Moabit,Mitte,True,2024,2024-10-27,Room,True,26.3,535.21,693.73,20.35
1873,11,Steglitz,Steglitz-Zehlendorf,False,2024,2024-09-08,Apartment,True,57.0,895.01,1072.73,15.7
1874,4,Lichtenberg,Lichtenberg,False,2024,2024-03-10,Apartment,False,84.4,1109.85,1376.72,13.15
1875,8,Pankow,Pankow,False,2024,2024-12-08,Room,False,16.1,261.83,421.42,16.26
1876,9,Prenzlauer Berg,Pankow,True,2024,2024-09-10,Apartment,True,70.6,1639.14,1896.3,23.22
1877,5,Mitte,Mitte,True,2024,2024-09-19,Apartment,False,84.6,1589.06,1870.56,18.78
1878,7,Neukölln,Neukölln,True,2024,2024-11-28,Apartment,False,36.2,534.49,652.15,14.76
1879,9,Prenzlauer Berg,Pankow,True,2024,2024-12-02,Apartment,True,84.8,1804.11,2142.94,21.27
1880,6,Moabit,Mitte,True,2024,2024-10-20,Apartment,True,36.6,752.0,865.81,20.55
1881,5,Mitte,Mitte,True,2024,2024-07-11,Room,True,20.6,527.7,663.86,25.62
1882,1,Charlottenburg,Charlottenburg-Wilmersdorf,True,2024,2024-03-08,Room,False,27.9,508.42,664.25,18.22
1883,1,Charlottenburg,Charlottenburg-Wilmersdorf,True,2024,2024-12-09,Apartment,False,59.4,927.97,1160.94,15.62
1884,2,Friedrichshain,Friedrichshain-Kreuzberg,True,2024,2024-03-06,Apartment,False,78.1,1464.07,1707.8,18.75
1885,2,Friedrichshain,Friedrichshain-Kreuzberg,True,2024,2024-02-08,Room,True,14.9,347.07,475.0,23.29
1886,5,Mitte,Mitte,True,2024,2024-10-25,Apartment,False,52.1,1075.76,1240.57,20.65
1887,4,Lichtenberg,Lichtenberg,False,2024,2024-11-09,Apartment,False,66.6,794.66,1040.98,11.93
1888,2,Friedrichshain,Friedrichshain-Kreuzberg,True,2024,2024-02-16,Room,True,26.9,656.51,812.83,24.41
1889,5,Mitte,Mitte,True,2024,2024-11-16,Room,False,16.9,372.7,514.11,22.05
1890,12,Wedding,Mitte,True,2024,2024-08-28,Room,False,23.9,377.66,533.44,15.8
1891,7,Neukölln,Neukölln,True,2024,2024-02-10,Apartment,False,78.0,1177.94,1455.37,15.1
1892,3,Kreuzberg,Friedrichshain-Kreuzberg,True,2024,2024-02-08,Apartment,True,78.9,1710.84,1964.24,21.68
1893,9,Prenzlauer Berg,Pankow,True,2024,2024-11-03,Room,True,27.9,649.06,799.71,23.26
1894,10,Schöneberg,Tempelhof-Schöneberg,True,2024,2024-12-01,Apartment,True,56.3,1200.02,1401.43,21.31
1895,4,Lichtenberg,Lichtenberg,False,2024,2024-01-31,Room,False,14.9,201.29,340.78,13.51
1896,8,Pankow,Pankow,False,2024,2024-12-11,Apartment,False,68.7,956.65,1197.19,13.93
1897,2,Friedrichshain,Friedrichshain-Kreuzberg,True,2024,2024-02-03,Room,False,26.8,541.78,693.03,20.22
1898,8,Pankow,Pankow,False,2024,2024-09-12,Room,False,20.3,318.62,464.24,15.7
1899,7,Neukölln,Neukölln,True,2024,2024-06-29,Apartment,True,85.0,1532.27,1799.04,18.03
1900,10,Schöneberg,Tempelhof-Schöneberg,True,2024,2024-08-25,Apartment,False,81.2,1369.74,1692.51,16.87
1901,6,Moabit,Mitte,True,2024,2024-06-11,Apartment,True,72.5,1261.53,1495.38,17.4
1902,10,Schöneberg,Tempelhof-Schöneberg,True,2024,2024-12-04,Apartment,False,55.0,798.13,1007.8,14.51
1903,3,Kreuzberg,Friedrichshain-Kreuzberg,True,2024,2024-05-18,Room,False,17.0,314.08,459.33,18.48
1904,1,Charlottenburg,Charlottenburg-Wilmersdorf,True,2024,2024-05-22,Room,False,16.2,313.27,475.69,19.34
1905,9,Prenzlauer Berg,Pankow,True,2024,2024-09-06,Room,False,21.0,419.83,582.15,19.99
1906,4,Lichtenberg,Lichtenberg,False,2024,2024-05-28,Room,False,14.9,209.66,355.11,14.07
1907,3,Kreuzberg,Friedrichshain-Kreuzberg,True,2024,2024-06-06,Room,False,25.3,497.5,622.08,19.66
1908,4,Lichtenberg,Lichtenberg,False,2024,2024-03-07,Room,False,23.6,337.47,466.95,14.3
1909,12,Wedding,Mitte,True,2024,2024-08-30,Room,False,25.3,421.8,562.43,16.67
1910,2,Friedrichshain,Friedrichshain-Kreuzberg,True,2024,2024-06-09,Room,True,17.4,444.05,609.01,25.52
1911,4,Lichtenberg,Lichtenberg,False,2024,2024-06-18,Apartment,False,74.3,923.04,1191.97,12.42
1912,11,Steglitz,Steglitz-Zehlendorf,False,2024,2024-10-30,Room,True,18.5,346.23,480.53,18.72
1913,8,Pankow,Pankow,False,2024,2024-09-18,Room,False,20.8,313.66,438.53,15.08
1914,2,Friedrichshain,Friedrichshain-Kreuzberg,True,2024,2024-05-16,Room,True,18.5,436.44,600.96,23.59
1915,2,Friedrichshain,Friedrichshain-Kreuzberg,True,2024,2024-01-31,Room,False,25.1,476.38,606.82,18.98
1916,6,Moabit,Mitte,True,2024,2024-03-15,Room,False,18.6,332.71,478.42,17.89
1917,7,Neukölln,Neukölln,True,2024,2024-11-26,Apartment,False,50.7,826.42,992.72,16.3
1918,9,Prenzlauer Berg,Pankow,True,2024,2024-04-09,Apartment,False,41.0,771.52,925.76,18.82
1919,12,Wedding,Mitte,True,2024,2024-05-13,Apartment,True,74.5,1283.85,1515.53,17.23
1920,9,Prenzlauer Berg,Pankow,True,2024,2024-03-16,Room,True,23.1,561.1,706.02,24.29
1921,6,Moabit,Mitte,True,2024,2024-05-20,Apartment,False,64.7,1010.02,1216.86,15.61
1922,6,Moabit,Mitte,True,2024,2024-01-09,Room,False,20.3,328.9,458.68,16.2
1923,2,Friedrichshain,Friedrichshain-Kreuzberg,True,2024,2024-01-14,Room,True,20.7,474.42,615.3,22.92
1924,4,Lichtenberg,Lichtenberg,False,2024,2024-06-14,Room,True,16.5,297.31,450.27,18.02
1925,8,Pankow,Pankow,False,2024,2024-02-04,Apartment,True,60.6,1036.77,1251.72,17.11
1926,3,Kreuzberg,Friedrichshain-Kreuzberg,True,2024,2024-07-01,Room,False,27.2,520.2,678.16,19.13
1927,1,Charlottenburg,Charlottenburg-Wilmersdorf,True,2024,2024-07-21,Room,True,15.0,314.9,457.64,20.99
1928,11,Steglitz,Steglitz-Zehlendorf,False,2024,2024-05-13,Room,False,25.4,370.9,500.09,14.6
1929,9,Prenzlauer Berg,Pankow,True,2024,2024-04-25,Room,False,21.8,410.69,572.62,18.84
1930,6,Moabit,Mitte,True,2024,2024-06-14,Room,True,17.3,346.18,492.71,20.01
1931,10,Schöneberg,Tempelhof-Schöneberg,True,2024,2024-12-08,Apartment,False,36.0,599.02,726.57,16.64
1932,11,Steglitz,Steglitz-Zehlendorf,False,2024,2024-10-25,Apartment,False,37.0,472.4,594.05,12.77
1933,6,Moabit,Mitte,True,2024,2024-03-25,Room,False,22.1,369.62,534.06,16.72
1934,10,Schöneberg,Tempelhof-Schöneberg,True,2024,2024-10-11,Room,False,26.8,500.54,637.2,18.68
1935,1,Charlottenburg,Charlottenburg-Wilmersdorf,True,2024,2024-05-13,Apartment,True,45.1,914.18,1067.27,20.27
1936,10,Schöneberg,Tempelhof-Schöneberg,True,2024,2024-07-26,Room,True,14.4,320.18,467.21,22.23
1937,9,Prenzlauer Berg,Pankow,True,2024,2024-10-18,Room,True,25.3,654.91,787.92,25.89
1938,11,Steglitz,Steglitz-Zehlendorf,False,2024,2024-07-03,Apartment,False,68.7,922.82,1186.36,13.43
1939,6,Moabit,Mitte,True,2024,2024-09-18,Room,False,21.9,395.06,530.41,18.04
1940,5,Mitte,Mitte,True,2024,2024-06-16,Room,True,16.5,412.46,568.86,25.0
1941,6,Moabit,Mitte,True,2024,2024-05-26,Apartment,False,43.3,645.22,801.31,14.9
1942,4,Lichtenberg,Lichtenberg,False,2024,2024-01-06,Apartment,True,65.8,1109.16,1349.81,16.86
1943,7,Neukölln,Neukölln,True,2024,2024-04-20,Apartment,True,54.1,1001.86,1172.18,18.52
1944,4,Lichtenberg,Lichtenberg,False,2024,2024-01-12,Room,False,26.3,356.06,498.85,13.54
1945,7,Neukölln,Neukölln,True,2024,2024-04-14,Apartment,False,50.1,732.11,929.36,14.61
1946,2,Friedrichshain,Friedrichshain-Kreuzberg,True,2024,2024-08-31,Apartment,False,69.1,1108.73,1380.84,16.05
1947,3,Kreuzberg,Friedrichshain-Kreuzberg,True,2024,2024-05-18,Room,True,17.3,439.1,588.19,25.38
1948,5,Mitte,Mitte,True,2024,2024-12-13,Apartment,False,71.6,1292.84,1519.0,18.06
1949,10,Schöneberg,Tempelhof-Schöneberg,True,2024,2024-10-22,Room,False,25.6,455.28,623.06,17.78
1950,5,Mitte,Mitte,True,2024,2024-04-13,Apartment,False,78.8,1573.28,1868.54,19.97
1951,7,Neukölln,Neukölln,True,2025,2025-11-29,Room,True,26.2,558.54,694.63,21.32
1952,5,Mitte,Mitte,True,2025,2025-04-29,Apartment,False,56.8,1258.01,1478.94,22.15
1953,11,Steglitz,Steglitz-Zehlendorf,False,2025,2025-03-25,Apartment,True,53.2,885.27,1091.43,16.64
1954,1,Charlottenburg,Charlottenburg-Wilmersdorf,True,2025,2025-03-31,Apartment,True,62.6,1279.06,1514.57,20.43
1955,8,Pankow,Pankow,False,2025,2025-09-11,Room,False,18.9,291.17,463.81,15.41
1956,4,Lichtenberg,Lichtenberg,False,2025,2025-07-03,Apartment,True,56.6,968.43,1180.65,17.11
1957,4,Lichtenberg,Lichtenberg,False,2025,2025-09-17,Apartment,False,78.1,959.35,1231.8,12.28
1958,4,Lichtenberg,Lichtenberg,False,2025,2025-04-16,Room,True,22.9,445.96,607.78,19.47
1959,11,Steglitz,Steglitz-Zehlendorf,False,2025,2025-09-24,Room,False,26.3,434.41,594.89,16.52
1960,2,Friedrichshain,Friedrichshain-Kreuzberg,True,2025,2025-06-21,Apartment,True,62.5,1599.89,1853.99,25.6
1961,6,Moabit,Mitte,True,2025,2025-12-03,Room,False,25.2,454.89,608.66,18.05
1962,10,Schöneberg,Tempelhof-Schöneberg,True,2025,2025-08-21,Room,True,19.7,450.0,614.82,22.84
1963,3,Kreuzberg,Friedrichshain-Kreuzberg,True,2025,2025-09-16,Apartment,False,44.4,767.05,951.94,17.28
1964,2,Friedrichshain,Friedrichshain-Kreuzberg,True,2025,2025-06-05,Apartment,False,69.7,1258.56,1546.44,18.06
1965,9,Prenzlauer Berg,Pankow,True,2025,2025-04-06,Apartment,True,75.7,1576.2,1845.61,20.82
1966,4,Lichtenberg,Lichtenberg,False,2025,2025-12-24,Room,True,27.3,486.68,640.82,17.83
1967,8,Pankow,Pankow,False,2025,2025-09-02,Room,False,16.9,265.82,428.36,15.73
1968,4,Lichtenberg,Lichtenberg,False,2025,2025-12-25,Apartment,True,59.6,869.51,1076.8,14.59
1969,6,Moabit,Mitte,True,2025,2025-11-14,Apartment,False,62.0,908.78,1161.1,14.66
1970,1,Charlottenburg,Charlottenburg-Wilmersdorf,True,2025,2025-02-14,Apartment,False,84.7,1425.41,1791.02,16.83
1971,6,Moabit,Mitte,True,2025,2025-07-14,Room,True,17.4,396.97,537.2,22.81
1972,11,Steglitz,Steglitz-Zehlendorf,False,2025,2025-12-27,Room,False,20.6,308.67,469.54,14.98
1973,6,Moabit,Mitte,True,2025,2025-01-15,Room,False,14.1,238.68,413.5,16.93
1974,12,Wedding,Mitte,True,2025,2025-10-02,Room,False,20.5,351.5,504.97,17.15
1975,4,Lichtenberg,Lichtenberg,False,2025,2025-03-25,Apartment,True,40.9,643.62,801.35,15.74
1976,5,Mitte,Mitte,True,2025,2025-09-06,Room,True,15.5,410.02,554.98,26.45
1977,9,Prenzlauer Berg,Pankow,True,2025,2025-01-23,Room,False,25.3,572.52,743.28,22.63
1978,7,Neukölln,Neukölln,True,2025,2025-12-25,Room,True,23.6,540.75,696.76,22.91
1979,2,Friedrichshain,Friedrichshain-Kreuzberg,True,2025,2025-07-07,Room,True,24.4,653.65,809.36,26.79
1980,11,Steglitz,Steglitz-Zehlendorf,False,2025,2025-08-03,Room,False,26.6,401.34,561.8,15.09
1981,6,Moabit,Mitte,True,2025,2025-12-07,Room,False,23.8,398.97,538.9,16.76
1982,1,Charlottenburg,Charlottenburg-Wilmersdorf,True,2025,2025-01-13,Apartment,False,47.2,873.58,1042.26,18.51
1983,3,Kreuzberg,Friedrichshain-Kreuzberg,True,2025,2025-09-02,Room,True,16.8,436.8,597.88,26.0
1984,2,Friedrichshain,Friedrichshain-Kreuzberg,True,2025,2025-04-14,Apartment,False,64.1,1116.7,1340.14,17.42
1985,3,Kreuzberg,Friedrichshain-Kreuzberg,True,2025,2025-01-07,Room,False,19.5,403.22,562.18,20.68
1986,2,Friedrichshain,Friedrichshain-Kreuzberg,True,2025,2025-05-05,Apartment,True,61.5,1417.68,1647.54,23.05
1987,6,Moabit,Mitte,True,2025,2025-11-21,Apartment,True,58.7,1100.46,1323.47,18.75
1988,4,Lichtenberg,Lichtenberg,False,2025,2025-02-04,Apartment,False,42.3,515.92,681.27,12.2
1989,6,Moabit,Mitte,True,2025,2025-11-17,Apartment,False,63.3,954.39,1215.7,15.08
1990,1,Charlottenburg,Charlottenburg-Wilmersdorf,True,2025,2025-06-14,Apartment,False,55.3,993.75,1186.67,17.97
1991,10,Schöneberg,Tempelhof-Schöneberg,True,2025,2025-04-26,Room,False,27.0,503.8,667.09,18.66
1992,11,Steglitz,Steglitz-Zehlendorf,False,2025,2025-11-22,Apartment,False,82.5,1094.6,1409.41,13.27
1993,3,Kreuzberg,Friedrichshain-Kreuzberg,True,2025,2025-08-02,Room,False,21.0,414.62,577.61,19.74
1994,2,Friedrichshain,Friedrichshain-Kreuzberg,True,2025,2025-05-23,Apartment,False,73.9,1449.27,1706.88,19.61
1995,10,Schöneberg,Tempelhof-Schöneberg,True,2025,2025-11-06,Room,False,27.8,514.85,688.48,18.52
1996,1,Charlottenburg,Charlottenburg-Wilmersdorf,True,2025,2025-12-19,Apartment,False,58.5,1003.82,1245.52,17.16
1997,8,Pankow,Pankow,False,2025,2025-08-29,Apartment,False,65.3,924.01,1183.03,14.15
1998,1,Charlottenburg,Charlottenburg-Wilmersdorf,True,2025,2025-05-09,Room,False,18.8,364.19,528.6,19.37
1999,4,Lichtenberg,Lichtenberg,False,2025,2025-05-03,Room,True,18.0,324.1,500.86,18.01
2000,8,Pankow,Pankow,False,2025,2025-05-23,Room,False,16.7,258.96,425.38,15.51
2001,7,Neukölln,Neukölln,True,2025,2025-12-19,Apartment,False,44.4,745.02,929.64,16.78
2002,7,Neukölln,Neukölln,True,2025,2025-08-25,Room,False,24.0,449.39,594.59,18.72
2003,8,Pankow,Pankow,False,2025,2025-11-21,Apartment,True,71.1,1139.08,1422.65,16.02
2004,1,Charlottenburg,Charlottenburg-Wilmersdorf,True,2025,2025-05-19,Room,False,21.0,390.37,548.17,18.59
2005,8,Pankow,Pankow,False,2025,2025-10-09,Apartment,True,47.7,724.24,904.97,15.18
2006,10,Schöneberg,Tempelhof-Schöneberg,True,2025,2025-10-26,Room,True,27.1,653.77,834.36,24.12
2007,7,Neukölln,Neukölln,True,2025,2025-09-08,Apartment,False,48.3,862.64,1056.58,17.86
2008,8,Pankow,Pankow,False,2025,2025-01-28,Room,False,18.4,276.8,418.33,15.04
2009,5,Mitte,Mitte,True,2025,2025-12-18,Apartment,True,62.4,1562.25,1829.52,25.04
2010,10,Schöneberg,Tempelhof-Schöneberg,True,2025,2025-11-16,Room,False,21.9,385.02,536.21,17.58
2011,11,Steglitz,Steglitz-Zehlendorf,False,2025,2025-05-17,Room,False,17.2,269.39,431.07,15.66
2012,12,Wedding,Mitte,True,2025,2025-07-16,Room,True,14.3,295.73,439.46,20.68
2013,9,Prenzlauer Berg,Pankow,True,2025,2025-09-06,Apartment,True,43.0,1049.41,1235.46,24.4
2014,2,Friedrichshain,Friedrichshain-Kreuzberg,True,2025,2025-03-30,Room,False,17.1,353.87,497.32,20.69
2015,9,Prenzlauer Berg,Pankow,True,2025,2025-08-17,Room,True,23.4,611.22,785.45,26.12
2016,9,Prenzlauer Berg,Pankow,True,2025,2025-07-16,Room,False,19.7,416.85,559.62,21.16
2017,8,Pankow,Pankow,False,2025,2025-09-26,Apartment,True,73.3,1204.43,1486.12,16.43
2018,1,Charlottenburg,Charlottenburg-Wilmersdorf,True,2025,2025-07-10,Room,False,22.6,458.74,622.03,20.3
2019,3,Kreuzberg,Friedrichshain-Kreuzberg,True,2025,2025-04-17,Apartment,False,69.9,1296.67,1587.4,18.55
2020,9,Prenzlauer Berg,Pankow,True,2025,2025-11-04,Room,False,17.5,361.75,508.14,20.67
2021,6,Moabit,Mitte,True,2025,2025-01-12,Apartment,False,63.2,1023.73,1245.45,16.2
2022,10,Schöneberg,Tempelhof-Schöneberg,True,2025,2025-08-12,Apartment,True,36.0,739.31,877.25,20.54
2023,7,Neukölln,Neukölln,True,2025,2025-10-27,Room,True,26.8,559.64,705.5,20.88
2024,4,Lichtenberg,Lichtenberg,False,2025,2025-01-25,Apartment,False,44.8,536.95,706.89,11.99
2025,9,Prenzlauer Berg,Pankow,True,2025,2025-02-10,Room,False,15.3,335.99,474.24,21.96
2026,12,Wedding,Mitte,True,2025,2025-04-06,Apartment,False,49.7,767.59,951.51,15.44
2027,9,Prenzlauer Berg,Pankow,True,2025,2025-04-01,Room,True,14.9,406.76,568.53,27.3
2028,7,Neukölln,Neukölln,True,2025,2025-04-11,Apartment,False,79.7,1249.31,1582.21,15.68
2029,8,Pankow,Pankow,False,2025,2025-08-25,Apartment,True,40.1,700.19,843.02,17.46
2030,12,Wedding,Mitte,True,2025,2025-01-05,Apartment,False,42.6,666.05,822.44,15.63
2031,1,Charlottenburg,Charlottenburg-Wilmersdorf,True,2025,2025-01-30,Apartment,False,60.7,954.68,1191.66,15.73
2032,10,Schöneberg,Tempelhof-Schöneberg,True,2025,2025-10-21,Room,True,16.2,359.02,532.56,22.16
2033,7,Neukölln,Neukölln,True,2025,2025-11-07,Apartment,False,70.5,1203.71,1457.22,17.07
2034,5,Mitte,Mitte,True,2025,2025-07-22,Room,True,14.0,386.96,553.45,27.64
2035,12,Wedding,Mitte,True,2025,2025-07-01,Apartment,False,61.3,963.18,1226.71,15.71
2036,8,Pankow,Pankow,False,2025,2025-03-27,Apartment,False,55.3,726.98,964.39,13.15
2037,12,Wedding,Mitte,True,2025,2025-03-01,Apartment,True,36.8,641.38,796.23,17.43
2038,8,Pankow,Pankow,False,2025,2025-01-09,Apartment,False,50.0,629.41,823.83,12.59
2039,9,Prenzlauer Berg,Pankow,True,2025,2025-03-13,Room,False,16.1,362.27,533.84,22.5
2040,4,Lichtenberg,Lichtenberg,False,2025,2025-05-10,Apartment,False,42.1,589.31,768.79,14.0
2041,6,Moabit,Mitte,True,2025,2025-01-27,Room,False,19.2,328.93,470.8,17.13
2042,9,Prenzlauer Berg,Pankow,True,2025,2025-08-27,Apartment,False,81.1,1502.08,1785.75,18.52
2043,10,Schöneberg,Tempelhof-Schöneberg,True,2025,2025-10-10,Apartment,False,38.9,631.06,794.01,16.22
2044,6,Moabit,Mitte,True,2025,2025-06-08,Room,False,25.9,434.23,585.15,16.77
2045,12,Wedding,Mitte,True,2025,2025-01-13,Room,False,16.0,274.89,423.02,17.18
2046,12,Wedding,Mitte,True,2025,2025-08-24,Room,False,14.3,234.75,406.68,16.42
2047,1,Charlottenburg,Charlottenburg-Wilmersdorf,True,2025,2025-09-07,Apartment,True,37.5,772.83,917.0,20.61
2048,10,Schöneberg,Tempelhof-Schöneberg,True,2025,2025-03-20,Apartment,True,74.0,1618.63,1878.41,21.87
2049,10,Schöneberg,Tempelhof-Schöneberg,True,2025,2025-04-11,Room,False,24.2,468.3,610.78,19.35
2050,2,Friedrichshain,Friedrichshain-Kreuzberg,True,2025,2025-08-03,Apartment,True,46.0,933.78,1097.98,20.3
2051,8,Pankow,Pankow,False,2025,2025-04-18,Room,False,26.4,415.14,576.71,15.72
2052,5,Mitte,Mitte,True,2025,2025-03-26,Apartment,True,36.9,1002.92,1137.5,27.18
2053,4,Lichtenberg,Lichtenberg,False,2025,2025-08-29,Apartment,True,58.0,1017.92,1269.15,17.55
2054,7,Neukölln,Neukölln,True,2025,2025-06-17,Apartment,False,80.1,1374.36,1696.23,17.16
2055,12,Wedding,Mitte,True,2025,2025-11-01,Room,False,24.0,400.94,549.49,16.71
2056,9,Prenzlauer Berg,Pankow,True,2025,2025-07-27,Room,True,20.8,519.32,677.77,24.97
2057,5,Mitte,Mitte,True,2025,2025-04-23,Apartment,True,78.2,1785.16,2070.69,22.83
2058,9,Prenzlauer Berg,Pankow,True,2025,2025-08-03,Apartment,True,39.9,945.49,1109.81,23.7
2059,8,Pankow,Pankow,False,2025,2025-06-10,Room,True,16.3,321.17,460.15,19.7
2060,5,Mitte,Mitte,True,2025,2025-07-09,Room,False,16.2,364.75,502.13,22.52
2061,2,Friedrichshain,Friedrichshain-Kreuzberg,True,2025,2025-04-20,Room,False,28.0,620.19,774.03,22.15
2062,10,Schöneberg,Tempelhof-Schöneberg,True,2025,2025-10-31,Room,True,17.4,408.41,571.32,23.47
2063,10,Schöneberg,Tempelhof-Schöneberg,True,2025,2025-02-17,Apartment,True,39.1,822.25,972.23,21.03
2064,11,Steglitz,Steglitz-Zehlendorf,False,2025,2025-07-07,Apartment,False,35.1,438.19,563.5,12.48
2065,4,Lichtenberg,Lichtenberg,False,2025,2025-06-08,Apartment,False,52.9,700.02,884.45,13.23
2066,1,Charlottenburg,Charlottenburg-Wilmersdorf,True,2025,2025-04-09,Room,False,15.2,273.52,409.53,17.99
2067,3,Kreuzberg,Friedrichshain-Kreuzberg,True,2025,2025-09-27,Apartment,False,59.5,1081.56,1302.44,18.18
2068,2,Friedrichshain,Friedrichshain-Kreuzberg,True,2025,2025-12-25,Apartment,True,38.2,881.65,1035.56,23.08
2069,12,Wedding,Mitte,True,2025,2025-12-07,Room,False,23.6,365.63,539.98,15.49
2070,3,Kreuzberg,Friedrichshain-Kreuzberg,True,2025,2025-12-28,Apartment,False,52.9,1004.77,1201.26,18.99
2071,10,Schöneberg,Tempelhof-Schöneberg,True,2025,2025-04-18,Room,False,25.1,500.78,666.76,19.95
2072,9,Prenzlauer Berg,Pankow,True,2025,2025-03-17,Apartment,False,36.8,651.75,807.69,17.71
2073,2,Friedrichshain,Friedrichshain-Kreuzberg,True,2025,2025-05-03,Apartment,True,71.1,1559.23,1825.0,21.93
2074,11,Steglitz,Steglitz-Zehlendorf,False,2025,2025-10-28,Apartment,False,81.5,1111.86,1442.3,13.64
2075,7,Neukölln,Neukölln,True,2025,2025-02-03,Apartment,True,58.7,1061.28,1273.91,18.08
2076,5,Mitte,Mitte,True,2025,2025-12-04,Room,False,17.5,377.1,535.49,21.55
2077,10,Schöneberg,Tempelhof-Schöneberg,True,2025,2025-12-29,Apartment,False,57.5,1022.85,1259.79,17.79
2078,10,Schöneberg,Tempelhof-Schöneberg,True,2025,2025-03-26,Apartment,False,72.6,1302.87,1565.36,17.95
2079,7,Neukölln,Neukölln,True,2025,2025-05-03,Room,False,27.8,489.34,665.13,17.6
2080,12,Wedding,Mitte,True,2025,2025-01-05,Apartment,False,80.4,1213.09,1520.71,15.09
2081,4,Lichtenberg,Lichtenberg,False,2025,2025-09-14,Room,True,22.6,389.25,559.97,17.22
2082,9,Prenzlauer Berg,Pankow,True,2025,2025-09-28,Room,True,23.2,615.28,775.17,26.52
2083,8,Pankow,Pankow,False,2025,2025-08-21,Apartment,False,56.7,842.46,1078.91,14.86
2084,11,Steglitz,Steglitz-Zehlendorf,False,2025,2025-10-29,Apartment,True,84.8,1353.13,1647.06,15.96
2085,4,Lichtenberg,Lichtenberg,False,2025,2025-10-20,Apartment,True,76.5,1216.79,1541.6,15.91
2086,9,Prenzlauer Berg,Pankow,True,2025,2025-01-20,Apartment,False,46.1,848.98,1045.01,18.42
2087,9,Prenzlauer Berg,Pankow,True,2025,2025-04-24,Apartment,False,54.7,958.56,1158.56,17.52
2088,6,Moabit,Mitte,True,2025,2025-10-07,Room,True,14.7,303.62,463.71,20.65
2089,10,Schöneberg,Tempelhof-Schöneberg,True,2025,2025-11-04,Room,False,24.3,479.29,650.75,19.72
2090,4,Lichtenberg,Lichtenberg,False,2025,2025-03-01,Room,False,17.0,264.82,413.76,15.58
2091,9,Prenzlauer Berg,Pankow,True,2025,2025-01-08,Apartment,False,71.3,1291.71,1579.8,18.12
2092,4,Lichtenberg,Lichtenberg,False,2025,2025-05-13,Room,True,17.4,306.09,483.99,17.59
2093,3,Kreuzberg,Friedrichshain-Kreuzberg,True,2025,2025-03-25,Apartment,False,55.8,1134.74,1337.5,20.34
2094,1,Charlottenburg,Charlottenburg-Wilmersdorf,True,2025,2025-02-05,Room,False,18.3,355.84,516.53,19.44
2095,2,Friedrichshain,Friedrichshain-Kreuzberg,True,2025,2025-05-19,Apartment,False,77.7,1324.49,1609.31,17.05
2096,3,Kreuzberg,Friedrichshain-Kreuzberg,True,2025,2025-08-27,Room,False,15.7,344.11,515.19,21.92
2097,12,Wedding,Mitte,True,2025,2025-06-30,Room,False,17.9,279.6,451.11,15.62
2098,3,Kreuzberg,Friedrichshain-Kreuzberg,True,2025,2025-02-14,Room,True,27.2,735.57,899.49,27.04
2099,2,Friedrichshain,Friedrichshain-Kreuzberg,True,2025,2025-11-20,Room,True,21.3,533.27,713.87,25.04
2100,1,Charlottenburg,Charlottenburg-Wilmersdorf,True,2025,2025-07-26,Room,False,25.1,480.1,652.43,19.13
2101,9,Prenzlauer Berg,Pankow,True,2025,2025-04-27,Room,False,20.8,449.55,616.93,21.61
2102,4,Lichtenberg,Lichtenberg,False,2025,2025-07-08,Apartment,False,62.9,815.63,1050.88,12.97
2103,9,Prenzlauer Berg,Pankow,True,2025,2025-07-10,Apartment,True,44.4,1021.6,1201.34,23.01
2104,4,Lichtenberg,Lichtenberg,False,2025,2025-03-10,Room,False,14.1,208.57,365.43,14.79
2105,2,Friedrichshain,Friedrichshain-Kreuzberg,True,2025,2025-10-10,Apartment,False,40.8,713.5,872.41,17.49
2106,11,Steglitz,Steglitz-Zehlendorf,False,2025,2025-10-02,Apartment,True,75.5,1320.67,1597.86,17.49
2107,10,Schöneberg,Tempelhof-Schöneberg,True,2025,2025-03-12,Room,False,14.8,272.36,451.74,18.4
2108,11,Steglitz,Steglitz-Zehlendorf,False,2025,2025-09-29,Room,True,16.1,288.12,427.47,17.9
2109,1,Charlottenburg,Charlottenburg-Wilmersdorf,True,2025,2025-12-31,Room,True,18.2,407.66,558.41,22.4
2110,2,Friedrichshain,Friedrichshain-Kreuzberg,True,2025,2025-02-18,Apartment,False,65.1,1293.76,1539.6,19.87
2111,7,Neukölln,Neukölln,True,2025,2025-01-26,Apartment,True,41.2,858.53,1003.59,20.84
2112,7,Neukölln,Neukölln,True,2025,2025-12-31,Room,False,24.6,485.19,624.77,19.72
2113,12,Wedding,Mitte,True,2025,2025-02-21,Apartment,False,62.3,969.9,1221.72,15.57
2114,10,Schöneberg,Tempelhof-Schöneberg,True,2025,2025-01-27,Apartment,True,80.9,1690.83,1989.52,20.9
2115,3,Kreuzberg,Friedrichshain-Kreuzberg,True,2025,2025-08-29,Room,False,22.2,440.53,597.99,19.84
2116,1,Charlottenburg,Charlottenburg-Wilmersdorf,True,2025,2025-06-21,Room,True,16.2,413.46,560.6,25.52
2117,3,Kreuzberg,Friedrichshain-Kreuzberg,True,2025,2025-08-29,Room,False,23.8,472.06,644.61,19.83
2118,9,Prenzlauer Berg,Pankow,True,2025,2025-07-28,Apartment,True,71.9,1844.17,2107.66,25.65
2119,5,Mitte,Mitte,True,2025,2025-09-10,Apartment,False,63.8,1361.24,1629.69,21.34
2120,12,Wedding,Mitte,True,2025,2025-05-30,Room,False,22.6,370.16,543.29,16.38
2121,1,Charlottenburg,Charlottenburg-Wilmersdorf,True,2025,2025-11-12,Room,False,19.8,387.06,535.18,19.55
2122,2,Friedrichshain,Friedrichshain-Kreuzberg,True,2025,2025-05-10,Apartment,True,65.3,1328.3,1588.3,20.34
2123,11,Steglitz,Steglitz-Zehlendorf,False,2025,2025-01-21,Room,True,23.0,406.4,548.36,17.67
2124,9,Prenzlauer Berg,Pankow,True,2025,2025-04-22,Apartment,False,71.6,1421.46,1677.05,19.85
2125,7,Neukölln,Neukölln,True,2025,2025-01-08,Apartment,False,67.6,1154.95,1438.67,17.09
2126,10,Schöneberg,Tempelhof-Schöneberg,True,2025,2025-06-16,Room,True,16.0,385.35,560.45,24.08
2127,10,Schöneberg,Tempelhof-Schöneberg,True,2025,2025-03-16,Room,False,17.9,347.8,522.4,19.43
2128,9,Prenzlauer Berg,Pankow,True,2025,2025-05-21,Room,True,23.3,622.75,780.75,26.73
2129,10,Schöneberg,Tempelhof-Schöneberg,True,2025,2025-08-23,Room,True,20.5,450.22,588.9,21.96
2130,12,Wedding,Mitte,True,2025,2025-08-07,Room,False,26.3,414.56,563.13,15.76
2131,5,Mitte,Mitte,True,2025,2025-04-25,Apartment,False,38.3,778.64,921.23,20.33
2132,6,Moabit,Mitte,True,2025,2025-09-03,Room,False,25.8,494.37,642.5,19.16
2133,9,Prenzlauer Berg,Pankow,True,2025,2025-10-10,Room,True,24.9,645.14,825.53,25.91
2134,12,Wedding,Mitte,True,2025,2025-12-04,Apartment,True,48.4,831.0,1002.29,17.17
2135,12,Wedding,Mitte,True,2025,2025-05-04,Apartment,False,36.0,528.87,681.74,14.69
2136,7,Neukölln,Neukölln,True,2025,2025-09-29,Room,True,27.4,669.45,831.3,24.43
2137,3,Kreuzberg,Friedrichshain-Kreuzberg,True,2025,2025-12-20,Apartment,False,35.2,722.08,853.89,20.51
2138,12,Wedding,Mitte,True,2025,2025-08-06,Room,True,20.7,402.08,570.52,19.42
2139,7,Neukölln,Neukölln,True,2025,2025-10-16,Apartment,True,45.0,931.62,1111.23,20.7
2140,1,Charlottenburg,Charlottenburg-Wilmersdorf,True,2025,2025-06-22,Room,False,16.7,310.4,448.46,18.59
2141,1,Charlottenburg,Charlottenburg-Wilmersdorf,True,2025,2025-02-09,Apartment,True,51.7,1095.37,1274.5,21.19
2142,2,Friedrichshain,Friedrichshain-Kreuzberg,True,2025,2025-02-07,Apartment,True,55.5,1178.65,1396.85,21.24
2143,2,Friedrichshain,Friedrichshain-Kreuzberg,True,2025,2025-04-22,Apartment,False,57.1,998.53,1233.45,17.49
2144,1,Charlottenburg,Charlottenburg-Wilmersdorf,True,2025,2025-08-19,Room,True,26.9,640.47,805.41,23.81
2145,9,Prenzlauer Berg,Pankow,True,2025,2025-11-03,Room,False,22.6,452.98,600.24,20.04
2146,12,Wedding,Mitte,True,2025,2025-03-27,Apartment,False,47.1,680.83,855.07,14.45
2147,4,Lichtenberg,Lichtenberg,False,2025,2025-07-30,Apartment,False,81.3,1060.23,1413.32,13.04
2148,1,Charlottenburg,Charlottenburg-Wilmersdorf,True,2025,2025-12-23,Room,False,17.2,336.1,472.1,19.54
2149,1,Charlottenburg,Charlottenburg-Wilmersdorf,True,2025,2025-11-18,Apartment,False,62.8,1015.34,1273.76,16.17
2150,8,Pankow,Pankow,False,2025,2025-04-11,Room,True,16.4,302.74,471.7,18.46
2151,9,Prenzlauer Berg,Pankow,True,2025,2025-04-15,Room,True,14.9,382.39,519.81,25.66
2152,1,Charlottenburg,Charlottenburg-Wilmersdorf,True,2025,2025-02-02,Apartment,False,50.0,888.46,1067.89,17.77
2153,3,Kreuzberg,Friedrichshain-Kreuzberg,True,2025,2025-02-25,Apartment,True,53.7,1292.86,1521.28,24.08
2154,2,Friedrichshain,Friedrichshain-Kreuzberg,True,2025,2025-05-17,Apartment,True,42.7,896.98,1075.52,21.01
2155,11,Steglitz,Steglitz-Zehlendorf,False,2025,2025-10-27,Apartment,False,68.9,985.78,1281.28,14.31
2156,1,Charlottenburg,Charlottenburg-Wilmersdorf,True,2025,2025-08-06,Apartment,True,84.9,1832.86,2198.63,21.59
2157,3,Kreuzberg,Friedrichshain-Kreuzberg,True,2025,2025-01-11,Apartment,False,49.0,889.52,1068.01,18.15
2158,9,Prenzlauer Berg,Pankow,True,2025,2025-12-22,Room,True,21.5,603.91,745.1,28.09
2159,3,Kreuzberg,Friedrichshain-Kreuzberg,True,2025,2025-11-29,Apartment,True,70.0,1711.38,1983.08,24.45
2160,8,Pankow,Pankow,False,2025,2025-03-06,Apartment,False,37.6,487.69,647.05,12.97
2161,9,Prenzlauer Berg,Pankow,True,2025,2025-10-10,Apartment,False,65.3,1341.21,1580.69,20.54
2162,2,Friedrichshain,Friedrichshain-Kreuzberg,True,2025,2025-04-02,Room,False,17.6,357.25,499.38,20.3
2163,5,Mitte,Mitte,True,2025,2025-11-22,Room,False,16.9,399.31,545.23,23.63
2164,2,Friedrichshain,Friedrichshain-Kreuzberg,True,2025,2025-06-14,Apartment,False,38.6,750.3,902.46,19.44
2165,6,Moabit,Mitte,True,2025,2025-12-07,Room,True,25.9,529.39,700.49,20.44
2166,11,Steglitz,Steglitz-Zehlendorf,False,2025,2025-11-23,Room,False,14.4,215.75,385.84,14.98
2167,8,Pankow,Pankow,False,2025,2025-10-03,Room,False,20.7,344.1,499.85,16.62
2168,4,Lichtenberg,Lichtenberg,False,2025,2025-06-30,Room,False,24.5,378.52,546.89,15.45
2169,1,Charlottenburg,Charlottenburg-Wilmersdorf,True,2025,2025-02-13,Room,True,26.8,648.28,796.02,24.19
2170,12,Wedding,Mitte,True,2025,2025-02-09,Apartment,False,63.8,922.35,1170.66,14.46
2171,3,Kreuzberg,Friedrichshain-Kreuzberg,True,2025,2025-08-29,Room,False,21.0,461.75,611.89,21.99
2172,5,Mitte,Mitte,True,2025,2025-05-06,Apartment,False,37.2,701.17,851.68,18.85
2173,10,Schöneberg,Tempelhof-Schöneberg,True,2025,2025-10-16,Room,True,19.1,436.88,591.11,22.87
2174,2,Friedrichshain,Friedrichshain-Kreuzberg,True,2025,2025-07-07,Room,True,17.8,420.31,586.07,23.61
2175,7,Neukölln,Neukölln,True,2025,2025-11-17,Apartment,False,53.8,812.67,1032.87,15.11
2176,6,Moabit,Mitte,True,2025,2025-01-09,Room,True,19.7,448.35,612.16,22.76
2177,8,Pankow,Pankow,False,2025,2025-02-01,Apartment,False,77.8,1075.1,1352.32,13.82
2178,7,Neukölln,Neukölln,True,2025,2025-10-12,Apartment,False,78.3,1231.17,1538.55,15.72
2179,12,Wedding,Mitte,True,2025,2025-08-31,Apartment,True,71.7,1416.42,1699.11,19.75
2180,6,Moabit,Mitte,True,2025,2025-07-24,Apartment,True,44.7,881.7,1061.97,19.72
2181,7,Neukölln,Neukölln,True,2025,2025-03-29,Room,False,16.0,292.81,459.32,18.3
2182,12,Wedding,Mitte,True,2025,2025-05-05,Apartment,False,71.5,1020.88,1277.76,14.28
2183,10,Schöneberg,Tempelhof-Schöneberg,True,2025,2025-05-09,Apartment,True,71.1,1565.53,1817.49,22.02
2184,2,Friedrichshain,Friedrichshain-Kreuzberg,True,2025,2025-07-11,Apartment,True,54.5,1381.57,1577.28,25.35
2185,7,Neukölln,Neukölln,True,2025,2025-12-16,Apartment,True,55.2,1089.72,1297.05,19.74
2186,3,Kreuzberg,Friedrichshain-Kreuzberg,True,2025,2025-07-13,Room,False,26.8,524.77,664.58,19.58
2187,7,Neukölln,Neukölln,True,2025,2025-01-12,Room,True,18.1,418.77,577.5,23.14
2188,9,Prenzlauer Berg,Pankow,True,2025,2025-06-19,Apartment,True,62.8,1450.54,1722.72,23.1
2189,11,Steglitz,Steglitz-Zehlendorf,False,2025,2025-01-20,Apartment,False,76.6,935.31,1247.03,12.21
2190,7,Neukölln,Neukölln,True,2025,2025-07-01,Apartment,True,77.6,1569.87,1852.18,20.23
2191,9,Prenzlauer Berg,Pankow,True,2025,2025-03-14,Apartment,True,50.8,1243.12,1428.52,24.47
2192,2,Friedrichshain,Friedrichshain-Kreuzberg,True,2025,2025-03-05,Room,False,20.4,422.6,598.14,20.72
2193,12,Wedding,Mitte,True,2025,2025-09-10,Room,False,17.4,272.14,438.69,15.64
2194,9,Prenzlauer Berg,Pankow,True,2025,2025-01-18,Room,False,28.0,556.38,710.68,19.87
2195,11,Steglitz,Steglitz-Zehlendorf,False,2025,2025-07-19,Room,True,24.5,470.01,649.29,19.18
2196,2,Friedrichshain,Friedrichshain-Kreuzberg,True,2025,2025-01-05,Apartment,False,55.4,1045.77,1279.98,18.88
2197,5,Mitte,Mitte,True,2025,2025-08-01,Apartment,True,36.3,981.78,1117.95,27.05
2198,2,Friedrichshain,Friedrichshain-Kreuzberg,True,2025,2025-06-20,Apartment,False,61.2,1045.23,1294.29,17.08
2199,6,Moabit,Mitte,True,2025,2025-08-01,Apartment,False,71.5,1193.9,1478.93,16.7
2200,5,Mitte,Mitte,True,2025,2025-01-30,Apartment,False,54.6,1141.0,1346.36,20.9
2201,2,Friedrichshain,Friedrichshain-Kreuzberg,True,2025,2025-10-04,Room,True,15.7,402.69,551.6,25.65
2202,7,Neukölln,Neukölln,True,2025,2025-07-28,Room,False,20.7,403.97,566.37,19.52
2203,9,Prenzlauer Berg,Pankow,True,2025,2025-02-07,Room,False,27.2,589.63,748.39,21.68
2204,9,Prenzlauer Berg,Pankow,True,2025,2025-05-31,Apartment,True,55.9,1287.44,1515.28,23.03
2205,3,Kreuzberg,Friedrichshain-Kreuzberg,True,2025,2025-06-22,Apartment,False,72.4,1453.62,1744.48,20.08
2206,9,Prenzlauer Berg,Pankow,True,2025,2025-12-22,Apartment,False,56.8,1148.39,1346.72,20.22
2207,2,Friedrichshain,Friedrichshain-Kreuzberg,True,2025,2025-01-29,Room,True,24.9,555.32,700.0,22.3
2208,12,Wedding,Mitte,True,2025,2025-07-17,Apartment,True,54.9,1038.19,1265.28,18.91
2209,3,Kreuzberg,Friedrichshain-Kreuzberg,True,2025,2025-05-11,Apartment,True,82.0,1909.73,2249.28,23.29
2210,1,Charlottenburg,Charlottenburg-Wilmersdorf,True,2025,2025-09-06,Room,False,21.1,388.44,550.18,18.41
2211,4,Lichtenberg,Lichtenberg,False,2025,2025-09-26,Apartment,False,63.1,883.54,1136.51,14.0
2212,7,Neukölln,Neukölln,True,2025,2025-09-28,Room,False,15.6,281.34,442.29,18.03
2213,6,Moabit,Mitte,True,2025,2025-09-28,Apartment,True,46.9,1016.64,1209.54,21.68
2214,3,Kreuzberg,Friedrichshain-Kreuzberg,True,2025,2025-07-09,Room,True,23.0,573.24,713.85,24.92
2215,6,Moabit,Mitte,True,2025,2025-02-03,Apartment,True,76.1,1563.07,1865.4,20.54
2216,7,Neukölln,Neukölln,True,2025,2025-03-26,Room,True,14.2,353.91,516.14,24.92
2217,10,Schöneberg,Tempelhof-Schöneberg,True,2025,2025-10-21,Apartment,False,66.2,1139.9,1413.97,17.22
2218,10,Schöneberg,Tempelhof-Schöneberg,True,2025,2025-12-13,Apartment,False,76.5,1320.88,1637.1,17.27
2219,4,Lichtenberg,Lichtenberg,False,2025,2025-07-07,Apartment,False,39.5,518.12,659.56,13.12
2220,8,Pankow,Pankow,False,2025,2025-01-11,Room,False,17.5,271.18,411.81,15.5
2221,12,Wedding,Mitte,True,2025,2025-04-08,Apartment,False,74.6,1151.84,1473.21,15.44
2222,2,Friedrichshain,Friedrichshain-Kreuzberg,True,2025,2025-08-09,Room,False,25.5,514.62,656.98,20.18
2223,10,Schöneberg,Tempelhof-Schöneberg,True,2025,2025-10-13,Apartment,False,37.7,648.73,779.57,17.21
2224,6,Moabit,Mitte,True,2025,2025-11-25,Room,False,20.4,361.11,537.23,17.7
2225,6,Moabit,Mitte,True,2025,2025-06-16,Room,True,21.9,494.3,657.6,22.57
2226,4,Lichtenberg,Lichtenberg,False,2025,2025-12-03,Apartment,False,67.5,944.54,1209.02,13.99
2227,12,Wedding,Mitte,True,2025,2025-07-28,Apartment,False,84.0,1290.71,1648.34,15.37
2228,4,Lichtenberg,Lichtenberg,False,2025,2025-03-17,Room,True,23.7,433.91,594.63,18.31
2229,10,Schöneberg,Tempelhof-Schöneberg,True,2025,2025-07-15,Apartment,True,68.8,1387.73,1673.61,20.17
2230,8,Pankow,Pankow,False,2025,2025-09-04,Room,False,15.0,250.19,386.86,16.68
2231,10,Schöneberg,Tempelhof-Schöneberg,True,2025,2025-06-10,Room,False,26.4,520.69,693.02,19.72
2232,8,Pankow,Pankow,False,2025,2025-07-24,Room,False,15.7,262.39,433.36,16.71
2233,12,Wedding,Mitte,True,2025,2025-01-21,Room,False,24.8,434.64,582.88,17.53
2234,5,Mitte,Mitte,True,2025,2025-11-04,Apartment,True,72.6,1708.36,1992.41,23.53
2235,10,Schöneberg,Tempelhof-Schöneberg,True,2025,2025-07-18,Apartment,False,84.9,1332.15,1699.91,15.69
2236,12,Wedding,Mitte,True,2025,2025-01-14,Room,True,16.7,348.51,521.56,20.87
2237,5,Mitte,Mitte,True,2025,2025-02-07,Apartment,True,37.8,946.03,1097.87,25.03
2238,11,Steglitz,Steglitz-Zehlendorf,False,2025,2025-10-26,Room,False,24.8,402.36,561.84,16.22
2239,6,Moabit,Mitte,True,2025,2025-05-19,Apartment,False,37.5,578.19,729.08,15.42
2240,5,Mitte,Mitte,True,2025,2025-08-18,Apartment,False,64.9,1304.32,1531.62,20.1
2241,3,Kreuzberg,Friedrichshain-Kreuzberg,True,2025,2025-01-10,Apartment,False,55.6,984.86,1183.55,17.71
2242,12,Wedding,Mitte,True,2025,2025-07-16,Apartment,False,59.6,884.55,1115.6,14.84
2243,5,Mitte,Mitte,True,2025,2025-01-12,Apartment,False,81.6,1543.39,1882.03,18.91
2244,10,Schöneberg,Tempelhof-Schöneberg,True,2025,2025-08-21,Apartment,False,48.1,877.95,1052.49,18.25
2245,9,Prenzlauer Berg,Pankow,True,2025,2025-07-25,Room,True,27.0,700.97,846.09,25.96
2246,2,Friedrichshain,Friedrichshain-Kreuzberg,True,2025,2025-03-26,Apartment,False,58.2,1031.19,1284.16,17.72
2247,4,Lichtenberg,Lichtenberg,False,2025,2025-05-02,Room,False,14.0,200.65,370.42,14.33
2248,12,Wedding,Mitte,True,2025,2025-04-08,Apartment,True,58.4,1108.77,1330.01,18.99
2249,9,Prenzlauer Berg,Pankow,True,2025,2025-03-28,Room,False,21.6,447.63,610.29,20.72
2250,8,Pankow,Pankow,False,2025,2025-05-22,Room,True,19.5,387.28,527.53,19.86
2251,7,Neukölln,Neukölln,True,2025,2025-02-25,Apartment,True,45.2,846.88,1021.96,18.74
2252,3,Kreuzberg,Friedrichshain-Kreuzberg,True,2025,2025-02-08,Apartment,False,60.0,1140.54,1396.96,19.01
2253,5,Mitte,Mitte,True,2025,2025-04-04,Apartment,False,78.9,1730.8,2044.83,21.94
2254,2,Friedrichshain,Friedrichshain-Kreuzberg,True,2025,2025-09-09,Apartment,True,81.5,1876.07,2182.19,23.02
2255,11,Steglitz,Steglitz-Zehlendorf,False,2025,2025-10-04,Apartment,False,72.9,1028.66,1295.36,14.11
2256,9,Prenzlauer Berg,Pankow,True,2025,2025-01-15,Apartment,False,43.9,871.16,1035.2,19.84
2257,1,Charlottenburg,Charlottenburg-Wilmersdorf,True,2025,2025-10-29,Room,False,27.4,491.74,663.09,17.95
2258,12,Wedding,Mitte,True,2025,2025-12-25,Apartment,False,69.0,1089.94,1356.16,15.8
2259,5,Mitte,Mitte,True,2025,2025-03-17,Room,False,17.3,385.54,556.63,22.29
2260,5,Mitte,Mitte,True,2025,2025-11-19,Room,True,21.6,565.2,709.32,26.17
2261,1,Charlottenburg,Charlottenburg-Wilmersdorf,True,2025,2025-06-21,Room,True,27.9,673.01,809.68,24.12
2262,12,Wedding,Mitte,True,2025,2025-02-07,Apartment,False,69.3,988.98,1237.44,14.27
2263,12,Wedding,Mitte,True,2025,2025-07-23,Apartment,False,38.6,567.41,711.95,14.7
2264,6,Moabit,Mitte,True,2025,2025-05-01,Apartment,False,62.9,999.19,1254.8,15.89
2265,10,Schöneberg,Tempelhof-Schöneberg,True,2025,2025-03-06,Apartment,False,74.2,1331.57,1651.21,17.95
2266,5,Mitte,Mitte,True,2025,2025-10-05,Apartment,False,82.6,1750.88,2052.93,21.2
2267,10,Schöneberg,Tempelhof-Schöneberg,True,2025,2025-03-08,Apartment,False,69.6,1173.67,1432.07,16.86
2268,7,Neukölln,Neukölln,True,2025,2025-05-26,Apartment,True,71.8,1486.01,1775.55,20.7
2269,1,Charlottenburg,Charlottenburg-Wilmersdorf,True,2025,2025-12-22,Apartment,False,57.9,1050.75,1298.08,18.15
2270,4,Lichtenberg,Lichtenberg,False,2025,2025-04-11,Room,True,16.5,316.34,469.91,19.17
2271,12,Wedding,Mitte,True,2025,2025-02-09,Apartment,False,36.3,537.82,672.04,14.82
2272,8,Pankow,Pankow,False,2025,2025-07-16,Room,False,27.6,438.46,598.41,15.89
2273,12,Wedding,Mitte,True,2025,2025-03-20,Room,False,26.8,446.77,615.1,16.67
2274,3,Kreuzberg,Friedrichshain-Kreuzberg,True,2025,2025-09-30,Room,False,20.9,457.02,628.59,21.87
2275,1,Charlottenburg,Charlottenburg-Wilmersdorf,True,2025,2025-12-23,Apartment,True,67.2,1521.4,1775.54,22.64
2276,7,Neukölln,Neukölln,True,2025,2025-11-14,Apartment,False,78.4,1348.28,1646.29,17.2
2277,1,Charlottenburg,Charlottenburg-Wilmersdorf,True,2025,2025-10-05,Apartment,False,36.5,585.71,720.82,16.05
2278,3,Kreuzberg,Friedrichshain-Kreuzberg,True,2025,2025-10-31,Apartment,True,53.7,1257.48,1461.75,23.42
2279,10,Schöneberg,Tempelhof-Schöneberg,True,2025,2025-03-10,Room,True,25.4,566.86,731.39,22.32
2280,4,Lichtenberg,Lichtenberg,False,2025,2025-04-10,Apartment,False,48.5,621.4,826.54,12.81
2281,12,Wedding,Mitte,True,2025,2025-02-10,Apartment,False,81.7,1152.26,1446.21,14.1
2282,4,Lichtenberg,Lichtenberg,False,2025,2025-06-25,Apartment,True,61.7,1016.69,1256.39,16.48
2283,10,Schöneberg,Tempelhof-Schöneberg,True,2025,2025-04-24,Room,False,19.7,378.65,553.73,19.22
2284,1,Charlottenburg,Charlottenburg-Wilmersdorf,True,2025,2025-09-16,Apartment,False,53.5,874.7,1107.01,16.35
2285,2,Friedrichshain,Friedrichshain-Kreuzberg,True,2025,2025-05-15,Apartment,False,53.3,1077.03,1284.4,20.21
2286,10,Schöneberg,Tempelhof-Schöneberg,True,2025,2025-12-15,Apartment,False,35.8,583.61,722.84,16.3
2287,7,Neukölln,Neukölln,True,2025,2025-09-20,Apartment,True,44.7,898.22,1079.61,20.09
2288,8,Pankow,Pankow,False,2025,2025-04-12,Room,False,26.8,432.37,575.79,16.13
2289,12,Wedding,Mitte,True,2025,2025-07-21,Apartment,True,46.8,850.99,1027.79,18.18
2290,7,Neukölln,Neukölln,True,2025,2025-03-30,Room,True,15.5,353.45,499.2,22.8
2291,1,Charlottenburg,Charlottenburg-Wilmersdorf,True,2025,2025-08-07,Apartment,True,56.0,1296.82,1494.93,23.16
2292,6,Moabit,Mitte,True,2025,2025-11-26,Apartment,True,83.0,1609.39,1947.82,19.39
2293,2,Friedrichshain,Friedrichshain-Kreuzberg,True,2025,2025-07-16,Room,False,15.2,329.52,473.5,21.68
2294,8,Pankow,Pankow,False,2025,2025-11-06,Apartment,False,69.8,964.19,1240.27,13.81
2295,11,Steglitz,Steglitz-Zehlendorf,False,2025,2025-09-21,Apartment,False,35.3,455.97,585.22,12.92
2296,12,Wedding,Mitte,True,2025,2025-10-13,Apartment,False,55.1,855.51,1091.98,15.53
2297,10,Schöneberg,Tempelhof-Schöneberg,True,2025,2025-08-19,Room,False,26.1,501.26,655.96,19.21
2298,12,Wedding,Mitte,True,2025,2025-12-09,Room,True,16.3,321.04,472.22,19.7
2299,7,Neukölln,Neukölln,True,2025,2025-12-31,Apartment,True,64.4,1463.06,1703.63,22.72
2300,8,Pankow,Pankow,False,2025,2025-02-12,Room,False,18.3,295.91,437.25,16.17
2301,11,Steglitz,Steglitz-Zehlendorf,False,2025,2025-06-07,Room,True,15.9,318.89,456.82,20.06
2302,1,Charlottenburg,Charlottenburg-Wilmersdorf,True,2025,2025-11-26,Apartment,False,78.9,1253.51,1542.5,15.89
2303,2,Friedrichshain,Friedrichshain-Kreuzberg,True,2025,2025-01-18,Apartment,False,38.5,656.57,801.17,17.05
2304,12,Wedding,Mitte,True,2025,2025-06-05,Room,False,21.8,345.88,486.4,15.87
2305,7,Neukölln,Neukölln,True,2025,2025-09-09,Apartment,False,54.2,905.23,1140.76,16.7
2306,3,Kreuzberg,Friedrichshain-Kreuzberg,True,2025,2025-11-23,Apartment,False,84.5,1523.07,1848.74,18.02
2307,6,Moabit,Mitte,True,2025,2025-12-27,Apartment,True,55.7,1097.7,1332.27,19.71
2308,3,Kreuzberg,Friedrichshain-Kreuzberg,True,2025,2025-12-29,Apartment,True,82.5,1742.38,2087.41,21.12
2309,12,Wedding,Mitte,True,2025,2025-11-27,Apartment,True,41.7,766.86,933.49,18.39
2310,5,Mitte,Mitte,True,2025,2025-09-24,Apartment,False,37.9,809.81,970.77,21.37
2311,9,Prenzlauer Berg,Pankow,True,2025,2025-09-30,Room,False,16.9,363.45,514.98,21.51
2312,3,Kreuzberg,Friedrichshain-Kreuzberg,True,2025,2025-04-03,Apartment,False,70.3,1372.39,1626.12,19.52
2313,1,Charlottenburg,Charlottenburg-Wilmersdorf,True,2025,2025-07-14,Apartment,True,72.3,1522.73,1803.65,21.06
2314,3,Kreuzberg,Friedrichshain-Kreuzberg,True,2025,2025-12-09,Apartment,False,51.3,993.41,1193.98,19.36
2315,11,Steglitz,Steglitz-Zehlendorf,False,2025,2025-10-09,Apartment,False,62.7,864.45,1102.91,13.79
2316,3,Kreuzberg,Friedrichshain-Kreuzberg,True,2025,2025-04-21,Apartment,False,67.3,1202.46,1462.34,17.87
2317,9,Prenzlauer Berg,Pankow,True,2025,2025-04-06,Room,False,17.0,366.24,528.45,21.54
2318,5,Mitte,Mitte,True,2025,2025-03-29,Room,True,22.1,611.29,780.63,27.66
2319,2,Friedrichshain,Friedrichshain-Kreuzberg,True,2025,2025-05-01,Apartment,False,67.9,1289.11,1562.5,18.99
2320,12,Wedding,Mitte,True,2025,2025-10-23,Apartment,True,43.3,816.43,975.34,18.86
2321,12,Wedding,Mitte,True,2025,2025-11-27,Room,False,18.3,301.07,459.08,16.45
2322,6,Moabit,Mitte,True,2025,2025-01-11,Apartment,False,45.9,764.52,934.85,16.66
2323,8,Pankow,Pankow,False,2025,2025-03-01,Room,False,22.1,375.11,533.53,16.97
2324,3,Kreuzberg,Friedrichshain-Kreuzberg,True,2025,2025-10-20,Apartment,False,77.4,1489.32,1756.54,19.24
2325,3,Kreuzberg,Friedrichshain-Kreuzberg,True,2025,2025-09-12,Room,True,18.6,486.09,656.28,26.13
2326,11,Steglitz,Steglitz-Zehlendorf,False,2025,2025-10-13,Room,False,26.5,397.32,559.4,14.99
2327,12,Wedding,Mitte,True,2025,2025-07-23,Room,True,25.4,509.21,680.91,20.05
2328,11,Steglitz,Steglitz-Zehlendorf,False,2025,2025-05-16,Apartment,False,62.4,778.38,1043.27,12.47
2329,12,Wedding,Mitte,True,2025,2025-10-19,Apartment,False,69.3,999.86,1270.35,14.43
2330,6,Moabit,Mitte,True,2025,2025-04-05,Room,True,24.4,535.04,694.19,21.93
2331,9,Prenzlauer Berg,Pankow,True,2025,2025-01-21,Apartment,False,38.0,774.43,931.2,20.38
2332,9,Prenzlauer Berg,Pankow,True,2025,2025-10-21,Room,False,17.3,362.97,502.66,20.98
2333,8,Pankow,Pankow,False,2025,2025-10-20,Room,False,18.9,317.16,496.09,16.78
2334,2,Friedrichshain,Friedrichshain-Kreuzberg,True,2025,2025-06-28,Room,True,22.1,586.17,748.58,26.52
2335,4,Lichtenberg,Lichtenberg,False,2025,2025-11-10,Room,True,20.7,394.09,538.77,19.04
2336,9,Prenzlauer Berg,Pankow,True,2025,2025-09-13,Apartment,False,84.6,1505.24,1849.4,17.79
2337,2,Friedrichshain,Friedrichshain-Kreuzberg,True,2025,2025-03-22,Apartment,True,54.9,1332.6,1527.71,24.27
2338,2,Friedrichshain,Friedrichshain-Kreuzberg,True,2025,2025-03-13,Apartment,False,83.0,1527.37,1869.94,18.4
2339,5,Mitte,Mitte,True,2025,2025-02-23,Room,False,23.4,498.66,651.88,21.31
2340,3,Kreuzberg,Friedrichshain-Kreuzberg,True,2025,2025-09-28,Apartment,True,65.9,1370.34,1618.03,20.79
2341,6,Moabit,Mitte,True,2025,2025-08-09,Apartment,True,66.1,1286.74,1548.81,19.47
2342,10,Schöneberg,Tempelhof-Schöneberg,True,2025,2025-06-04,Room,False,23.2,437.14,612.6,18.84
2343,12,Wedding,Mitte,True,2025,2025-10-13,Room,False,17.9,280.37,429.17,15.66
2344,4,Lichtenberg,Lichtenberg,False,2025,2025-06-17,Room,False,26.9,431.17,593.11,16.03
2345,3,Kreuzberg,Friedrichshain-Kreuzberg,True,2025,2025-07-07,Room,True,15.8,423.17,590.7,26.78
2346,1,Charlottenburg,Charlottenburg-Wilmersdorf,True,2025,2025-04-20,Apartment,False,38.3,687.06,841.78,17.94
2347,11,Steglitz,Steglitz-Zehlendorf,False,2025,2025-01-09,Apartment,False,41.4,567.37,728.7,13.7
2348,2,Friedrichshain,Friedrichshain-Kreuzberg,True,2025,2025-10-09,Room,False,16.0,317.74,495.82,19.86
2349,1,Charlottenburg,Charlottenburg-Wilmersdorf,True,2025,2025-05-13,Apartment,False,73.1,1174.27,1482.15,16.06
2350,2,Friedrichshain,Friedrichshain-Kreuzberg,True,2025,2025-08-05,Apartment,False,36.3,738.16,893.78,20.33
2351,2,Friedrichshain,Friedrichshain-Kreuzberg,True,2025,2025-02-01,Room,True,17.2,413.66,576.62,24.05
2352,6,Moabit,Mitte,True,2025,2025-04-27,Apartment,False,56.6,951.3,1147.71,16.81
2353,3,Kreuzberg,Friedrichshain-Kreuzberg,True,2025,2025-03-23,Room,True,23.1,611.21,758.96,26.46
2354,4,Lichtenberg,Lichtenberg,False,2025,2025-01-09,Apartment,True,70.1,1155.11,1400.66,16.48
2355,8,Pankow,Pankow,False,2025,2025-08-20,Room,False,27.4,439.81,610.39,16.05
2356,1,Charlottenburg,Charlottenburg-Wilmersdorf,True,2025,2025-06-28,Room,False,22.7,430.17,592.73,18.95
2357,1,Charlottenburg,Charlottenburg-Wilmersdorf,True,2025,2025-03-12,Room,False,27.2,506.07,679.94,18.61
2358,7,Neukölln,Neukölln,True,2025,2025-03-04,Apartment,True,37.2,673.34,827.91,18.1
2359,5,Mitte,Mitte,True,2025,2025-08-19,Room,False,24.3,542.16,688.5,22.31
2360,10,Schöneberg,Tempelhof-Schöneberg,True,2025,2025-01-07,Room,False,20.8,390.06,527.98,18.75
2361,12,Wedding,Mitte,True,2025,2025-02-25,Room,False,19.1,299.49,462.16,15.68
2362,1,Charlottenburg,Charlottenburg-Wilmersdorf,True,2025,2025-05-07,Apartment,False,44.8,707.59,880.41,15.79
2363,5,Mitte,Mitte,True,2025,2025-09-29,Apartment,True,39.0,943.98,1091.21,24.2
2364,7,Neukölln,Neukölln,True,2025,2025-08-11,Apartment,True,55.0,1013.97,1204.58,18.44
2365,3,Kreuzberg,Friedrichshain-Kreuzberg,True,2025,2025-11-02,Room,False,23.5,491.47,659.12,20.91
2366,7,Neukölln,Neukölln,True,2025,2025-04-13,Apartment,True,63.1,1309.25,1572.58,20.75
2367,8,Pankow,Pankow,False,2025,2025-08-12,Room,False,26.9,423.8,571.24,15.75
2368,10,Schöneberg,Tempelhof-Schöneberg,True,2025,2025-09-01,Room,True,18.9,393.52,535.74,20.82
2369,5,Mitte,Mitte,True,2025,2025-06-19,Room,False,19.6,438.16,588.14,22.36
2370,4,Lichtenberg,Lichtenberg,False,2025,2025-12-08,Apartment,False,74.8,899.01,1196.69,12.02
2371,6,Moabit,Mitte,True,2025,2025-10-10,Room,True,14.3,316.9,477.37,22.16
2372,2,Friedrichshain,Friedrichshain-Kreuzberg,True,2025,2025-10-21,Apartment,False,70.0,1357.52,1642.9,19.39
2373,5,Mitte,Mitte,True,2025,2025-05-11,Room,False,23.9,525.5,669.25,21.99
2374,8,Pankow,Pankow,False,2025,2025-07-22,Apartment,True,64.5,1139.6,1390.97,17.67
2375,8,Pankow,Pankow,False,2025,2025-08-13,Apartment,False,46.2,586.25,764.9,12.69
2376,4,Lichtenberg,Lichtenberg,False,2025,2025-07-15,Room,False,22.4,353.45,494.04,15.78
2377,2,Friedrichshain,Friedrichshain-Kreuzberg,True,2025,2025-05-08,Room,False,27.3,567.12,728.82,20.77
2378,9,Prenzlauer Berg,Pankow,True,2025,2025-09-21,Apartment,False,56.8,1035.57,1266.75,18.23
2379,4,Lichtenberg,Lichtenberg,False,2025,2025-02-04,Apartment,True,63.4,966.7,1231.48,15.25
2380,11,Steglitz,Steglitz-Zehlendorf,False,2025,2025-04-20,Apartment,True,79.2,1442.43,1725.62,18.21
2381,6,Moabit,Mitte,True,2025,2025-07-30,Room,False,26.7,503.1,643.86,18.84
2382,5,Mitte,Mitte,True,2025,2025-05-13,Apartment,False,68.0,1426.26,1701.28,20.97
2383,2,Friedrichshain,Friedrichshain-Kreuzberg,True,2025,2025-07-09,Apartment,False,62.3,1263.37,1483.0,20.28
2384,4,Lichtenberg,Lichtenberg,False,2025,2025-10-27,Apartment,False,60.6,792.38,1055.61,13.08
2385,6,Moabit,Mitte,True,2025,2025-10-03,Apartment,False,39.2,612.8,748.83,15.63
2386,12,Wedding,Mitte,True,2025,2025-02-06,Apartment,False,81.4,1183.41,1523.97,14.54
2387,12,Wedding,Mitte,True,2025,2025-08-20,Apartment,False,50.2,681.77,889.2,13.58
2388,1,Charlottenburg,Charlottenburg-Wilmersdorf,True,2025,2025-07-11,Apartment,False,46.7,872.2,1074.19,18.68
2389,6,Moabit,Mitte,True,2025,2025-08-03,Apartment,False,38.1,550.71,700.67,14.45
2390,6,Moabit,Mitte,True,2025,2025-10-16,Room,False,25.6,436.87,581.37,17.07
2391,2,Friedrichshain,Friedrichshain-Kreuzberg,True,2025,2025-09-19,Room,False,24.7,527.15,705.19,21.34
2392,6,Moabit,Mitte,True,2025,2025-09-16,Apartment,False,74.6,1198.82,1484.62,16.07
2393,3,Kreuzberg,Friedrichshain-Kreuzberg,True,2025,2025-09-02,Apartment,False,63.9,1319.56,1593.51,20.65
2394,4,Lichtenberg,Lichtenberg,False,2025,2025-02-15,Apartment,True,64.4,956.3,1230.92,14.85
2395,8,Pankow,Pankow,False,2025,2025-05-26,Room,True,14.6,298.65,442.62,20.46
2396,4,Lichtenberg,Lichtenberg,False,2025,2025-02-24,Apartment,False,62.9,797.39,1035.76,12.68
2397,6,Moabit,Mitte,True,2025,2025-11-24,Apartment,False,67.9,1099.04,1344.4,16.19
2398,5,Mitte,Mitte,True,2025,2025-07-16,Apartment,False,70.1,1381.25,1661.57,19.7
2399,12,Wedding,Mitte,True,2025,2025-02-03,Room,True,22.6,418.09,568.15,18.5
2400,6,Moabit,Mitte,True,2025,2025-07-02,Room,False,15.4,261.26,441.42,16.96
2401,8,Pankow,Pankow,False,2025,2025-09-15,Apartment,False,55.3,766.46,963.47,13.86
2402,8,Pankow,Pankow,False,2025,2025-04-27,Apartment,False,48.3,652.57,849.49,13.51
2403,8,Pankow,Pankow,False,2025,2025-09-27,Room,False,27.8,435.06,577.87,15.65
2404,6,Moabit,Mitte,True,2025,2025-02-27,Apartment,True,36.1,718.96,845.9,19.92
2405,8,Pankow,Pankow,False,2025,2025-11-24,Apartment,False,47.4,670.74,876.38,14.15
2406,3,Kreuzberg,Friedrichshain-Kreuzberg,True,2025,2025-07-28,Apartment,False,70.7,1247.06,1504.55,17.64
2407,5,Mitte,Mitte,True,2025,2025-02-18,Room,False,14.6,317.95,478.98,21.78
2408,10,Schöneberg,Tempelhof-Schöneberg,True,2025,2025-05-23,Room,False,14.3,257.71,434.5,18.02
2409,7,Neukölln,Neukölln,True,2025,2025-12-23,Apartment,True,65.8,1344.32,1623.03,20.43
2410,7,Neukölln,Neukölln,True,2025,2025-09-05,Room,False,19.8,386.79,543.94,19.53
2411,11,Steglitz,Steglitz-Zehlendorf,False,2025,2025-10-07,Room,False,23.8,371.47,533.27,15.61
2412,4,Lichtenberg,Lichtenberg,False,2025,2025-10-10,Room,False,26.7,376.01,530.04,14.08
2413,3,Kreuzberg,Friedrichshain-Kreuzberg,True,2025,2025-06-17,Room,True,17.8,470.06,641.49,26.41
2414,8,Pankow,Pankow,False,2025,2025-12-06,Room,False,19.3,296.08,451.08,15.34
2415,12,Wedding,Mitte,True,2025,2025-10-09,Apartment,False,69.9,1029.52,1314.49,14.73
2416,6,Moabit,Mitte,True,2025,2025-06-17,Room,False,21.9,403.54,578.54,18.43
2417,1,Charlottenburg,Charlottenburg-Wilmersdorf,True,2025,2025-03-11,Apartment,False,75.2,1189.32,1457.16,15.82
2418,11,Steglitz,Steglitz-Zehlendorf,False,2025,2025-07-15,Apartment,True,77.2,1395.19,1678.65,18.07
2419,11,Steglitz,Steglitz-Zehlendorf,False,2025,2025-11-02,Room,True,20.6,383.21,529.43,18.6
2420,12,Wedding,Mitte,True,2025,2025-12-30,Apartment,False,54.7,782.93,983.88,14.31
2421,4,Lichtenberg,Lichtenberg,False,2025,2025-09-06,Room,False,17.6,262.62,401.13,14.92
2422,5,Mitte,Mitte,True,2025,2025-09-29,Room,False,23.1,506.7,648.81,21.94
2423,8,Pankow,Pankow,False,2025,2025-10-13,Room,True,26.9,559.78,708.11,20.81
2424,8,Pankow,Pankow,False,2025,2025-01-08,Room,False,14.7,243.79,391.59,16.58
2425,7,Neukölln,Neukölln,True,2025,2025-01-15,Room,False,20.9,384.98,545.17,18.42
2426,8,Pankow,Pankow,False,2025,2025-09-17,Apartment,False,73.4,1093.28,1359.21,14.89
2427,8,Pankow,Pankow,False,2025,2025-03-08,Room,True,26.0,498.49,673.9,19.17
2428,4,Lichtenberg,Lichtenberg,False,2025,2025-06-21,Room,False,23.8,337.95,491.79,14.2
2429,8,Pankow,Pankow,False,2025,2025-04-06,Apartment,True,37.7,676.65,812.15,17.95
2430,2,Friedrichshain,Friedrichshain-Kreuzberg,True,2025,2025-12-22,Room,True,27.5,713.34,889.0,25.94
2431,4,Lichtenberg,Lichtenberg,False,2025,2025-02-23,Apartment,False,73.2,975.69,1253.93,13.33
2432,2,Friedrichshain,Friedrichshain-Kreuzberg,True,2025,2025-09-15,Room,False,15.4,314.53,494.29,20.42
2433,7,Neukölln,Neukölln,True,2025,2025-10-02,Apartment,False,54.4,824.62,1049.53,15.16
2434,5,Mitte,Mitte,True,2025,2025-10-14,Room,False,27.7,624.43,782.68,22.54
2435,3,Kreuzberg,Friedrichshain-Kreuzberg,True,2025,2025-01-07,Room,True,22.1,584.0,761.88,26.43
2436,7,Neukölln,Neukölln,True,2025,2025-08-06,Room,False,19.7,353.04,496.42,17.92
2437,2,Friedrichshain,Friedrichshain-Kreuzberg,True,2025,2025-09-03,Room,True,16.3,381.17,550.26,23.38
2438,1,Charlottenburg,Charlottenburg-Wilmersdorf,True,2025,2025-10-11,Room,True,22.2,516.64,654.8,23.27
2439,1,Charlottenburg,Charlottenburg-Wilmersdorf,True,2025,2025-06-08,Apartment,False,53.4,879.8,1088.74,16.48
2440,3,Kreuzberg,Friedrichshain-Kreuzberg,True,2025,2025-07-05,Room,False,24.5,516.75,692.29,21.09
2441,7,Neukölln,Neukölln,True,2025,2025-11-30,Room,False,20.0,360.77,513.3,18.04
2442,6,Moabit,Mitte,True,2025,2025-03-20,Room,True,16.8,369.43,547.93,21.99
2443,11,Steglitz,Steglitz-Zehlendorf,False,2025,2025-11-14,Apartment,True,61.9,1088.53,1329.45,17.59
2444,11,Steglitz,Steglitz-Zehlendorf,False,2025,2025-05-31,Apartment,True,56.9,1005.15,1213.89,17.67
2445,4,Lichtenberg,Lichtenberg,False,2025,2025-10-12,Apartment,False,59.5,712.37,964.11,11.97
2446,12,Wedding,Mitte,True,2025,2025-02-01,Room,True,15.0,304.01,469.49,20.27
2447,2,Friedrichshain,Friedrichshain-Kreuzberg,True,2025,2025-11-22,Apartment,False,47.3,812.34,989.53,17.17
2448,9,Prenzlauer Berg,Pankow,True,2025,2025-09-15,Room,False,25.1,513.97,682.33,20.48
2449,3,Kreuzberg,Friedrichshain-Kreuzberg,True,2025,2025-01-19,Room,False,18.6,376.28,526.03,20.23
2450,11,Steglitz,Steglitz-Zehlendorf,False,2025,2025-08-31,Apartment,False,60.7,834.82,1065.89,13.75
2451,12,Wedding,Mitte,True,2025,2025-05-11,Room,False,25.8,419.81,563.56,16.27
2452,7,Neukölln,Neukölln,True,2025,2025-04-18,Apartment,False,48.1,780.94,982.64,16.24
2453,12,Wedding,Mitte,True,2025,2025-10-10,Apartment,False,58.8,871.78,1098.47,14.83
2454,2,Friedrichshain,Friedrichshain-Kreuzberg,True,2025,2025-05-04,Room,False,24.6,535.14,701.27,21.75
2455,4,Lichtenberg,Lichtenberg,False,2025,2025-07-17,Apartment,True,57.8,951.41,1196.29,16.46
2456,8,Pankow,Pankow,False,2025,2025-12-20,Apartment,False,64.3,886.76,1117.57,13.79
2457,8,Pankow,Pankow,False,2025,2025-09-03,Room,False,18.4,295.97,437.95,16.09
2458,2,Friedrichshain,Friedrichshain-Kreuzberg,True,2025,2025-02-15,Room,False,15.9,324.95,462.59,20.44
2459,11,Steglitz,Steglitz-Zehlendorf,False,2025,2025-03-09,Apartment,False,83.2,1143.34,1443.49,13.74
2460,9,Prenzlauer Berg,Pankow,True,2025,2025-10-18,Apartment,False,64.6,1167.12,1403.68,18.07
2461,2,Friedrichshain,Friedrichshain-Kreuzberg,True,2025,2025-03-22,Room,True,23.0,556.23,733.63,24.18
2462,8,Pankow,Pankow,False,2025,2025-04-19,Room,True,26.1,538.8,699.87,20.64
2463,3,Kreuzberg,Friedrichshain-Kreuzberg,True,2025,2025-02-02,Room,True,15.6,365.92,502.02,23.46
2464,11,Steglitz,Steglitz-Zehlendorf,False,2025,2025-11-20,Apartment,False,54.0,657.29,845.04,12.17
2465,8,Pankow,Pankow,False,2025,2025-01-06,Apartment,False,75.1,1029.51,1314.71,13.71
2466,12,Wedding,Mitte,True,2025,2025-05-01,Room,True,19.2,393.71,570.99,20.51
2467,12,Wedding,Mitte,True,2025,2025-09-05,Room,True,17.4,373.57,543.55,21.47
2468,7,Neukölln,Neukölln,True,2025,2025-06-08,Room,False,26.0,493.23,638.0,18.97
2469,10,Schöneberg,Tempelhof-Schöneberg,True,2025,2025-04-12,Apartment,False,76.6,1356.71,1623.38,17.71
2470,11,Steglitz,Steglitz-Zehlendorf,False,2025,2025-05-23,Apartment,True,76.8,1201.75,1492.29,15.65
2471,1,Charlottenburg,Charlottenburg-Wilmersdorf,True,2025,2025-12-19,Apartment,False,56.9,904.3,1101.61,15.89
2472,5,Mitte,Mitte,True,2025,2025-01-07,Room,False,23.4,522.83,662.97,22.34
2473,4,Lichtenberg,Lichtenberg,False,2025,2025-04-26,Room,True,26.1,499.64,675.77,19.14
2474,7,Neukölln,Neukölln,True,2025,2025-10-30,Room,False,18.5,338.5,511.31,18.3
2475,7,Neukölln,Neukölln,True,2025,2025-04-10,Apartment,False,61.1,918.13,1171.43,15.03
2476,10,Schöneberg,Tempelhof-Schöneberg,True,2025,2025-07-27,Room,True,21.8,496.34,657.75,22.77
2477,3,Kreuzberg,Friedrichshain-Kreuzberg,True,2025,2025-10-12,Room,False,14.2,287.47,442.98,20.24
2478,12,Wedding,Mitte,True,2025,2025-09-06,Apartment,False,58.6,925.74,1162.74,15.8
2479,8,Pankow,Pankow,False,2025,2025-10-19,Room,True,25.2,470.23,644.21,18.66
2480,6,Moabit,Mitte,True,2025,2025-12-26,Apartment,True,64.7,1233.12,1464.06,19.06
2481,1,Charlottenburg,Charlottenburg-Wilmersdorf,True,2025,2025-07-14,Apartment,False,61.1,1061.78,1320.56,17.38
2482,5,Mitte,Mitte,True,2025,2025-03-13,Room,True,26.0,762.12,923.84,29.31
2483,2,Friedrichshain,Friedrichshain-Kreuzberg,True,2025,2025-05-29,Apartment,True,60.5,1464.63,1699.85,24.21
2484,11,Steglitz,Steglitz-Zehlendorf,False,2025,2025-02-08,Room,False,20.8,314.64,458.96,15.13
2485,2,Friedrichshain,Friedrichshain-Kreuzberg,True,2025,2025-12-31,Apartment,False,67.2,1177.16,1414.56,17.52
2486,8,Pankow,Pankow,False,2025,2025-09-20,Room,True,17.7,323.44,480.93,18.27
2487,8,Pankow,Pankow,False,2025,2025-07-07,Room,True,23.9,505.37,673.82,21.15
2488,7,Neukölln,Neukölln,True,2025,2025-01-24,Apartment,True,62.7,1303.83,1567.18,20.79
2489,1,Charlottenburg,Charlottenburg-Wilmersdorf,True,2025,2025-07-07,Room,False,14.0,273.67,415.35,19.55
2490,6,Moabit,Mitte,True,2025,2025-07-24,Apartment,False,35.9,590.49,716.39,16.45
2491,9,Prenzlauer Berg,Pankow,True,2025,2025-04-19,Apartment,False,55.5,1152.51,1366.93,20.77
2492,3,Kreuzberg,Friedrichshain-Kreuzberg,True,2025,2025-11-09,Room,False,27.9,588.43,765.81,21.09
2493,1,Charlottenburg,Charlottenburg-Wilmersdorf,True,2025,2025-11-30,Apartment,False,49.0,776.33,966.79,15.84
2494,12,Wedding,Mitte,True,2025,2025-08-03,Room,False,24.0,384.26,526.39,16.01
2495,2,Friedrichshain,Friedrichshain-Kreuzberg,True,2025,2025-09-04,Room,False,26.9,584.7,737.49,21.74
2496,2,Friedrichshain,Friedrichshain-Kreuzberg,True,2025,2025-10-22,Room,True,21.9,584.39,724.51,26.68
2497,1,Charlottenburg,Charlottenburg-Wilmersdorf,True,2025,2025-12-03,Apartment,False,77.2,1418.9,1692.83,18.38
2498,2,Friedrichshain,Friedrichshain-Kreuzberg,True,2025,2025-08-14,Room,False,24.5,475.34,627.66,19.4
2499,5,Mitte,Mitte,True,2025,2025-12-15,Apartment,True,37.2,967.27,1115.49,26.0
2500,5,Mitte,Mitte,True,2025,2025-09-16,Room,False,26.7,633.31,798.72,23.72
2501,8,Pankow,Pankow,False,2025,2025-03-14,Apartment,False,51.4,680.95,895.78,13.25
2502,8,Pankow,Pankow,False,2025,2025-06-26,Apartment,False,62.8,819.71,1084.83,13.05
2503,3,Kreuzberg,Friedrichshain-Kreuzberg,True,2025,2025-11-16,Apartment,True,58.6,1325.35,1532.17,22.62
2504,11,Steglitz,Steglitz-Zehlendorf,False,2025,2025-02-06,Apartment,True,58.7,1047.05,1253.93,17.84
2505,5,Mitte,Mitte,True,2025,2025-04-04,Room,True,18.9,522.19,668.17,27.63
2506,2,Friedrichshain,Friedrichshain-Kreuzberg,True,2025,2025-09-26,Apartment,True,83.5,2079.22,2400.2,24.9
2507,9,Prenzlauer Berg,Pankow,True,2025,2025-10-07,Room,False,19.9,396.77,571.56,19.94
2508,10,Schöneberg,Tempelhof-Schöneberg,True,2025,2025-05-09,Room,False,16.7,319.04,499.58,19.1
2509,7,Neukölln,Neukölln,True,2025,2025-04-27,Apartment,False,62.4,1111.92,1345.05,17.82
2510,10,Schöneberg,Tempelhof-Schöneberg,True,2025,2025-03-12,Apartment,False,66.5,1189.74,1443.46,17.89
2511,12,Wedding,Mitte,True,2025,2025-07-04,Room,True,20.2,392.94,531.2,19.45
2512,6,Moabit,Mitte,True,2025,2025-01-05,Apartment,True,53.2,993.36,1185.65,18.67
2513,8,Pankow,Pankow,False,2025,2025-11-19,Room,False,26.6,411.82,549.73,15.48
2514,11,Steglitz,Steglitz-Zehlendorf,False,2025,2025-02-21,Room,True,27.9,473.89,652.69,16.99
2515,6,Moabit,Mitte,True,2025,2025-06-18,Apartment,False,39.7,681.14,818.79,17.16
2516,7,Neukölln,Neukölln,True,2025,2025-11-21,Apartment,False,54.5,926.27,1122.98,17.0
2517,5,Mitte,Mitte,True,2025,2025-05-18,Room,False,26.9,591.32,768.72,21.98
2518,11,Steglitz,Steglitz-Zehlendorf,False,2025,2025-04-04,Apartment,False,84.9,1203.28,1547.14,14.17
2519,6,Moabit,Mitte,True,2025,2025-01-06,Apartment,False,80.0,1231.0,1576.26,15.39
2520,3,Kreuzberg,Friedrichshain-Kreuzberg,True,2025,2025-06-22,Apartment,False,70.0,1221.19,1482.82,17.45
2521,9,Prenzlauer Berg,Pankow,True,2025,2025-12-18,Apartment,False,80.3,1501.46,1836.16,18.7
2522,4,Lichtenberg,Lichtenberg,False,2025,2025-01-23,Apartment,False,79.5,1009.03,1314.65,12.69
2523,6,Moabit,Mitte,True,2025,2025-01-26,Room,False,16.7,282.73,445.5,16.93
2524,1,Charlottenburg,Charlottenburg-Wilmersdorf,True,2025,2025-02-03,Apartment,False,53.3,839.49,1034.44,15.75
2525,5,Mitte,Mitte,True,2025,2025-01-07,Room,False,27.4,630.69,810.33,23.02
2526,9,Prenzlauer Berg,Pankow,True,2025,2025-04-20,Apartment,False,35.2,658.32,809.47,18.7
2527,10,Schöneberg,Tempelhof-Schöneberg,True,2025,2025-06-03,Room,False,27.6,506.67,645.91,18.36
2528,4,Lichtenberg,Lichtenberg,False,2025,2025-03-31,Apartment,True,46.1,795.61,980.24,17.26
2529,12,Wedding,Mitte,True,2025,2025-03-17,Room,False,17.4,284.36,445.88,16.34
2530,5,Mitte,Mitte,True,2025,2025-11-26,Room,True,14.8,431.75,593.74,29.17
2531,5,Mitte,Mitte,True,2025,2025-10-07,Room,False,26.8,635.16,773.81,23.7
2532,10,Schöneberg,Tempelhof-Schöneberg,True,2025,2025-09-03,Apartment,False,37.2,648.31,784.74,17.43
2533,12,Wedding,Mitte,True,2025,2025-10-19,Room,False,24.0,426.98,592.78,17.79
2534,7,Neukölln,Neukölln,True,2025,2025-07-21,Room,False,27.8,544.36,681.28,19.58
2535,6,Moabit,Mitte,True,2025,2025-03-24,Apartment,False,77.3,1184.41,1451.66,15.32
2536,4,Lichtenberg,Lichtenberg,False,2025,2025-07-20,Room,True,20.9,402.77,544.62,19.27
2537,3,Kreuzberg,Friedrichshain-Kreuzberg,True,2025,2025-12-05,Room,False,17.6,375.57,539.82,21.34
2538,8,Pankow,Pankow,False,2025,2025-01-17,Apartment,True,74.5,1269.47,1531.17,17.04
2539,8,Pankow,Pankow,False,2025,2025-01-03,Room,False,19.9,324.73,476.76,16.32
2540,4,Lichtenberg,Lichtenberg,False,2025,2025-03-19,Apartment,False,80.7,1056.33,1352.39,13.09
2541,2,Friedrichshain,Friedrichshain-Kreuzberg,True,2025,2025-05-25,Room,False,17.1,336.68,514.42,19.69
2542,4,Lichtenberg,Lichtenberg,False,2025,2025-10-16,Room,False,26.8,397.58,573.02,14.84
2543,12,Wedding,Mitte,True,2025,2025-03-29,Apartment,False,51.2,751.96,937.17,14.69
2544,8,Pankow,Pankow,False,2025,2025-05-04,Apartment,False,50.6,683.03,868.12,13.5
2545,10,Schöneberg,Tempelhof-Schöneberg,True,2025,2025-07-09,Apartment,False,74.9,1347.88,1615.82,18.0
2546,1,Charlottenburg,Charlottenburg-Wilmersdorf,True,2025,2025-01-01,Apartment,True,58.1,1174.22,1405.82,20.21
2547,6,Moabit,Mitte,True,2025,2025-01-04,Room,False,25.8,443.45,613.29,17.19
2548,3,Kreuzberg,Friedrichshain-Kreuzberg,True,2025,2025-12-05,Room,False,16.4,353.31,516.67,21.54
2549,3,Kreuzberg,Friedrichshain-Kreuzberg,True,2025,2025-09-08,Room,False,21.3,423.86,585.64,19.9
2550,11,Steglitz,Steglitz-Zehlendorf,False,2025,2025-10-02,Room,True,15.3,257.38,413.02,16.82
2551,1,Charlottenburg,Charlottenburg-Wilmersdorf,True,2025,2025-08-26,Room,False,24.2,494.18,655.78,20.42
2552,11,Steglitz,Steglitz-Zehlendorf,False,2025,2025-06-23,Apartment,True,69.5,1119.23,1403.34,16.1
2553,9,Prenzlauer Berg,Pankow,True,2025,2025-07-12,Apartment,False,70.0,1431.42,1677.15,20.45
2554,8,Pankow,Pankow,False,2025,2025-05-22,Apartment,False,64.1,944.46,1211.97,14.73
2555,1,Charlottenburg,Charlottenburg-Wilmersdorf,True,2025,2025-09-02,Apartment,True,37.7,747.03,882.8,19.82
2556,3,Kreuzberg,Friedrichshain-Kreuzberg,True,2025,2025-04-28,Room,True,17.0,403.92,581.62,23.76
2557,3,Kreuzberg,Friedrichshain-Kreuzberg,True,2025,2025-04-19,Apartment,True,47.6,1073.59,1249.75,22.55
2558,11,Steglitz,Steglitz-Zehlendorf,False,2025,2025-07-04,Room,False,21.3,308.73,463.7,14.49
2559,8,Pankow,Pankow,False,2025,2025-01-19,Apartment,True,35.5,572.18,695.07,16.12
2560,4,Lichtenberg,Lichtenberg,False,2025,2025-08-13,Room,True,27.1,497.22,639.12,18.35
2561,6,Moabit,Mitte,True,2025,2025-04-10,Room,False,23.7,399.59,552.37,16.86
2562,5,Mitte,Mitte,True,2025,2025-07-28,Apartment,False,60.2,1215.84,1471.55,20.2
2563,7,Neukölln,Neukölln,True,2025,2025-08-14,Room,True,27.8,589.2,751.97,21.19
2564,6,Moabit,Mitte,True,2025,2025-02-06,Apartment,False,64.2,1033.72,1268.17,16.1
2565,4,Lichtenberg,Lichtenberg,False,2025,2025-02-07,Room,True,22.4,416.65,583.51,18.6
2566,6,Moabit,Mitte,True,2025,2025-09-29,Room,False,14.6,279.03,441.22,19.11
2567,9,Prenzlauer Berg,Pankow,True,2025,2025-05-22,Room,False,17.7,396.97,566.35,22.43
2568,2,Friedrichshain,Friedrichshain-Kreuzberg,True,2025,2025-03-02,Apartment,False,42.5,735.49,915.34,17.31
2569,10,Schöneberg,Tempelhof-Schöneberg,True,2025,2025-08-02,Apartment,False,53.3,906.77,1108.34,17.01
2570,10,Schöneberg,Tempelhof-Schöneberg,True,2025,2025-03-20,Apartment,False,79.5,1310.98,1635.37,16.49
2571,2,Friedrichshain,Friedrichshain-Kreuzberg,True,2025,2025-05-11,Apartment,False,53.1,915.26,1126.23,17.24
2572,7,Neukölln,Neukölln,True,2025,2025-11-06,Apartment,False,56.6,1010.56,1240.72,17.85
2573,9,Prenzlauer Berg,Pankow,True,2025,2025-03-27,Apartment,False,52.2,968.05,1176.54,18.55
2574,6,Moabit,Mitte,True,2025,2025-02-15,Room,False,19.4,344.25,517.78,17.74
2575,7,Neukölln,Neukölln,True,2025,2025-12-02,Apartment,True,74.3,1623.46,1929.2,21.85
2576,12,Wedding,Mitte,True,2025,2025-01-21,Apartment,True,42.6,818.15,989.51,19.21
2577,12,Wedding,Mitte,True,2025,2025-11-15,Apartment,False,64.7,970.59,1199.52,15.0
2578,10,Schöneberg,Tempelhof-Schöneberg,True,2025,2025-12-16,Room,True,18.4,423.68,586.72,23.03
2579,10,Schöneberg,Tempelhof-Schöneberg,True,2025,2025-05-25,Room,True,18.7,396.62,576.08,21.21
2580,6,Moabit,Mitte,True,2025,2025-05-14,Apartment,True,53.3,964.19,1158.86,18.09
2581,9,Prenzlauer Berg,Pankow,True,2025,2025-12-09,Apartment,True,69.5,1562.45,1825.11,22.48
2582,12,Wedding,Mitte,True,2025,2025-07-19,Apartment,True,84.0,1500.31,1848.95,17.86
2583,11,Steglitz,Steglitz-Zehlendorf,False,2025,2025-05-18,Apartment,True,51.5,845.89,1065.04,16.43
2584,11,Steglitz,Steglitz-Zehlendorf,False,2025,2025-05-03,Apartment,False,66.8,955.27,1207.4,14.3
2585,10,Schöneberg,Tempelhof-Schöneberg,True,2025,2025-11-01,Room,False,26.0,485.31,663.21,18.67
2586,12,Wedding,Mitte,True,2025,2025-04-01,Room,False,20.0,353.31,495.0,17.67
2587,1,Charlottenburg,Charlottenburg-Wilmersdorf,True,2025,2025-11-13,Room,True,23.8,504.17,677.91,21.18
2588,7,Neukölln,Neukölln,True,2025,2025-07-10,Apartment,False,44.3,715.56,874.08,16.15
2589,8,Pankow,Pankow,False,2025,2025-05-22,Room,True,20.3,377.76,514.37,18.61
2590,3,Kreuzberg,Friedrichshain-Kreuzberg,True,2025,2025-03-04,Room,False,22.2,441.36,585.53,19.88
2591,7,Neukölln,Neukölln,True,2025,2025-03-22,Room,False,17.7,331.01,475.8,18.7
2592,10,Schöneberg,Tempelhof-Schöneberg,True,2025,2025-10-18,Apartment,True,50.8,1046.38,1224.19,20.6
2593,10,Schöneberg,Tempelhof-Schöneberg,True,2025,2025-01-10,Room,False,17.2,348.71,515.34,20.27
2594,5,Mitte,Mitte,True,2025,2025-03-27,Apartment,False,41.1,908.49,1080.69,22.1
2595,3,Kreuzberg,Friedrichshain-Kreuzberg,True,2025,2025-06-12,Apartment,True,71.5,1732.4,2014.92,24.23
2596,3,Kreuzberg,Friedrichshain-Kreuzberg,True,2025,2025-09-16,Room,False,23.2,506.53,650.46,21.83
2597,6,Moabit,Mitte,True,2025,2025-09-12,Room,False,23.1,425.04,563.23,18.4
2598,9,Prenzlauer Berg,Pankow,True,2025,2025-06-24,Apartment,True,67.4,1619.0,1883.62,24.02
2599,11,Steglitz,Steglitz-Zehlendorf,False,2025,2025-06-15,Apartment,True,57.2,938.56,1156.51,16.41
2600,10,Schöneberg,Tempelhof-Schöneberg,True,2025,2025-01-24,Room,False,15.6,314.06,479.12,20.13
2601,4,Lichtenberg,Lichtenberg,False,2026,2026-08-26,Apartment,False,75.7,1131.31,1423.25,14.94
2602,1,Charlottenburg,Charlottenburg-Wilmersdorf,True,2026,2026-05-04,Room,False,27.8,524.35,713.78,18.86
2603,4,Lichtenberg,Lichtenberg,False,2026,2026-01-31,Room,True,18.3,346.92,537.46,18.96
2604,10,Schöneberg,Tempelhof-Schöneberg,True,2026,2026-07-15,Room,True,27.5,656.78,846.11,23.88
2605,10,Schöneberg,Tempelhof-Schöneberg,True,2026,2026-02-20,Apartment,False,39.3,763.26,944.73,19.42
2606,2,Friedrichshain,Friedrichshain-Kreuzberg,True,2026,2026-02-15,Room,False,18.9,395.87,578.77,20.95
2607,11,Steglitz,Steglitz-Zehlendorf,False,2026,2026-03-05,Room,False,22.1,362.83,532.64,16.42
2608,1,Charlottenburg,Charlottenburg-Wilmersdorf,True,2026,2026-08-21,Room,True,22.6,593.68,772.41,26.27
2609,9,Prenzlauer Berg,Pankow,True,2026,2026-08-17,Room,True,23.7,656.51,832.23,27.7
2610,12,Wedding,Mitte,True,2026,2026-07-20,Apartment,True,49.4,1022.35,1246.9,20.7
2611,9,Prenzlauer Berg,Pankow,True,2026,2026-05-01,Apartment,True,46.3,1159.72,1376.16,25.05
2612,10,Schöneberg,Tempelhof-Schöneberg,True,2026,2026-07-21,Room,True,27.7,602.78,778.1,21.76
2613,2,Friedrichshain,Friedrichshain-Kreuzberg,True,2026,2026-01-04,Apartment,False,76.5,1446.24,1739.6,18.91
2614,6,Moabit,Mitte,True,2026,2026-05-22,Room,False,19.0,376.27,561.33,19.8
2615,9,Prenzlauer Berg,Pankow,True,2026,2026-08-08,Apartment,False,63.0,1394.57,1674.01,22.14
2616,6,Moabit,Mitte,True,2026,2026-08-09,Apartment,False,56.7,982.17,1211.01,17.32
2617,7,Neukölln,Neukölln,True,2026,2026-02-23,Apartment,False,51.2,948.9,1149.5,18.53
2618,9,Prenzlauer Berg,Pankow,True,2026,2026-01-05,Apartment,False,42.1,809.09,996.05,19.22
2619,4,Lichtenberg,Lichtenberg,False,2026,2026-06-21,Room,False,17.6,267.35,440.56,15.19
2620,11,Steglitz,Steglitz-Zehlendorf,False,2026,2026-02-15,Apartment,False,68.3,985.0,1297.42,14.42
2621,11,Steglitz,Steglitz-Zehlendorf,False,2026,2026-03-28,Apartment,False,53.9,795.53,1030.33,14.76
2622,9,Prenzlauer Berg,Pankow,True,2026,2026-08-10,Room,True,19.5,560.46,740.95,28.74
2623,9,Prenzlauer Berg,Pankow,True,2026,2026-05-06,Room,False,21.4,466.37,645.14,21.79
2624,7,Neukölln,Neukölln,True,2026,2026-07-17,Room,True,20.8,496.23,686.97,23.86
2625,2,Friedrichshain,Friedrichshain-Kreuzberg,True,2026,2026-04-13,Apartment,True,35.7,884.73,1032.77,24.78
2626,4,Lichtenberg,Lichtenberg,False,2026,2026-05-02,Room,False,23.3,358.13,543.4,15.37
2627,4,Lichtenberg,Lichtenberg,False,2026,2026-05-26,Room,True,24.2,466.94,629.27,19.3
2628,2,Friedrichshain,Friedrichshain-Kreuzberg,True,2026,2026-07-04,Apartment,False,68.0,1326.3,1610.9,19.5
2629,7,Neukölln,Neukölln,True,2026,2026-01-05,Room,False,26.9,521.51,688.78,19.39
2630,8,Pankow,Pankow,False,2026,2026-05-21,Apartment,True,71.0,1266.02,1556.33,17.83
2631,6,Moabit,Mitte,True,2026,2026-04-22,Room,True,20.7,419.84,579.25,20.28
2632,3,Kreuzberg,Friedrichshain-Kreuzberg,True,2026,2026-02-08,Apartment,True,78.3,1892.3,2236.47,24.17
2633,7,Neukölln,Neukölln,True,2026,2026-04-29,Room,True,17.4,442.43,618.34,25.43
2634,12,Wedding,Mitte,True,2026,2026-01-19,Apartment,False,36.8,613.34,768.9,16.67
2635,3,Kreuzberg,Friedrichshain-Kreuzberg,True,2026,2026-02-17,Room,False,17.2,401.09,593.42,23.32
2636,3,Kreuzberg,Friedrichshain-Kreuzberg,True,2026,2026-05-28,Room,False,24.7,548.2,711.46,22.19
2637,12,Wedding,Mitte,True,2026,2026-08-28,Apartment,False,62.2,933.72,1217.14,15.01
2638,9,Prenzlauer Berg,Pankow,True,2026,2026-01-30,Apartment,False,80.0,1694.01,2020.24,21.18
2639,8,Pankow,Pankow,False,2026,2026-06-22,Room,False,18.6,296.04,486.96,15.92
2640,11,Steglitz,Steglitz-Zehlendorf,False,2026,2026-01-31,Apartment,False,44.1,574.48,743.87,13.03
2641,8,Pankow,Pankow,False,2026,2026-03-14,Room,False,24.8,413.12,578.14,16.66
2642,8,Pankow,Pankow,False,2026,2026-02-05,Apartment,False,49.2,653.1,842.27,13.27
2643,10,Schöneberg,Tempelhof-Schöneberg,True,2026,2026-05-08,Apartment,False,50.3,905.09,1130.75,17.99
2644,10,Schöneberg,Tempelhof-Schöneberg,True,2026,2026-04-18,Room,False,20.3,393.95,584.29,19.41
2645,9,Prenzlauer Berg,Pankow,True,2026,2026-04-15,Room,True,23.7,614.82,764.31,25.94
2646,9,Prenzlauer Berg,Pankow,True,2026,2026-03-11,Room,False,20.6,432.71,613.97,21.01
2647,8,Pankow,Pankow,False,2026,2026-04-02,Room,True,20.5,397.11,570.55,19.37
2648,3,Kreuzberg,Friedrichshain-Kreuzberg,True,2026,2026-04-30,Apartment,False,51.1,950.08,1161.32,18.59
2649,11,Steglitz,Steglitz-Zehlendorf,False,2026,2026-04-20,Room,True,15.5,299.87,478.22,19.35
2650,7,Neukölln,Neukölln,True,2026,2026-08-04,Room,True,18.4,425.51,611.76,23.13
2651,8,Pankow,Pankow,False,2026,2026-03-05,Apartment,False,52.4,732.92,963.05,13.99
2652,7,Neukölln,Neukölln,True,2026,2026-02-26,Apartment,False,78.7,1505.4,1825.15,19.13
2653,7,Neukölln,Neukölln,True,2026,2026-05-26,Apartment,False,74.6,1276.87,1568.49,17.12
2654,8,Pankow,Pankow,False,2026,2026-03-12,Apartment,False,47.1,710.59,925.93,15.09
2655,8,Pankow,Pankow,False,2026,2026-06-23,Apartment,True,79.0,1486.67,1824.26,18.82
2656,4,Lichtenberg,Lichtenberg,False,2026,2026-07-05,Apartment,True,46.2,808.15,989.04,17.49
2657,6,Moabit,Mitte,True,2026,2026-05-30,Apartment,True,63.8,1415.6,1708.7,22.19
2658,7,Neukölln,Neukölln,True,2026,2026-01-16,Room,True,27.5,719.13,887.18,26.15
2659,11,Steglitz,Steglitz-Zehlendorf,False,2026,2026-08-07,Room,False,24.7,396.48,558.04,16.05
2660,12,Wedding,Mitte,True,2026,2026-02-03,Room,True,23.9,490.07,674.09,20.51
2661,3,Kreuzberg,Friedrichshain-Kreuzberg,True,2026,2026-01-17,Room,True,18.2,506.75,671.92,27.84
2662,3,Kreuzberg,Friedrichshain-Kreuzberg,True,2026,2026-01-28,Apartment,True,37.7,898.7,1071.64,23.84
2663,3,Kreuzberg,Friedrichshain-Kreuzberg,True,2026,2026-06-30,Apartment,True,78.2,1882.41,2204.64,24.07
2664,8,Pankow,Pankow,False,2026,2026-08-29,Room,True,18.7,383.58,531.68,20.51
2665,10,Schöneberg,Tempelhof-Schöneberg,True,2026,2026-05-22,Apartment,True,63.7,1283.39,1565.91,20.15
2666,7,Neukölln,Neukölln,True,2026,2026-08-28,Room,False,19.6,372.96,524.22,19.03
2667,12,Wedding,Mitte,True,2026,2026-08-27,Apartment,True,45.2,896.51,1084.84,19.83
2668,4,Lichtenberg,Lichtenberg,False,2026,2026-02-23,Apartment,True,47.4,772.12,963.55,16.29
2669,4,Lichtenberg,Lichtenberg,False,2026,2026-06-22,Room,True,23.3,458.92,640.29,19.7
2670,4,Lichtenberg,Lichtenberg,False,2026,2026-06-16,Room,False,25.6,381.45,565.07,14.9
2671,1,Charlottenburg,Charlottenburg-Wilmersdorf,True,2026,2026-01-13,Apartment,False,63.5,1107.0,1391.35,17.43
2672,3,Kreuzberg,Friedrichshain-Kreuzberg,True,2026,2026-03-15,Apartment,False,67.3,1475.01,1757.29,21.92
2673,2,Friedrichshain,Friedrichshain-Kreuzberg,True,2026,2026-05-18,Apartment,True,36.9,851.1,996.47,23.07
2674,1,Charlottenburg,Charlottenburg-Wilmersdorf,True,2026,2026-02-16,Apartment,True,75.8,1701.58,2016.28,22.45
2675,6,Moabit,Mitte,True,2026,2026-02-04,Apartment,False,72.7,1270.44,1559.72,17.48
2676,12,Wedding,Mitte,True,2026,2026-04-13,Apartment,False,46.7,673.31,856.42,14.42
2677,8,Pankow,Pankow,False,2026,2026-04-30,Apartment,True,78.9,1318.46,1636.29,16.71
2678,6,Moabit,Mitte,True,2026,2026-08-27,Room,False,23.4,435.94,604.47,18.63
2679,5,Mitte,Mitte,True,2026,2026-07-28,Room,False,24.9,605.65,769.28,24.32
2680,1,Charlottenburg,Charlottenburg-Wilmersdorf,True,2026,2026-01-21,Room,False,16.4,339.36,496.84,20.69
2681,3,Kreuzberg,Friedrichshain-Kreuzberg,True,2026,2026-03-02,Apartment,False,62.8,1214.84,1481.04,19.34
2682,5,Mitte,Mitte,True,2026,2026-03-17,Room,False,27.3,617.43,771.15,22.62
2683,6,Moabit,Mitte,True,2026,2026-07-17,Room,False,22.1,431.2,624.17,19.51
2684,5,Mitte,Mitte,True,2026,2026-01-14,Room,False,27.4,671.58,825.54,24.51
2685,1,Charlottenburg,Charlottenburg-Wilmersdorf,True,2026,2026-08-15,Room,False,24.1,518.7,678.35,21.52
2686,12,Wedding,Mitte,True,2026,2026-06-26,Apartment,False,40.1,664.21,839.77,16.56
2687,6,Moabit,Mitte,True,2026,2026-08-25,Room,True,15.5,368.35,555.15,23.76
2688,7,Neukölln,Neukölln,True,2026,2026-06-23,Room,True,21.6,535.59,690.52,24.8
2689,6,Moabit,Mitte,True,2026,2026-07-25,Apartment,True,78.6,1451.57,1792.61,18.47
2690,8,Pankow,Pankow,False,2026,2026-07-05,Apartment,True,54.7,1013.5,1266.4,18.53
2691,11,Steglitz,Steglitz-Zehlendorf,False,2026,2026-07-23,Room,True,17.5,324.36,514.68,18.53
2692,3,Kreuzberg,Friedrichshain-Kreuzberg,True,2026,2026-03-02,Room,True,27.7,697.49,868.6,25.18
2693,11,Steglitz,Steglitz-Zehlendorf,False,2026,2026-06-21,Room,False,19.8,338.73,514.37,17.11
2694,2,Friedrichshain,Friedrichshain-Kreuzberg,True,2026,2026-02-27,Apartment,True,76.2,1735.48,2068.2,22.78
2695,8,Pankow,Pankow,False,2026,2026-03-23,Room,True,27.6,571.64,727.66,20.71
2696,11,Steglitz,Steglitz-Zehlendorf,False,2026,2026-05-07,Apartment,False,59.7,784.82,1019.32,13.15
2697,10,Schöneberg,Tempelhof-Schöneberg,True,2026,2026-02-08,Apartment,True,62.9,1252.56,1540.1,19.91
2698,3,Kreuzberg,Friedrichshain-Kreuzberg,True,2026,2026-04-08,Room,True,23.5,634.09,821.65,26.98
2699,9,Prenzlauer Berg,Pankow,True,2026,2026-03-16,Apartment,False,35.1,722.94,862.5,20.6
2700,7,Neukölln,Neukölln,True,2026,2026-05-08,Room,False,25.7,495.39,681.22,19.28
2701,12,Wedding,Mitte,True,2026,2026-01-03,Apartment,False,35.6,545.39,706.44,15.32
2702,1,Charlottenburg,Charlottenburg-Wilmersdorf,True,2026,2026-02-18,Apartment,True,60.4,1336.67,1613.75,22.13
2703,4,Lichtenberg,Lichtenberg,False,2026,2026-02-10,Room,True,23.8,433.08,610.69,18.2
2704,8,Pankow,Pankow,False,2026,2026-03-23,Apartment,False,48.4,698.4,904.01,14.43
2705,3,Kreuzberg,Friedrichshain-Kreuzberg,True,2026,2026-01-22,Room,True,16.2,442.52,606.24,27.32
2706,3,Kreuzberg,Friedrichshain-Kreuzberg,True,2026,2026-03-15,Apartment,True,67.7,1790.14,2056.59,26.44
2707,2,Friedrichshain,Friedrichshain-Kreuzberg,True,2026,2026-02-08,Room,False,27.4,629.4,787.23,22.97
2708,8,Pankow,Pankow,False,2026,2026-04-29,Room,False,23.8,391.48,559.1,16.45
2709,4,Lichtenberg,Lichtenberg,False,2026,2026-02-16,Apartment,True,55.4,1030.41,1274.04,18.6
2710,5,Mitte,Mitte,True,2026,2026-03-28,Room,True,23.3,654.61,832.71,28.09
2711,2,Friedrichshain,Friedrichshain-Kreuzberg,True,2026,2026-01-12,Room,False,17.1,379.82,566.13,22.21
2712,7,Neukölln,Neukölln,True,2026,2026-06-14,Apartment,False,46.2,871.09,1049.32,18.85
2713,2,Friedrichshain,Friedrichshain-Kreuzberg,True,2026,2026-05-11,Room,True,27.3,663.89,845.6,24.32
2714,4,Lichtenberg,Lichtenberg,False,2026,2026-05-08,Apartment,True,53.6,859.88,1083.68,16.04
2715,10,Schöneberg,Tempelhof-Schöneberg,True,2026,2026-01-15,Room,True,24.7,549.49,722.52,22.25
2716,10,Schöneberg,Tempelhof-Schöneberg,True,2026,2026-02-15,Room,True,15.9,383.62,567.38,24.13
2717,8,Pankow,Pankow,False,2026,2026-08-01,Apartment,False,59.9,893.23,1146.75,14.91
2718,1,Charlottenburg,Charlottenburg-Wilmersdorf,True,2026,2026-08-11,Apartment,False,83.0,1542.82,1879.27,18.59
2719,10,Schöneberg,Tempelhof-Schöneberg,True,2026,2026-03-17,Apartment,False,40.9,721.71,881.89,17.65
2720,4,Lichtenberg,Lichtenberg,False,2026,2026-01-20,Room,False,24.0,380.76,535.28,15.87
2721,9,Prenzlauer Berg,Pankow,True,2026,2026-07-23,Room,True,14.9,394.06,566.0,26.45
2722,2,Friedrichshain,Friedrichshain-Kreuzberg,True,2026,2026-06-29,Room,False,21.2,494.76,677.52,23.34
2723,2,Friedrichshain,Friedrichshain-Kreuzberg,True,2026,2026-06-06,Room,False,20.3,470.11,636.39,23.16
2724,8,Pankow,Pankow,False,2026,2026-01-29,Apartment,True,69.5,1125.82,1433.6,16.2
2725,11,Steglitz,Steglitz-Zehlendorf,False,2026,2026-02-13,Apartment,True,78.8,1282.84,1631.09,16.28
2726,11,Steglitz,Steglitz-Zehlendorf,False,2026,2026-04-12,Room,True,27.1,544.81,701.51,20.1
2727,9,Prenzlauer Berg,Pankow,True,2026,2026-05-16,Apartment,True,66.6,1586.08,1853.8,23.82
2728,9,Prenzlauer Berg,Pankow,True,2026,2026-06-07,Apartment,True,52.8,1441.11,1681.78,27.29
2729,3,Kreuzberg,Friedrichshain-Kreuzberg,True,2026,2026-06-28,Apartment,False,65.6,1222.05,1494.83,18.63
2730,10,Schöneberg,Tempelhof-Schöneberg,True,2026,2026-08-05,Room,False,20.1,386.14,544.36,19.21
2731,12,Wedding,Mitte,True,2026,2026-02-22,Apartment,True,78.6,1514.91,1869.45,19.27
2732,9,Prenzlauer Berg,Pankow,True,2026,2026-08-15,Apartment,False,72.3,1480.2,1796.26,20.47
2733,4,Lichtenberg,Lichtenberg,False,2026,2026-04-27,Apartment,False,72.5,1054.0,1341.05,14.54
2734,2,Friedrichshain,Friedrichshain-Kreuzberg,True,2026,2026-02-18,Room,False,27.5,571.87,763.66,20.8
2735,3,Kreuzberg,Friedrichshain-Kreuzberg,True,2026,2026-01-26,Apartment,False,45.1,867.13,1063.22,19.23
2736,4,Lichtenberg,Lichtenberg,False,2026,2026-07-08,Apartment,False,83.5,1127.48,1458.82,13.5
2737,8,Pankow,Pankow,False,2026,2026-01-06,Apartment,True,58.8,1128.64,1401.88,19.19
2738,10,Schöneberg,Tempelhof-Schöneberg,True,2026,2026-06-11,Apartment,False,54.3,995.36,1222.35,18.33
2739,11,Steglitz,Steglitz-Zehlendorf,False,2026,2026-01-26,Room,False,14.1,240.56,412.78,17.06
2740,4,Lichtenberg,Lichtenberg,False,2026,2026-01-30,Apartment,True,38.8,629.68,810.52,16.23
2741,6,Moabit,Mitte,True,2026,2026-05-17,Apartment,False,52.6,893.29,1120.61,16.98
2742,4,Lichtenberg,Lichtenberg,False,2026,2026-01-05,Room,False,18.9,302.62,483.67,16.01
2743,11,Steglitz,Steglitz-Zehlendorf,False,2026,2026-04-09,Apartment,True,54.5,961.79,1188.47,17.65
2744,3,Kreuzberg,Friedrichshain-Kreuzberg,True,2026,2026-05-10,Apartment,True,76.5,1785.05,2096.96,23.33
2745,8,Pankow,Pankow,False,2026,2026-04-22,Apartment,False,52.2,722.25,933.43,13.84
2746,4,Lichtenberg,Lichtenberg,False,2026,2026-06-05,Apartment,False,71.9,1066.37,1377.08,14.83
2747,5,Mitte,Mitte,True,2026,2026-03-19,Room,False,16.0,389.61,556.65,24.35
2748,2,Friedrichshain,Friedrichshain-Kreuzberg,True,2026,2026-07-20,Apartment,False,54.8,1001.22,1209.65,18.27
2749,8,Pankow,Pankow,False,2026,2026-08-06,Apartment,False,59.9,880.93,1145.51,14.71
2750,8,Pankow,Pankow,False,2026,2026-03-19,Room,True,27.4,528.46,699.14,19.29
2751,2,Friedrichshain,Friedrichshain-Kreuzberg,True,2026,2026-07-07,Room,True,25.7,690.44,847.72,26.87
2752,8,Pankow,Pankow,False,2026,2026-01-08,Apartment,False,84.9,1189.99,1557.25,14.02
2753,7,Neukölln,Neukölln,True,2026,2026-01-03,Room,True,22.5,549.78,715.53,24.43
2754,1,Charlottenburg,Charlottenburg-Wilmersdorf,True,2026,2026-01-11,Apartment,True,79.4,1620.99,1991.4,20.42
2755,10,Schöneberg,Tempelhof-Schöneberg,True,2026,2026-03-11,Room,False,26.6,493.09,665.59,18.54
2756,12,Wedding,Mitte,True,2026,2026-05-23,Apartment,True,40.2,734.33,906.61,18.27
2757,9,Prenzlauer Berg,Pankow,True,2026,2026-05-22,Apartment,False,51.5,1016.72,1250.19,19.74
2758,9,Prenzlauer Berg,Pankow,True,2026,2026-05-22,Apartment,False,48.1,1045.93,1271.78,21.74
2759,1,Charlottenburg,Charlottenburg-Wilmersdorf,True,2026,2026-04-05,Room,False,14.2,306.02,474.14,21.55
2760,5,Mitte,Mitte,True,2026,2026-06-01,Room,True,23.5,712.14,878.29,30.3
2761,8,Pankow,Pankow,False,2026,2026-03-08,Room,True,26.8,567.53,719.9,21.18
2762,8,Pankow,Pankow,False,2026,2026-04-21,Room,False,21.6,379.1,571.67,17.55
2763,6,Moabit,Mitte,True,2026,2026-01-31,Apartment,False,59.0,1024.4,1249.64,17.36
2764,12,Wedding,Mitte,True,2026,2026-07-12,Apartment,False,67.1,948.74,1210.54,14.14
2765,9,Prenzlauer Berg,Pankow,True,2026,2026-03-19,Room,False,15.7,340.0,529.35,21.66
2766,7,Neukölln,Neukölln,True,2026,2026-04-19,Room,False,14.6,289.18,467.12,19.81
2767,12,Wedding,Mitte,True,2026,2026-04-07,Apartment,False,80.8,1171.29,1546.69,14.5
2768,3,Kreuzberg,Friedrichshain-Kreuzberg,True,2026,2026-02-05,Apartment,True,51.2,1259.55,1494.3,24.6
2769,1,Charlottenburg,Charlottenburg-Wilmersdorf,True,2026,2026-01-03,Apartment,False,44.2,852.65,1025.58,19.29
2770,1,Charlottenburg,Charlottenburg-Wilmersdorf,True,2026,2026-03-08,Room,False,23.1,453.76,637.45,19.64
2771,6,Moabit,Mitte,True,2026,2026-04-06,Room,False,18.3,333.77,517.12,18.24
2772,8,Pankow,Pankow,False,2026,2026-05-17,Room,False,16.4,287.98,472.78,17.56
2773,9,Prenzlauer Berg,Pankow,True,2026,2026-03-31,Room,False,15.1,322.24,485.23,21.34
2774,9,Prenzlauer Berg,Pankow,True,2026,2026-03-05,Room,False,26.1,597.3,745.45,22.89
2775,10,Schöneberg,Tempelhof-Schöneberg,True,2026,2026-03-02,Room,True,15.3,400.76,583.82,26.19
2776,4,Lichtenberg,Lichtenberg,False,2026,2026-06-14,Room,False,20.9,331.05,491.23,15.84
2777,12,Wedding,Mitte,True,2026,2026-03-25,Apartment,False,62.8,1004.83,1261.63,16.0
2778,3,Kreuzberg,Friedrichshain-Kreuzberg,True,2026,2026-08-08,Room,False,16.4,384.82,539.12,23.46
2779,1,Charlottenburg,Charlottenburg-Wilmersdorf,True,2026,2026-01-15,Room,True,21.0,514.71,682.9,24.51
2780,1,Charlottenburg,Charlottenburg-Wilmersdorf,True,2026,2026-03-08,Apartment,False,66.8,1182.39,1472.26,17.7
2781,6,Moabit,Mitte,True,2026,2026-03-18,Apartment,True,46.5,914.26,1123.28,19.66
2782,6,Moabit,Mitte,True,2026,2026-08-05,Apartment,False,77.7,1250.72,1604.25,16.1
2783,6,Moabit,Mitte,True,2026,2026-03-08,Room,False,23.8,480.34,649.02,20.18
2784,7,Neukölln,Neukölln,True,2026,2026-01-08,Apartment,False,36.8,621.27,778.02,16.88
2785,9,Prenzlauer Berg,Pankow,True,2026,2026-02-21,Room,False,19.9,474.04,625.13,23.82
2786,9,Prenzlauer Berg,Pankow,True,2026,2026-05-12,Apartment,False,65.0,1254.12,1555.9,19.29
2787,6,Moabit,Mitte,True,2026,2026-02-14,Apartment,False,75.6,1275.66,1586.93,16.87
2788,6,Moabit,Mitte,True,2026,2026-03-22,Apartment,True,49.3,999.63,1217.33,20.28
2789,3,Kreuzberg,Friedrichshain-Kreuzberg,True,2026,2026-03-25,Room,False,19.7,461.61,619.18,23.43
2790,11,Steglitz,Steglitz-Zehlendorf,False,2026,2026-08-10,Room,False,25.0,375.52,546.55,15.02
2791,2,Friedrichshain,Friedrichshain-Kreuzberg,True,2026,2026-01-23,Room,False,16.6,354.54,519.71,21.36
2792,11,Steglitz,Steglitz-Zehlendorf,False,2026,2026-08-27,Apartment,False,81.7,1159.38,1499.07,14.19
2793,2,Friedrichshain,Friedrichshain-Kreuzberg,True,2026,2026-04-07,Apartment,True,75.7,1771.16,2076.33,23.4
2794,4,Lichtenberg,Lichtenberg,False,2026,2026-01-08,Apartment,True,80.3,1282.22,1629.7,15.97
2795,11,Steglitz,Steglitz-Zehlendorf,False,2026,2026-08-20,Room,True,22.3,411.09,559.85,18.43
2796,9,Prenzlauer Berg,Pankow,True,2026,2026-06-02,Apartment,False,52.0,986.8,1188.38,18.98
2797,10,Schöneberg,Tempelhof-Schöneberg,True,2026,2026-05-12,Apartment,True,49.4,1110.88,1331.33,22.49
2798,12,Wedding,Mitte,True,2026,2026-05-30,Room,False,26.6,478.72,659.31,18.0
2799,1,Charlottenburg,Charlottenburg-Wilmersdorf,True,2026,2026-03-26,Room,False,26.3,558.7,746.74,21.24
2800,4,Lichtenberg,Lichtenberg,False,2026,2026-01-14,Apartment,True,61.0,1159.37,1437.43,19.01
2801,3,Kreuzberg,Friedrichshain-Kreuzberg,True,2026,2026-08-18,Room,False,22.2,512.74,688.15,23.1
2802,4,Lichtenberg,Lichtenberg,False,2026,2026-06-13,Apartment,False,76.0,1016.79,1342.56,13.38
2803,8,Pankow,Pankow,False,2026,2026-05-29,Apartment,False,39.1,519.79,679.92,13.29
2804,12,Wedding,Mitte,True,2026,2026-07-23,Room,False,27.0,495.89,679.44,18.37
2805,9,Prenzlauer Berg,Pankow,True,2026,2026-01-27,Room,False,16.2,392.51,584.7,24.23
2806,2,Friedrichshain,Friedrichshain-Kreuzberg,True,2026,2026-05-18,Room,True,14.4,378.19,545.74,26.26
2807,2,Friedrichshain,Friedrichshain-Kreuzberg,True,2026,2026-01-21,Apartment,False,65.5,1421.53,1719.61,21.7
2808,7,Neukölln,Neukölln,True,2026,2026-08-23,Apartment,True,35.6,846.57,1001.62,23.78
2809,11,Steglitz,Steglitz-Zehlendorf,False,2026,2026-04-05,Apartment,False,76.7,1060.33,1391.63,13.82
2810,1,Charlottenburg,Charlottenburg-Wilmersdorf,True,2026,2026-07-22,Room,False,26.9,552.03,709.98,20.52
2811,1,Charlottenburg,Charlottenburg-Wilmersdorf,True,2026,2026-07-13,Room,False,18.4,373.11,554.9,20.28
2812,11,Steglitz,Steglitz-Zehlendorf,False,2026,2026-06-22,Apartment,False,73.4,1055.55,1347.36,14.38
2813,10,Schöneberg,Tempelhof-Schöneberg,True,2026,2026-01-03,Room,False,15.7,301.48,475.78,19.2
2814,9,Prenzlauer Berg,Pankow,True,2026,2026-06-15,Apartment,False,77.6,1724.22,2040.57,22.22
2815,1,Charlottenburg,Charlottenburg-Wilmersdorf,True,2026,2026-05-17,Room,True,20.0,499.49,662.25,24.97
2816,2,Friedrichshain,Friedrichshain-Kreuzberg,True,2026,2026-03-18,Apartment,False,37.1,718.26,888.6,19.36
2817,9,Prenzlauer Berg,Pankow,True,2026,2026-05-08,Apartment,True,38.5,967.23,1140.8,25.12
2818,9,Prenzlauer Berg,Pankow,True,2026,2026-05-11,Room,False,26.8,566.66,745.72,21.14
2819,11,Steglitz,Steglitz-Zehlendorf,False,2026,2026-06-30,Apartment,False,45.4,604.66,802.46,13.32
2820,5,Mitte,Mitte,True,2026,2026-04-21,Apartment,False,83.8,1984.62,2366.53,23.68
2821,2,Friedrichshain,Friedrichshain-Kreuzberg,True,2026,2026-08-09,Room,False,20.3,431.36,608.64,21.25
2822,10,Schöneberg,Tempelhof-Schöneberg,True,2026,2026-01-26,Apartment,True,59.4,1222.86,1495.48,20.59
2823,10,Schöneberg,Tempelhof-Schöneberg,True,2026,2026-05-11,Room,False,23.5,437.34,591.37,18.61
2824,9,Prenzlauer Berg,Pankow,True,2026,2026-06-16,Apartment,True,36.4,874.87,1045.84,24.03
2825,10,Schöneberg,Tempelhof-Schöneberg,True,2026,2026-03-07,Room,True,17.5,385.34,569.67,22.02
2826,2,Friedrichshain,Friedrichshain-Kreuzberg,True,2026,2026-06-28,Apartment,False,38.8,829.28,998.49,21.37
2827,6,Moabit,Mitte,True,2026,2026-03-18,Apartment,True,79.6,1657.9,2005.86,20.83
2828,10,Schöneberg,Tempelhof-Schöneberg,True,2026,2026-01-01,Apartment,True,53.7,1075.74,1306.88,20.03
2829,3,Kreuzberg,Friedrichshain-Kreuzberg,True,2026,2026-08-08,Apartment,True,48.2,1171.35,1360.34,24.3
2830,12,Wedding,Mitte,True,2026,2026-02-28,Apartment,True,48.0,847.4,1062.42,17.65
2831,8,Pankow,Pankow,False,2026,2026-04-13,Room,True,14.3,289.67,456.5,20.26
2832,7,Neukölln,Neukölln,True,2026,2026-08-24,Apartment,False,68.0,1228.68,1546.15,18.07
2833,5,Mitte,Mitte,True,2026,2026-07-15,Apartment,True,61.8,1855.08,2118.24,30.02
2834,7,Neukölln,Neukölln,True,2026,2026-08-01,Apartment,False,52.5,989.9,1200.6,18.86
2835,1,Charlottenburg,Charlottenburg-Wilmersdorf,True,2026,2026-08-16,Apartment,False,41.8,757.14,933.04,18.11
2836,9,Prenzlauer Berg,Pankow,True,2026,2026-07-21,Room,False,25.3,610.0,802.33,24.11
2837,2,Friedrichshain,Friedrichshain-Kreuzberg,True,2026,2026-01-09,Apartment,False,76.0,1592.55,1933.72,20.95
2838,9,Prenzlauer Berg,Pankow,True,2026,2026-05-21,Room,True,21.1,552.43,722.63,26.18
2839,6,Moabit,Mitte,True,2026,2026-04-14,Room,False,27.5,496.45,654.98,18.05
2840,7,Neukölln,Neukölln,True,2026,2026-06-04,Apartment,False,76.5,1258.37,1598.47,16.45
2841,5,Mitte,Mitte,True,2026,2026-01-06,Apartment,True,82.6,2180.12,2558.92,26.39
2842,3,Kreuzberg,Friedrichshain-Kreuzberg,True,2026,2026-08-25,Apartment,False,52.4,1113.57,1358.43,21.25
2843,7,Neukölln,Neukölln,True,2026,2026-01-09,Room,False,26.1,497.52,649.34,19.06
2844,11,Steglitz,Steglitz-Zehlendorf,False,2026,2026-01-06,Apartment,False,41.7,558.14,727.09,13.38
2845,5,Mitte,Mitte,True,2026,2026-02-25,Apartment,False,64.6,1461.44,1712.72,22.62
2846,3,Kreuzberg,Friedrichshain-Kreuzberg,True,2026,2026-06-09,Room,False,17.4,391.43,542.82,22.5
2847,6,Moabit,Mitte,True,2026,2026-04-30,Apartment,True,82.7,1778.92,2113.8,21.51
2848,5,Mitte,Mitte,True,2026,2026-08-10,Apartment,False,58.7,1337.16,1612.15,22.78
2849,8,Pankow,Pankow,False,2026,2026-02-17,Room,True,19.2,424.59,608.3,22.11
2850,7,Neukölln,Neukölln,True,2026,2026-01-26,Room,False,23.7,482.73,638.49,20.37
2851,2,Friedrichshain,Friedrichshain-Kreuzberg,True,2026,2026-01-26,Apartment,False,36.8,709.54,866.8,19.28
2852,11,Steglitz,Steglitz-Zehlendorf,False,2026,2026-01-15,Room,True,14.2,275.09,452.47,19.37
2853,3,Kreuzberg,Friedrichshain-Kreuzberg,True,2026,2026-07-04,Apartment,True,51.8,1351.72,1585.98,26.09
2854,3,Kreuzberg,Friedrichshain-Kreuzberg,True,2026,2026-05-02,Room,True,19.7,510.48,673.73,25.91
2855,8,Pankow,Pankow,False,2026,2026-01-04,Room,True,20.9,410.96,584.3,19.66
2856,5,Mitte,Mitte,True,2026,2026-02-13,Apartment,True,58.1,1525.68,1780.68,26.26
2857,3,Kreuzberg,Friedrichshain-Kreuzberg,True,2026,2026-01-20,Room,True,25.4,701.18,870.45,27.61
2858,4,Lichtenberg,Lichtenberg,False,2026,2026-07-01,Room,True,15.7,309.01,496.17,19.68
2859,7,Neukölln,Neukölln,True,2026,2026-07-26,Apartment,False,84.9,1401.01,1736.4,16.5
2860,2,Friedrichshain,Friedrichshain-Kreuzberg,True,2026,2026-07-31,Apartment,True,47.8,1081.23,1304.96,22.62
2861,9,Prenzlauer Berg,Pankow,True,2026,2026-06-15,Apartment,True,74.3,1957.63,2249.61,26.35
2862,10,Schöneberg,Tempelhof-Schöneberg,True,2026,2026-07-07,Room,True,17.0,421.59,575.98,24.8
2863,4,Lichtenberg,Lichtenberg,False,2026,2026-05-02,Apartment,False,50.3,738.14,965.4,14.67
2864,3,Kreuzberg,Friedrichshain-Kreuzberg,True,2026,2026-02-27,Room,True,23.4,625.98,788.19,26.75
2865,3,Kreuzberg,Friedrichshain-Kreuzberg,True,2026,2026-06-23,Apartment,True,58.3,1577.23,1800.03,27.05
2866,3,Kreuzberg,Friedrichshain-Kreuzberg,True,2026,2026-02-03,Room,True,23.7,634.96,800.16,26.79
2867,2,Friedrichshain,Friedrichshain-Kreuzberg,True,2026,2026-08-04,Room,False,18.5,434.81,608.97,23.5
2868,2,Friedrichshain,Friedrichshain-Kreuzberg,True,2026,2026-07-07,Room,False,26.3,623.62,803.26,23.71
2869,8,Pankow,Pankow,False,2026,2026-08-21,Apartment,False,47.8,702.59,918.27,14.7
2870,12,Wedding,Mitte,True,2026,2026-03-10,Apartment,True,58.2,1259.41,1506.77,21.64
2871,7,Neukölln,Neukölln,True,2026,2026-05-25,Apartment,True,72.5,1600.53,1939.74,22.08
2872,2,Friedrichshain,Friedrichshain-Kreuzberg,True,2026,2026-03-18,Apartment,False,66.0,1334.04,1589.93,20.21
2873,5,Mitte,Mitte,True,2026,2026-08-17,Room,False,24.2,581.66,766.73,24.04
2874,9,Prenzlauer Berg,Pankow,True,2026,2026-02-28,Room,False,22.8,540.03,723.37,23.69
2875,7,Neukölln,Neukölln,True,2026,2026-02-10,Apartment,False,48.5,928.1,1114.11,19.14
2876,2,Friedrichshain,Friedrichshain-Kreuzberg,True,2026,2026-07-02,Room,False,19.7,420.43,576.87,21.34
2877,5,Mitte,Mitte,True,2026,2026-07-10,Room,False,16.8,415.67,594.55,24.74
2878,3,Kreuzberg,Friedrichshain-Kreuzberg,True,2026,2026-01-06,Apartment,True,51.4,1410.18,1605.59,27.44
2879,5,Mitte,Mitte,True,2026,2026-06-01,Apartment,True,74.7,2210.67,2525.01,29.59
2880,2,Friedrichshain,Friedrichshain-Kreuzberg,True,2026,2026-03-06,Apartment,True,61.1,1596.02,1833.15,26.12
2881,2,Friedrichshain,Friedrichshain-Kreuzberg,True,2026,2026-07-09,Room,True,22.1,595.86,769.41,26.96
2882,4,Lichtenberg,Lichtenberg,False,2026,2026-06-22,Room,True,23.6,431.85,617.28,18.3
2883,12,Wedding,Mitte,True,2026,2026-01-03,Apartment,False,58.0,928.67,1151.4,16.01
2884,12,Wedding,Mitte,True,2026,2026-08-21,Apartment,True,62.2,1210.68,1494.88,19.46
2885,12,Wedding,Mitte,True,2026,2026-06-02,Room,False,19.4,317.16,466.2,16.35
2886,8,Pankow,Pankow,False,2026,2026-08-02,Apartment,False,47.5,644.31,828.95,13.56
2887,9,Prenzlauer Berg,Pankow,True,2026,2026-05-23,Apartment,True,39.8,1059.2,1234.16,26.61
2888,4,Lichtenberg,Lichtenberg,False,2026,2026-01-05,Room,True,21.0,435.43,597.34,20.73
2889,9,Prenzlauer Berg,Pankow,True,2026,2026-07-15,Apartment,False,68.2,1287.57,1559.22,18.88
2890,9,Prenzlauer Berg,Pankow,True,2026,2026-06-02,Room,False,20.3,449.47,623.33,22.14
2891,7,Neukölln,Neukölln,True,2026,2026-07-03,Room,False,17.8,348.37,516.24,19.57
2892,5,Mitte,Mitte,True,2026,2026-02-05,Room,False,17.7,432.69,581.41,24.45
2893,11,Steglitz,Steglitz-Zehlendorf,False,2026,2026-02-26,Apartment,False,69.4,908.81,1181.14,13.1
2894,12,Wedding,Mitte,True,2026,2026-04-11,Room,False,18.0,292.41,483.65,16.25
2895,3,Kreuzberg,Friedrichshain-Kreuzberg,True,2026,2026-04-30,Room,True,26.4,718.09,906.81,27.2
2896,9,Prenzlauer Berg,Pankow,True,2026,2026-03-30,Apartment,True,83.5,2015.65,2402.88,24.14
2897,6,Moabit,Mitte,True,2026,2026-05-22,Room,True,16.2,351.75,542.52,21.71
2898,11,Steglitz,Steglitz-Zehlendorf,False,2026,2026-07-21,Room,False,23.6,404.88,581.16,17.16
2899,4,Lichtenberg,Lichtenberg,False,2026,2026-01-09,Apartment,True,35.9,660.04,800.16,18.39
2900,5,Mitte,Mitte,True,2026,2026-05-24,Apartment,True,37.8,963.19,1109.73,25.48
2901,9,Prenzlauer Berg,Pankow,True,2026,2026-02-14,Apartment,False,36.5,776.24,939.43,21.27
2902,9,Prenzlauer Berg,Pankow,True,2026,2026-02-02,Apartment,True,71.8,1945.12,2240.63,27.09
2903,5,Mitte,Mitte,True,2026,2026-07-12,Apartment,True,61.6,1629.65,1887.54,26.46
2904,1,Charlottenburg,Charlottenburg-Wilmersdorf,True,2026,2026-03-21,Room,False,26.5,570.13,752.06,21.51
2905,10,Schöneberg,Tempelhof-Schöneberg,True,2026,2026-04-23,Apartment,False,50.3,846.35,1044.02,16.83
2906,10,Schöneberg,Tempelhof-Schöneberg,True,2026,2026-06-09,Apartment,False,50.0,944.3,1135.43,18.89
2907,2,Friedrichshain,Friedrichshain-Kreuzberg,True,2026,2026-07-07,Room,True,21.0,582.83,740.05,27.75
2908,7,Neukölln,Neukölln,True,2026,2026-04-15,Apartment,True,46.7,1029.61,1227.71,22.05
2909,12,Wedding,Mitte,True,2026,2026-04-28,Room,False,24.6,447.85,601.53,18.21
2910,4,Lichtenberg,Lichtenberg,False,2026,2026-06-30,Apartment,False,84.3,1171.65,1556.27,13.9
2911,10,Schöneberg,Tempelhof-Schöneberg,True,2026,2026-03-12,Apartment,False,74.2,1431.44,1770.56,19.29
2912,2,Friedrichshain,Friedrichshain-Kreuzberg,True,2026,2026-04-24,Apartment,False,57.1,1241.65,1502.43,21.75
2913,12,Wedding,Mitte,True,2026,2026-05-29,Apartment,True,66.2,1299.74,1590.77,19.63
2914,5,Mitte,Mitte,True,2026,2026-05-09,Apartment,True,36.8,1039.51,1196.25,28.25
2915,8,Pankow,Pankow,False,2026,2026-03-20,Apartment,True,42.3,752.97,944.61,17.8
2916,5,Mitte,Mitte,True,2026,2026-01-29,Room,False,24.3,570.99,725.85,23.5
2917,3,Kreuzberg,Friedrichshain-Kreuzberg,True,2026,2026-04-02,Room,False,20.1,432.2,613.42,21.5
2918,3,Kreuzberg,Friedrichshain-Kreuzberg,True,2026,2026-03-12,Room,False,16.4,391.83,569.53,23.89
2919,7,Neukölln,Neukölln,True,2026,2026-05-20,Apartment,True,41.2,943.55,1128.81,22.9
2920,12,Wedding,Mitte,True,2026,2026-03-28,Room,True,17.5,385.94,547.74,22.05
2921,4,Lichtenberg,Lichtenberg,False,2026,2026-05-13,Apartment,True,78.7,1312.6,1616.25,16.68
2922,7,Neukölln,Neukölln,True,2026,2026-07-18,Apartment,False,36.2,631.02,777.04,17.43
2923,5,Mitte,Mitte,True,2026,2026-04-05,Room,True,15.4,398.1,582.78,25.85
2924,7,Neukölln,Neukölln,True,2026,2026-01-08,Room,False,15.2,311.98,471.1,20.53
2925,2,Friedrichshain,Friedrichshain-Kreuzberg,True,2026,2026-03-03,Apartment,True,65.6,1742.38,2040.3,26.56
2926,6,Moabit,Mitte,True,2026,2026-01-15,Room,False,23.0,433.5,583.88,18.85
2927,9,Prenzlauer Berg,Pankow,True,2026,2026-06-01,Room,False,16.8,384.4,557.18,22.88
2928,8,Pankow,Pankow,False,2026,2026-01-04,Apartment,False,39.0,598.69,748.03,15.35
2929,9,Prenzlauer Berg,Pankow,True,2026,2026-05-08,Room,False,25.4,550.9,732.66,21.69
2930,11,Steglitz,Steglitz-Zehlendorf,False,2026,2026-07-11,Room,False,24.7,400.98,551.03,16.23
2931,2,Friedrichshain,Friedrichshain-Kreuzberg,True,2026,2026-04-01,Apartment,False,79.2,1484.79,1856.15,18.75
2932,4,Lichtenberg,Lichtenberg,False,2026,2026-05-29,Apartment,False,84.5,1218.8,1559.55,14.42
2933,4,Lichtenberg,Lichtenberg,False,2026,2026-08-24,Room,False,20.5,329.53,516.56,16.07
2934,5,Mitte,Mitte,True,2026,2026-01-31,Apartment,True,82.9,2145.97,2473.35,25.89
2935,5,Mitte,Mitte,True,2026,2026-05-01,Apartment,True,61.4,1761.07,2035.54,28.68
2936,3,Kreuzberg,Friedrichshain-Kreuzberg,True,2026,2026-04-17,Apartment,False,37.8,726.92,874.37,19.23
2937,2,Friedrichshain,Friedrichshain-Kreuzberg,True,2026,2026-08-02,Room,False,21.2,487.72,656.87,23.01
2938,3,Kreuzberg,Friedrichshain-Kreuzberg,True,2026,2026-05-04,Room,True,22.3,627.39,792.68,28.13
2939,6,Moabit,Mitte,True,2026,2026-08-13,Apartment,False,59.3,1050.17,1277.66,17.71
2940,10,Schöneberg,Tempelhof-Schöneberg,True,2026,2026-07-05,Apartment,True,80.1,1638.1,1943.56,20.45
2941,11,Steglitz,Steglitz-Zehlendorf,False,2026,2026-02-13,Apartment,False,58.3,882.11,1105.3,15.13
2942,4,Lichtenberg,Lichtenberg,False,2026,2026-04-12,Room,False,16.7,278.2,435.8,16.66
2943,3,Kreuzberg,Friedrichshain-Kreuzberg,True,2026,2026-06-04,Room,False,19.5,405.35,598.05,20.79
2944,4,Lichtenberg,Lichtenberg,False,2026,2026-01-06,Apartment,False,77.3,1026.61,1366.71,13.28
2945,10,Schöneberg,Tempelhof-Schöneberg,True,2026,2026-03-04,Apartment,False,52.8,931.96,1165.39,17.65
2946,8,Pankow,Pankow,False,2026,2026-02-06,Apartment,False,53.2,808.53,1052.7,15.2
2947,2,Friedrichshain,Friedrichshain-Kreuzberg,True,2026,2026-04-10,Room,False,25.7,601.03,786.09,23.39
2948,2,Friedrichshain,Friedrichshain-Kreuzberg,True,2026,2026-07-28,Room,False,17.0,367.83,559.9,21.64
2949,4,Lichtenberg,Lichtenberg,False,2026,2026-01-29,Apartment,True,74.1,1191.24,1522.71,16.08
2950,8,Pankow,Pankow,False,2026,2026-01-07,Apartment,True,41.8,744.71,906.03,17.82
2951,5,Mitte,Mitte,True,2026,2026-08-08,Room,True,20.0,579.58,728.28,28.98
2952,9,Prenzlauer Berg,Pankow,True,2026,2026-07-02,Room,True,26.8,725.33,907.69,27.06
2953,12,Wedding,Mitte,True,2026,2026-08-11,Apartment,False,55.2,895.64,1116.88,16.23
2954,8,Pankow,Pankow,False,2026,2026-08-14,Apartment,True,62.5,1028.54,1312.18,16.46
2955,7,Neukölln,Neukölln,True,2026,2026-07-26,Apartment,False,73.4,1221.56,1533.88,16.64
2956,8,Pankow,Pankow,False,2026,2026-03-24,Apartment,False,41.1,595.21,771.8,14.48
2957,11,Steglitz,Steglitz-Zehlendorf,False,2026,2026-08-21,Apartment,False,41.8,611.67,804.59,14.63
2958,6,Moabit,Mitte,True,2026,2026-03-29,Room,True,17.3,385.52,556.32,22.28
2959,1,Charlottenburg,Charlottenburg-Wilmersdorf,True,2026,2026-02-11,Room,True,27.1,623.06,798.0,22.99
2960,9,Prenzlauer Berg,Pankow,True,2026,2026-04-05,Apartment,True,49.8,1246.74,1473.74,25.03
2961,7,Neukölln,Neukölln,True,2026,2026-01-07,Room,False,16.0,310.94,478.81,19.43
2962,6,Moabit,Mitte,True,2026,2026-07-13,Room,False,20.5,378.1,562.35,18.44
2963,4,Lichtenberg,Lichtenberg,False,2026,2026-02-25,Apartment,False,72.6,1003.97,1327.07,13.83
2964,2,Friedrichshain,Friedrichshain-Kreuzberg,True,2026,2026-07-30,Apartment,True,46.4,1018.11,1212.9,21.94
2965,2,Friedrichshain,Friedrichshain-Kreuzberg,True,2026,2026-01-13,Apartment,False,51.2,1015.16,1218.06,19.83
2966,3,Kreuzberg,Friedrichshain-Kreuzberg,True,2026,2026-08-17,Apartment,True,73.5,1812.68,2156.89,24.66
2967,6,Moabit,Mitte,True,2026,2026-03-06,Room,False,18.2,319.52,486.27,17.56
2968,3,Kreuzberg,Friedrichshain-Kreuzberg,True,2026,2026-01-18,Room,False,19.3,412.05,581.57,21.35
2969,11,Steglitz,Steglitz-Zehlendorf,False,2026,2026-02-05,Room,True,24.2,496.07,662.86,20.5
2970,1,Charlottenburg,Charlottenburg-Wilmersdorf,True,2026,2026-04-15,Apartment,True,61.5,1485.06,1752.38,24.15
2971,4,Lichtenberg,Lichtenberg,False,2026,2026-06-01,Apartment,False,60.9,910.69,1196.57,14.95
2972,4,Lichtenberg,Lichtenberg,False,2026,2026-07-21,Room,True,18.7,344.71,492.98,18.43
2973,5,Mitte,Mitte,True,2026,2026-04-18,Apartment,False,65.2,1333.14,1592.64,20.45
2974,11,Steglitz,Steglitz-Zehlendorf,False,2026,2026-07-18,Room,False,22.3,356.37,547.19,15.98
2975,5,Mitte,Mitte,True,2026,2026-05-02,Room,False,24.3,573.86,724.46,23.62
2976,12,Wedding,Mitte,True,2026,2026-08-06,Apartment,False,70.5,1056.73,1334.7,14.99
2977,2,Friedrichshain,Friedrichshain-Kreuzberg,True,2026,2026-08-05,Apartment,False,47.1,987.9,1177.89,20.97
2978,3,Kreuzberg,Friedrichshain-Kreuzberg,True,2026,2026-02-16,Apartment,False,72.5,1369.03,1692.07,18.88
2979,5,Mitte,Mitte,True,2026,2026-04-29,Apartment,True,67.2,1744.1,2004.0,25.95
2980,1,Charlottenburg,Charlottenburg-Wilmersdorf,True,2026,2026-02-12,Apartment,False,65.3,1283.67,1538.08,19.66
2981,5,Mitte,Mitte,True,2026,2026-04-14,Apartment,True,79.2,2052.05,2412.68,25.91
2982,8,Pankow,Pankow,False,2026,2026-02-23,Apartment,True,43.8,729.23,918.48,16.65
2983,8,Pankow,Pankow,False,2026,2026-05-26,Apartment,True,36.5,615.92,786.19,16.87
2984,12,Wedding,Mitte,True,2026,2026-05-07,Room,False,26.5,443.21,609.1,16.72
2985,2,Friedrichshain,Friedrichshain-Kreuzberg,True,2026,2026-07-14,Room,False,26.2,574.37,762.13,21.92
2986,5,Mitte,Mitte,True,2026,2026-07-19,Apartment,False,39.0,915.63,1079.47,23.48
2987,5,Mitte,Mitte,True,2026,2026-02-17,Apartment,False,82.1,1725.45,2052.08,21.02
2988,10,Schöneberg,Tempelhof-Schöneberg,True,2026,2026-07-26,Apartment,True,80.8,1702.54,2017.81,21.07
2989,6,Moabit,Mitte,True,2026,2026-02-26,Room,True,20.2,506.09,654.33,25.05
2990,8,Pankow,Pankow,False,2026,2026-03-31,Room,False,27.0,434.55,589.58,16.09
2991,8,Pankow,Pankow,False,2026,2026-07-08,Apartment,False,62.5,846.16,1117.61,13.54
2992,8,Pankow,Pankow,False,2026,2026-08-09,Room,False,16.2,280.83,436.94,17.34
2993,2,Friedrichshain,Friedrichshain-Kreuzberg,True,2026,2026-03-18,Room,False,25.5,539.83,717.18,21.17
2994,8,Pankow,Pankow,False,2026,2026-07-30,Apartment,True,76.5,1427.71,1762.88,18.66
2995,3,Kreuzberg,Friedrichshain-Kreuzberg,True,2026,2026-06-09,Apartment,True,67.2,1594.46,1879.41,23.73
2996,11,Steglitz,Steglitz-Zehlendorf,False,2026,2026-07-28,Apartment,True,57.6,939.94,1181.36,16.32
2997,5,Mitte,Mitte,True,2026,2026-02-13,Room,False,19.1,451.15,638.35,23.62
2998,5,Mitte,Mitte,True,2026,2026-02-13,Apartment,False,81.1,1790.83,2160.5,22.08
2999,8,Pankow,Pankow,False,2026,2026-07-28,Room,True,15.1,304.7,466.17,20.18
3000,9,Prenzlauer Berg,Pankow,True,2026,2026-02-10,Apartment,True,62.1,1704.96,1950.63,27.46
3001,1,Charlottenburg,Charlottenburg-Wilmersdorf,True,2026,2026-02-09,Apartment,True,43.7,1036.98,1205.68,23.73
3002,1,Charlottenburg,Charlottenburg-Wilmersdorf,True,2026,2026-08-15,Apartment,False,52.2,1026.95,1230.64,19.67
3003,11,Steglitz,Steglitz-Zehlendorf,False,2026,2026-04-14,Room,True,18.6,383.39,541.56,20.61
3004,8,Pankow,Pankow,False,2026,2026-02-19,Apartment,False,63.0,948.75,1199.95,15.06
3005,9,Prenzlauer Berg,Pankow,True,2026,2026-01-02,Room,True,25.9,670.78,837.98,25.9
3006,12,Wedding,Mitte,True,2026,2026-02-02,Room,False,24.4,460.21,618.58,18.86
3007,7,Neukölln,Neukölln,True,2026,2026-04-11,Apartment,True,79.0,1643.35,1996.97,20.8
3008,1,Charlottenburg,Charlottenburg-Wilmersdorf,True,2026,2026-03-04,Apartment,False,65.7,1287.85,1544.48,19.6
3009,6,Moabit,Mitte,True,2026,2026-01-04,Room,True,20.4,458.44,609.39,22.47
3010,10,Schöneberg,Tempelhof-Schöneberg,True,2026,2026-04-25,Room,False,17.8,333.94,491.08,18.76
3011,1,Charlottenburg,Charlottenburg-Wilmersdorf,True,2026,2026-06-29,Apartment,False,64.3,1100.21,1370.38,17.11
3012,9,Prenzlauer Berg,Pankow,True,2026,2026-05-02,Room,True,24.1,612.35,803.14,25.41
3013,1,Charlottenburg,Charlottenburg-Wilmersdorf,True,2026,2026-08-18,Room,False,22.8,455.02,620.26,19.96
3014,3,Kreuzberg,Friedrichshain-Kreuzberg,True,2026,2026-01-07,Apartment,False,56.3,1127.69,1380.47,20.03
3015,5,Mitte,Mitte,True,2026,2026-03-11,Apartment,True,72.1,1919.11,2249.84,26.62
3016,5,Mitte,Mitte,True,2026,2026-04-01,Room,False,14.9,366.75,553.45,24.61
3017,5,Mitte,Mitte,True,2026,2026-03-02,Room,True,24.1,659.34,812.07,27.36
3018,4,Lichtenberg,Lichtenberg,False,2026,2026-02-05,Apartment,False,57.1,851.21,1091.88,14.91
3019,7,Neukölln,Neukölln,True,2026,2026-02-09,Apartment,False,53.7,993.11,1238.73,18.49
3020,2,Friedrichshain,Friedrichshain-Kreuzberg,True,2026,2026-05-19,Apartment,True,75.9,1955.42,2291.69,25.76
3021,2,Friedrichshain,Friedrichshain-Kreuzberg,True,2026,2026-05-07,Apartment,False,83.5,1609.07,1967.16,19.27
3022,5,Mitte,Mitte,True,2026,2026-03-02,Room,False,25.6,585.06,742.46,22.85
3023,3,Kreuzberg,Friedrichshain-Kreuzberg,True,2026,2026-08-30,Apartment,False,56.5,1059.79,1318.86,18.76
3024,5,Mitte,Mitte,True,2026,2026-01-15,Room,False,21.6,500.71,668.21,23.18
3025,12,Wedding,Mitte,True,2026,2026-08-01,Room,False,25.0,454.2,626.07,18.17
3026,11,Steglitz,Steglitz-Zehlendorf,False,2026,2026-02-04,Apartment,False,51.0,704.02,934.25,13.8
3027,10,Schöneberg,Tempelhof-Schöneberg,True,2026,2026-02-13,Apartment,True,60.4,1265.08,1526.37,20.95
3028,1,Charlottenburg,Charlottenburg-Wilmersdorf,True,2026,2026-05-30,Room,True,24.9,651.99,803.6,26.18
3029,10,Schöneberg,Tempelhof-Schöneberg,True,2026,2026-04-01,Room,True,16.6,397.26,569.26,23.93
3030,11,Steglitz,Steglitz-Zehlendorf,False,2026,2026-04-25,Apartment,False,55.3,807.37,1066.73,14.6
3031,3,Kreuzberg,Friedrichshain-Kreuzberg,True,2026,2026-08-31,Apartment,True,73.0,1981.72,2265.08,27.15
3032,3,Kreuzberg,Friedrichshain-Kreuzberg,True,2026,2026-07-21,Apartment,True,48.7,1182.87,1393.97,24.29
3033,5,Mitte,Mitte,True,2026,2026-02-04,Apartment,False,54.7,1264.57,1494.26,23.12
3034,10,Schöneberg,Tempelhof-Schöneberg,True,2026,2026-04-03,Room,True,25.6,616.13,807.46,24.07
3035,10,Schöneberg,Tempelhof-Schöneberg,True,2026,2026-01-20,Room,True,25.7,604.27,762.69,23.51
3036,5,Mitte,Mitte,True,2026,2026-02-04,Apartment,True,46.0,1181.21,1381.64,25.68
3037,3,Kreuzberg,Friedrichshain-Kreuzberg,True,2026,2026-01-02,Room,False,15.2,344.01,509.21,22.63
3038,11,Steglitz,Steglitz-Zehlendorf,False,2026,2026-01-10,Room,False,27.0,411.64,581.5,15.25
3039,1,Charlottenburg,Charlottenburg-Wilmersdorf,True,2026,2026-01-15,Room,False,26.9,565.3,750.69,21.01
3040,6,Moabit,Mitte,True,2026,2026-08-29,Apartment,False,54.5,864.71,1097.6,15.87
3041,1,Charlottenburg,Charlottenburg-Wilmersdorf,True,2026,2026-01-24,Room,False,17.2,331.55,491.76,19.28
3042,6,Moabit,Mitte,True,2026,2026-08-11,Apartment,False,77.9,1341.48,1651.91,17.22
3043,9,Prenzlauer Berg,Pankow,True,2026,2026-04-22,Apartment,True,67.1,1748.69,2046.7,26.06
3044,7,Neukölln,Neukölln,True,2026,2026-08-23,Room,True,15.4,370.59,531.54,24.06
3045,11,Steglitz,Steglitz-Zehlendorf,False,2026,2026-04-18,Room,True,20.6,422.33,591.78,20.5
3046,5,Mitte,Mitte,True,2026,2026-01-12,Room,False,25.1,610.05,766.15,24.3
3047,7,Neukölln,Neukölln,True,2026,2026-05-21,Apartment,False,58.7,1107.3,1335.65,18.86
3048,6,Moabit,Mitte,True,2026,2026-06-28,Room,True,25.8,596.68,752.44,23.13
3049,3,Kreuzberg,Friedrichshain-Kreuzberg,True,2026,2026-07-16,Room,True,21.8,568.02,728.05,26.06
3050,6,Moabit,Mitte,True,2026,2026-05-27,Room,True,20.0,429.72,614.8,21.49
3051,7,Neukölln,Neukölln,True,2026,2026-05-18,Room,False,14.2,276.0,437.2,19.44
3052,1,Charlottenburg,Charlottenburg-Wilmersdorf,True,2026,2026-04-30,Apartment,True,73.1,1631.13,1927.39,22.31
3053,3,Kreuzberg,Friedrichshain-Kreuzberg,True,2026,2026-01-01,Room,False,23.9,498.81,647.35,20.87
3054,8,Pankow,Pankow,False,2026,2026-08-30,Room,False,18.7,330.11,499.79,17.65
3055,7,Neukölln,Neukölln,True,2026,2026-01-05,Room,False,17.9,345.92,520.47,19.33
3056,5,Mitte,Mitte,True,2026,2026-08-05,Apartment,True,61.7,1587.95,1839.33,25.74
3057,4,Lichtenberg,Lichtenberg,False,2026,2026-05-14,Apartment,False,49.7,684.15,915.78,13.77
3058,7,Neukölln,Neukölln,True,2026,2026-04-26,Room,False,19.5,379.95,552.35,19.48
3059,4,Lichtenberg,Lichtenberg,False,2026,2026-08-13,Apartment,True,55.8,1062.56,1281.2,19.04
3060,10,Schöneberg,Tempelhof-Schöneberg,True,2026,2026-04-05,Apartment,False,81.2,1553.21,1918.93,19.13
3061,4,Lichtenberg,Lichtenberg,False,2026,2026-05-27,Room,False,21.3,357.29,538.88,16.77
3062,5,Mitte,Mitte,True,2026,2026-07-18,Apartment,True,58.8,1659.36,1888.62,28.22
3063,12,Wedding,Mitte,True,2026,2026-03-02,Room,True,20.4,453.89,602.81,22.25
3064,1,Charlottenburg,Charlottenburg-Wilmersdorf,True,2026,2026-03-05,Room,False,14.5,311.34,469.6,21.47
3065,6,Moabit,Mitte,True,2026,2026-06-15,Room,False,21.1,380.25,546.09,18.02
3066,6,Moabit,Mitte,True,2026,2026-08-27,Apartment,True,55.2,1228.76,1444.49,22.26
3067,3,Kreuzberg,Friedrichshain-Kreuzberg,True,2026,2026-07-18,Room,True,19.7,575.02,751.93,29.19
3068,2,Friedrichshain,Friedrichshain-Kreuzberg,True,2026,2026-02-25,Apartment,False,57.6,1180.61,1421.83,20.5
3069,12,Wedding,Mitte,True,2026,2026-02-22,Apartment,False,75.4,1068.53,1386.99,14.17
3070,8,Pankow,Pankow,False,2026,2026-05-09,Room,True,25.4,532.14,719.22,20.95
3071,6,Moabit,Mitte,True,2026,2026-08-05,Apartment,True,77.2,1706.71,2059.0,22.11
3072,4,Lichtenberg,Lichtenberg,False,2026,2026-03-09,Apartment,False,41.9,541.79,718.18,12.93
3073,4,Lichtenberg,Lichtenberg,False,2026,2026-06-24,Apartment,False,70.0,898.18,1218.63,12.83
3074,11,Steglitz,Steglitz-Zehlendorf,False,2026,2026-04-13,Room,False,16.9,285.9,468.21,16.92
3075,3,Kreuzberg,Friedrichshain-Kreuzberg,True,2026,2026-07-27,Apartment,False,79.8,1473.7,1790.7,18.47
3076,8,Pankow,Pankow,False,2026,2026-05-26,Apartment,False,60.4,897.15,1163.25,14.85
3077,12,Wedding,Mitte,True,2026,2026-08-15,Apartment,False,63.1,958.72,1216.84,15.19
3078,9,Prenzlauer Berg,Pankow,True,2026,2026-07-30,Apartment,True,39.5,1086.82,1255.9,27.51
3079,7,Neukölln,Neukölln,True,2026,2026-05-18,Apartment,True,64.4,1291.78,1576.81,20.06
3080,4,Lichtenberg,Lichtenberg,False,2026,2026-06-25,Apartment,True,79.2,1369.36,1693.62,17.29
3081,4,Lichtenberg,Lichtenberg,False,2026,2026-01-07,Apartment,True,49.1,895.68,1100.76,18.24
3082,10,Schöneberg,Tempelhof-Schöneberg,True,2026,2026-06-05,Apartment,True,52.0,1124.19,1339.01,21.62
3083,12,Wedding,Mitte,True,2026,2026-03-13,Room,False,17.2,320.47,501.88,18.63
3084,4,Lichtenberg,Lichtenberg,False,2026,2026-07-30,Apartment,False,69.9,1018.77,1328.03,14.57
3085,11,Steglitz,Steglitz-Zehlendorf,False,2026,2026-01-02,Room,False,15.6,250.13,436.83,16.03
3086,10,Schöneberg,Tempelhof-Schöneberg,True,2026,2026-08-15,Apartment,False,48.6,824.56,1014.22,16.97
3087,4,Lichtenberg,Lichtenberg,False,2026,2026-06-16,Apartment,False,72.9,1087.43,1371.2,14.92
3088,7,Neukölln,Neukölln,True,2026,2026-05-11,Apartment,False,71.1,1180.24,1504.81,16.6
3089,2,Friedrichshain,Friedrichshain-Kreuzberg,True,2026,2026-02-09,Room,True,20.3,500.57,690.73,24.66
3090,10,Schöneberg,Tempelhof-Schöneberg,True,2026,2026-05-13,Apartment,True,79.0,1658.46,1997.01,20.99
3091,4,Lichtenberg,Lichtenberg,False,2026,2026-02-12,Apartment,False,38.3,499.16,649.88,13.03
3092,8,Pankow,Pankow,False,2026,2026-08-04,Apartment,False,67.6,1031.21,1338.77,15.25
3093,12,Wedding,Mitte,True,2026,2026-05-10,Room,False,23.2,377.98,532.61,16.29
3094,4,Lichtenberg,Lichtenberg,False,2026,2026-01-20,Apartment,True,63.2,1111.25,1367.09,17.58
3095,10,Schöneberg,Tempelhof-Schöneberg,True,2026,2026-08-17,Apartment,False,64.6,1073.53,1353.88,16.62
3096,10,Schöneberg,Tempelhof-Schöneberg,True,2026,2026-02-04,Apartment,True,58.6,1212.53,1436.96,20.69
3097,5,Mitte,Mitte,True,2026,2026-02-19,Room,True,14.8,429.41,618.94,29.01
3098,4,Lichtenberg,Lichtenberg,False,2026,2026-02-17,Apartment,True,48.5,816.02,1027.83,16.83
3099,4,Lichtenberg,Lichtenberg,False,2026,2026-01-21,Room,False,23.5,397.48,585.98,16.91
3100,3,Kreuzberg,Friedrichshain-Kreuzberg,True,2026,2026-02-11,Room,False,25.3,601.15,755.57,23.76
3101,4,Lichtenberg,Lichtenberg,False,2026,2026-02-27,Apartment,True,64.8,1179.98,1435.33,18.21
3102,6,Moabit,Mitte,True,2026,2026-08-26,Room,True,21.7,471.38,656.41,21.72
3103,11,Steglitz,Steglitz-Zehlendorf,False,2026,2026-07-13,Room,False,23.1,369.13,523.06,15.98
3104,7,Neukölln,Neukölln,True,2026,2026-02-26,Room,True,25.8,640.21,804.05,24.81
3105,11,Steglitz,Steglitz-Zehlendorf,False,2026,2026-07-19,Apartment,True,72.7,1343.1,1671.03,18.47
3106,7,Neukölln,Neukölln,True,2026,2026-08-13,Apartment,False,78.7,1476.79,1795.11,18.76
3107,12,Wedding,Mitte,True,2026,2026-04-05,Apartment,True,78.7,1596.7,1913.38,20.29
3108,7,Neukölln,Neukölln,True,2026,2026-04-20,Apartment,False,42.6,714.64,881.4,16.78
3109,5,Mitte,Mitte,True,2026,2026-03-14,Room,False,22.5,548.5,720.3,24.38
3110,8,Pankow,Pankow,False,2026,2026-06-20,Room,True,18.3,398.85,585.34,21.8
3111,3,Kreuzberg,Friedrichshain-Kreuzberg,True,2026,2026-04-16,Room,True,17.6,474.4,629.86,26.95
3112,8,Pankow,Pankow,False,2026,2026-05-30,Apartment,True,55.8,926.12,1184.94,16.6
3113,10,Schöneberg,Tempelhof-Schöneberg,True,2026,2026-08-31,Room,False,19.3,413.42,602.31,21.42
3114,8,Pankow,Pankow,False,2026,2026-02-25,Apartment,True,80.7,1547.89,1894.36,19.18
3115,1,Charlottenburg,Charlottenburg-Wilmersdorf,True,2026,2026-07-01,Apartment,False,78.3,1395.2,1729.02,17.82
3116,6,Moabit,Mitte,True,2026,2026-05-15,Apartment,True,80.8,1622.1,1947.11,20.08
3117,3,Kreuzberg,Friedrichshain-Kreuzberg,True,2026,2026-01-25,Room,False,25.3,598.17,782.76,23.64
3118,1,Charlottenburg,Charlottenburg-Wilmersdorf,True,2026,2026-02-02,Room,False,16.7,351.76,503.57,21.06
3119,10,Schöneberg,Tempelhof-Schöneberg,True,2026,2026-04-30,Room,True,14.9,350.74,528.36,23.54
3120,10,Schöneberg,Tempelhof-Schöneberg,True,2026,2026-07-09,Room,False,24.5,457.76,641.42,18.68
3121,4,Lichtenberg,Lichtenberg,False,2026,2026-02-25,Apartment,False,78.5,1134.07,1472.22,14.45
3122,7,Neukölln,Neukölln,True,2026,2026-05-20,Room,True,25.4,587.25,763.85,23.12
3123,6,Moabit,Mitte,True,2026,2026-04-09,Room,False,21.6,415.56,601.04,19.24
3124,7,Neukölln,Neukölln,True,2026,2026-03-26,Room,False,27.2,510.66,699.55,18.77
3125,8,Pankow,Pankow,False,2026,2026-03-01,Apartment,False,37.8,519.0,674.1,13.73
3126,5,Mitte,Mitte,True,2026,2026-06-09,Apartment,False,56.3,1252.75,1507.25,22.25
3127,7,Neukölln,Neukölln,True,2026,2026-07-31,Apartment,False,41.3,789.42,981.31,19.11
3128,12,Wedding,Mitte,True,2026,2026-05-17,Apartment,False,36.7,614.99,766.67,16.76
3129,3,Kreuzberg,Friedrichshain-Kreuzberg,True,2026,2026-04-15,Apartment,True,67.9,1693.45,1978.88,24.94
3130,10,Schöneberg,Tempelhof-Schöneberg,True,2026,2026-07-15,Room,False,22.0,470.79,625.67,21.4
3131,4,Lichtenberg,Lichtenberg,False,2026,2026-03-05,Apartment,False,73.6,1084.85,1364.98,14.74
3132,7,Neukölln,Neukölln,True,2026,2026-06-19,Apartment,True,43.2,866.0,1037.71,20.05
3133,8,Pankow,Pankow,False,2026,2026-06-14,Room,False,14.2,236.9,407.21,16.68
3134,3,Kreuzberg,Friedrichshain-Kreuzberg,True,2026,2026-05-28,Room,False,18.9,404.7,556.58,21.41
3135,4,Lichtenberg,Lichtenberg,False,2026,2026-07-04,Room,True,23.7,487.94,662.21,20.59
3136,2,Friedrichshain,Friedrichshain-Kreuzberg,True,2026,2026-07-07,Apartment,False,44.7,886.38,1063.88,19.83
3137,3,Kreuzberg,Friedrichshain-Kreuzberg,True,2026,2026-06-05,Apartment,False,50.5,1083.94,1288.87,21.46
3138,5,Mitte,Mitte,True,2026,2026-08-10,Apartment,False,36.3,827.66,983.06,22.8
3139,3,Kreuzberg,Friedrichshain-Kreuzberg,True,2026,2026-04-16,Apartment,True,38.3,990.44,1164.83,25.86
3140,1,Charlottenburg,Charlottenburg-Wilmersdorf,True,2026,2026-08-24,Room,False,15.0,302.65,452.19,20.18
3141,11,Steglitz,Steglitz-Zehlendorf,False,2026,2026-06-18,Apartment,False,52.9,736.32,948.71,13.92
3142,3,Kreuzberg,Friedrichshain-Kreuzberg,True,2026,2026-03-07,Apartment,False,38.9,765.59,920.15,19.68
3143,5,Mitte,Mitte,True,2026,2026-01-21,Apartment,True,74.7,1994.64,2315.11,26.7
3144,11,Steglitz,Steglitz-Zehlendorf,False,2026,2026-04-11,Apartment,True,79.8,1339.26,1700.01,16.78
3145,4,Lichtenberg,Lichtenberg,False,2026,2026-07-30,Room,False,15.6,246.08,423.18,15.77
3146,6,Moabit,Mitte,True,2026,2026-03-23,Room,True,22.2,544.41,724.67,24.52
3147,7,Neukölln,Neukölln,True,2026,2026-05-20,Room,True,14.3,357.06,540.54,24.97
3148,3,Kreuzberg,Friedrichshain-Kreuzberg,True,2026,2026-07-16,Room,False,14.3,305.4,470.62,21.36
3149,3,Kreuzberg,Friedrichshain-Kreuzberg,True,2026,2026-05-20,Apartment,False,37.0,749.8,920.88,20.26
3150,12,Wedding,Mitte,True,2026,2026-04-24,Room,False,22.8,411.73,560.68,18.06
3151,12,Wedding,Mitte,True,2026,2026-04-08,Apartment,True,51.1,980.09,1218.92,19.18
3152,7,Neukölln,Neukölln,True,2026,2026-07-04,Apartment,False,45.3,760.81,942.6,16.79
3153,10,Schöneberg,Tempelhof-Schöneberg,True,2026,2026-05-09,Room,True,16.7,422.13,608.38,25.28
3154,12,Wedding,Mitte,True,2026,2026-06-04,Apartment,False,77.0,1184.44,1512.08,15.38
3155,12,Wedding,Mitte,True,2026,2026-01-31,Apartment,False,64.8,917.31,1203.18,14.16
3156,8,Pankow,Pankow,False,2026,2026-08-10,Apartment,True,77.0,1487.74,1848.19,19.32
3157,9,Prenzlauer Berg,Pankow,True,2026,2026-03-27,Room,True,26.0,660.55,813.06,25.41
3158,12,Wedding,Mitte,True,2026,2026-01-31,Room,True,14.7,291.57,447.96,19.83
3159,2,Friedrichshain,Friedrichshain-Kreuzberg,True,2026,2026-02-10,Apartment,False,49.8,986.66,1206.55,19.81
3160,3,Kreuzberg,Friedrichshain-Kreuzberg,True,2026,2026-04-04,Room,True,26.7,732.89,923.73,27.45
3161,11,Steglitz,Steglitz-Zehlendorf,False,2026,2026-06-23,Room,False,23.8,399.82,586.68,16.8
3162,4,Lichtenberg,Lichtenberg,False,2026,2026-03-16,Apartment,False,79.8,1024.36,1381.52,12.84
3163,10,Schöneberg,Tempelhof-Schöneberg,True,2026,2026-04-18,Apartment,False,63.6,1181.73,1456.41,18.58
3164,6,Moabit,Mitte,True,2026,2026-06-29,Apartment,False,41.6,683.45,850.82,16.43
3165,8,Pankow,Pankow,False,2026,2026-05-17,Room,True,17.2,326.15,477.47,18.96
3166,7,Neukölln,Neukölln,True,2026,2026-05-13,Room,True,25.4,615.52,804.33,24.23
3167,10,Schöneberg,Tempelhof-Schöneberg,True,2026,2026-03-03,Room,False,14.7,282.07,447.9,19.19
3168,10,Schöneberg,Tempelhof-Schöneberg,True,2026,2026-04-20,Apartment,True,41.5,936.3,1118.16,22.56
3169,7,Neukölln,Neukölln,True,2026,2026-01-12,Apartment,False,64.4,1042.37,1299.63,16.19
3170,8,Pankow,Pankow,False,2026,2026-01-06,Room,True,25.3,467.79,632.21,18.49
3171,8,Pankow,Pankow,False,2026,2026-06-28,Room,True,16.8,366.44,540.02,21.81
3172,8,Pankow,Pankow,False,2026,2026-01-11,Room,False,22.0,385.01,576.62,17.5
3173,5,Mitte,Mitte,True,2026,2026-08-23,Apartment,False,37.1,862.24,1018.7,23.24
3174,6,Moabit,Mitte,True,2026,2026-02-05,Apartment,False,47.9,767.83,977.02,16.03
3175,5,Mitte,Mitte,True,2026,2026-03-26,Room,False,27.5,636.66,797.5,23.15
3176,9,Prenzlauer Berg,Pankow,True,2026,2026-03-31,Apartment,True,35.8,937.2,1092.42,26.18
3177,4,Lichtenberg,Lichtenberg,False,2026,2026-04-14,Room,True,26.4,545.24,711.16,20.65
3178,3,Kreuzberg,Friedrichshain-Kreuzberg,True,2026,2026-05-07,Apartment,False,69.3,1313.39,1607.5,18.95
3179,5,Mitte,Mitte,True,2026,2026-07-27,Room,False,14.2,363.64,530.02,25.61
3180,10,Schöneberg,Tempelhof-Schöneberg,True,2026,2026-02-09,Apartment,True,56.2,1208.13,1465.38,21.5
3181,10,Schöneberg,Tempelhof-Schöneberg,True,2026,2026-04-04,Apartment,False,41.6,723.21,918.52,17.38
3182,12,Wedding,Mitte,True,2026,2026-07-05,Room,True,27.4,571.34,729.71,20.85
3183,4,Lichtenberg,Lichtenberg,False,2026,2026-05-15,Apartment,False,75.4,1011.9,1302.08,13.42
3184,6,Moabit,Mitte,True,2026,2026-03-20,Apartment,True,44.0,854.54,1045.13,19.42
3185,6,Moabit,Mitte,True,2026,2026-06-24,Apartment,True,53.8,1092.92,1307.71,20.31
3186,1,Charlottenburg,Charlottenburg-Wilmersdorf,True,2026,2026-02-01,Apartment,False,58.4,975.39,1235.29,16.7
3187,8,Pankow,Pankow,False,2026,2026-07-10,Apartment,True,67.1,1225.12,1504.13,18.26
3188,7,Neukölln,Neukölln,True,2026,2026-05-22,Apartment,False,45.7,785.78,995.85,17.19
3189,9,Prenzlauer Berg,Pankow,True,2026,2026-05-21,Room,True,22.5,596.06,764.76,26.49
3190,5,Mitte,Mitte,True,2026,2026-06-27,Room,False,24.8,635.19,827.91,25.61
3191,6,Moabit,Mitte,True,2026,2026-07-26,Apartment,False,39.4,630.64,810.7,16.01
3192,4,Lichtenberg,Lichtenberg,False,2026,2026-08-06,Room,True,14.4,270.74,428.51,18.8
3193,3,Kreuzberg,Friedrichshain-Kreuzberg,True,2026,2026-05-25,Apartment,False,59.0,1253.53,1484.81,21.25
3194,10,Schöneberg,Tempelhof-Schöneberg,True,2026,2026-07-28,Room,True,26.2,657.6,839.94,25.1
3195,10,Schöneberg,Tempelhof-Schöneberg,True,2026,2026-02-17,Apartment,False,58.0,1057.03,1308.42,18.22
3196,7,Neukölln,Neukölln,True,2026,2026-07-04,Room,False,17.3,365.68,520.86,21.14
3197,12,Wedding,Mitte,True,2026,2026-05-28,Apartment,False,37.3,548.23,696.09,14.7
3198,2,Friedrichshain,Friedrichshain-Kreuzberg,True,2026,2026-07-24,Room,False,14.9,334.81,493.07,22.47
3199,3,Kreuzberg,Friedrichshain-Kreuzberg,True,2026,2026-05-15,Apartment,True,45.6,1118.73,1316.82,24.53
3200,3,Kreuzberg,Friedrichshain-Kreuzberg,True,2026,2026-08-04,Apartment,True,68.6,1639.05,1904.92,23.89
3201,7,Neukölln,Neukölln,True,2026,2026-06-26,Apartment,True,54.5,1279.72,1508.23,23.48
3202,8,Pankow,Pankow,False,2026,2026-07-21,Apartment,True,83.0,1330.43,1708.01,16.03
3203,7,Neukölln,Neukölln,True,2026,2026-07-19,Apartment,True,42.7,978.16,1164.45,22.91
3204,3,Kreuzberg,Friedrichshain-Kreuzberg,True,2026,2026-04-17,Apartment,False,58.4,1121.32,1392.61,19.2
3205,11,Steglitz,Steglitz-Zehlendorf,False,2026,2026-05-03,Apartment,False,82.7,1134.33,1470.83,13.72
3206,5,Mitte,Mitte,True,2026,2026-07-24,Apartment,False,45.4,966.57,1148.82,21.29
3207,5,Mitte,Mitte,True,2026,2026-07-06,Room,True,22.7,660.02,820.96,29.08
3208,5,Mitte,Mitte,True,2026,2026-03-11,Apartment,False,49.9,1002.61,1232.55,20.09
3209,5,Mitte,Mitte,True,2026,2026-04-20,Apartment,False,58.7,1340.4,1590.21,22.83
3210,6,Moabit,Mitte,True,2026,2026-08-04,Room,True,27.0,637.57,792.77,23.61
3211,5,Mitte,Mitte,True,2026,2026-08-05,Room,False,25.3,620.14,784.2,24.51
3212,10,Schöneberg,Tempelhof-Schöneberg,True,2026,2026-04-25,Apartment,False,82.3,1529.11,1862.79,18.58
3213,7,Neukölln,Neukölln,True,2026,2026-05-31,Room,False,22.2,414.75,604.39,18.68
3214,11,Steglitz,Steglitz-Zehlendorf,False,2026,2026-08-04,Apartment,False,72.4,1071.74,1393.0,14.8
3215,8,Pankow,Pankow,False,2026,2026-08-16,Apartment,True,80.7,1392.21,1752.62,17.25
3216,1,Charlottenburg,Charlottenburg-Wilmersdorf,True,2026,2026-04-17,Apartment,True,49.1,1162.32,1355.22,23.67
3217,10,Schöneberg,Tempelhof-Schöneberg,True,2026,2026-02-03,Room,True,24.4,613.66,778.81,25.15
3218,2,Friedrichshain,Friedrichshain-Kreuzberg,True,2026,2026-01-20,Room,False,23.9,557.82,742.07,23.34
3219,4,Lichtenberg,Lichtenberg,False,2026,2026-01-02,Apartment,True,65.8,1126.92,1391.85,17.13
3220,11,Steglitz,Steglitz-Zehlendorf,False,2026,2026-02-11,Room,False,20.1,333.27,522.63,16.58
3221,3,Kreuzberg,Friedrichshain-Kreuzberg,True,2026,2026-05-08,Apartment,False,83.6,1751.21,2091.78,20.95
3222,7,Neukölln,Neukölln,True,2026,2026-07-11,Room,False,22.9,443.88,624.06,19.38
3223,12,Wedding,Mitte,True,2026,2026-02-22,Apartment,True,60.7,1120.37,1403.76,18.46
3224,6,Moabit,Mitte,True,2026,2026-08-06,Apartment,False,59.2,958.93,1213.02,16.2
3225,7,Neukölln,Neukölln,True,2026,2026-06-28,Room,False,19.4,360.86,541.77,18.6
3226,11,Steglitz,Steglitz-Zehlendorf,False,2026,2026-06-03,Room,False,19.6,314.08,506.16,16.02
3227,12,Wedding,Mitte,True,2026,2026-04-20,Apartment,False,54.6,879.73,1103.16,16.11
3228,4,Lichtenberg,Lichtenberg,False,2026,2026-01-01,Room,True,24.9,485.56,657.93,19.5
3229,8,Pankow,Pankow,False,2026,2026-05-20,Apartment,False,45.1,691.91,865.35,15.34
3230,5,Mitte,Mitte,True,2026,2026-04-02,Apartment,True,39.2,992.6,1156.33,25.32
3231,1,Charlottenburg,Charlottenburg-Wilmersdorf,True,2026,2026-08-26,Apartment,False,55.3,963.55,1198.54,17.42
3232,12,Wedding,Mitte,True,2026,2026-02-14,Apartment,True,72.6,1352.05,1634.46,18.62
3233,7,Neukölln,Neukölln,True,2026,2026-07-27,Apartment,True,35.3,756.48,907.17,21.43
3234,10,Schöneberg,Tempelhof-Schöneberg,True,2026,2026-04-08,Apartment,False,49.6,815.6,1007.26,16.44
3235,1,Charlottenburg,Charlottenburg-Wilmersdorf,True,2026,2026-05-12,Room,True,16.5,380.29,531.38,23.05
3236,8,Pankow,Pankow,False,2026,2026-02-21,Apartment,False,35.2,539.82,699.98,15.34
3237,12,Wedding,Mitte,True,2026,2026-03-23,Room,False,20.0,351.69,510.19,17.58
3238,6,Moabit,Mitte,True,2026,2026-01-12,Apartment,False,57.6,1040.78,1280.82,18.07
3239,8,Pankow,Pankow,False,2026,2026-01-16,Room,False,16.2,258.8,435.73,15.98
3240,3,Kreuzberg,Friedrichshain-Kreuzberg,True,2026,2026-02-27,Room,False,24.2,543.57,724.68,22.46
3241,5,Mitte,Mitte,True,2026,2026-05-29,Apartment,False,48.9,985.47,1183.13,20.15
3242,5,Mitte,Mitte,True,2026,2026-08-11,Apartment,False,38.3,852.04,1018.14,22.25
3243,8,Pankow,Pankow,False,2026,2026-04-03,Apartment,True,48.6,958.73,1148.2,19.73
3244,10,Schöneberg,Tempelhof-Schöneberg,True,2026,2026-04-01,Apartment,False,49.9,956.57,1167.03,19.17
3245,10,Schöneberg,Tempelhof-Schöneberg,True,2026,2026-03-24,Apartment,False,84.4,1633.85,1955.65,19.36
3246,6,Moabit,Mitte,True,2026,2026-05-30,Apartment,False,63.7,1097.62,1390.6,17.23
3247,4,Lichtenberg,Lichtenberg,False,2026,2026-03-11,Apartment,True,67.9,1117.11,1412.83,16.45
3248,3,Kreuzberg,Friedrichshain-Kreuzberg,True,2026,2026-08-22,Apartment,False,37.2,716.26,860.63,19.25
3249,12,Wedding,Mitte,True,2026,2026-01-05,Apartment,False,51.6,764.38,999.54,14.81
3250,6,Moabit,Mitte,True,2026,2026-05-01,Room,True,14.6,316.38,494.3,21.67
