listing_id,district_id,district_name,property_type,is_furnished,size_sqm,cold_rent_eur,warm_rent_eur,sample_size_total
1,1,Mitte,Room,No,25,627,784,350
2,1,Mitte,Room,Yes,19,670,838,350
3,1,Mitte,Room,No,18,566,707,350
4,1,Mitte,Room,No,19,535,669,350
5,1,Mitte,Room,Yes,17,663,829,350
6,1,Mitte,Room,No,22,618,773,350
7,1,Mitte,Room,Yes,22,695,869,350
8,1,Mitte,Room,No,23,610,762,350
9,1,Mitte,Room,Yes,25,718,898,350
10,1,Mitte,Room,Yes,17,674,842,350
11,1,Mitte,Room,No,16,513,641,350
12,1,Mitte,Room,No,21,553,691,350
13,1,Mitte,Room,Yes,21,679,849,350
14,1,Mitte,Room,Yes,23,701,876,350
15,1,Mitte,Room,No,15,498,622,350
16,1,Mitte,Room,No,21,589,736,350
17,1,Mitte,Room,No,22,583,729,350
18,1,Mitte,Room,Yes,17,630,787,350
19,1,Mitte,Room,No,22,586,732,350
20,1,Mitte,Room,No,22,607,759,350
21,1,Mitte,Room,Yes,17,629,786,350
22,1,Mitte,Room,Yes,27,826,1032,350
23,1,Mitte,Room,No,20,602,752,350
24,1,Mitte,Room,No,20,574,718,350
25,1,Mitte,Room,No,23,618,772,350
26,1,Mitte,Room,Yes,22,737,921,350
27,1,Mitte,Room,No,19,550,688,350
28,1,Mitte,Room,No,12,468,585,350
29,1,Mitte,Room,No,17,562,703,350
30,1,Mitte,Room,No,17,524,655,350
31,1,Mitte,Room,Yes,27,750,938,350
32,1,Mitte,Room,No,21,613,766,350
33,1,Mitte,Room,No,18,506,633,350
34,1,Mitte,Room,Yes,19,658,823,350
35,1,Mitte,Room,No,18,541,676,350
36,1,Mitte,Room,No,19,561,701,350
37,1,Mitte,Room,No,22,601,751,350
38,1,Mitte,Room,Yes,19,646,808,350
39,1,Mitte,Room,No,18,543,679,350
40,1,Mitte,Room,No,18,536,670,350
41,1,Mitte,Room,No,16,522,653,350
42,1,Mitte,Room,Yes,19,670,837,350
43,1,Mitte,Room,No,18,522,652,350
44,1,Mitte,Room,Yes,17,614,767,350
45,1,Mitte,Room,No,27,596,745,350
46,1,Mitte,Room,Yes,16,628,785,350
47,1,Mitte,Room,No,17,523,654,350
48,1,Mitte,Room,No,23,556,695,350
49,1,Mitte,Room,Yes,22,684,855,350
50,1,Mitte,Room,Yes,18,703,879,350
51,1,Mitte,Room,Yes,16,622,778,350
52,1,Mitte,Room,No,21,577,721,350
53,1,Mitte,Room,No,19,561,701,350
54,1,Mitte,Room,No,13,518,648,350
55,1,Mitte,Room,Yes,16,602,753,350
56,1,Mitte,Room,Yes,16,656,820,350
57,1,Mitte,Room,No,26,659,824,350
58,1,Mitte,Room,No,19,546,682,350
59,1,Mitte,Room,Yes,19,722,902,350
60,1,Mitte,Room,Yes,16,644,805,350
61,1,Mitte,Room,Yes,19,689,861,350
62,1,Mitte,Room,No,22,613,766,350
63,1,Mitte,Room,Yes,20,732,915,350
64,1,Mitte,Room,Yes,14,614,768,350
65,1,Mitte,Room,No,15,539,674,350
66,1,Mitte,Room,Yes,25,801,1001,350
67,1,Mitte,Room,No,18,563,704,350
68,1,Mitte,Room,Yes,21,755,944,350
69,1,Mitte,Room,Yes,25,758,948,350
70,1,Mitte,Room,Yes,18,670,838,350
71,1,Mitte,Room,No,16,538,672,350
72,1,Mitte,Room,Yes,18,643,804,350
73,1,Mitte,Room,Yes,16,682,852,350
74,1,Mitte,Room,Yes,18,678,847,350
75,1,Mitte,Room,Yes,16,649,811,350
76,1,Mitte,Room,Yes,19,718,897,350
77,1,Mitte,Room,Yes,21,754,943,350
78,1,Mitte,Room,Yes,21,667,834,350
79,1,Mitte,Room,No,24,569,711,350
80,1,Mitte,Room,No,18,560,700,350
81,1,Mitte,Room,No,12,494,617,350
82,1,Mitte,Room,No,19,534,668,350
83,1,Mitte,Room,No,22,597,746,350
84,1,Mitte,Room,No,26,654,818,350
85,1,Mitte,Room,Yes,17,672,840,350
86,1,Mitte,Room,No,17,503,629,350
87,1,Mitte,Room,No,21,587,734,350
88,1,Mitte,Room,No,21,575,719,350
89,1,Mitte,Room,No,19,551,689,350
90,1,Mitte,Room,No,18,538,672,350
91,1,Mitte,Room,Yes,19,667,834,350
92,1,Mitte,Room,Yes,17,642,802,350
93,1,Mitte,Room,Yes,25,718,897,350
94,1,Mitte,Room,No,12,485,606,350
95,1,Mitte,Room,Yes,12,592,740,350
96,1,Mitte,Room,Yes,14,646,807,350
97,1,Mitte,Room,No,19,564,705,350
98,1,Mitte,Room,No,25,614,767,350
99,1,Mitte,Room,No,24,609,761,350
100,1,Mitte,Room,No,19,522,653,350
101,1,Mitte,Room,No,20,602,753,350
102,1,Mitte,Room,No,18,522,653,350
103,1,Mitte,Room,No,23,614,767,350
104,1,Mitte,Room,No,20,597,746,350
105,1,Mitte,Room,Yes,12,627,784,350
106,1,Mitte,Room,Yes,17,619,774,350
107,1,Mitte,Room,No,30,678,847,350
108,1,Mitte,Room,No,21,591,739,350
109,1,Mitte,Room,Yes,17,659,824,350
110,1,Mitte,Room,Yes,20,653,816,350
111,1,Mitte,Room,No,14,518,648,350
112,1,Mitte,Room,Yes,22,681,851,350
113,1,Mitte,Room,No,20,591,739,350
114,1,Mitte,Room,Yes,19,706,882,350
115,1,Mitte,Room,Yes,16,627,784,350
116,1,Mitte,Room,No,15,517,646,350
117,1,Mitte,Room,Yes,20,730,912,350
118,1,Mitte,Room,Yes,18,630,788,350
119,1,Mitte,Room,No,24,647,809,350
120,1,Mitte,Room,Yes,17,609,761,350
121,1,Mitte,Room,Yes,20,697,871,350
122,1,Mitte,Room,No,17,520,650,350
123,1,Mitte,Room,No,14,507,634,350
124,1,Mitte,Room,Yes,15,610,762,350
125,1,Mitte,Room,Yes,20,734,918,350
126,1,Mitte,Room,No,18,515,644,350
127,1,Mitte,Room,No,27,648,810,350
128,1,Mitte,Room,No,22,583,729,350
129,1,Mitte,Room,Yes,16,636,795,350
130,1,Mitte,Room,No,26,611,764,350
131,1,Mitte,Room,Yes,18,698,873,350
132,1,Mitte,Room,No,19,518,647,350
133,1,Mitte,Room,Yes,18,647,809,350
134,1,Mitte,Room,Yes,16,633,791,350
135,1,Mitte,Room,Yes,18,677,846,350
136,1,Mitte,Room,No,16,496,620,350
137,1,Mitte,Room,No,23,604,755,350
138,1,Mitte,Room,No,21,559,699,350
139,1,Mitte,Room,Yes,23,766,958,350
140,1,Mitte,Room,No,18,518,648,350
141,1,Mitte,Room,No,24,613,766,350
142,1,Mitte,Room,No,16,486,607,350
143,1,Mitte,Room,No,16,530,663,350
144,1,Mitte,Room,No,16,505,631,350
145,1,Mitte,Room,No,19,570,713,350
146,1,Mitte,Room,Yes,22,671,839,350
147,1,Mitte,Room,No,27,663,829,350
148,1,Mitte,Room,Yes,15,666,832,350
149,1,Mitte,Room,Yes,16,636,795,350
150,1,Mitte,Room,No,16,536,670,350
151,1,Mitte,Room,Yes,16,610,762,350
152,1,Mitte,Room,No,16,504,630,350
153,1,Mitte,Room,No,16,530,662,350
154,1,Mitte,Room,Yes,20,666,833,350
155,1,Mitte,Room,Yes,17,647,809,350
156,1,Mitte,Room,No,21,592,740,350
157,1,Mitte,Room,No,17,543,679,350
158,1,Mitte,Room,No,17,508,635,350
159,1,Mitte,Room,No,19,532,665,350
160,1,Mitte,Room,No,18,537,671,350
161,1,Mitte,Room,Yes,21,658,822,350
162,1,Mitte,Room,Yes,22,703,879,350
163,1,Mitte,Room,No,12,501,626,350
164,1,Mitte,Room,Yes,18,712,890,350
165,1,Mitte,Room,No,16,557,696,350
166,1,Mitte,Room,Yes,27,807,1009,350
167,1,Mitte,Room,Yes,23,698,873,350
168,1,Mitte,Room,No,12,454,568,350
169,1,Mitte,Room,No,18,535,669,350
170,1,Mitte,Room,No,17,566,707,350
171,1,Mitte,Room,No,21,555,694,350
172,1,Mitte,Room,No,25,610,763,350
173,1,Mitte,Room,No,22,598,747,350
174,1,Mitte,Room,No,17,534,667,350
175,1,Mitte,Room,Yes,20,719,899,350
176,1,Mitte,Room,No,12,490,613,350
177,1,Mitte,Room,No,20,578,722,350
178,1,Mitte,Room,No,21,604,755,350
179,1,Mitte,Room,No,12,470,587,350
180,1,Mitte,Room,Yes,20,646,808,350
181,1,Mitte,Room,No,22,579,724,350
182,1,Mitte,Room,Yes,19,676,845,350
183,1,Mitte,Room,No,22,562,702,350
184,1,Mitte,Room,No,20,588,735,350
185,1,Mitte,Room,No,21,610,762,350
186,1,Mitte,Room,Yes,18,682,852,350
187,1,Mitte,Room,No,23,558,698,350
188,1,Mitte,Room,No,17,558,697,350
189,1,Mitte,Room,Yes,19,645,806,350
190,1,Mitte,Room,Yes,25,790,987,350
191,1,Mitte,Room,Yes,17,688,860,350
192,1,Mitte,Room,Yes,26,758,948,350
193,1,Mitte,Room,No,23,580,725,350
194,1,Mitte,Room,No,26,634,793,350
195,1,Mitte,Room,Yes,13,603,754,350
196,1,Mitte,Room,No,17,522,652,350
197,1,Mitte,Room,No,20,598,748,350
198,1,Mitte,Room,No,21,611,764,350
199,1,Mitte,Room,No,12,498,622,350
200,1,Mitte,Room,Yes,16,631,789,350
201,1,Mitte,Room,No,15,520,650,350
202,1,Mitte,Room,No,18,560,700,350
203,1,Mitte,Room,No,14,477,596,350
204,1,Mitte,Room,No,20,587,734,350
205,1,Mitte,Room,Yes,15,599,749,350
206,1,Mitte,Room,Yes,19,678,847,350
207,1,Mitte,Room,Yes,23,685,856,350
208,1,Mitte,Room,No,18,570,713,350
209,1,Mitte,Room,Yes,19,691,864,350
210,1,Mitte,Room,Yes,18,687,859,350
211,1,Mitte,Room,Yes,22,710,887,350
212,1,Mitte,Room,No,21,592,740,350
213,1,Mitte,Room,No,18,575,719,350
214,1,Mitte,Room,Yes,21,674,843,350
215,1,Mitte,Room,No,21,605,756,350
216,1,Mitte,Room,No,22,617,771,350
217,1,Mitte,Room,No,17,514,643,350
218,1,Mitte,Room,Yes,18,709,886,350
219,1,Mitte,Room,No,21,596,745,350
220,1,Mitte,Room,Yes,20,714,892,350
221,1,Mitte,Room,Yes,27,758,948,350
222,1,Mitte,Room,Yes,20,737,921,350
223,1,Mitte,Room,Yes,26,790,987,350
224,1,Mitte,Room,No,18,571,714,350
225,1,Mitte,Room,Yes,17,669,836,350
226,1,Mitte,Room,Yes,19,646,807,350
227,1,Mitte,Room,Yes,20,713,891,350
228,1,Mitte,Room,No,18,555,694,350
229,1,Mitte,Room,No,18,538,672,350
230,1,Mitte,Room,No,22,618,772,350
231,1,Mitte,Room,No,24,621,776,350
232,1,Mitte,Room,Yes,21,746,932,350
233,1,Mitte,Room,No,13,501,626,350
234,1,Mitte,Room,No,24,604,755,350
235,1,Mitte,Room,Yes,21,702,877,350
236,1,Mitte,Room,No,20,543,679,350
237,1,Mitte,Room,Yes,16,646,808,350
238,1,Mitte,Room,No,18,531,664,350
239,1,Mitte,Room,No,25,657,821,350
240,1,Mitte,Room,No,27,596,745,350
241,1,Mitte,Room,No,20,527,659,350
242,1,Mitte,Room,No,16,530,662,350
243,1,Mitte,Room,No,18,516,645,350
244,1,Mitte,Room,No,17,501,626,350
245,1,Mitte,Room,No,19,522,652,350
246,1,Mitte,Room,No,17,562,703,350
247,1,Mitte,Room,Yes,22,767,959,350
248,1,Mitte,Room,Yes,21,717,896,350
249,1,Mitte,Room,Yes,15,670,838,350
250,1,Mitte,Room,No,17,548,685,350
251,1,Mitte,Room,No,12,478,598,350
252,1,Mitte,Room,No,18,561,701,350
253,1,Mitte,Room,No,20,549,686,350
254,1,Mitte,Room,Yes,18,648,810,350
255,1,Mitte,Room,Yes,18,650,813,350
256,1,Mitte,Room,Yes,17,668,835,350
257,1,Mitte,Room,No,21,548,685,350
258,1,Mitte,Room,No,20,558,698,350
259,1,Mitte,Room,Yes,23,756,945,350
260,1,Mitte,Room,Yes,17,679,849,350
261,1,Mitte,Room,Yes,17,659,824,350
262,1,Mitte,Room,No,26,610,763,350
263,1,Mitte,Room,No,21,541,676,350
264,1,Mitte,Room,Yes,20,733,916,350
265,1,Mitte,Room,Yes,16,625,781,350
266,1,Mitte,Room,Yes,14,580,725,350
267,1,Mitte,Room,No,17,550,688,350
268,1,Mitte,Room,No,18,574,717,350
269,1,Mitte,Room,No,24,585,731,350
270,1,Mitte,Room,Yes,15,632,790,350
271,1,Mitte,Room,Yes,22,714,893,350
272,1,Mitte,Room,Yes,22,732,915,350
273,1,Mitte,Room,Yes,19,701,876,350
274,1,Mitte,Room,Yes,18,693,866,350
275,1,Mitte,Room,No,16,526,658,350
276,1,Mitte,Room,Yes,17,638,797,350
277,1,Mitte,Room,No,17,546,683,350
278,1,Mitte,Room,No,19,566,708,350
279,1,Mitte,Room,No,20,562,703,350
280,1,Mitte,Room,Yes,20,719,899,350
281,1,Mitte,Room,No,17,538,673,350
282,1,Mitte,Room,Yes,21,688,860,350
283,1,Mitte,Room,No,20,538,672,350
284,1,Mitte,Room,No,17,518,647,350
285,1,Mitte,Room,No,13,461,576,350
286,1,Mitte,Room,No,23,610,762,350
287,1,Mitte,Room,No,19,530,663,350
288,1,Mitte,Room,No,16,489,611,350
289,1,Mitte,Room,Yes,18,629,786,350
290,1,Mitte,Room,No,26,611,764,350
291,1,Mitte,Room,No,16,506,633,350
292,1,Mitte,Room,No,23,633,791,350
293,1,Mitte,Room,Yes,24,747,934,350
294,1,Mitte,Room,No,20,575,719,350
295,1,Mitte,Room,Yes,18,693,866,350
296,1,Mitte,Room,Yes,15,642,802,350
297,1,Mitte,Room,No,18,559,699,350
298,1,Mitte,Room,Yes,16,619,774,350
299,1,Mitte,Room,Yes,19,685,856,350
300,1,Mitte,Room,No,16,555,694,350
301,1,Mitte,Room,Yes,18,662,827,350
302,1,Mitte,Room,No,20,561,701,350
303,1,Mitte,Room,No,21,611,764,350
304,1,Mitte,Room,No,22,606,757,350
305,1,Mitte,Room,No,15,536,670,350
306,1,Mitte,Room,No,21,587,734,350
307,1,Mitte,Room,No,25,599,749,350
308,1,Mitte,Room,No,19,581,726,350
309,1,Mitte,Room,Yes,14,639,799,350
310,1,Mitte,Room,No,18,580,725,350
311,1,Mitte,Room,No,16,534,668,350
312,1,Mitte,Room,Yes,21,680,850,350
313,1,Mitte,Room,Yes,16,610,763,350
314,1,Mitte,Room,No,15,522,653,350
315,1,Mitte,Room,No,19,548,685,350
316,1,Mitte,Room,No,24,646,807,350
317,1,Mitte,Room,No,17,534,668,350
318,1,Mitte,Room,Yes,21,703,879,350
319,1,Mitte,Room,No,21,603,754,350
320,1,Mitte,Room,Yes,21,734,917,350
321,1,Mitte,Room,Yes,21,748,935,350
322,1,Mitte,Room,No,18,552,690,350
323,1,Mitte,Room,No,19,524,655,350
324,1,Mitte,Room,No,15,519,649,350
325,1,Mitte,Room,No,16,497,621,350
326,1,Mitte,Room,Yes,18,650,812,350
327,1,Mitte,Room,Yes,22,741,926,350
328,1,Mitte,Room,Yes,17,694,868,350
329,1,Mitte,Room,Yes,20,707,884,350
330,1,Mitte,Room,No,23,573,716,350
331,1,Mitte,Room,No,19,574,717,350
332,1,Mitte,Room,No,21,535,669,350
333,1,Mitte,Room,No,22,622,778,350
334,1,Mitte,Room,No,22,582,727,350
335,1,Mitte,Room,No,20,552,690,350
336,1,Mitte,Room,Yes,16,596,745,350
337,1,Mitte,Room,Yes,20,702,877,350
338,1,Mitte,Room,No,24,569,711,350
339,1,Mitte,Room,No,23,635,794,350
340,1,Mitte,Room,Yes,14,655,819,350
341,1,Mitte,Room,Yes,21,752,940,350
342,1,Mitte,Room,Yes,17,615,769,350
343,1,Mitte,Room,No,25,608,760,350
344,1,Mitte,Room,Yes,22,706,883,350
345,1,Mitte,Room,Yes,16,662,828,350
346,1,Mitte,Room,No,18,562,703,350
347,1,Mitte,Room,No,24,630,788,350
348,1,Mitte,Room,No,13,465,581,350
349,1,Mitte,Room,No,16,517,646,350
350,1,Mitte,Room,No,21,570,713,350
351,2,Friedrichshain,Room,Yes,20,624,780,410
352,2,Friedrichshain,Room,Yes,15,572,715,410
353,2,Friedrichshain,Room,No,21,551,689,410
354,2,Friedrichshain,Room,No,15,508,635,410
355,2,Friedrichshain,Room,No,16,519,649,410
356,2,Friedrichshain,Room,Yes,20,628,785,410
357,2,Friedrichshain,Room,No,14,499,624,410
358,2,Friedrichshain,Room,No,17,504,630,410
359,2,Friedrichshain,Room,Yes,20,642,803,410
360,2,Friedrichshain,Room,Yes,22,698,873,410
361,2,Friedrichshain,Room,No,20,538,672,410
362,2,Friedrichshain,Room,No,21,537,671,410
363,2,Friedrichshain,Room,Yes,18,606,758,410
364,2,Friedrichshain,Room,No,24,596,745,410
365,2,Friedrichshain,Room,Yes,22,654,817,410
366,2,Friedrichshain,Room,No,19,502,628,410
367,2,Friedrichshain,Room,Yes,15,590,738,410
368,2,Friedrichshain,Room,Yes,24,745,931,410
369,2,Friedrichshain,Room,No,25,587,734,410
370,2,Friedrichshain,Room,No,27,613,766,410
371,2,Friedrichshain,Room,Yes,17,616,770,410
372,2,Friedrichshain,Room,No,23,560,700,410
373,2,Friedrichshain,Room,No,18,552,690,410
374,2,Friedrichshain,Room,No,17,537,671,410
375,2,Friedrichshain,Room,No,17,521,651,410
376,2,Friedrichshain,Room,No,17,489,611,410
377,2,Friedrichshain,Room,Yes,12,560,700,410
378,2,Friedrichshain,Room,No,17,537,671,410
379,2,Friedrichshain,Room,Yes,23,750,937,410
380,2,Friedrichshain,Room,No,16,506,632,410
381,2,Friedrichshain,Room,No,23,568,710,410
382,2,Friedrichshain,Room,Yes,15,561,701,410
383,2,Friedrichshain,Room,No,12,486,608,410
384,2,Friedrichshain,Room,No,26,613,766,410
385,2,Friedrichshain,Room,Yes,21,691,864,410
386,2,Friedrichshain,Room,No,20,531,664,410
387,2,Friedrichshain,Room,Yes,22,692,865,410
388,2,Friedrichshain,Room,No,22,549,686,410
389,2,Friedrichshain,Room,No,20,556,695,410
390,2,Friedrichshain,Room,Yes,17,622,777,410
391,2,Friedrichshain,Room,No,18,534,667,410
392,2,Friedrichshain,Room,No,16,521,651,410
393,2,Friedrichshain,Room,Yes,17,640,800,410
394,2,Friedrichshain,Room,Yes,21,648,810,410
395,2,Friedrichshain,Room,No,17,530,662,410
396,2,Friedrichshain,Room,Yes,17,662,828,410
397,2,Friedrichshain,Room,No,15,490,613,410
398,2,Friedrichshain,Room,No,22,574,717,410
399,2,Friedrichshain,Room,Yes,23,672,840,410
400,2,Friedrichshain,Room,Yes,14,588,735,410
401,2,Friedrichshain,Room,Yes,14,594,742,410
402,2,Friedrichshain,Room,No,25,629,786,410
403,2,Friedrichshain,Room,Yes,15,609,761,410
404,2,Friedrichshain,Room,No,17,507,634,410
405,2,Friedrichshain,Room,Yes,18,658,823,410
406,2,Friedrichshain,Room,Yes,18,621,776,410
407,2,Friedrichshain,Room,No,22,566,708,410
408,2,Friedrichshain,Room,Yes,22,689,861,410
409,2,Friedrichshain,Room,Yes,20,693,866,410
410,2,Friedrichshain,Room,No,20,532,665,410
411,2,Friedrichshain,Room,No,19,530,663,410
412,2,Friedrichshain,Room,No,23,588,735,410
413,2,Friedrichshain,Room,Yes,15,622,777,410
414,2,Friedrichshain,Room,Yes,16,622,778,410
415,2,Friedrichshain,Room,Yes,21,722,902,410
416,2,Friedrichshain,Room,No,21,586,732,410
417,2,Friedrichshain,Room,No,21,554,693,410
418,2,Friedrichshain,Room,Yes,12,598,747,410
419,2,Friedrichshain,Room,No,23,574,717,410
420,2,Friedrichshain,Room,Yes,18,678,848,410
421,2,Friedrichshain,Room,No,23,590,738,410
422,2,Friedrichshain,Room,Yes,21,639,799,410
423,2,Friedrichshain,Room,No,17,498,623,410
424,2,Friedrichshain,Room,Yes,21,698,872,410
425,2,Friedrichshain,Room,No,20,533,666,410
426,2,Friedrichshain,Room,Yes,26,726,908,410
427,2,Friedrichshain,Room,No,22,590,737,410
428,2,Friedrichshain,Room,No,16,512,640,410
429,2,Friedrichshain,Room,No,19,554,692,410
430,2,Friedrichshain,Room,Yes,17,622,777,410
431,2,Friedrichshain,Room,Yes,21,707,884,410
432,2,Friedrichshain,Room,No,22,579,724,410
433,2,Friedrichshain,Room,No,18,550,687,410
434,2,Friedrichshain,Room,Yes,19,678,848,410
435,2,Friedrichshain,Room,Yes,19,684,855,410
436,2,Friedrichshain,Room,Yes,14,620,775,410
437,2,Friedrichshain,Room,No,23,555,694,410
438,2,Friedrichshain,Room,Yes,19,641,801,410
439,2,Friedrichshain,Room,Yes,12,598,747,410
440,2,Friedrichshain,Room,No,19,559,699,410
441,2,Friedrichshain,Room,No,21,555,694,410
442,2,Friedrichshain,Room,No,17,482,603,410
443,2,Friedrichshain,Room,No,17,493,616,410
444,2,Friedrichshain,Room,Yes,21,693,866,410
445,2,Friedrichshain,Room,Yes,12,582,727,410
446,2,Friedrichshain,Room,Yes,16,598,747,410
447,2,Friedrichshain,Room,Yes,22,718,898,410
448,2,Friedrichshain,Room,Yes,21,685,856,410
449,2,Friedrichshain,Room,No,23,595,744,410
450,2,Friedrichshain,Room,Yes,16,639,799,410
451,2,Friedrichshain,Room,No,14,492,615,410
452,2,Friedrichshain,Room,Yes,19,665,831,410
453,2,Friedrichshain,Room,Yes,19,677,846,410
454,2,Friedrichshain,Room,Yes,20,708,885,410
455,2,Friedrichshain,Room,Yes,20,701,876,410
456,2,Friedrichshain,Room,Yes,16,653,816,410
457,2,Friedrichshain,Room,No,23,566,708,410
458,2,Friedrichshain,Room,No,19,554,692,410
459,2,Friedrichshain,Room,No,21,518,648,410
460,2,Friedrichshain,Room,No,19,499,624,410
461,2,Friedrichshain,Room,No,17,480,600,410
462,2,Friedrichshain,Room,Yes,18,618,773,410
463,2,Friedrichshain,Room,Yes,22,702,878,410
464,2,Friedrichshain,Room,Yes,19,682,852,410
465,2,Friedrichshain,Room,Yes,20,668,835,410
466,2,Friedrichshain,Room,No,22,592,740,410
467,2,Friedrichshain,Room,No,22,554,693,410
468,2,Friedrichshain,Room,Yes,19,629,786,410
469,2,Friedrichshain,Room,Yes,20,699,874,410
470,2,Friedrichshain,Room,Yes,22,703,879,410
471,2,Friedrichshain,Room,No,18,540,675,410
472,2,Friedrichshain,Room,No,15,519,649,410
473,2,Friedrichshain,Room,No,17,514,643,410
474,2,Friedrichshain,Room,No,13,442,553,410
475,2,Friedrichshain,Room,No,16,518,648,410
476,2,Friedrichshain,Room,No,21,546,683,410
477,2,Friedrichshain,Room,Yes,17,661,826,410
478,2,Friedrichshain,Room,No,20,578,722,410
479,2,Friedrichshain,Room,No,17,502,627,410
480,2,Friedrichshain,Room,Yes,18,623,779,410
481,2,Friedrichshain,Room,No,21,570,712,410
482,2,Friedrichshain,Room,Yes,22,652,815,410
483,2,Friedrichshain,Room,No,18,522,653,410
484,2,Friedrichshain,Room,No,12,466,582,410
485,2,Friedrichshain,Room,No,22,560,700,410
486,2,Friedrichshain,Room,No,26,605,756,410
487,2,Friedrichshain,Room,No,19,526,657,410
488,2,Friedrichshain,Room,Yes,22,718,898,410
489,2,Friedrichshain,Room,No,13,470,587,410
490,2,Friedrichshain,Room,Yes,19,665,831,410
491,2,Friedrichshain,Room,No,19,553,691,410
492,2,Friedrichshain,Room,No,26,647,809,410
493,2,Friedrichshain,Room,Yes,16,573,716,410
494,2,Friedrichshain,Room,No,19,519,649,410
495,2,Friedrichshain,Room,No,19,538,673,410
496,2,Friedrichshain,Room,No,25,630,787,410
497,2,Friedrichshain,Room,No,26,627,784,410
498,2,Friedrichshain,Room,Yes,19,688,860,410
499,2,Friedrichshain,Room,Yes,19,614,768,410
500,2,Friedrichshain,Room,No,17,540,675,410
501,2,Friedrichshain,Room,No,20,557,696,410
502,2,Friedrichshain,Room,Yes,19,651,814,410
503,2,Friedrichshain,Room,No,20,571,714,410
504,2,Friedrichshain,Room,No,21,576,720,410
505,2,Friedrichshain,Room,Yes,23,669,836,410
506,2,Friedrichshain,Room,Yes,18,610,763,410
507,2,Friedrichshain,Room,No,15,467,584,410
508,2,Friedrichshain,Room,No,18,518,647,410
509,2,Friedrichshain,Room,Yes,13,589,736,410
510,2,Friedrichshain,Room,No,19,558,698,410
511,2,Friedrichshain,Room,No,24,543,679,410
512,2,Friedrichshain,Room,Yes,22,722,903,410
513,2,Friedrichshain,Room,Yes,18,652,815,410
514,2,Friedrichshain,Room,Yes,16,581,726,410
515,2,Friedrichshain,Room,No,16,464,580,410
516,2,Friedrichshain,Room,Yes,18,641,801,410
517,2,Friedrichshain,Room,No,16,518,648,410
518,2,Friedrichshain,Room,No,16,477,596,410
519,2,Friedrichshain,Room,Yes,18,654,818,410
520,2,Friedrichshain,Room,No,24,554,693,410
521,2,Friedrichshain,Room,No,22,529,661,410
522,2,Friedrichshain,Room,No,22,546,682,410
523,2,Friedrichshain,Room,No,16,526,657,410
524,2,Friedrichshain,Room,Yes,18,677,846,410
525,2,Friedrichshain,Room,No,24,594,742,410
526,2,Friedrichshain,Room,No,15,453,566,410
527,2,Friedrichshain,Room,Yes,19,636,795,410
528,2,Friedrichshain,Room,No,22,554,693,410
529,2,Friedrichshain,Room,Yes,21,633,791,410
530,2,Friedrichshain,Room,Yes,25,714,892,410
531,2,Friedrichshain,Room,No,19,503,629,410
532,2,Friedrichshain,Room,No,14,470,588,410
533,2,Friedrichshain,Room,No,13,433,541,410
534,2,Friedrichshain,Room,Yes,16,650,812,410
535,2,Friedrichshain,Room,Yes,20,625,781,410
536,2,Friedrichshain,Room,No,19,561,701,410
537,2,Friedrichshain,Room,Yes,23,699,874,410
538,2,Friedrichshain,Room,No,20,517,646,410
539,2,Friedrichshain,Room,No,16,494,617,410
540,2,Friedrichshain,Room,No,18,517,646,410
541,2,Friedrichshain,Room,Yes,26,703,879,410
542,2,Friedrichshain,Room,No,16,522,653,410
543,2,Friedrichshain,Room,No,25,622,777,410
544,2,Friedrichshain,Room,Yes,19,664,830,410
545,2,Friedrichshain,Room,No,21,574,718,410
546,2,Friedrichshain,Room,No,22,540,675,410
547,2,Friedrichshain,Room,Yes,13,581,726,410
548,2,Friedrichshain,Room,No,21,563,704,410
549,2,Friedrichshain,Room,No,13,451,564,410
550,2,Friedrichshain,Room,No,23,535,669,410
551,2,Friedrichshain,Room,No,19,522,652,410
552,2,Friedrichshain,Room,No,19,521,651,410
553,2,Friedrichshain,Room,No,17,486,607,410
554,2,Friedrichshain,Room,Yes,12,586,732,410
555,2,Friedrichshain,Room,Yes,20,659,824,410
556,2,Friedrichshain,Room,Yes,23,684,855,410
557,2,Friedrichshain,Room,No,21,561,701,410
558,2,Friedrichshain,Room,No,14,484,605,410
559,2,Friedrichshain,Room,No,21,527,659,410
560,2,Friedrichshain,Room,No,26,638,798,410
561,2,Friedrichshain,Room,No,25,575,719,410
562,2,Friedrichshain,Room,Yes,20,643,804,410
563,2,Friedrichshain,Room,No,16,479,599,410
564,2,Friedrichshain,Room,Yes,17,621,776,410
565,2,Friedrichshain,Room,Yes,15,622,778,410
566,2,Friedrichshain,Room,No,20,532,665,410
567,2,Friedrichshain,Room,No,21,548,685,410
568,2,Friedrichshain,Room,No,20,531,664,410
569,2,Friedrichshain,Room,Yes,17,629,786,410
570,2,Friedrichshain,Room,Yes,19,630,788,410
571,2,Friedrichshain,Room,No,20,554,693,410
572,2,Friedrichshain,Room,Yes,24,766,958,410
573,2,Friedrichshain,Room,Yes,13,610,763,410
574,2,Friedrichshain,Room,No,20,527,659,410
575,2,Friedrichshain,Room,No,15,476,595,410
576,2,Friedrichshain,Room,Yes,20,622,778,410
577,2,Friedrichshain,Room,Yes,24,766,958,410
578,2,Friedrichshain,Room,No,18,552,690,410
579,2,Friedrichshain,Room,No,14,451,564,410
580,2,Friedrichshain,Room,Yes,22,678,847,410
581,2,Friedrichshain,Room,No,15,521,651,410
582,2,Friedrichshain,Room,Yes,20,707,884,410
583,2,Friedrichshain,Room,No,16,498,622,410
584,2,Friedrichshain,Room,No,17,525,656,410
585,2,Friedrichshain,Room,No,15,491,614,410
586,2,Friedrichshain,Room,Yes,17,623,779,410
587,2,Friedrichshain,Room,Yes,15,634,793,410
588,2,Friedrichshain,Room,Yes,19,607,759,410
589,2,Friedrichshain,Room,Yes,27,810,1012,410
590,2,Friedrichshain,Room,Yes,21,637,796,410
591,2,Friedrichshain,Room,Yes,19,643,804,410
592,2,Friedrichshain,Room,No,21,549,686,410
593,2,Friedrichshain,Room,Yes,18,597,746,410
594,2,Friedrichshain,Room,No,16,471,589,410
595,2,Friedrichshain,Room,Yes,18,672,840,410
596,2,Friedrichshain,Room,No,18,538,672,410
597,2,Friedrichshain,Room,No,23,612,765,410
598,2,Friedrichshain,Room,No,21,531,664,410
599,2,Friedrichshain,Room,Yes,15,603,754,410
600,2,Friedrichshain,Room,No,12,449,561,410
601,2,Friedrichshain,Room,Yes,21,690,863,410
602,2,Friedrichshain,Room,Yes,19,676,845,410
603,2,Friedrichshain,Room,Yes,14,604,755,410
604,2,Friedrichshain,Room,Yes,21,725,906,410
605,2,Friedrichshain,Room,Yes,21,645,806,410
606,2,Friedrichshain,Room,No,21,558,697,410
607,2,Friedrichshain,Room,Yes,22,712,890,410
608,2,Friedrichshain,Room,Yes,17,604,755,410
609,2,Friedrichshain,Room,No,20,515,644,410
610,2,Friedrichshain,Room,Yes,25,741,926,410
611,2,Friedrichshain,Room,No,20,528,660,410
612,2,Friedrichshain,Room,No,24,622,778,410
613,2,Friedrichshain,Room,No,21,515,644,410
614,2,Friedrichshain,Room,No,19,563,704,410
615,2,Friedrichshain,Room,No,19,514,643,410
616,2,Friedrichshain,Room,No,18,546,682,410
617,2,Friedrichshain,Room,Yes,22,737,921,410
618,2,Friedrichshain,Room,No,20,551,689,410
619,2,Friedrichshain,Room,Yes,17,638,797,410
620,2,Friedrichshain,Room,Yes,28,801,1001,410
621,2,Friedrichshain,Room,No,21,558,697,410
622,2,Friedrichshain,Room,Yes,15,640,800,410
623,2,Friedrichshain,Room,Yes,18,669,836,410
624,2,Friedrichshain,Room,Yes,16,646,807,410
625,2,Friedrichshain,Room,No,17,534,667,410
626,2,Friedrichshain,Room,Yes,18,656,820,410
627,2,Friedrichshain,Room,Yes,15,562,702,410
628,2,Friedrichshain,Room,Yes,14,570,712,410
629,2,Friedrichshain,Room,Yes,23,708,885,410
630,2,Friedrichshain,Room,Yes,16,618,773,410
631,2,Friedrichshain,Room,Yes,22,644,805,410
632,2,Friedrichshain,Room,Yes,16,616,770,410
633,2,Friedrichshain,Room,No,20,537,671,410
634,2,Friedrichshain,Room,Yes,12,582,727,410
635,2,Friedrichshain,Room,Yes,20,674,842,410
636,2,Friedrichshain,Room,Yes,16,634,793,410
637,2,Friedrichshain,Room,Yes,15,598,748,410
638,2,Friedrichshain,Room,Yes,14,602,753,410
639,2,Friedrichshain,Room,No,16,483,604,410
640,2,Friedrichshain,Room,No,22,550,687,410
641,2,Friedrichshain,Room,No,17,499,624,410
642,2,Friedrichshain,Room,No,19,524,655,410
643,2,Friedrichshain,Room,No,21,566,707,410
644,2,Friedrichshain,Room,Yes,18,642,802,410
645,2,Friedrichshain,Room,No,12,451,564,410
646,2,Friedrichshain,Room,No,17,521,651,410
647,2,Friedrichshain,Room,No,17,528,660,410
648,2,Friedrichshain,Room,No,12,425,531,410
649,2,Friedrichshain,Room,No,21,558,697,410
650,2,Friedrichshain,Room,No,20,519,649,410
651,2,Friedrichshain,Room,Yes,18,640,800,410
652,2,Friedrichshain,Room,No,14,461,576,410
653,2,Friedrichshain,Room,No,24,575,719,410
654,2,Friedrichshain,Room,Yes,14,564,705,410
655,2,Friedrichshain,Room,No,18,539,674,410
656,2,Friedrichshain,Room,Yes,18,648,810,410
657,2,Friedrichshain,Room,Yes,17,616,770,410
658,2,Friedrichshain,Room,No,22,554,693,410
659,2,Friedrichshain,Room,No,18,488,610,410
660,2,Friedrichshain,Room,No,16,466,582,410
661,2,Friedrichshain,Room,No,22,533,666,410
662,2,Friedrichshain,Room,Yes,18,682,853,410
663,2,Friedrichshain,Room,Yes,16,584,730,410
664,2,Friedrichshain,Room,No,16,479,599,410
665,2,Friedrichshain,Room,No,17,490,613,410
666,2,Friedrichshain,Room,Yes,22,731,914,410
667,2,Friedrichshain,Room,No,25,589,736,410
668,2,Friedrichshain,Room,Yes,16,602,752,410
669,2,Friedrichshain,Room,Yes,20,685,856,410
670,2,Friedrichshain,Room,No,19,513,641,410
671,2,Friedrichshain,Room,Yes,23,656,820,410
672,2,Friedrichshain,Room,No,23,586,733,410
673,2,Friedrichshain,Room,No,20,530,663,410
674,2,Friedrichshain,Room,Yes,21,701,876,410
675,2,Friedrichshain,Room,Yes,14,590,737,410
676,2,Friedrichshain,Room,Yes,22,663,829,410
677,2,Friedrichshain,Room,No,22,563,704,410
678,2,Friedrichshain,Room,No,18,538,672,410
679,2,Friedrichshain,Room,Yes,16,618,772,410
680,2,Friedrichshain,Room,No,16,476,595,410
681,2,Friedrichshain,Room,Yes,14,606,758,410
682,2,Friedrichshain,Room,Yes,25,681,851,410
683,2,Friedrichshain,Room,Yes,18,638,797,410
684,2,Friedrichshain,Room,Yes,23,662,827,410
685,2,Friedrichshain,Room,No,16,471,589,410
686,2,Friedrichshain,Room,No,23,548,685,410
687,2,Friedrichshain,Room,No,22,580,725,410
688,2,Friedrichshain,Room,No,18,526,657,410
689,2,Friedrichshain,Room,Yes,20,660,825,410
690,2,Friedrichshain,Room,Yes,19,623,779,410
691,2,Friedrichshain,Room,No,16,478,598,410
692,2,Friedrichshain,Room,Yes,19,650,813,410
693,2,Friedrichshain,Room,No,19,547,684,410
694,2,Friedrichshain,Room,Yes,25,772,965,410
695,2,Friedrichshain,Room,Yes,24,683,854,410
696,2,Friedrichshain,Room,No,21,518,648,410
697,2,Friedrichshain,Room,Yes,18,632,790,410
698,2,Friedrichshain,Room,Yes,12,574,717,410
699,2,Friedrichshain,Room,Yes,25,716,895,410
700,2,Friedrichshain,Room,Yes,20,654,817,410
701,2,Friedrichshain,Room,No,22,529,661,410
702,2,Friedrichshain,Room,No,25,584,730,410
703,2,Friedrichshain,Room,Yes,16,594,742,410
704,2,Friedrichshain,Room,Yes,21,706,883,410
705,2,Friedrichshain,Room,No,19,553,691,410
706,2,Friedrichshain,Room,No,24,566,708,410
707,2,Friedrichshain,Room,Yes,21,692,865,410
708,2,Friedrichshain,Room,No,15,460,575,410
709,2,Friedrichshain,Room,No,19,537,671,410
710,2,Friedrichshain,Room,No,22,534,667,410
711,2,Friedrichshain,Room,No,14,502,628,410
712,2,Friedrichshain,Room,No,17,507,634,410
713,2,Friedrichshain,Room,No,20,566,707,410
714,2,Friedrichshain,Room,Yes,19,619,774,410
715,2,Friedrichshain,Room,Yes,18,615,769,410
716,2,Friedrichshain,Room,No,12,466,583,410
717,2,Friedrichshain,Room,Yes,23,702,877,410
718,2,Friedrichshain,Room,Yes,18,600,750,410
719,2,Friedrichshain,Room,No,25,563,704,410
720,2,Friedrichshain,Room,No,24,613,766,410
721,2,Friedrichshain,Room,Yes,20,674,842,410
722,2,Friedrichshain,Room,No,22,557,696,410
723,2,Friedrichshain,Room,No,20,575,719,410
724,2,Friedrichshain,Room,Yes,26,719,899,410
725,2,Friedrichshain,Room,No,21,552,690,410
726,2,Friedrichshain,Room,No,20,534,667,410
727,2,Friedrichshain,Room,No,18,488,610,410
728,2,Friedrichshain,Room,No,23,566,707,410
729,2,Friedrichshain,Room,Yes,16,628,785,410
730,2,Friedrichshain,Room,No,21,559,699,410
731,2,Friedrichshain,Room,No,18,528,660,410
732,2,Friedrichshain,Room,Yes,26,736,920,410
733,2,Friedrichshain,Room,No,16,502,627,410
734,2,Friedrichshain,Room,No,12,430,538,410
735,2,Friedrichshain,Room,No,19,501,626,410
736,2,Friedrichshain,Room,No,19,554,692,410
737,2,Friedrichshain,Room,No,13,462,577,410
738,2,Friedrichshain,Room,No,20,556,695,410
739,2,Friedrichshain,Room,No,22,560,700,410
740,2,Friedrichshain,Room,No,23,568,710,410
741,2,Friedrichshain,Room,No,19,544,680,410
742,2,Friedrichshain,Room,Yes,12,550,687,410
743,2,Friedrichshain,Room,No,13,462,578,410
744,2,Friedrichshain,Room,Yes,15,615,769,410
745,2,Friedrichshain,Room,Yes,20,678,847,410
746,2,Friedrichshain,Room,Yes,21,646,807,410
747,2,Friedrichshain,Room,Yes,19,644,805,410
748,2,Friedrichshain,Room,No,17,510,637,410
749,2,Friedrichshain,Room,Yes,14,624,780,410
750,2,Friedrichshain,Room,Yes,23,684,855,410
751,2,Friedrichshain,Room,No,15,460,575,410
752,2,Friedrichshain,Room,Yes,14,574,718,410
753,2,Friedrichshain,Room,No,20,542,678,410
754,2,Friedrichshain,Room,No,25,605,756,410
755,2,Friedrichshain,Room,No,20,504,630,410
756,2,Friedrichshain,Room,Yes,16,618,773,410
757,2,Friedrichshain,Room,Yes,16,622,777,410
758,2,Friedrichshain,Room,No,19,530,663,410
759,2,Friedrichshain,Room,Yes,16,638,798,410
760,2,Friedrichshain,Room,Yes,19,624,780,410
761,3,Kreuzberg,Room,Yes,18,591,739,430
762,3,Kreuzberg,Room,No,22,562,703,430
763,3,Kreuzberg,Room,Yes,22,635,794,430
764,3,Kreuzberg,Room,Yes,16,602,752,430
765,3,Kreuzberg,Room,No,18,498,623,430
766,3,Kreuzberg,Room,Yes,21,709,886,430
767,3,Kreuzberg,Room,No,23,557,696,430
768,3,Kreuzberg,Room,Yes,17,616,770,430
769,3,Kreuzberg,Room,No,26,583,729,430
770,3,Kreuzberg,Room,Yes,18,645,806,430
771,3,Kreuzberg,Room,No,17,534,667,430
772,3,Kreuzberg,Room,No,22,528,660,430
773,3,Kreuzberg,Room,No,12,471,589,430
774,3,Kreuzberg,Room,Yes,20,662,827,430
775,3,Kreuzberg,Room,Yes,21,626,782,430
776,3,Kreuzberg,Room,No,20,501,626,430
777,3,Kreuzberg,Room,No,14,470,588,430
778,3,Kreuzberg,Room,No,17,522,652,430
779,3,Kreuzberg,Room,No,20,570,712,430
780,3,Kreuzberg,Room,Yes,19,662,828,430
781,3,Kreuzberg,Room,Yes,21,680,850,430
782,3,Kreuzberg,Room,Yes,12,518,647,430
783,3,Kreuzberg,Room,No,16,467,584,430
784,3,Kreuzberg,Room,No,12,438,548,430
785,3,Kreuzberg,Room,Yes,16,625,781,430
786,3,Kreuzberg,Room,Yes,19,613,766,430
787,3,Kreuzberg,Room,Yes,21,691,864,430
788,3,Kreuzberg,Room,Yes,27,784,980,430
789,3,Kreuzberg,Room,No,17,518,647,430
790,3,Kreuzberg,Room,No,20,542,678,430
791,3,Kreuzberg,Room,No,18,483,604,430
792,3,Kreuzberg,Room,No,21,510,638,430
793,3,Kreuzberg,Room,No,19,538,672,430
794,3,Kreuzberg,Room,Yes,16,626,783,430
795,3,Kreuzberg,Room,Yes,16,590,738,430
796,3,Kreuzberg,Room,No,19,547,684,430
797,3,Kreuzberg,Room,Yes,15,622,778,430
798,3,Kreuzberg,Room,No,17,490,613,430
799,3,Kreuzberg,Room,No,25,594,743,430
800,3,Kreuzberg,Room,Yes,21,646,808,430
801,3,Kreuzberg,Room,No,22,573,716,430
802,3,Kreuzberg,Room,Yes,16,581,726,430
803,3,Kreuzberg,Room,No,22,529,661,430
804,3,Kreuzberg,Room,No,21,550,687,430
805,3,Kreuzberg,Room,No,24,549,686,430
806,3,Kreuzberg,Room,No,12,445,556,430
807,3,Kreuzberg,Room,Yes,21,678,848,430
808,3,Kreuzberg,Room,No,19,558,698,430
809,3,Kreuzberg,Room,No,21,544,680,430
810,3,Kreuzberg,Room,No,20,510,638,430
811,3,Kreuzberg,Room,No,21,512,640,430
812,3,Kreuzberg,Room,Yes,20,634,793,430
813,3,Kreuzberg,Room,No,24,602,752,430
814,3,Kreuzberg,Room,No,22,583,729,430
815,3,Kreuzberg,Room,No,21,524,655,430
816,3,Kreuzberg,Room,No,20,529,661,430
817,3,Kreuzberg,Room,Yes,19,626,783,430
818,3,Kreuzberg,Room,No,22,586,732,430
819,3,Kreuzberg,Room,No,24,612,765,430
820,3,Kreuzberg,Room,Yes,18,651,814,430
821,3,Kreuzberg,Room,Yes,19,676,845,430
822,3,Kreuzberg,Room,No,16,477,596,430
823,3,Kreuzberg,Room,Yes,15,563,704,430
824,3,Kreuzberg,Room,No,18,523,654,430
825,3,Kreuzberg,Room,Yes,25,682,853,430
826,3,Kreuzberg,Room,Yes,19,618,772,430
827,3,Kreuzberg,Room,No,17,488,610,430
828,3,Kreuzberg,Room,No,19,551,689,430
829,3,Kreuzberg,Room,No,14,457,571,430
830,3,Kreuzberg,Room,No,21,557,696,430
831,3,Kreuzberg,Room,No,12,417,521,430
832,3,Kreuzberg,Room,No,21,514,642,430
833,3,Kreuzberg,Room,Yes,18,618,773,430
834,3,Kreuzberg,Room,No,20,556,695,430
835,3,Kreuzberg,Room,Yes,14,539,674,430
836,3,Kreuzberg,Room,No,21,563,704,430
837,3,Kreuzberg,Room,No,15,503,629,430
838,3,Kreuzberg,Room,No,23,541,676,430
839,3,Kreuzberg,Room,No,22,575,719,430
840,3,Kreuzberg,Room,Yes,19,635,794,430
841,3,Kreuzberg,Room,Yes,17,630,788,430
842,3,Kreuzberg,Room,No,18,517,646,430
843,3,Kreuzberg,Room,Yes,22,674,843,430
844,3,Kreuzberg,Room,No,22,566,707,430
845,3,Kreuzberg,Room,No,25,558,698,430
846,3,Kreuzberg,Room,No,14,481,601,430
847,3,Kreuzberg,Room,No,19,516,645,430
848,3,Kreuzberg,Room,Yes,24,699,874,430
849,3,Kreuzberg,Room,No,19,544,680,430
850,3,Kreuzberg,Room,No,26,599,749,430
851,3,Kreuzberg,Room,Yes,17,637,796,430
852,3,Kreuzberg,Room,Yes,30,778,972,430
853,3,Kreuzberg,Room,No,23,573,716,430
854,3,Kreuzberg,Room,Yes,26,703,879,430
855,3,Kreuzberg,Room,Yes,15,558,698,430
856,3,Kreuzberg,Room,Yes,15,616,770,430
857,3,Kreuzberg,Room,Yes,17,644,805,430
858,3,Kreuzberg,Room,No,26,614,768,430
859,3,Kreuzberg,Room,No,26,594,743,430
860,3,Kreuzberg,Room,No,24,565,706,430
861,3,Kreuzberg,Room,Yes,20,660,825,430
862,3,Kreuzberg,Room,Yes,19,614,767,430
863,3,Kreuzberg,Room,No,17,513,641,430
864,3,Kreuzberg,Room,No,20,499,624,430
865,3,Kreuzberg,Room,No,17,471,589,430
866,3,Kreuzberg,Room,No,22,530,662,430
867,3,Kreuzberg,Room,Yes,17,587,734,430
868,3,Kreuzberg,Room,No,23,580,725,430
869,3,Kreuzberg,Room,Yes,23,668,835,430
870,3,Kreuzberg,Room,No,25,618,773,430
871,3,Kreuzberg,Room,No,21,520,650,430
872,3,Kreuzberg,Room,No,14,476,595,430
873,3,Kreuzberg,Room,Yes,16,640,800,430
874,3,Kreuzberg,Room,Yes,15,612,765,430
875,3,Kreuzberg,Room,No,14,489,611,430
876,3,Kreuzberg,Room,No,16,514,642,430
877,3,Kreuzberg,Room,Yes,16,562,703,430
878,3,Kreuzberg,Room,No,18,489,611,430
879,3,Kreuzberg,Room,Yes,20,698,873,430
880,3,Kreuzberg,Room,No,21,523,654,430
881,3,Kreuzberg,Room,Yes,17,576,720,430
882,3,Kreuzberg,Room,No,17,508,635,430
883,3,Kreuzberg,Room,No,24,601,751,430
884,3,Kreuzberg,Room,No,23,534,668,430
885,3,Kreuzberg,Room,No,18,486,608,430
886,3,Kreuzberg,Room,Yes,17,597,746,430
887,3,Kreuzberg,Room,Yes,21,639,799,430
888,3,Kreuzberg,Room,No,23,530,662,430
889,3,Kreuzberg,Room,Yes,16,591,739,430
890,3,Kreuzberg,Room,Yes,15,584,730,430
891,3,Kreuzberg,Room,Yes,21,698,873,430
892,3,Kreuzberg,Room,Yes,18,622,778,430
893,3,Kreuzberg,Room,Yes,20,639,799,430
894,3,Kreuzberg,Room,Yes,19,666,833,430
895,3,Kreuzberg,Room,No,17,522,652,430
896,3,Kreuzberg,Room,Yes,22,708,885,430
897,3,Kreuzberg,Room,No,14,451,564,430
898,3,Kreuzberg,Room,Yes,21,658,822,430
899,3,Kreuzberg,Room,Yes,18,614,768,430
900,3,Kreuzberg,Room,No,23,574,718,430
901,3,Kreuzberg,Room,Yes,20,689,861,430
902,3,Kreuzberg,Room,No,29,667,834,430
903,3,Kreuzberg,Room,No,13,446,558,430
904,3,Kreuzberg,Room,No,23,590,738,430
905,3,Kreuzberg,Room,No,17,490,612,430
906,3,Kreuzberg,Room,Yes,22,637,796,430
907,3,Kreuzberg,Room,Yes,20,630,788,430
908,3,Kreuzberg,Room,No,18,538,672,430
909,3,Kreuzberg,Room,No,18,535,669,430
910,3,Kreuzberg,Room,Yes,21,698,872,430
911,3,Kreuzberg,Room,No,22,528,660,430
912,3,Kreuzberg,Room,Yes,19,646,807,430
913,3,Kreuzberg,Room,Yes,17,576,720,430
914,3,Kreuzberg,Room,Yes,22,702,878,430
915,3,Kreuzberg,Room,No,15,502,627,430
916,3,Kreuzberg,Room,No,17,483,604,430
917,3,Kreuzberg,Room,No,21,581,726,430
918,3,Kreuzberg,Room,Yes,22,682,852,430
919,3,Kreuzberg,Room,No,22,538,672,430
920,3,Kreuzberg,Room,No,18,530,663,430
921,3,Kreuzberg,Room,No,25,599,749,430
922,3,Kreuzberg,Room,Yes,24,694,867,430
923,3,Kreuzberg,Room,Yes,17,575,719,430
924,3,Kreuzberg,Room,Yes,23,741,926,430
925,3,Kreuzberg,Room,Yes,17,622,777,430
926,3,Kreuzberg,Room,No,19,494,617,430
927,3,Kreuzberg,Room,No,19,511,639,430
928,3,Kreuzberg,Room,No,21,551,689,430
929,3,Kreuzberg,Room,No,23,546,682,430
930,3,Kreuzberg,Room,Yes,18,611,764,430
931,3,Kreuzberg,Room,Yes,20,656,820,430
932,3,Kreuzberg,Room,No,17,492,615,430
933,3,Kreuzberg,Room,Yes,18,623,779,430
934,3,Kreuzberg,Room,No,16,494,617,430
935,3,Kreuzberg,Room,No,23,590,738,430
936,3,Kreuzberg,Room,Yes,20,637,796,430
937,3,Kreuzberg,Room,Yes,16,579,724,430
938,3,Kreuzberg,Room,Yes,14,582,727,430
939,3,Kreuzberg,Room,No,21,539,674,430
940,3,Kreuzberg,Room,No,18,506,632,430
941,3,Kreuzberg,Room,Yes,20,642,802,430
942,3,Kreuzberg,Room,Yes,23,715,894,430
943,3,Kreuzberg,Room,Yes,13,569,711,430
944,3,Kreuzberg,Room,Yes,13,556,695,430
945,3,Kreuzberg,Room,Yes,22,682,852,430
946,3,Kreuzberg,Room,Yes,16,578,722,430
947,3,Kreuzberg,Room,No,18,534,667,430
948,3,Kreuzberg,Room,Yes,21,673,841,430
949,3,Kreuzberg,Room,No,19,489,611,430
950,3,Kreuzberg,Room,No,22,516,645,430
951,3,Kreuzberg,Room,No,18,536,670,430
952,3,Kreuzberg,Room,Yes,22,692,865,430
953,3,Kreuzberg,Room,No,22,520,650,430
954,3,Kreuzberg,Room,No,17,485,606,430
955,3,Kreuzberg,Room,No,22,568,710,430
956,3,Kreuzberg,Room,No,15,455,569,430
957,3,Kreuzberg,Room,Yes,22,726,908,430
958,3,Kreuzberg,Room,Yes,19,658,822,430
959,3,Kreuzberg,Room,No,24,579,724,430
960,3,Kreuzberg,Room,No,24,571,714,430
961,3,Kreuzberg,Room,No,15,450,562,430
962,3,Kreuzberg,Room,Yes,19,608,760,430
963,3,Kreuzberg,Room,No,21,516,645,430
964,3,Kreuzberg,Room,No,18,484,605,430
965,3,Kreuzberg,Room,Yes,24,718,898,430
966,3,Kreuzberg,Room,No,18,500,625,430
967,3,Kreuzberg,Room,Yes,19,626,782,430
968,3,Kreuzberg,Room,No,23,585,731,430
969,3,Kreuzberg,Room,Yes,17,580,725,430
970,3,Kreuzberg,Room,No,21,551,689,430
971,3,Kreuzberg,Room,Yes,18,610,763,430
972,3,Kreuzberg,Room,No,19,522,652,430
973,3,Kreuzberg,Room,No,19,538,672,430
974,3,Kreuzberg,Room,Yes,16,576,720,430
975,3,Kreuzberg,Room,No,17,512,640,430
976,3,Kreuzberg,Room,Yes,16,615,769,430
977,3,Kreuzberg,Room,No,14,495,619,430
978,3,Kreuzberg,Room,Yes,25,721,901,430
979,3,Kreuzberg,Room,No,22,575,719,430
980,3,Kreuzberg,Room,Yes,16,570,713,430
981,3,Kreuzberg,Room,No,19,528,660,430
982,3,Kreuzberg,Room,No,22,532,665,430
983,3,Kreuzberg,Room,No,25,573,716,430
984,3,Kreuzberg,Room,No,16,507,634,430
985,3,Kreuzberg,Room,Yes,17,574,718,430
986,3,Kreuzberg,Room,Yes,20,681,851,430
987,3,Kreuzberg,Room,No,16,494,618,430
988,3,Kreuzberg,Room,No,29,654,817,430
989,3,Kreuzberg,Room,No,25,557,696,430
990,3,Kreuzberg,Room,No,16,459,574,430
991,3,Kreuzberg,Room,Yes,24,715,894,430
992,3,Kreuzberg,Room,Yes,20,641,801,430
993,3,Kreuzberg,Room,Yes,14,549,686,430
994,3,Kreuzberg,Room,No,15,486,607,430
995,3,Kreuzberg,Room,Yes,20,671,839,430
996,3,Kreuzberg,Room,No,21,560,700,430
997,3,Kreuzberg,Room,No,17,482,602,430
998,3,Kreuzberg,Room,No,21,573,716,430
999,3,Kreuzberg,Room,Yes,15,590,738,430
1000,3,Kreuzberg,Room,No,14,492,615,430
1001,3,Kreuzberg,Room,No,26,570,713,430
1002,3,Kreuzberg,Room,No,19,522,652,430
1003,3,Kreuzberg,Room,Yes,17,632,790,430
1004,3,Kreuzberg,Room,No,22,570,713,430
1005,3,Kreuzberg,Room,No,21,544,680,430
1006,3,Kreuzberg,Room,Yes,23,707,884,430
1007,3,Kreuzberg,Room,No,16,522,653,430
1008,3,Kreuzberg,Room,No,18,510,637,430
1009,3,Kreuzberg,Room,Yes,23,714,892,430
1010,3,Kreuzberg,Room,No,19,488,610,430
1011,3,Kreuzberg,Room,Yes,21,678,847,430
1012,3,Kreuzberg,Room,No,22,546,683,430
1013,3,Kreuzberg,Room,Yes,19,606,757,430
1014,3,Kreuzberg,Room,No,20,522,652,430
1015,3,Kreuzberg,Room,No,21,529,661,430
1016,3,Kreuzberg,Room,No,18,526,657,430
1017,3,Kreuzberg,Room,No,24,553,691,430
1018,3,Kreuzberg,Room,Yes,23,725,906,430
1019,3,Kreuzberg,Room,No,19,498,622,430
1020,3,Kreuzberg,Room,Yes,15,592,740,430
1021,3,Kreuzberg,Room,Yes,17,646,807,430
1022,3,Kreuzberg,Room,Yes,15,586,732,430
1023,3,Kreuzberg,Room,No,14,462,577,430
1024,3,Kreuzberg,Room,Yes,24,687,859,430
1025,3,Kreuzberg,Room,No,18,485,606,430
1026,3,Kreuzberg,Room,No,20,498,623,430
1027,3,Kreuzberg,Room,No,17,504,630,430
1028,3,Kreuzberg,Room,No,14,470,587,430
1029,3,Kreuzberg,Room,Yes,12,553,691,430
1030,3,Kreuzberg,Room,No,19,555,694,430
1031,3,Kreuzberg,Room,No,16,501,626,430
1032,3,Kreuzberg,Room,Yes,24,721,901,430
1033,3,Kreuzberg,Room,No,18,541,676,430
1034,3,Kreuzberg,Room,Yes,22,727,909,430
1035,3,Kreuzberg,Room,No,18,540,675,430
1036,3,Kreuzberg,Room,Yes,24,684,855,430
1037,3,Kreuzberg,Room,No,21,562,703,430
1038,3,Kreuzberg,Room,No,12,441,551,430
1039,3,Kreuzberg,Room,Yes,18,614,768,430
1040,3,Kreuzberg,Room,Yes,24,679,849,430
1041,3,Kreuzberg,Room,Yes,16,602,753,430
1042,3,Kreuzberg,Room,Yes,22,682,853,430
1043,3,Kreuzberg,Room,No,12,449,561,430
1044,3,Kreuzberg,Room,No,14,438,548,430
1045,3,Kreuzberg,Room,Yes,16,610,763,430
1046,3,Kreuzberg,Room,Yes,17,655,819,430
1047,3,Kreuzberg,Room,No,16,488,610,430
1048,3,Kreuzberg,Room,Yes,17,621,776,430
1049,3,Kreuzberg,Room,No,23,538,673,430
1050,3,Kreuzberg,Room,Yes,16,637,796,430
1051,3,Kreuzberg,Room,No,20,502,628,430
1052,3,Kreuzberg,Room,No,23,585,731,430
1053,3,Kreuzberg,Room,Yes,15,615,769,430
1054,3,Kreuzberg,Room,Yes,17,584,730,430
1055,3,Kreuzberg,Room,Yes,16,644,805,430
1056,3,Kreuzberg,Room,No,20,530,662,430
1057,3,Kreuzberg,Room,Yes,20,614,768,430
1058,3,Kreuzberg,Room,No,20,552,690,430
1059,3,Kreuzberg,Room,No,16,510,637,430
1060,3,Kreuzberg,Room,No,20,561,701,430
1061,3,Kreuzberg,Room,Yes,14,598,748,430
1062,3,Kreuzberg,Room,Yes,22,669,836,430
1063,3,Kreuzberg,Room,No,22,585,731,430
1064,3,Kreuzberg,Room,No,25,569,711,430
1065,3,Kreuzberg,Room,Yes,14,588,735,430
1066,3,Kreuzberg,Room,No,20,557,696,430
1067,3,Kreuzberg,Room,No,26,586,733,430
1068,3,Kreuzberg,Room,No,13,470,587,430
1069,3,Kreuzberg,Room,No,12,429,536,430
1070,3,Kreuzberg,Room,Yes,18,590,737,430
1071,3,Kreuzberg,Room,Yes,19,624,780,430
1072,3,Kreuzberg,Room,Yes,23,674,842,430
1073,3,Kreuzberg,Room,Yes,19,660,825,430
1074,3,Kreuzberg,Room,No,23,558,697,430
1075,3,Kreuzberg,Room,Yes,15,596,745,430
1076,3,Kreuzberg,Room,No,14,494,617,430
1077,3,Kreuzberg,Room,No,17,482,602,430
1078,3,Kreuzberg,Room,No,21,552,690,430
1079,3,Kreuzberg,Room,No,18,509,636,430
1080,3,Kreuzberg,Room,Yes,22,699,874,430
1081,3,Kreuzberg,Room,No,18,544,680,430
1082,3,Kreuzberg,Room,No,13,431,539,430
1083,3,Kreuzberg,Room,Yes,19,648,810,430
1084,3,Kreuzberg,Room,No,23,573,716,430
1085,3,Kreuzberg,Room,Yes,18,606,758,430
1086,3,Kreuzberg,Room,No,20,542,678,430
1087,3,Kreuzberg,Room,Yes,19,601,751,430
1088,3,Kreuzberg,Room,Yes,25,690,863,430
1089,3,Kreuzberg,Room,Yes,18,644,805,430
1090,3,Kreuzberg,Room,No,22,587,734,430
1091,3,Kreuzberg,Room,Yes,16,569,711,430
1092,3,Kreuzberg,Room,No,16,490,613,430
1093,3,Kreuzberg,Room,No,18,526,658,430
1094,3,Kreuzberg,Room,Yes,20,695,869,430
1095,3,Kreuzberg,Room,No,21,514,643,430
1096,3,Kreuzberg,Room,Yes,23,742,928,430
1097,3,Kreuzberg,Room,Yes,27,770,963,430
1098,3,Kreuzberg,Room,Yes,19,617,771,430
1099,3,Kreuzberg,Room,No,20,520,650,430
1100,3,Kreuzberg,Room,Yes,20,690,863,430
1101,3,Kreuzberg,Room,No,17,486,607,430
1102,3,Kreuzberg,Room,Yes,19,650,812,430
1103,3,Kreuzberg,Room,No,24,544,680,430
1104,3,Kreuzberg,Room,No,22,528,660,430
1105,3,Kreuzberg,Room,Yes,20,678,848,430
1106,3,Kreuzberg,Room,Yes,17,630,787,430
1107,3,Kreuzberg,Room,Yes,16,575,719,430
1108,3,Kreuzberg,Room,No,22,538,673,430
1109,3,Kreuzberg,Room,No,21,579,724,430
1110,3,Kreuzberg,Room,Yes,23,738,923,430
1111,3,Kreuzberg,Room,Yes,15,560,700,430
1112,3,Kreuzberg,Room,Yes,15,590,737,430
1113,3,Kreuzberg,Room,Yes,18,627,784,430
1114,3,Kreuzberg,Room,Yes,21,669,836,430
1115,3,Kreuzberg,Room,No,20,523,654,430
1116,3,Kreuzberg,Room,No,18,540,675,430
1117,3,Kreuzberg,Room,Yes,16,628,785,430
1118,3,Kreuzberg,Room,No,16,509,636,430
1119,3,Kreuzberg,Room,Yes,20,654,818,430
1120,3,Kreuzberg,Room,Yes,23,650,812,430
1121,3,Kreuzberg,Room,Yes,15,574,717,430
1122,3,Kreuzberg,Room,No,18,506,633,430
1123,3,Kreuzberg,Room,Yes,19,603,754,430
1124,3,Kreuzberg,Room,No,24,580,725,430
1125,3,Kreuzberg,Room,Yes,15,554,692,430
1126,3,Kreuzberg,Room,No,25,570,713,430
1127,3,Kreuzberg,Room,No,24,612,765,430
1128,3,Kreuzberg,Room,No,23,582,728,430
1129,3,Kreuzberg,Room,Yes,14,602,752,430
1130,3,Kreuzberg,Room,No,19,529,661,430
1131,3,Kreuzberg,Room,No,22,582,727,430
1132,3,Kreuzberg,Room,No,15,446,558,430
1133,3,Kreuzberg,Room,No,16,470,587,430
1134,3,Kreuzberg,Room,Yes,17,594,742,430
1135,3,Kreuzberg,Room,Yes,21,715,894,430
1136,3,Kreuzberg,Room,Yes,25,747,934,430
1137,3,Kreuzberg,Room,Yes,24,661,826,430
1138,3,Kreuzberg,Room,No,17,481,601,430
1139,3,Kreuzberg,Room,Yes,14,580,725,430
1140,3,Kreuzberg,Room,Yes,28,766,958,430
1141,3,Kreuzberg,Room,No,17,498,623,430
1142,3,Kreuzberg,Room,No,22,545,681,430
1143,3,Kreuzberg,Room,Yes,24,694,867,430
1144,3,Kreuzberg,Room,No,25,596,745,430
1145,3,Kreuzberg,Room,No,18,481,601,430
1146,3,Kreuzberg,Room,No,17,467,584,430
1147,3,Kreuzberg,Room,No,22,550,687,430
1148,3,Kreuzberg,Room,Yes,15,613,766,430
1149,3,Kreuzberg,Room,No,21,511,639,430
1150,3,Kreuzberg,Room,Yes,18,662,827,430
1151,3,Kreuzberg,Room,Yes,26,703,879,430
1152,3,Kreuzberg,Room,No,18,510,637,430
1153,3,Kreuzberg,Room,Yes,27,702,877,430
1154,3,Kreuzberg,Room,No,18,518,647,430
1155,3,Kreuzberg,Room,No,20,536,670,430
1156,3,Kreuzberg,Room,Yes,26,685,856,430
1157,3,Kreuzberg,Room,No,17,476,595,430
1158,3,Kreuzberg,Room,No,20,555,694,430
1159,3,Kreuzberg,Room,No,22,534,667,430
1160,3,Kreuzberg,Room,No,14,488,610,430
1161,3,Kreuzberg,Room,No,20,555,694,430
1162,3,Kreuzberg,Room,No,20,550,688,430
1163,3,Kreuzberg,Room,Yes,26,701,876,430
1164,3,Kreuzberg,Room,Yes,16,612,765,430
1165,3,Kreuzberg,Room,Yes,20,672,840,430
1166,3,Kreuzberg,Room,No,15,498,622,430
1167,3,Kreuzberg,Room,Yes,20,672,840,430
1168,3,Kreuzberg,Room,No,20,536,670,430
1169,3,Kreuzberg,Room,Yes,25,674,843,430
1170,3,Kreuzberg,Room,No,21,512,640,430
1171,3,Kreuzberg,Room,Yes,17,600,750,430
1172,3,Kreuzberg,Room,No,20,512,640,430
1173,3,Kreuzberg,Room,Yes,20,662,827,430
1174,3,Kreuzberg,Room,No,23,539,674,430
1175,3,Kreuzberg,Room,No,19,508,635,430
1176,3,Kreuzberg,Room,No,18,536,670,430
1177,3,Kreuzberg,Room,No,18,487,609,430
1178,3,Kreuzberg,Room,No,18,477,596,430
1179,3,Kreuzberg,Room,No,20,522,653,430
1180,3,Kreuzberg,Room,No,18,516,645,430
1181,3,Kreuzberg,Room,Yes,17,638,797,430
1182,3,Kreuzberg,Room,Yes,21,630,787,430
1183,3,Kreuzberg,Room,Yes,19,650,812,430
1184,3,Kreuzberg,Room,No,18,482,603,430
1185,3,Kreuzberg,Room,No,23,528,660,430
1186,3,Kreuzberg,Room,No,22,561,701,430
1187,3,Kreuzberg,Room,Yes,22,645,806,430
1188,3,Kreuzberg,Room,Yes,21,714,892,430
1189,3,Kreuzberg,Room,Yes,23,712,890,430
1190,3,Kreuzberg,Room,No,16,521,651,430
1191,4,Prenzlauer Berg,Room,No,15,482,602,280
1192,4,Prenzlauer Berg,Room,No,19,486,607,280
1193,4,Prenzlauer Berg,Room,Yes,22,644,805,280
1194,4,Prenzlauer Berg,Room,Yes,21,614,767,280
1195,4,Prenzlauer Berg,Room,Yes,16,584,730,280
1196,4,Prenzlauer Berg,Room,No,13,441,551,280
1197,4,Prenzlauer Berg,Room,Yes,21,630,787,280
1198,4,Prenzlauer Berg,Room,No,19,490,613,280
1199,4,Prenzlauer Berg,Room,No,19,485,606,280
1200,4,Prenzlauer Berg,Room,No,15,457,571,280
1201,4,Prenzlauer Berg,Room,No,20,516,645,280
1202,4,Prenzlauer Berg,Room,Yes,19,666,832,280
1203,4,Prenzlauer Berg,Room,No,25,596,745,280
1204,4,Prenzlauer Berg,Room,Yes,16,596,745,280
1205,4,Prenzlauer Berg,Room,Yes,14,574,717,280
1206,4,Prenzlauer Berg,Room,Yes,19,590,738,280
1207,4,Prenzlauer Berg,Room,No,27,576,720,280
1208,4,Prenzlauer Berg,Room,No,23,574,718,280
1209,4,Prenzlauer Berg,Room,No,23,590,737,280
1210,4,Prenzlauer Berg,Room,Yes,20,636,795,280
1211,4,Prenzlauer Berg,Room,Yes,18,603,754,280
1212,4,Prenzlauer Berg,Room,No,18,482,602,280
1213,4,Prenzlauer Berg,Room,No,17,487,609,280
1214,4,Prenzlauer Berg,Room,No,22,540,675,280
1215,4,Prenzlauer Berg,Room,Yes,24,728,910,280
1216,4,Prenzlauer Berg,Room,No,19,536,670,280
1217,4,Prenzlauer Berg,Room,Yes,23,696,870,280
1218,4,Prenzlauer Berg,Room,Yes,20,669,836,280
1219,4,Prenzlauer Berg,Room,Yes,17,593,741,280
1220,4,Prenzlauer Berg,Room,No,17,480,600,280
1221,4,Prenzlauer Berg,Room,Yes,20,649,811,280
1222,4,Prenzlauer Berg,Room,Yes,19,668,835,280
1223,4,Prenzlauer Berg,Room,No,22,526,658,280
1224,4,Prenzlauer Berg,Room,No,19,526,658,280
1225,4,Prenzlauer Berg,Room,Yes,26,677,846,280
1226,4,Prenzlauer Berg,Room,No,19,517,646,280
1227,4,Prenzlauer Berg,Room,Yes,21,667,834,280
1228,4,Prenzlauer Berg,Room,No,15,481,601,280
1229,4,Prenzlauer Berg,Room,No,20,538,673,280
1230,4,Prenzlauer Berg,Room,Yes,23,658,822,280
1231,4,Prenzlauer Berg,Room,Yes,17,598,748,280
1232,4,Prenzlauer Berg,Room,No,17,519,649,280
1233,4,Prenzlauer Berg,Room,No,12,426,533,280
1234,4,Prenzlauer Berg,Room,No,21,524,655,280
1235,4,Prenzlauer Berg,Room,Yes,24,678,848,280
1236,4,Prenzlauer Berg,Room,No,20,550,688,280
1237,4,Prenzlauer Berg,Room,No,26,610,763,280
1238,4,Prenzlauer Berg,Room,Yes,22,712,890,280
1239,4,Prenzlauer Berg,Room,No,21,541,676,280
1240,4,Prenzlauer Berg,Room,Yes,17,597,746,280
1241,4,Prenzlauer Berg,Room,Yes,14,530,663,280
1242,4,Prenzlauer Berg,Room,Yes,19,662,828,280
1243,4,Prenzlauer Berg,Room,Yes,18,577,721,280
1244,4,Prenzlauer Berg,Room,Yes,20,666,832,280
1245,4,Prenzlauer Berg,Room,No,25,582,727,280
1246,4,Prenzlauer Berg,Room,No,20,560,700,280
1247,4,Prenzlauer Berg,Room,Yes,21,645,806,280
1248,4,Prenzlauer Berg,Room,Yes,21,642,803,280
1249,4,Prenzlauer Berg,Room,No,22,536,670,280
1250,4,Prenzlauer Berg,Room,No,22,585,731,280
1251,4,Prenzlauer Berg,Room,Yes,19,606,758,280
1252,4,Prenzlauer Berg,Room,No,15,478,598,280
1253,4,Prenzlauer Berg,Room,No,21,514,643,280
1254,4,Prenzlauer Berg,Room,Yes,17,598,748,280
1255,4,Prenzlauer Berg,Room,No,12,425,531,280
1256,4,Prenzlauer Berg,Room,No,18,526,657,280
1257,4,Prenzlauer Berg,Room,No,16,454,567,280
1258,4,Prenzlauer Berg,Room,Yes,17,608,760,280
1259,4,Prenzlauer Berg,Room,Yes,12,509,636,280
1260,4,Prenzlauer Berg,Room,Yes,19,622,777,280
1261,4,Prenzlauer Berg,Room,No,20,550,687,280
1262,4,Prenzlauer Berg,Room,Yes,21,616,770,280
1263,4,Prenzlauer Berg,Room,Yes,20,668,835,280
1264,4,Prenzlauer Berg,Room,Yes,16,606,758,280
1265,4,Prenzlauer Berg,Room,No,20,556,695,280
1266,4,Prenzlauer Berg,Room,No,24,558,697,280
1267,4,Prenzlauer Berg,Room,No,17,463,579,280
1268,4,Prenzlauer Berg,Room,Yes,25,758,948,280
1269,4,Prenzlauer Berg,Room,No,20,507,634,280
1270,4,Prenzlauer Berg,Room,No,29,602,753,280
1271,4,Prenzlauer Berg,Room,No,14,475,594,280
1272,4,Prenzlauer Berg,Room,Yes,18,657,821,280
1273,4,Prenzlauer Berg,Room,Yes,17,573,716,280
1274,4,Prenzlauer Berg,Room,Yes,19,658,822,280
1275,4,Prenzlauer Berg,Room,No,22,579,724,280
1276,4,Prenzlauer Berg,Room,No,23,589,736,280
1277,4,Prenzlauer Berg,Room,Yes,16,551,689,280
1278,4,Prenzlauer Berg,Room,Yes,18,598,748,280
1279,4,Prenzlauer Berg,Room,Yes,20,634,792,280
1280,4,Prenzlauer Berg,Room,No,21,561,701,280
1281,4,Prenzlauer Berg,Room,Yes,18,618,772,280
1282,4,Prenzlauer Berg,Room,No,15,448,560,280
1283,4,Prenzlauer Berg,Room,Yes,18,583,729,280
1284,4,Prenzlauer Berg,Room,Yes,18,650,812,280
1285,4,Prenzlauer Berg,Room,No,15,499,624,280
1286,4,Prenzlauer Berg,Room,No,18,530,662,280
1287,4,Prenzlauer Berg,Room,No,17,515,644,280
1288,4,Prenzlauer Berg,Room,Yes,19,631,789,280
1289,4,Prenzlauer Berg,Room,No,22,560,700,280
1290,4,Prenzlauer Berg,Room,Yes,21,646,807,280
1291,4,Prenzlauer Berg,Room,No,13,436,545,280
1292,4,Prenzlauer Berg,Room,No,21,522,653,280
1293,4,Prenzlauer Berg,Room,Yes,18,591,739,280
1294,4,Prenzlauer Berg,Room,No,23,527,659,280
1295,4,Prenzlauer Berg,Room,Yes,20,620,775,280
1296,4,Prenzlauer Berg,Room,No,16,507,634,280
1297,4,Prenzlauer Berg,Room,Yes,17,615,769,280
1298,4,Prenzlauer Berg,Room,No,20,520,650,280
1299,4,Prenzlauer Berg,Room,Yes,16,603,754,280
1300,4,Prenzlauer Berg,Room,No,20,530,662,280
1301,4,Prenzlauer Berg,Room,Yes,24,668,835,280
1302,4,Prenzlauer Berg,Room,Yes,23,642,803,280
1303,4,Prenzlauer Berg,Room,Yes,23,723,904,280
1304,4,Prenzlauer Berg,Room,Yes,26,774,967,280
1305,4,Prenzlauer Berg,Room,No,18,528,660,280
1306,4,Prenzlauer Berg,Room,No,20,549,686,280
1307,4,Prenzlauer Berg,Room,Yes,16,627,784,280
1308,4,Prenzlauer Berg,Room,No,13,473,591,280
1309,4,Prenzlauer Berg,Room,No,17,462,577,280
1310,4,Prenzlauer Berg,Room,No,23,556,695,280
1311,4,Prenzlauer Berg,Room,Yes,20,618,772,280
1312,4,Prenzlauer Berg,Room,Yes,23,721,901,280
1313,4,Prenzlauer Berg,Room,Yes,22,694,867,280
1314,4,Prenzlauer Berg,Room,Yes,19,598,747,280
1315,4,Prenzlauer Berg,Room,No,18,480,600,280
1316,4,Prenzlauer Berg,Room,Yes,19,610,762,280
1317,4,Prenzlauer Berg,Room,No,19,514,643,280
1318,4,Prenzlauer Berg,Room,No,20,561,701,280
1319,4,Prenzlauer Berg,Room,No,19,527,659,280
1320,4,Prenzlauer Berg,Room,Yes,19,607,759,280
1321,4,Prenzlauer Berg,Room,No,18,470,587,280
1322,4,Prenzlauer Berg,Room,Yes,20,669,836,280
1323,4,Prenzlauer Berg,Room,No,17,511,639,280
1324,4,Prenzlauer Berg,Room,No,16,506,632,280
1325,4,Prenzlauer Berg,Room,No,20,515,644,280
1326,4,Prenzlauer Berg,Room,No,20,533,666,280
1327,4,Prenzlauer Berg,Room,No,21,566,707,280
1328,4,Prenzlauer Berg,Room,No,26,587,734,280
1329,4,Prenzlauer Berg,Room,Yes,22,626,783,280
1330,4,Prenzlauer Berg,Room,No,21,524,655,280
1331,4,Prenzlauer Berg,Room,Yes,14,586,732,280
1332,4,Prenzlauer Berg,Room,No,22,538,672,280
1333,4,Prenzlauer Berg,Room,No,22,574,718,280
1334,4,Prenzlauer Berg,Room,No,19,550,687,280
1335,4,Prenzlauer Berg,Room,Yes,18,641,801,280
1336,4,Prenzlauer Berg,Room,Yes,21,641,801,280
1337,4,Prenzlauer Berg,Room,Yes,23,675,844,280
1338,4,Prenzlauer Berg,Room,Yes,19,592,740,280
1339,4,Prenzlauer Berg,Room,No,17,493,616,280
1340,4,Prenzlauer Berg,Room,No,21,538,672,280
1341,4,Prenzlauer Berg,Room,No,12,456,570,280
1342,4,Prenzlauer Berg,Room,No,21,537,671,280
1343,4,Prenzlauer Berg,Room,Yes,21,617,771,280
1344,4,Prenzlauer Berg,Room,Yes,20,690,862,280
1345,4,Prenzlauer Berg,Room,No,21,533,666,280
1346,4,Prenzlauer Berg,Room,No,19,526,657,280
1347,4,Prenzlauer Berg,Room,No,18,489,611,280
1348,4,Prenzlauer Berg,Room,No,18,507,634,280
1349,4,Prenzlauer Berg,Room,No,17,477,596,280
1350,4,Prenzlauer Berg,Room,No,13,454,567,280
1351,4,Prenzlauer Berg,Room,No,16,450,562,280
1352,4,Prenzlauer Berg,Room,Yes,21,685,856,280
1353,4,Prenzlauer Berg,Room,Yes,18,610,762,280
1354,4,Prenzlauer Berg,Room,No,17,483,604,280
1355,4,Prenzlauer Berg,Room,Yes,20,670,838,280
1356,4,Prenzlauer Berg,Room,No,19,514,643,280
1357,4,Prenzlauer Berg,Room,No,17,494,618,280
1358,4,Prenzlauer Berg,Room,Yes,25,714,893,280
1359,4,Prenzlauer Berg,Room,Yes,21,700,875,280
1360,4,Prenzlauer Berg,Room,Yes,18,624,780,280
1361,4,Prenzlauer Berg,Room,Yes,23,678,847,280
1362,4,Prenzlauer Berg,Room,Yes,27,699,874,280
1363,4,Prenzlauer Berg,Room,Yes,22,676,845,280
1364,4,Prenzlauer Berg,Room,No,17,522,653,280
1365,4,Prenzlauer Berg,Room,Yes,17,600,750,280
1366,4,Prenzlauer Berg,Room,No,25,610,763,280
1367,4,Prenzlauer Berg,Room,No,18,485,606,280
1368,4,Prenzlauer Berg,Room,No,17,461,576,280
1369,4,Prenzlauer Berg,Room,No,23,565,706,280
1370,4,Prenzlauer Berg,Room,Yes,26,770,963,280
1371,4,Prenzlauer Berg,Room,No,17,481,601,280
1372,4,Prenzlauer Berg,Room,No,18,515,644,280
1373,4,Prenzlauer Berg,Room,No,16,470,587,280
1374,4,Prenzlauer Berg,Room,No,22,585,731,280
1375,4,Prenzlauer Berg,Room,No,16,482,602,280
1376,4,Prenzlauer Berg,Room,No,25,606,757,280
1377,4,Prenzlauer Berg,Room,Yes,13,581,726,280
1378,4,Prenzlauer Berg,Room,No,18,516,645,280
1379,4,Prenzlauer Berg,Room,No,19,481,601,280
1380,4,Prenzlauer Berg,Room,Yes,17,590,737,280
1381,4,Prenzlauer Berg,Room,No,21,553,691,280
1382,4,Prenzlauer Berg,Room,No,20,497,621,280
1383,4,Prenzlauer Berg,Room,No,23,591,739,280
1384,4,Prenzlauer Berg,Room,No,25,619,774,280
1385,4,Prenzlauer Berg,Room,No,15,450,563,280
1386,4,Prenzlauer Berg,Room,Yes,19,650,812,280
1387,4,Prenzlauer Berg,Room,No,16,454,568,280
1388,4,Prenzlauer Berg,Room,Yes,19,658,823,280
1389,4,Prenzlauer Berg,Room,Yes,28,765,956,280
1390,4,Prenzlauer Berg,Room,No,23,553,691,280
1391,4,Prenzlauer Berg,Room,Yes,24,667,834,280
1392,4,Prenzlauer Berg,Room,Yes,23,643,804,280
1393,4,Prenzlauer Berg,Room,No,23,522,652,280
1394,4,Prenzlauer Berg,Room,No,22,515,644,280
1395,4,Prenzlauer Berg,Room,Yes,14,562,703,280
1396,4,Prenzlauer Berg,Room,Yes,20,659,824,280
1397,4,Prenzlauer Berg,Room,No,15,491,614,280
1398,4,Prenzlauer Berg,Room,Yes,16,572,715,280
1399,4,Prenzlauer Berg,Room,Yes,17,642,803,280
1400,4,Prenzlauer Berg,Room,Yes,25,706,882,280
1401,4,Prenzlauer Berg,Room,No,20,494,618,280
1402,4,Prenzlauer Berg,Room,Yes,18,602,752,280
1403,4,Prenzlauer Berg,Room,Yes,13,583,729,280
1404,4,Prenzlauer Berg,Room,No,19,528,660,280
1405,4,Prenzlauer Berg,Room,No,16,454,568,280
1406,4,Prenzlauer Berg,Room,Yes,21,691,864,280
1407,4,Prenzlauer Berg,Room,Yes,17,564,705,280
1408,4,Prenzlauer Berg,Room,Yes,23,690,863,280
1409,4,Prenzlauer Berg,Room,Yes,24,734,917,280
1410,4,Prenzlauer Berg,Room,Yes,23,725,906,280
1411,4,Prenzlauer Berg,Room,Yes,15,594,743,280
1412,4,Prenzlauer Berg,Room,Yes,20,690,862,280
1413,4,Prenzlauer Berg,Room,No,19,524,655,280
1414,4,Prenzlauer Berg,Room,Yes,16,631,789,280
1415,4,Prenzlauer Berg,Room,Yes,24,717,896,280
1416,4,Prenzlauer Berg,Room,No,18,511,639,280
1417,4,Prenzlauer Berg,Room,No,22,527,659,280
1418,4,Prenzlauer Berg,Room,Yes,20,613,766,280
1419,4,Prenzlauer Berg,Room,Yes,18,628,785,280
1420,4,Prenzlauer Berg,Room,No,14,488,610,280
1421,4,Prenzlauer Berg,Room,No,18,518,648,280
1422,4,Prenzlauer Berg,Room,Yes,22,661,826,280
1423,4,Prenzlauer Berg,Room,No,13,447,559,280
1424,4,Prenzlauer Berg,Room,Yes,15,599,749,280
1425,4,Prenzlauer Berg,Room,Yes,17,564,705,280
1426,4,Prenzlauer Berg,Room,No,23,581,726,280
1427,4,Prenzlauer Berg,Room,Yes,17,641,801,280
1428,4,Prenzlauer Berg,Room,Yes,27,769,961,280
1429,4,Prenzlauer Berg,Room,No,17,498,622,280
1430,4,Prenzlauer Berg,Room,Yes,19,627,784,280
1431,4,Prenzlauer Berg,Room,No,17,514,642,280
1432,4,Prenzlauer Berg,Room,No,24,536,670,280
1433,4,Prenzlauer Berg,Room,Yes,28,801,1001,280
1434,4,Prenzlauer Berg,Room,No,26,598,747,280
1435,4,Prenzlauer Berg,Room,No,19,490,613,280
1436,4,Prenzlauer Berg,Room,No,20,531,664,280
1437,4,Prenzlauer Berg,Room,Yes,22,666,832,280
1438,4,Prenzlauer Berg,Room,Yes,24,664,830,280
1439,4,Prenzlauer Berg,Room,Yes,18,582,728,280
1440,4,Prenzlauer Berg,Room,Yes,18,596,745,280
1441,4,Prenzlauer Berg,Room,Yes,22,645,806,280
1442,4,Prenzlauer Berg,Room,No,19,545,681,280
1443,4,Prenzlauer Berg,Room,No,26,580,725,280
1444,4,Prenzlauer Berg,Room,No,14,473,591,280
1445,4,Prenzlauer Berg,Room,Yes,16,622,778,280
1446,4,Prenzlauer Berg,Room,Yes,22,640,800,280
1447,4,Prenzlauer Berg,Room,No,22,509,636,280
1448,4,Prenzlauer Berg,Room,Yes,18,604,755,280
1449,4,Prenzlauer Berg,Room,Yes,14,554,692,280
1450,4,Prenzlauer Berg,Room,Yes,12,549,686,280
1451,4,Prenzlauer Berg,Room,No,12,447,559,280
1452,4,Prenzlauer Berg,Room,No,20,555,694,280
1453,4,Prenzlauer Berg,Room,No,30,658,823,280
1454,4,Prenzlauer Berg,Room,No,12,425,531,280
1455,4,Prenzlauer Berg,Room,Yes,20,656,820,280
1456,4,Prenzlauer Berg,Room,Yes,23,667,834,280
1457,4,Prenzlauer Berg,Room,No,20,516,645,280
1458,4,Prenzlauer Berg,Room,No,17,494,618,280
1459,4,Prenzlauer Berg,Room,No,15,500,625,280
1460,4,Prenzlauer Berg,Room,No,21,558,698,280
1461,4,Prenzlauer Berg,Room,Yes,18,646,808,280
1462,4,Prenzlauer Berg,Room,Yes,21,614,768,280
1463,4,Prenzlauer Berg,Room,No,19,548,685,280
1464,4,Prenzlauer Berg,Room,No,19,507,634,280
1465,4,Prenzlauer Berg,Room,No,13,438,547,280
1466,4,Prenzlauer Berg,Room,No,15,450,562,280
1467,4,Prenzlauer Berg,Room,No,21,521,651,280
1468,4,Prenzlauer Berg,Room,No,20,550,687,280
1469,4,Prenzlauer Berg,Room,No,19,522,652,280
1470,4,Prenzlauer Berg,Room,Yes,20,642,802,280
1471,5,Charlottenburg,Room,Yes,24,639,799,210
1472,5,Charlottenburg,Room,Yes,22,634,793,210
1473,5,Charlottenburg,Room,No,21,527,659,210
1474,5,Charlottenburg,Room,No,25,527,659,210
1475,5,Charlottenburg,Room,No,30,647,809,210
1476,5,Charlottenburg,Room,No,14,432,540,210
1477,5,Charlottenburg,Room,No,19,490,613,210
1478,5,Charlottenburg,Room,No,15,421,526,210
1479,5,Charlottenburg,Room,No,21,481,601,210
1480,5,Charlottenburg,Room,Yes,23,626,783,210
1481,5,Charlottenburg,Room,No,19,508,635,210
1482,5,Charlottenburg,Room,Yes,22,632,790,210
1483,5,Charlottenburg,Room,Yes,14,553,691,210
1484,5,Charlottenburg,Room,No,12,398,497,210
1485,5,Charlottenburg,Room,No,16,470,587,210
1486,5,Charlottenburg,Room,No,16,452,565,210
1487,5,Charlottenburg,Room,No,14,412,515,210
1488,5,Charlottenburg,Room,No,22,549,686,210
1489,5,Charlottenburg,Room,No,17,455,569,210
1490,5,Charlottenburg,Room,Yes,20,619,774,210
1491,5,Charlottenburg,Room,No,12,430,538,210
1492,5,Charlottenburg,Room,Yes,18,628,785,210
1493,5,Charlottenburg,Room,No,22,534,667,210
1494,5,Charlottenburg,Room,No,16,477,596,210
1495,5,Charlottenburg,Room,No,18,455,569,210
1496,5,Charlottenburg,Room,No,22,514,642,210
1497,5,Charlottenburg,Room,Yes,20,653,816,210
1498,5,Charlottenburg,Room,Yes,16,539,674,210
1499,5,Charlottenburg,Room,Yes,17,594,743,210
1500,5,Charlottenburg,Room,Yes,22,606,758,210
1501,5,Charlottenburg,Room,Yes,23,614,767,210
1502,5,Charlottenburg,Room,Yes,20,578,722,210
1503,5,Charlottenburg,Room,No,24,510,638,210
1504,5,Charlottenburg,Room,Yes,22,634,792,210
1505,5,Charlottenburg,Room,Yes,20,625,781,210
1506,5,Charlottenburg,Room,No,18,448,560,210
1507,5,Charlottenburg,Room,Yes,21,658,823,210
1508,5,Charlottenburg,Room,No,25,527,659,210
1509,5,Charlottenburg,Room,Yes,19,641,801,210
1510,5,Charlottenburg,Room,Yes,21,637,796,210
1511,5,Charlottenburg,Room,Yes,16,558,697,210
1512,5,Charlottenburg,Room,Yes,25,682,852,210
1513,5,Charlottenburg,Room,Yes,20,637,796,210
1514,5,Charlottenburg,Room,Yes,20,608,760,210
1515,5,Charlottenburg,Room,No,15,427,534,210
1516,5,Charlottenburg,Room,Yes,19,622,777,210
1517,5,Charlottenburg,Room,No,21,534,668,210
1518,5,Charlottenburg,Room,No,18,496,620,210
1519,5,Charlottenburg,Room,Yes,14,503,629,210
1520,5,Charlottenburg,Room,Yes,15,562,703,210
1521,5,Charlottenburg,Room,No,26,568,710,210
1522,5,Charlottenburg,Room,Yes,15,531,664,210
1523,5,Charlottenburg,Room,Yes,17,554,692,210
1524,5,Charlottenburg,Room,No,25,594,742,210
1525,5,Charlottenburg,Room,Yes,21,636,795,210
1526,5,Charlottenburg,Room,Yes,15,551,689,210
1527,5,Charlottenburg,Room,No,18,499,624,210
1528,5,Charlottenburg,Room,Yes,20,656,820,210
1529,5,Charlottenburg,Room,No,14,447,559,210
1530,5,Charlottenburg,Room,No,13,398,498,210
1531,5,Charlottenburg,Room,No,18,498,623,210
1532,5,Charlottenburg,Room,No,15,474,593,210
1533,5,Charlottenburg,Room,No,17,446,557,210
1534,5,Charlottenburg,Room,Yes,20,603,754,210
1535,5,Charlottenburg,Room,Yes,24,694,868,210
1536,5,Charlottenburg,Room,Yes,20,614,768,210
1537,5,Charlottenburg,Room,Yes,16,568,710,210
1538,5,Charlottenburg,Room,No,20,532,665,210
1539,5,Charlottenburg,Room,Yes,23,686,858,210
1540,5,Charlottenburg,Room,No,19,474,593,210
1541,5,Charlottenburg,Room,No,12,443,554,210
1542,5,Charlottenburg,Room,No,13,409,511,210
1543,5,Charlottenburg,Room,Yes,15,514,642,210
1544,5,Charlottenburg,Room,No,22,524,655,210
1545,5,Charlottenburg,Room,No,15,443,554,210
1546,5,Charlottenburg,Room,Yes,19,562,703,210
1547,5,Charlottenburg,Room,No,19,460,575,210
1548,5,Charlottenburg,Room,No,20,484,605,210
1549,5,Charlottenburg,Room,Yes,15,555,694,210
1550,5,Charlottenburg,Room,No,16,461,576,210
1551,5,Charlottenburg,Room,Yes,20,587,734,210
1552,5,Charlottenburg,Room,Yes,22,657,821,210
1553,5,Charlottenburg,Room,No,21,545,681,210
1554,5,Charlottenburg,Room,Yes,29,694,868,210
1555,5,Charlottenburg,Room,No,24,530,663,210
1556,5,Charlottenburg,Room,No,24,546,683,210
1557,5,Charlottenburg,Room,Yes,21,626,783,210
1558,5,Charlottenburg,Room,No,18,497,621,210
1559,5,Charlottenburg,Room,No,18,494,617,210
1560,5,Charlottenburg,Room,Yes,20,639,799,210
1561,5,Charlottenburg,Room,No,17,493,616,210
1562,5,Charlottenburg,Room,Yes,13,531,664,210
1563,5,Charlottenburg,Room,Yes,20,658,823,210
1564,5,Charlottenburg,Room,Yes,19,631,789,210
1565,5,Charlottenburg,Room,Yes,17,539,674,210
1566,5,Charlottenburg,Room,Yes,23,700,875,210
1567,5,Charlottenburg,Room,Yes,23,681,851,210
1568,5,Charlottenburg,Room,Yes,14,546,682,210
1569,5,Charlottenburg,Room,No,17,466,582,210
1570,5,Charlottenburg,Room,Yes,22,616,770,210
1571,5,Charlottenburg,Room,Yes,16,528,660,210
1572,5,Charlottenburg,Room,Yes,25,698,872,210
1573,5,Charlottenburg,Room,Yes,19,638,798,210
1574,5,Charlottenburg,Room,Yes,20,599,749,210
1575,5,Charlottenburg,Room,No,20,517,646,210
1576,5,Charlottenburg,Room,Yes,21,673,841,210
1577,5,Charlottenburg,Room,No,19,465,581,210
1578,5,Charlottenburg,Room,No,20,529,661,210
1579,5,Charlottenburg,Room,Yes,24,697,871,210
1580,5,Charlottenburg,Room,No,14,426,532,210
1581,5,Charlottenburg,Room,Yes,12,536,670,210
1582,5,Charlottenburg,Room,No,16,484,605,210
1583,5,Charlottenburg,Room,No,23,555,694,210
1584,5,Charlottenburg,Room,No,17,444,555,210
1585,5,Charlottenburg,Room,Yes,17,543,679,210
1586,5,Charlottenburg,Room,Yes,14,554,693,210
1587,5,Charlottenburg,Room,No,23,541,676,210
1588,5,Charlottenburg,Room,Yes,22,654,817,210
1589,5,Charlottenburg,Room,No,24,561,701,210
1590,5,Charlottenburg,Room,Yes,21,587,734,210
1591,5,Charlottenburg,Room,No,18,505,631,210
1592,5,Charlottenburg,Room,Yes,21,665,831,210
1593,5,Charlottenburg,Room,Yes,19,595,744,210
1594,5,Charlottenburg,Room,No,21,508,635,210
1595,5,Charlottenburg,Room,Yes,19,625,781,210
1596,5,Charlottenburg,Room,No,25,566,708,210
1597,5,Charlottenburg,Room,Yes,14,542,677,210
1598,5,Charlottenburg,Room,Yes,12,527,659,210
1599,5,Charlottenburg,Room,No,25,519,649,210
1600,5,Charlottenburg,Room,No,20,498,622,210
1601,5,Charlottenburg,Room,No,26,553,691,210
1602,5,Charlottenburg,Room,No,21,527,659,210
1603,5,Charlottenburg,Room,Yes,25,709,886,210
1604,5,Charlottenburg,Room,No,12,432,540,210
1605,5,Charlottenburg,Room,No,26,559,699,210
1606,5,Charlottenburg,Room,No,21,547,684,210
1607,5,Charlottenburg,Room,No,20,482,603,210
1608,5,Charlottenburg,Room,No,19,460,575,210
1609,5,Charlottenburg,Room,Yes,22,689,861,210
1610,5,Charlottenburg,Room,No,24,566,708,210
1611,5,Charlottenburg,Room,Yes,20,661,826,210
1612,5,Charlottenburg,Room,Yes,19,579,724,210
1613,5,Charlottenburg,Room,Yes,25,636,795,210
1614,5,Charlottenburg,Room,No,19,474,592,210
1615,5,Charlottenburg,Room,No,15,476,595,210
1616,5,Charlottenburg,Room,No,22,494,618,210
1617,5,Charlottenburg,Room,Yes,19,590,737,210
1618,5,Charlottenburg,Room,Yes,16,530,662,210
1619,5,Charlottenburg,Room,Yes,20,655,819,210
1620,5,Charlottenburg,Room,No,20,495,619,210
1621,5,Charlottenburg,Room,No,17,445,556,210
1622,5,Charlottenburg,Room,No,20,506,632,210
1623,5,Charlottenburg,Room,No,16,458,572,210
1624,5,Charlottenburg,Room,No,26,595,744,210
1625,5,Charlottenburg,Room,No,18,468,585,210
1626,5,Charlottenburg,Room,No,20,499,624,210
1627,5,Charlottenburg,Room,Yes,19,620,775,210
1628,5,Charlottenburg,Room,Yes,20,593,741,210
1629,5,Charlottenburg,Room,No,21,502,628,210
1630,5,Charlottenburg,Room,Yes,20,642,802,210
1631,5,Charlottenburg,Room,No,21,512,640,210
1632,5,Charlottenburg,Room,No,13,414,517,210
1633,5,Charlottenburg,Room,Yes,23,626,782,210
1634,5,Charlottenburg,Room,Yes,21,609,761,210
1635,5,Charlottenburg,Room,No,22,502,627,210
1636,5,Charlottenburg,Room,No,18,479,599,210
1637,5,Charlottenburg,Room,Yes,20,651,814,210
1638,5,Charlottenburg,Room,No,20,533,666,210
1639,5,Charlottenburg,Room,No,22,539,674,210
1640,5,Charlottenburg,Room,Yes,18,632,790,210
1641,5,Charlottenburg,Room,Yes,17,567,709,210
1642,5,Charlottenburg,Room,No,24,526,658,210
1643,5,Charlottenburg,Room,Yes,20,653,816,210
1644,5,Charlottenburg,Room,No,14,412,515,210
1645,5,Charlottenburg,Room,No,16,452,565,210
1646,5,Charlottenburg,Room,Yes,16,570,713,210
1647,5,Charlottenburg,Room,Yes,12,535,669,210
1648,5,Charlottenburg,Room,No,21,483,604,210
1649,5,Charlottenburg,Room,No,16,437,546,210
1650,5,Charlottenburg,Room,No,18,462,577,210
1651,5,Charlottenburg,Room,No,15,472,590,210
1652,5,Charlottenburg,Room,Yes,20,582,728,210
1653,5,Charlottenburg,Room,No,23,529,661,210
1654,5,Charlottenburg,Room,Yes,25,659,824,210
1655,5,Charlottenburg,Room,Yes,13,555,694,210
1656,5,Charlottenburg,Room,Yes,16,588,735,210
1657,5,Charlottenburg,Room,Yes,20,647,809,210
1658,5,Charlottenburg,Room,Yes,20,621,776,210
1659,5,Charlottenburg,Room,No,12,410,513,210
1660,5,Charlottenburg,Room,Yes,24,657,821,210
1661,5,Charlottenburg,Room,Yes,12,526,658,210
1662,5,Charlottenburg,Room,No,19,464,580,210
1663,5,Charlottenburg,Room,No,17,454,568,210
1664,5,Charlottenburg,Room,Yes,18,629,786,210
1665,5,Charlottenburg,Room,Yes,21,650,813,210
1666,5,Charlottenburg,Room,No,20,490,612,210
1667,5,Charlottenburg,Room,Yes,18,573,716,210
1668,5,Charlottenburg,Room,No,19,513,641,210
1669,5,Charlottenburg,Room,Yes,26,701,876,210
1670,5,Charlottenburg,Room,No,20,487,609,210
1671,5,Charlottenburg,Room,No,22,499,624,210
1672,5,Charlottenburg,Room,No,17,468,585,210
1673,5,Charlottenburg,Room,No,26,538,673,210
1674,5,Charlottenburg,Room,No,17,497,621,210
1675,5,Charlottenburg,Room,Yes,21,653,816,210
1676,5,Charlottenburg,Room,No,16,488,610,210
1677,5,Charlottenburg,Room,No,23,553,691,210
1678,5,Charlottenburg,Room,Yes,20,609,761,210
1679,5,Charlottenburg,Room,No,24,563,704,210
1680,5,Charlottenburg,Room,No,15,429,536,210
1681,6,Schöneberg,Room,Yes,17,588,735,260
1682,6,Schöneberg,Room,Yes,20,626,782,260
1683,6,Schöneberg,Room,Yes,18,548,685,260
1684,6,Schöneberg,Room,No,21,502,627,260
1685,6,Schöneberg,Room,No,22,528,660,260
1686,6,Schöneberg,Room,Yes,14,500,625,260
1687,6,Schöneberg,Room,No,20,464,580,260
1688,6,Schöneberg,Room,No,16,432,540,260
1689,6,Schöneberg,Room,Yes,19,591,739,260
1690,6,Schöneberg,Room,Yes,16,517,646,260
1691,6,Schöneberg,Room,Yes,26,696,870,260
1692,6,Schöneberg,Room,Yes,15,544,680,260
1693,6,Schöneberg,Room,Yes,20,640,800,260
1694,6,Schöneberg,Room,Yes,17,574,717,260
1695,6,Schöneberg,Room,Yes,23,663,829,260
1696,6,Schöneberg,Room,Yes,19,550,688,260
1697,6,Schöneberg,Room,Yes,22,592,740,260
1698,6,Schöneberg,Room,Yes,23,620,775,260
1699,6,Schöneberg,Room,Yes,16,530,662,260
1700,6,Schöneberg,Room,No,22,518,647,260
1701,6,Schöneberg,Room,Yes,20,638,797,260
1702,6,Schöneberg,Room,No,16,463,579,260
1703,6,Schöneberg,Room,Yes,22,588,735,260
1704,6,Schöneberg,Room,No,18,455,569,260
1705,6,Schöneberg,Room,Yes,17,567,709,260
1706,6,Schöneberg,Room,Yes,24,691,864,260
1707,6,Schöneberg,Room,Yes,25,702,877,260
1708,6,Schöneberg,Room,No,17,442,553,260
1709,6,Schöneberg,Room,No,17,454,568,260
1710,6,Schöneberg,Room,Yes,13,506,632,260
1711,6,Schöneberg,Room,Yes,17,594,742,260
1712,6,Schöneberg,Room,Yes,20,630,788,260
1713,6,Schöneberg,Room,No,20,481,601,260
1714,6,Schöneberg,Room,No,18,471,589,260
1715,6,Schöneberg,Room,No,22,534,668,260
1716,6,Schöneberg,Room,Yes,14,498,623,260
1717,6,Schöneberg,Room,No,22,511,639,260
1718,6,Schöneberg,Room,Yes,17,547,684,260
1719,6,Schöneberg,Room,No,18,451,564,260
1720,6,Schöneberg,Room,No,12,390,487,260
1721,6,Schöneberg,Room,Yes,20,622,778,260
1722,6,Schöneberg,Room,No,19,450,562,260
1723,6,Schöneberg,Room,No,21,491,614,260
1724,6,Schöneberg,Room,No,23,544,680,260
1725,6,Schöneberg,Room,Yes,19,625,781,260
1726,6,Schöneberg,Room,Yes,17,542,677,260
1727,6,Schöneberg,Room,Yes,22,653,816,260
1728,6,Schöneberg,Room,Yes,22,590,737,260
1729,6,Schöneberg,Room,No,19,446,558,260
1730,6,Schöneberg,Room,No,18,486,608,260
1731,6,Schöneberg,Room,No,20,460,575,260
1732,6,Schöneberg,Room,No,16,418,523,260
1733,6,Schöneberg,Room,No,16,424,530,260
1734,6,Schöneberg,Room,No,22,510,637,260
1735,6,Schöneberg,Room,No,17,482,602,260
1736,6,Schöneberg,Room,No,20,517,646,260
1737,6,Schöneberg,Room,No,19,495,619,260
1738,6,Schöneberg,Room,No,20,470,588,260
1739,6,Schöneberg,Room,No,18,475,594,260
1740,6,Schöneberg,Room,Yes,24,617,771,260
1741,6,Schöneberg,Room,No,16,460,575,260
1742,6,Schöneberg,Room,Yes,16,558,698,260
1743,6,Schöneberg,Room,No,16,438,548,260
1744,6,Schöneberg,Room,No,16,459,574,260
1745,6,Schöneberg,Room,No,20,514,642,260
1746,6,Schöneberg,Room,Yes,24,624,780,260
1747,6,Schöneberg,Room,No,22,496,620,260
1748,6,Schöneberg,Room,No,21,498,623,260
1749,6,Schöneberg,Room,Yes,21,590,737,260
1750,6,Schöneberg,Room,Yes,18,587,734,260
1751,6,Schöneberg,Room,Yes,18,578,722,260
1752,6,Schöneberg,Room,No,16,421,526,260
1753,6,Schöneberg,Room,No,29,594,743,260
1754,6,Schöneberg,Room,No,23,494,617,260
1755,6,Schöneberg,Room,Yes,17,531,664,260
1756,6,Schöneberg,Room,Yes,19,576,720,260
1757,6,Schöneberg,Room,No,24,546,683,260
1758,6,Schöneberg,Room,No,17,461,576,260
1759,6,Schöneberg,Room,Yes,21,637,796,260
1760,6,Schöneberg,Room,Yes,24,640,800,260
1761,6,Schöneberg,Room,No,16,438,548,260
1762,6,Schöneberg,Room,Yes,20,600,750,260
1763,6,Schöneberg,Room,No,22,475,594,260
1764,6,Schöneberg,Room,No,19,490,612,260
1765,6,Schöneberg,Room,Yes,12,476,595,260
1766,6,Schöneberg,Room,Yes,12,469,586,260
1767,6,Schöneberg,Room,Yes,25,692,865,260
1768,6,Schöneberg,Room,Yes,15,522,652,260
1769,6,Schöneberg,Room,Yes,18,601,751,260
1770,6,Schöneberg,Room,Yes,18,538,673,260
1771,6,Schöneberg,Room,Yes,26,691,864,260
1772,6,Schöneberg,Room,Yes,21,600,750,260
1773,6,Schöneberg,Room,No,17,445,556,260
1774,6,Schöneberg,Room,No,17,443,554,260
1775,6,Schöneberg,Room,Yes,22,603,754,260
1776,6,Schöneberg,Room,No,20,466,582,260
1777,6,Schöneberg,Room,No,19,499,624,260
1778,6,Schöneberg,Room,No,21,526,657,260
1779,6,Schöneberg,Room,No,17,480,600,260
1780,6,Schöneberg,Room,Yes,14,525,656,260
1781,6,Schöneberg,Room,Yes,17,567,709,260
1782,6,Schöneberg,Room,Yes,14,515,644,260
1783,6,Schöneberg,Room,Yes,12,517,646,260
1784,6,Schöneberg,Room,No,23,518,647,260
1785,6,Schöneberg,Room,Yes,15,518,648,260
1786,6,Schöneberg,Room,Yes,17,576,720,260
1787,6,Schöneberg,Room,No,22,518,647,260
1788,6,Schöneberg,Room,Yes,20,579,724,260
1789,6,Schöneberg,Room,Yes,22,609,761,260
1790,6,Schöneberg,Room,Yes,22,608,760,260
1791,6,Schöneberg,Room,Yes,18,566,707,260
1792,6,Schöneberg,Room,No,25,516,645,260
1793,6,Schöneberg,Room,Yes,20,558,698,260
1794,6,Schöneberg,Room,No,17,452,565,260
1795,6,Schöneberg,Room,No,17,438,547,260
1796,6,Schöneberg,Room,No,21,478,598,260
1797,6,Schöneberg,Room,Yes,24,613,766,260
1798,6,Schöneberg,Room,Yes,16,544,680,260
1799,6,Schöneberg,Room,Yes,18,590,738,260
1800,6,Schöneberg,Room,No,20,514,643,260
1801,6,Schöneberg,Room,No,26,533,666,260
1802,6,Schöneberg,Room,Yes,19,570,713,260
1803,6,Schöneberg,Room,Yes,12,492,615,260
1804,6,Schöneberg,Room,No,19,486,608,260
1805,6,Schöneberg,Room,No,13,395,494,260
1806,6,Schöneberg,Room,No,16,471,589,260
1807,6,Schöneberg,Room,No,17,428,535,260
1808,6,Schöneberg,Room,Yes,19,560,700,260
1809,6,Schöneberg,Room,Yes,12,480,600,260
1810,6,Schöneberg,Room,No,19,491,614,260
1811,6,Schöneberg,Room,Yes,24,643,804,260
1812,6,Schöneberg,Room,No,18,496,620,260
1813,6,Schöneberg,Room,No,21,497,621,260
1814,6,Schöneberg,Room,Yes,20,584,730,260
1815,6,Schöneberg,Room,No,19,502,627,260
1816,6,Schöneberg,Room,No,22,474,593,260
1817,6,Schöneberg,Room,Yes,20,566,707,260
1818,6,Schöneberg,Room,No,16,424,530,260
1819,6,Schöneberg,Room,No,17,435,544,260
1820,6,Schöneberg,Room,Yes,20,630,787,260
1821,6,Schöneberg,Room,Yes,17,582,728,260
1822,6,Schöneberg,Room,No,19,448,560,260
1823,6,Schöneberg,Room,Yes,21,615,769,260
1824,6,Schöneberg,Room,No,16,434,542,260
1825,6,Schöneberg,Room,No,20,485,606,260
1826,6,Schöneberg,Room,Yes,22,618,772,260
1827,6,Schöneberg,Room,Yes,18,600,750,260
1828,6,Schöneberg,Room,Yes,21,610,763,260
1829,6,Schöneberg,Room,No,16,430,538,260
1830,6,Schöneberg,Room,No,16,473,591,260
1831,6,Schöneberg,Room,Yes,16,519,649,260
1832,6,Schöneberg,Room,No,25,552,690,260
1833,6,Schöneberg,Room,No,19,452,565,260
1834,6,Schöneberg,Room,No,18,494,617,260
1835,6,Schöneberg,Room,Yes,23,620,775,260
1836,6,Schöneberg,Room,Yes,24,643,804,260
1837,6,Schöneberg,Room,No,21,476,595,260
1838,6,Schöneberg,Room,Yes,16,558,697,260
1839,6,Schöneberg,Room,No,15,445,556,260
1840,6,Schöneberg,Room,Yes,25,666,832,260
1841,6,Schöneberg,Room,No,23,520,650,260
1842,6,Schöneberg,Room,No,18,470,588,260
1843,6,Schöneberg,Room,Yes,20,570,713,260
1844,6,Schöneberg,Room,No,20,469,586,260
1845,6,Schöneberg,Room,No,22,513,641,260
1846,6,Schöneberg,Room,No,13,399,499,260
1847,6,Schöneberg,Room,No,20,454,567,260
1848,6,Schöneberg,Room,No,24,538,673,260
1849,6,Schöneberg,Room,No,21,501,626,260
1850,6,Schöneberg,Room,No,16,461,576,260
1851,6,Schöneberg,Room,Yes,16,550,687,260
1852,6,Schöneberg,Room,Yes,20,634,792,260
1853,6,Schöneberg,Room,Yes,13,490,612,260
1854,6,Schöneberg,Room,Yes,19,613,766,260
1855,6,Schöneberg,Room,No,17,449,561,260
1856,6,Schöneberg,Room,No,22,485,606,260
1857,6,Schöneberg,Room,No,21,520,650,260
1858,6,Schöneberg,Room,No,12,386,482,260
1859,6,Schöneberg,Room,No,23,530,662,260
1860,6,Schöneberg,Room,No,21,486,608,260
1861,6,Schöneberg,Room,Yes,25,707,884,260
1862,6,Schöneberg,Room,No,21,502,627,260
1863,6,Schöneberg,Room,No,16,462,577,260
1864,6,Schöneberg,Room,Yes,19,618,772,260
1865,6,Schöneberg,Room,No,19,456,570,260
1866,6,Schöneberg,Room,Yes,17,558,698,260
1867,6,Schöneberg,Room,No,25,527,659,260
1868,6,Schöneberg,Room,No,16,454,567,260
1869,6,Schöneberg,Room,No,20,481,601,260
1870,6,Schöneberg,Room,Yes,23,610,762,260
1871,6,Schöneberg,Room,Yes,16,570,712,260
1872,6,Schöneberg,Room,No,23,539,674,260
1873,6,Schöneberg,Room,No,17,436,545,260
1874,6,Schöneberg,Room,No,22,478,597,260
1875,6,Schöneberg,Room,Yes,16,526,658,260
1876,6,Schöneberg,Room,No,24,540,675,260
1877,6,Schöneberg,Room,No,19,501,626,260
1878,6,Schöneberg,Room,No,23,489,611,260
1879,6,Schöneberg,Room,No,24,536,670,260
1880,6,Schöneberg,Room,Yes,18,606,758,260
1881,6,Schöneberg,Room,No,15,425,531,260
1882,6,Schöneberg,Room,Yes,16,557,696,260
1883,6,Schöneberg,Room,Yes,21,606,757,260
1884,6,Schöneberg,Room,Yes,21,587,734,260
1885,6,Schöneberg,Room,Yes,20,597,746,260
1886,6,Schöneberg,Room,Yes,25,705,881,260
1887,6,Schöneberg,Room,No,22,487,609,260
1888,6,Schöneberg,Room,Yes,22,642,802,260
1889,6,Schöneberg,Room,No,12,394,492,260
1890,6,Schöneberg,Room,No,22,488,610,260
1891,6,Schöneberg,Room,Yes,19,564,705,260
1892,6,Schöneberg,Room,Yes,14,548,685,260
1893,6,Schöneberg,Room,Yes,23,602,752,260
1894,6,Schöneberg,Room,No,19,474,593,260
1895,6,Schöneberg,Room,No,14,430,538,260
1896,6,Schöneberg,Room,No,25,576,720,260
1897,6,Schöneberg,Room,No,20,469,586,260
1898,6,Schöneberg,Room,No,19,510,637,260
1899,6,Schöneberg,Room,No,20,518,648,260
1900,6,Schöneberg,Room,Yes,22,619,774,260
1901,6,Schöneberg,Room,Yes,21,607,759,260
1902,6,Schöneberg,Room,Yes,19,569,711,260
1903,6,Schöneberg,Room,No,15,442,553,260
1904,6,Schöneberg,Room,No,18,448,560,260
1905,6,Schöneberg,Room,Yes,13,531,664,260
1906,6,Schöneberg,Room,No,14,447,559,260
1907,6,Schöneberg,Room,Yes,23,628,785,260
1908,6,Schöneberg,Room,Yes,15,518,647,260
1909,6,Schöneberg,Room,Yes,21,608,760,260
1910,6,Schöneberg,Room,Yes,13,535,669,260
1911,6,Schöneberg,Room,Yes,17,560,700,260
1912,6,Schöneberg,Room,No,14,451,564,260
1913,6,Schöneberg,Room,Yes,18,539,674,260
1914,6,Schöneberg,Room,No,24,562,702,260
1915,6,Schöneberg,Room,No,18,478,598,260
1916,6,Schöneberg,Room,No,22,478,597,260
1917,6,Schöneberg,Room,No,28,541,676,260
1918,6,Schöneberg,Room,No,19,466,583,260
1919,6,Schöneberg,Room,No,13,433,541,260
1920,6,Schöneberg,Room,No,20,486,608,260
1921,6,Schöneberg,Room,Yes,19,580,725,260
1922,6,Schöneberg,Room,No,21,508,635,260
1923,6,Schöneberg,Room,No,16,470,587,260
1924,6,Schöneberg,Room,No,20,484,605,260
1925,6,Schöneberg,Room,Yes,24,675,844,260
1926,6,Schöneberg,Room,No,18,438,547,260
1927,6,Schöneberg,Room,Yes,24,694,867,260
1928,6,Schöneberg,Room,No,15,441,551,260
1929,6,Schöneberg,Room,No,15,436,545,260
1930,6,Schöneberg,Room,Yes,19,574,718,260
1931,6,Schöneberg,Room,No,19,456,570,260
1932,6,Schöneberg,Room,No,20,484,605,260
1933,6,Schöneberg,Room,Yes,19,599,749,260
1934,6,Schöneberg,Room,Yes,18,542,677,260
1935,6,Schöneberg,Room,Yes,13,483,604,260
1936,6,Schöneberg,Room,No,18,471,589,260
1937,6,Schöneberg,Room,No,23,510,638,260
1938,6,Schöneberg,Room,Yes,19,587,734,260
1939,6,Schöneberg,Room,Yes,18,610,762,260
1940,6,Schöneberg,Room,Yes,19,614,768,260
1941,7,Moabit,Room,No,13,397,496,220
1942,7,Moabit,Room,No,19,471,589,220
1943,7,Moabit,Room,No,12,377,471,220
1944,7,Moabit,Room,Yes,20,534,667,220
1945,7,Moabit,Room,No,13,377,471,220
1946,7,Moabit,Room,No,22,484,605,220
1947,7,Moabit,Room,No,19,434,543,220
1948,7,Moabit,Room,No,18,472,590,220
1949,7,Moabit,Room,Yes,19,575,719,220
1950,7,Moabit,Room,Yes,26,622,778,220
1951,7,Moabit,Room,Yes,17,514,643,220
1952,7,Moabit,Room,Yes,22,635,794,220
1953,7,Moabit,Room,No,20,467,584,220
1954,7,Moabit,Room,Yes,19,594,742,220
1955,7,Moabit,Room,No,17,407,509,220
1956,7,Moabit,Room,Yes,21,558,697,220
1957,7,Moabit,Room,No,21,479,599,220
1958,7,Moabit,Room,No,18,416,520,220
1959,7,Moabit,Room,Yes,15,492,615,220
1960,7,Moabit,Room,No,13,404,505,220
1961,7,Moabit,Room,Yes,22,622,777,220
1962,7,Moabit,Room,No,21,496,620,220
1963,7,Moabit,Room,No,13,374,467,220
1964,7,Moabit,Room,No,19,433,541,220
1965,7,Moabit,Room,Yes,19,532,665,220
1966,7,Moabit,Room,Yes,21,584,730,220
1967,7,Moabit,Room,No,18,415,519,220
1968,7,Moabit,Room,No,19,438,548,220
1969,7,Moabit,Room,Yes,22,587,734,220
1970,7,Moabit,Room,Yes,15,493,616,220
1971,7,Moabit,Room,Yes,17,521,651,220
1972,7,Moabit,Room,Yes,15,486,607,220
1973,7,Moabit,Room,No,16,424,530,220
1974,7,Moabit,Room,Yes,24,600,750,220
1975,7,Moabit,Room,No,21,506,633,220
1976,7,Moabit,Room,Yes,22,593,741,220
1977,7,Moabit,Room,No,19,449,561,220
1978,7,Moabit,Room,No,15,422,528,220
1979,7,Moabit,Room,No,21,471,589,220
1980,7,Moabit,Room,Yes,17,540,675,220
1981,7,Moabit,Room,No,16,426,533,220
1982,7,Moabit,Room,No,14,412,515,220
1983,7,Moabit,Room,No,15,394,493,220
1984,7,Moabit,Room,No,20,465,581,220
1985,7,Moabit,Room,No,25,550,687,220
1986,7,Moabit,Room,No,19,441,551,220
1987,7,Moabit,Room,No,22,502,628,220
1988,7,Moabit,Room,Yes,21,605,756,220
1989,7,Moabit,Room,Yes,21,622,778,220
1990,7,Moabit,Room,No,23,466,583,220
1991,7,Moabit,Room,No,17,437,546,220
1992,7,Moabit,Room,No,19,465,581,220
1993,7,Moabit,Room,Yes,18,512,640,220
1994,7,Moabit,Room,Yes,23,638,797,220
1995,7,Moabit,Room,No,15,428,535,220
1996,7,Moabit,Room,Yes,15,492,615,220
1997,7,Moabit,Room,No,15,438,548,220
1998,7,Moabit,Room,No,20,493,616,220
1999,7,Moabit,Room,No,17,445,556,220
2000,7,Moabit,Room,Yes,17,506,633,220
2001,7,Moabit,Room,No,17,427,534,220
2002,7,Moabit,Room,No,22,470,587,220
2003,7,Moabit,Room,Yes,23,605,756,220
2004,7,Moabit,Room,Yes,18,549,686,220
2005,7,Moabit,Room,Yes,23,620,775,220
2006,7,Moabit,Room,Yes,16,530,663,220
2007,7,Moabit,Room,No,22,511,639,220
2008,7,Moabit,Room,No,18,419,524,220
2009,7,Moabit,Room,Yes,13,473,591,220
2010,7,Moabit,Room,Yes,24,606,758,220
2011,7,Moabit,Room,Yes,17,542,678,220
2012,7,Moabit,Room,Yes,15,538,673,220
2013,7,Moabit,Room,No,21,446,557,220
2014,7,Moabit,Room,No,20,440,550,220
2015,7,Moabit,Room,Yes,26,672,840,220
2016,7,Moabit,Room,Yes,28,712,890,220
2017,7,Moabit,Room,No,18,422,528,220
2018,7,Moabit,Room,No,16,424,530,220
2019,7,Moabit,Room,Yes,22,557,696,220
2020,7,Moabit,Room,No,16,444,555,220
2021,7,Moabit,Room,No,12,364,455,220
2022,7,Moabit,Room,No,20,485,606,220
2023,7,Moabit,Room,No,18,460,575,220
2024,7,Moabit,Room,No,17,420,525,220
2025,7,Moabit,Room,No,12,366,457,220
2026,7,Moabit,Room,Yes,24,664,830,220
2027,7,Moabit,Room,No,18,458,573,220
2028,7,Moabit,Room,Yes,19,579,724,220
2029,7,Moabit,Room,Yes,21,607,759,220
2030,7,Moabit,Room,No,20,451,564,220
2031,7,Moabit,Room,Yes,23,583,729,220
2032,7,Moabit,Room,Yes,30,698,873,220
2033,7,Moabit,Room,No,14,383,479,220
2034,7,Moabit,Room,Yes,21,582,728,220
2035,7,Moabit,Room,Yes,15,506,633,220
2036,7,Moabit,Room,No,21,485,606,220
2037,7,Moabit,Room,No,22,518,648,220
2038,7,Moabit,Room,Yes,17,556,695,220
2039,7,Moabit,Room,Yes,18,555,694,220
2040,7,Moabit,Room,No,17,423,529,220
2041,7,Moabit,Room,No,21,462,577,220
2042,7,Moabit,Room,No,14,394,493,220
2043,7,Moabit,Room,No,12,385,481,220
2044,7,Moabit,Room,Yes,15,502,627,220
2045,7,Moabit,Room,Yes,19,553,691,220
2046,7,Moabit,Room,No,20,437,546,220
2047,7,Moabit,Room,No,24,513,641,220
2048,7,Moabit,Room,Yes,18,522,653,220
2049,7,Moabit,Room,No,21,454,568,220
2050,7,Moabit,Room,No,17,425,531,220
2051,7,Moabit,Room,No,20,466,583,220
2052,7,Moabit,Room,Yes,22,564,705,220
2053,7,Moabit,Room,No,18,452,565,220
2054,7,Moabit,Room,No,15,385,481,220
2055,7,Moabit,Room,No,21,465,581,220
2056,7,Moabit,Room,Yes,19,559,699,220
2057,7,Moabit,Room,No,14,400,500,220
2058,7,Moabit,Room,No,14,386,483,220
2059,7,Moabit,Room,No,17,405,506,220
2060,7,Moabit,Room,No,16,447,559,220
2061,7,Moabit,Room,Yes,16,486,607,220
2062,7,Moabit,Room,Yes,19,577,721,220
2063,7,Moabit,Room,No,24,523,654,220
2064,7,Moabit,Room,No,22,474,593,220
2065,7,Moabit,Room,Yes,19,525,656,220
2066,7,Moabit,Room,No,21,446,557,220
2067,7,Moabit,Room,No,17,417,521,220
2068,7,Moabit,Room,Yes,20,543,679,220
2069,7,Moabit,Room,Yes,19,526,658,220
2070,7,Moabit,Room,No,18,458,572,220
2071,7,Moabit,Room,No,23,494,617,220
2072,7,Moabit,Room,No,16,418,523,220
2073,7,Moabit,Room,No,22,514,643,220
2074,7,Moabit,Room,No,22,468,585,220
2075,7,Moabit,Room,No,24,514,643,220
2076,7,Moabit,Room,No,24,525,656,220
2077,7,Moabit,Room,No,20,473,591,220
2078,7,Moabit,Room,Yes,24,601,751,220
2079,7,Moabit,Room,No,21,456,570,220
2080,7,Moabit,Room,No,19,457,571,220
2081,7,Moabit,Room,No,19,462,577,220
2082,7,Moabit,Room,Yes,21,591,739,220
2083,7,Moabit,Room,No,20,433,541,220
2084,7,Moabit,Room,No,15,438,548,220
2085,7,Moabit,Room,No,20,479,599,220
2086,7,Moabit,Room,No,19,438,548,220
2087,7,Moabit,Room,Yes,26,660,825,220
2088,7,Moabit,Room,Yes,24,659,824,220
2089,7,Moabit,Room,No,14,394,492,220
2090,7,Moabit,Room,Yes,18,509,636,220
2091,7,Moabit,Room,No,14,405,506,220
2092,7,Moabit,Room,Yes,21,570,712,220
2093,7,Moabit,Room,Yes,16,506,632,220
2094,7,Moabit,Room,Yes,20,608,760,220
2095,7,Moabit,Room,Yes,16,538,673,220
2096,7,Moabit,Room,Yes,19,566,707,220
2097,7,Moabit,Room,No,27,537,671,220
2098,7,Moabit,Room,Yes,28,717,896,220
2099,7,Moabit,Room,Yes,23,611,764,220
2100,7,Moabit,Room,No,20,473,591,220
2101,7,Moabit,Room,No,16,450,562,220
2102,7,Moabit,Room,No,19,466,582,220
2103,7,Moabit,Room,Yes,21,600,750,220
2104,7,Moabit,Room,No,22,458,572,220
2105,7,Moabit,Room,Yes,19,559,699,220
2106,7,Moabit,Room,No,21,505,631,220
2107,7,Moabit,Room,Yes,17,548,685,220
2108,7,Moabit,Room,No,20,471,589,220
2109,7,Moabit,Room,No,20,466,583,220
2110,7,Moabit,Room,Yes,16,545,681,220
2111,7,Moabit,Room,Yes,16,522,653,220
2112,7,Moabit,Room,Yes,22,569,711,220
2113,7,Moabit,Room,No,22,462,578,220
2114,7,Moabit,Room,Yes,18,558,697,220
2115,7,Moabit,Room,No,18,423,529,220
2116,7,Moabit,Room,No,15,437,546,220
2117,7,Moabit,Room,Yes,16,528,660,220
2118,7,Moabit,Room,No,23,494,617,220
2119,7,Moabit,Room,No,14,401,501,220
2120,7,Moabit,Room,No,17,447,559,220
2121,7,Moabit,Room,Yes,24,663,829,220
2122,7,Moabit,Room,No,16,445,556,220
2123,7,Moabit,Room,Yes,21,550,687,220
2124,7,Moabit,Room,Yes,23,576,720,220
2125,7,Moabit,Room,No,12,384,480,220
2126,7,Moabit,Room,Yes,21,580,725,220
2127,7,Moabit,Room,No,19,434,542,220
2128,7,Moabit,Room,Yes,20,534,668,220
2129,7,Moabit,Room,No,15,425,531,220
2130,7,Moabit,Room,No,19,432,540,220
2131,7,Moabit,Room,No,16,426,532,220
2132,7,Moabit,Room,Yes,14,461,576,220
2133,7,Moabit,Room,No,14,402,503,220
2134,7,Moabit,Room,No,13,384,480,220
2135,7,Moabit,Room,Yes,17,531,664,220
2136,7,Moabit,Room,No,20,478,598,220
2137,7,Moabit,Room,Yes,15,526,657,220
2138,7,Moabit,Room,Yes,28,688,860,220
2139,7,Moabit,Room,No,14,401,501,220
2140,7,Moabit,Room,Yes,20,563,704,220
2141,7,Moabit,Room,No,19,440,550,220
2142,7,Moabit,Room,No,26,518,647,220
2143,7,Moabit,Room,No,16,430,538,220
2144,7,Moabit,Room,No,20,459,574,220
2145,7,Moabit,Room,Yes,18,574,717,220
2146,7,Moabit,Room,Yes,15,473,591,220
2147,7,Moabit,Room,No,15,393,491,220
2148,7,Moabit,Room,Yes,22,609,761,220
2149,7,Moabit,Room,No,25,514,642,220
2150,7,Moabit,Room,Yes,23,622,777,220
2151,7,Moabit,Room,Yes,17,526,658,220
2152,7,Moabit,Room,Yes,22,593,741,220
2153,7,Moabit,Room,No,22,456,570,220
2154,7,Moabit,Room,Yes,25,606,757,220
2155,7,Moabit,Room,Yes,16,520,650,220
2156,7,Moabit,Room,Yes,22,616,770,220
2157,7,Moabit,Room,Yes,17,496,620,220
2158,7,Moabit,Room,No,21,489,611,220
2159,7,Moabit,Room,Yes,19,547,684,220
2160,7,Moabit,Room,No,18,456,570,220
2161,8,Neukölln,Room,Yes,20,566,708,520
2162,8,Neukölln,Room,No,20,492,615,520
2163,8,Neukölln,Room,No,21,492,615,520
2164,8,Neukölln,Room,Yes,18,585,731,520
2165,8,Neukölln,Room,Yes,21,640,800,520
2166,8,Neukölln,Room,Yes,20,606,758,520
2167,8,Neukölln,Room,No,16,406,508,520
2168,8,Neukölln,Room,No,20,475,594,520
2169,8,Neukölln,Room,Yes,22,654,817,520
2170,8,Neukölln,Room,Yes,17,586,733,520
2171,8,Neukölln,Room,Yes,14,495,619,520
2172,8,Neukölln,Room,Yes,17,552,690,520
2173,8,Neukölln,Room,No,17,451,564,520
2174,8,Neukölln,Room,Yes,22,595,744,520
2175,8,Neukölln,Room,Yes,22,594,742,520
2176,8,Neukölln,Room,No,21,515,644,520
2177,8,Neukölln,Room,Yes,16,532,665,520
2178,8,Neukölln,Room,No,21,492,615,520
2179,8,Neukölln,Room,No,17,453,566,520
2180,8,Neukölln,Room,No,18,451,564,520
2181,8,Neukölln,Room,No,21,466,582,520
2182,8,Neukölln,Room,No,17,434,543,520
2183,8,Neukölln,Room,No,17,441,551,520
2184,8,Neukölln,Room,Yes,23,587,734,520
2185,8,Neukölln,Room,No,14,425,531,520
2186,8,Neukölln,Room,Yes,25,667,834,520
2187,8,Neukölln,Room,No,20,493,616,520
2188,8,Neukölln,Room,Yes,12,455,569,520
2189,8,Neukölln,Room,No,24,550,687,520
2190,8,Neukölln,Room,Yes,23,600,750,520
2191,8,Neukölln,Room,Yes,19,601,751,520
2192,8,Neukölln,Room,No,22,494,617,520
2193,8,Neukölln,Room,No,19,459,574,520
2194,8,Neukölln,Room,Yes,20,626,782,520
2195,8,Neukölln,Room,No,21,522,653,520
2196,8,Neukölln,Room,Yes,18,524,655,520
2197,8,Neukölln,Room,No,21,522,653,520
2198,8,Neukölln,Room,Yes,17,564,705,520
2199,8,Neukölln,Room,Yes,20,619,774,520
2200,8,Neukölln,Room,Yes,18,533,666,520
2201,8,Neukölln,Room,No,20,490,612,520
2202,8,Neukölln,Room,No,23,493,616,520
2203,8,Neukölln,Room,No,14,442,552,520
2204,8,Neukölln,Room,Yes,19,611,764,520
2205,8,Neukölln,Room,Yes,17,582,727,520
2206,8,Neukölln,Room,Yes,23,645,806,520
2207,8,Neukölln,Room,No,23,523,654,520
2208,8,Neukölln,Room,No,19,452,565,520
2209,8,Neukölln,Room,No,26,564,705,520
2210,8,Neukölln,Room,No,16,456,570,520
2211,8,Neukölln,Room,No,20,499,624,520
2212,8,Neukölln,Room,No,17,458,572,520
2213,8,Neukölln,Room,No,14,388,485,520
2214,8,Neukölln,Room,No,22,495,619,520
2215,8,Neukölln,Room,Yes,19,606,757,520
2216,8,Neukölln,Room,No,23,526,657,520
2217,8,Neukölln,Room,No,18,489,611,520
2218,8,Neukölln,Room,Yes,20,566,708,520
2219,8,Neukölln,Room,No,19,465,581,520
2220,8,Neukölln,Room,Yes,18,594,743,520
2221,8,Neukölln,Room,No,22,469,586,520
2222,8,Neukölln,Room,No,17,419,524,520
2223,8,Neukölln,Room,No,22,515,644,520
2224,8,Neukölln,Room,No,18,429,536,520
2225,8,Neukölln,Room,No,23,520,650,520
2226,8,Neukölln,Room,Yes,20,613,766,520
2227,8,Neukölln,Room,No,21,507,634,520
2228,8,Neukölln,Room,No,16,414,517,520
2229,8,Neukölln,Room,No,18,482,603,520
2230,8,Neukölln,Room,Yes,29,703,879,520
2231,8,Neukölln,Room,No,22,532,665,520
2232,8,Neukölln,Room,Yes,12,468,585,520
2233,8,Neukölln,Room,Yes,27,690,862,520
2234,8,Neukölln,Room,No,21,458,572,520
2235,8,Neukölln,Room,No,16,455,569,520
2236,8,Neukölln,Room,No,12,416,520,520
2237,8,Neukölln,Room,Yes,14,475,594,520
2238,8,Neukölln,Room,No,19,497,621,520
2239,8,Neukölln,Room,No,16,436,545,520
2240,8,Neukölln,Room,No,18,455,569,520
2241,8,Neukölln,Room,No,21,514,642,520
2242,8,Neukölln,Room,Yes,14,482,602,520
2243,8,Neukölln,Room,No,16,417,521,520
2244,8,Neukölln,Room,No,20,487,609,520
2245,8,Neukölln,Room,Yes,15,518,647,520
2246,8,Neukölln,Room,No,20,454,567,520
2247,8,Neukölln,Room,Yes,20,626,783,520
2248,8,Neukölln,Room,No,19,464,580,520
2249,8,Neukölln,Room,No,26,571,714,520
2250,8,Neukölln,Room,No,19,465,581,520
2251,8,Neukölln,Room,No,28,559,699,520
2252,8,Neukölln,Room,No,20,492,615,520
2253,8,Neukölln,Room,No,22,536,670,520
2254,8,Neukölln,Room,Yes,22,595,744,520
2255,8,Neukölln,Room,No,17,469,586,520
2256,8,Neukölln,Room,Yes,16,562,703,520
2257,8,Neukölln,Room,No,21,463,579,520
2258,8,Neukölln,Room,Yes,14,484,605,520
2259,8,Neukölln,Room,Yes,23,597,746,520
2260,8,Neukölln,Room,Yes,24,686,858,520
2261,8,Neukölln,Room,Yes,21,596,745,520
2262,8,Neukölln,Room,Yes,21,621,776,520
2263,8,Neukölln,Room,No,23,484,605,520
2264,8,Neukölln,Room,Yes,21,582,728,520
2265,8,Neukölln,Room,No,18,478,597,520
2266,8,Neukölln,Room,No,19,436,545,520
2267,8,Neukölln,Room,No,13,398,498,520
2268,8,Neukölln,Room,Yes,18,526,658,520
2269,8,Neukölln,Room,Yes,22,588,735,520
2270,8,Neukölln,Room,No,21,458,573,520
2271,8,Neukölln,Room,Yes,15,494,618,520
2272,8,Neukölln,Room,No,19,470,587,520
2273,8,Neukölln,Room,No,19,451,564,520
2274,8,Neukölln,Room,No,20,497,621,520
2275,8,Neukölln,Room,No,22,519,649,520
2276,8,Neukölln,Room,Yes,24,684,855,520
2277,8,Neukölln,Room,No,13,386,482,520
2278,8,Neukölln,Room,Yes,22,634,792,520
2279,8,Neukölln,Room,No,17,473,591,520
2280,8,Neukölln,Room,No,18,448,560,520
2281,8,Neukölln,Room,Yes,17,578,722,520
2282,8,Neukölln,Room,No,13,414,518,520
2283,8,Neukölln,Room,No,15,438,547,520
2284,8,Neukölln,Room,Yes,19,573,716,520
2285,8,Neukölln,Room,Yes,20,597,746,520
2286,8,Neukölln,Room,Yes,26,640,800,520
2287,8,Neukölln,Room,No,17,464,580,520
2288,8,Neukölln,Room,No,13,385,481,520
2289,8,Neukölln,Room,Yes,16,534,667,520
2290,8,Neukölln,Room,Yes,17,543,679,520
2291,8,Neukölln,Room,No,22,531,664,520
2292,8,Neukölln,Room,Yes,20,630,787,520
2293,8,Neukölln,Room,No,24,505,631,520
2294,8,Neukölln,Room,No,21,517,646,520
2295,8,Neukölln,Room,No,19,461,576,520
2296,8,Neukölln,Room,Yes,17,577,721,520
2297,8,Neukölln,Room,No,14,410,512,520
2298,8,Neukölln,Room,No,21,462,578,520
2299,8,Neukölln,Room,Yes,13,484,605,520
2300,8,Neukölln,Room,No,20,449,561,520
2301,8,Neukölln,Room,No,19,471,589,520
2302,8,Neukölln,Room,Yes,20,611,764,520
2303,8,Neukölln,Room,Yes,16,556,695,520
2304,8,Neukölln,Room,Yes,20,622,777,520
2305,8,Neukölln,Room,Yes,16,546,682,520
2306,8,Neukölln,Room,No,16,427,534,520
2307,8,Neukölln,Room,No,29,555,694,520
2308,8,Neukölln,Room,Yes,22,582,727,520
2309,8,Neukölln,Room,No,27,556,695,520
2310,8,Neukölln,Room,Yes,18,582,727,520
2311,8,Neukölln,Room,Yes,16,573,716,520
2312,8,Neukölln,Room,No,16,466,582,520
2313,8,Neukölln,Room,No,22,486,608,520
2314,8,Neukölln,Room,No,21,481,601,520
2315,8,Neukölln,Room,Yes,19,551,689,520
2316,8,Neukölln,Room,No,19,458,572,520
2317,8,Neukölln,Room,No,18,426,533,520
2318,8,Neukölln,Room,Yes,20,597,746,520
2319,8,Neukölln,Room,No,22,507,634,520
2320,8,Neukölln,Room,No,24,515,644,520
2321,8,Neukölln,Room,No,25,498,623,520
2322,8,Neukölln,Room,Yes,26,690,862,520
2323,8,Neukölln,Room,Yes,20,569,711,520
2324,8,Neukölln,Room,No,20,462,577,520
2325,8,Neukölln,Room,No,16,410,513,520
2326,8,Neukölln,Room,Yes,20,589,736,520
2327,8,Neukölln,Room,Yes,22,612,765,520
2328,8,Neukölln,Room,Yes,20,586,732,520
2329,8,Neukölln,Room,No,19,469,586,520
2330,8,Neukölln,Room,Yes,18,542,678,520
2331,8,Neukölln,Room,No,24,514,642,520
2332,8,Neukölln,Room,No,20,501,626,520
2333,8,Neukölln,Room,No,21,461,576,520
2334,8,Neukölln,Room,No,20,457,571,520
2335,8,Neukölln,Room,No,21,522,652,520
2336,8,Neukölln,Room,No,19,497,621,520
2337,8,Neukölln,Room,No,17,439,549,520
2338,8,Neukölln,Room,Yes,16,572,715,520
2339,8,Neukölln,Room,No,24,531,664,520
2340,8,Neukölln,Room,No,22,528,660,520
2341,8,Neukölln,Room,No,25,515,644,520
2342,8,Neukölln,Room,No,16,424,530,520
2343,8,Neukölln,Room,No,19,468,585,520
2344,8,Neukölln,Room,Yes,17,533,666,520
2345,8,Neukölln,Room,No,19,490,612,520
2346,8,Neukölln,Room,Yes,26,658,823,520
2347,8,Neukölln,Room,Yes,14,487,609,520
2348,8,Neukölln,Room,No,20,468,585,520
2349,8,Neukölln,Room,Yes,20,626,783,520
2350,8,Neukölln,Room,No,20,450,562,520
2351,8,Neukölln,Room,No,20,449,561,520
2352,8,Neukölln,Room,No,19,452,565,520
2353,8,Neukölln,Room,Yes,18,564,705,520
2354,8,Neukölln,Room,Yes,19,541,676,520
2355,8,Neukölln,Room,Yes,19,578,723,520
2356,8,Neukölln,Room,Yes,17,574,717,520
2357,8,Neukölln,Room,No,17,442,552,520
2358,8,Neukölln,Room,No,26,575,719,520
2359,8,Neukölln,Room,No,18,470,588,520
2360,8,Neukölln,Room,Yes,17,583,729,520
2361,8,Neukölln,Room,No,20,476,595,520
2362,8,Neukölln,Room,Yes,24,672,840,520
2363,8,Neukölln,Room,No,19,437,546,520
2364,8,Neukölln,Room,No,21,466,583,520
2365,8,Neukölln,Room,No,19,478,597,520
2366,8,Neukölln,Room,No,17,453,566,520
2367,8,Neukölln,Room,Yes,13,468,585,520
2368,8,Neukölln,Room,Yes,18,548,685,520
2369,8,Neukölln,Room,No,16,432,540,520
2370,8,Neukölln,Room,Yes,19,558,697,520
2371,8,Neukölln,Room,No,13,427,534,520
2372,8,Neukölln,Room,Yes,21,604,755,520
2373,8,Neukölln,Room,Yes,17,526,658,520
2374,8,Neukölln,Room,Yes,17,539,674,520
2375,8,Neukölln,Room,Yes,24,685,856,520
2376,8,Neukölln,Room,Yes,14,528,660,520
2377,8,Neukölln,Room,Yes,24,641,801,520
2378,8,Neukölln,Room,Yes,20,592,740,520
2379,8,Neukölln,Room,No,22,480,600,520
2380,8,Neukölln,Room,No,20,460,575,520
2381,8,Neukölln,Room,Yes,22,646,808,520
2382,8,Neukölln,Room,No,19,494,618,520
2383,8,Neukölln,Room,Yes,18,598,748,520
2384,8,Neukölln,Room,No,19,474,592,520
2385,8,Neukölln,Room,No,17,455,569,520
2386,8,Neukölln,Room,No,27,574,718,520
2387,8,Neukölln,Room,No,12,411,514,520
2388,8,Neukölln,Room,Yes,19,606,757,520
2389,8,Neukölln,Room,Yes,23,621,776,520
2390,8,Neukölln,Room,No,19,442,553,520
2391,8,Neukölln,Room,Yes,21,617,771,520
2392,8,Neukölln,Room,No,19,445,556,520
2393,8,Neukölln,Room,No,21,516,645,520
2394,8,Neukölln,Room,No,19,476,595,520
2395,8,Neukölln,Room,No,23,490,612,520
2396,8,Neukölln,Room,No,20,510,637,520
2397,8,Neukölln,Room,Yes,26,710,888,520
2398,8,Neukölln,Room,No,27,588,735,520
2399,8,Neukölln,Room,Yes,16,549,686,520
2400,8,Neukölln,Room,No,22,514,642,520
2401,8,Neukölln,Room,Yes,16,561,701,520
2402,8,Neukölln,Room,Yes,18,542,677,520
2403,8,Neukölln,Room,No,15,420,525,520
2404,8,Neukölln,Room,Yes,16,565,706,520
2405,8,Neukölln,Room,Yes,25,652,815,520
2406,8,Neukölln,Room,Yes,18,562,702,520
2407,8,Neukölln,Room,Yes,21,622,777,520
2408,8,Neukölln,Room,No,12,397,496,520
2409,8,Neukölln,Room,Yes,17,543,679,520
2410,8,Neukölln,Room,No,17,438,547,520
2411,8,Neukölln,Room,No,21,488,610,520
2412,8,Neukölln,Room,Yes,21,578,723,520
2413,8,Neukölln,Room,No,18,447,559,520
2414,8,Neukölln,Room,Yes,19,587,734,520
2415,8,Neukölln,Room,No,22,474,592,520
2416,8,Neukölln,Room,Yes,14,528,660,520
2417,8,Neukölln,Room,Yes,19,612,765,520
2418,8,Neukölln,Room,No,12,410,513,520
2419,8,Neukölln,Room,No,20,498,622,520
2420,8,Neukölln,Room,Yes,19,576,720,520
2421,8,Neukölln,Room,No,17,442,553,520
2422,8,Neukölln,Room,Yes,22,615,769,520
2423,8,Neukölln,Room,No,24,514,643,520
2424,8,Neukölln,Room,Yes,24,684,855,520
2425,8,Neukölln,Room,No,18,442,552,520
2426,8,Neukölln,Room,No,15,428,535,520
2427,8,Neukölln,Room,Yes,16,571,714,520
2428,8,Neukölln,Room,No,16,448,560,520
2429,8,Neukölln,Room,Yes,20,614,768,520
2430,8,Neukölln,Room,No,19,475,594,520
2431,8,Neukölln,Room,No,13,409,511,520
2432,8,Neukölln,Room,Yes,20,550,688,520
2433,8,Neukölln,Room,No,15,433,541,520
2434,8,Neukölln,Room,No,20,475,594,520
2435,8,Neukölln,Room,No,24,556,695,520
2436,8,Neukölln,Room,No,14,429,536,520
2437,8,Neukölln,Room,Yes,19,562,703,520
2438,8,Neukölln,Room,No,13,391,489,520
2439,8,Neukölln,Room,No,23,505,631,520
2440,8,Neukölln,Room,No,22,482,603,520
2441,8,Neukölln,Room,No,21,474,592,520
2442,8,Neukölln,Room,Yes,24,616,770,520
2443,8,Neukölln,Room,Yes,23,626,782,520
2444,8,Neukölln,Room,Yes,15,502,628,520
2445,8,Neukölln,Room,Yes,17,578,722,520
2446,8,Neukölln,Room,No,21,506,632,520
2447,8,Neukölln,Room,Yes,18,596,745,520
2448,8,Neukölln,Room,Yes,20,563,704,520
2449,8,Neukölln,Room,No,18,458,573,520
2450,8,Neukölln,Room,No,17,430,537,520
2451,8,Neukölln,Room,Yes,15,538,673,520
2452,8,Neukölln,Room,No,12,370,463,520
2453,8,Neukölln,Room,No,19,485,606,520
2454,8,Neukölln,Room,No,17,474,593,520
2455,8,Neukölln,Room,Yes,12,498,622,520
2456,8,Neukölln,Room,Yes,16,569,711,520
2457,8,Neukölln,Room,No,24,547,684,520
2458,8,Neukölln,Room,No,18,444,555,520
2459,8,Neukölln,Room,No,15,414,517,520
2460,8,Neukölln,Room,Yes,21,635,794,520
2461,8,Neukölln,Room,No,22,470,588,520
2462,8,Neukölln,Room,No,21,494,617,520
2463,8,Neukölln,Room,No,15,435,544,520
2464,8,Neukölln,Room,No,17,466,582,520
2465,8,Neukölln,Room,Yes,22,598,747,520
2466,8,Neukölln,Room,Yes,22,646,808,520
2467,8,Neukölln,Room,No,24,529,661,520
2468,8,Neukölln,Room,No,20,512,640,520
2469,8,Neukölln,Room,Yes,20,563,704,520
2470,8,Neukölln,Room,No,20,504,630,520
2471,8,Neukölln,Room,Yes,14,504,630,520
2472,8,Neukölln,Room,Yes,17,548,685,520
2473,8,Neukölln,Room,No,22,489,611,520
2474,8,Neukölln,Room,No,21,522,652,520
2475,8,Neukölln,Room,Yes,14,504,630,520
2476,8,Neukölln,Room,Yes,14,538,672,520
2477,8,Neukölln,Room,No,27,570,712,520
2478,8,Neukölln,Room,Yes,20,578,722,520
2479,8,Neukölln,Room,No,26,538,672,520
2480,8,Neukölln,Room,Yes,16,528,660,520
2481,8,Neukölln,Room,No,14,439,549,520
2482,8,Neukölln,Room,Yes,21,636,795,520
2483,8,Neukölln,Room,No,23,478,597,520
2484,8,Neukölln,Room,No,14,411,514,520
2485,8,Neukölln,Room,No,16,422,527,520
2486,8,Neukölln,Room,No,22,508,635,520
2487,8,Neukölln,Room,No,12,386,483,520
2488,8,Neukölln,Room,Yes,18,542,677,520
2489,8,Neukölln,Room,No,21,524,655,520
2490,8,Neukölln,Room,Yes,22,631,789,520
2491,8,Neukölln,Room,No,23,478,598,520
2492,8,Neukölln,Room,Yes,12,510,638,520
2493,8,Neukölln,Room,Yes,21,575,719,520
2494,8,Neukölln,Room,No,17,442,553,520
2495,8,Neukölln,Room,No,21,494,618,520
2496,8,Neukölln,Room,Yes,21,626,783,520
2497,8,Neukölln,Room,Yes,19,562,702,520
2498,8,Neukölln,Room,No,15,444,555,520
2499,8,Neukölln,Room,No,18,470,588,520
2500,8,Neukölln,Room,No,18,486,607,520
2501,8,Neukölln,Room,No,12,404,505,520
2502,8,Neukölln,Room,No,23,485,606,520
2503,8,Neukölln,Room,No,18,460,575,520
2504,8,Neukölln,Room,Yes,22,596,745,520
2505,8,Neukölln,Room,Yes,21,595,744,520
2506,8,Neukölln,Room,Yes,23,609,761,520
2507,8,Neukölln,Room,Yes,13,465,581,520
2508,8,Neukölln,Room,No,21,511,639,520
2509,8,Neukölln,Room,Yes,12,497,621,520
2510,8,Neukölln,Room,No,16,417,521,520
2511,8,Neukölln,Room,No,19,488,610,520
2512,8,Neukölln,Room,No,21,472,590,520
2513,8,Neukölln,Room,Yes,17,516,645,520
2514,8,Neukölln,Room,No,14,438,547,520
2515,8,Neukölln,Room,No,20,486,608,520
2516,8,Neukölln,Room,No,16,412,515,520
2517,8,Neukölln,Room,Yes,25,668,835,520
2518,8,Neukölln,Room,No,22,502,628,520
2519,8,Neukölln,Room,Yes,24,650,812,520
2520,8,Neukölln,Room,No,23,490,613,520
2521,8,Neukölln,Room,Yes,20,594,742,520
2522,8,Neukölln,Room,No,18,433,541,520
2523,8,Neukölln,Room,No,20,467,584,520
2524,8,Neukölln,Room,Yes,18,572,715,520
2525,8,Neukölln,Room,No,15,426,532,520
2526,8,Neukölln,Room,No,15,422,528,520
2527,8,Neukölln,Room,Yes,24,656,820,520
2528,8,Neukölln,Room,No,16,426,532,520
2529,8,Neukölln,Room,Yes,18,602,752,520
2530,8,Neukölln,Room,No,19,490,612,520
2531,8,Neukölln,Room,Yes,20,622,778,520
2532,8,Neukölln,Room,No,16,425,531,520
2533,8,Neukölln,Room,Yes,18,585,731,520
2534,8,Neukölln,Room,Yes,16,538,673,520
2535,8,Neukölln,Room,No,19,490,613,520
2536,8,Neukölln,Room,No,23,479,599,520
2537,8,Neukölln,Room,Yes,20,570,712,520
2538,8,Neukölln,Room,Yes,16,557,696,520
2539,8,Neukölln,Room,Yes,20,610,762,520
2540,8,Neukölln,Room,No,22,487,609,520
2541,8,Neukölln,Room,No,18,456,570,520
2542,8,Neukölln,Room,No,19,444,555,520
2543,8,Neukölln,Room,Yes,25,659,824,520
2544,8,Neukölln,Room,No,18,450,563,520
2545,8,Neukölln,Room,Yes,18,560,700,520
2546,8,Neukölln,Room,Yes,18,578,723,520
2547,8,Neukölln,Room,No,19,463,579,520
2548,8,Neukölln,Room,No,14,442,553,520
2549,8,Neukölln,Room,No,18,467,584,520
2550,8,Neukölln,Room,No,18,483,604,520
2551,8,Neukölln,Room,No,19,487,609,520
2552,8,Neukölln,Room,No,23,539,674,520
2553,8,Neukölln,Room,Yes,22,617,771,520
2554,8,Neukölln,Room,No,20,457,571,520
2555,8,Neukölln,Room,Yes,17,534,667,520
2556,8,Neukölln,Room,Yes,18,578,723,520
2557,8,Neukölln,Room,No,19,468,585,520
2558,8,Neukölln,Room,No,14,387,484,520
2559,8,Neukölln,Room,Yes,19,602,752,520
2560,8,Neukölln,Room,No,26,510,637,520
2561,8,Neukölln,Room,No,13,392,490,520
2562,8,Neukölln,Room,No,18,453,566,520
2563,8,Neukölln,Room,No,15,418,522,520
2564,8,Neukölln,Room,Yes,22,615,769,520
2565,8,Neukölln,Room,No,19,448,560,520
2566,8,Neukölln,Room,Yes,21,606,757,520
2567,8,Neukölln,Room,Yes,24,601,751,520
2568,8,Neukölln,Room,Yes,21,605,756,520
2569,8,Neukölln,Room,Yes,22,586,732,520
2570,8,Neukölln,Room,No,12,384,480,520
2571,8,Neukölln,Room,No,17,426,532,520
2572,8,Neukölln,Room,No,18,483,604,520
2573,8,Neukölln,Room,No,18,476,595,520
2574,8,Neukölln,Room,No,14,397,496,520
2575,8,Neukölln,Room,No,15,406,507,520
2576,8,Neukölln,Room,No,20,499,624,520
2577,8,Neukölln,Room,No,27,558,698,520
2578,8,Neukölln,Room,No,19,456,570,520
2579,8,Neukölln,Room,Yes,16,562,703,520
2580,8,Neukölln,Room,No,20,506,632,520
2581,8,Neukölln,Room,Yes,18,567,709,520
2582,8,Neukölln,Room,No,17,466,582,520
2583,8,Neukölln,Room,Yes,19,550,687,520
2584,8,Neukölln,Room,Yes,22,578,722,520
2585,8,Neukölln,Room,No,20,458,573,520
2586,8,Neukölln,Room,Yes,22,624,780,520
2587,8,Neukölln,Room,Yes,16,524,655,520
2588,8,Neukölln,Room,No,12,416,520,520
2589,8,Neukölln,Room,No,13,426,533,520
2590,8,Neukölln,Room,No,15,434,542,520
2591,8,Neukölln,Room,Yes,18,553,691,520
2592,8,Neukölln,Room,Yes,23,607,759,520
2593,8,Neukölln,Room,Yes,18,539,674,520
2594,8,Neukölln,Room,Yes,15,523,654,520
2595,8,Neukölln,Room,No,24,511,639,520
2596,8,Neukölln,Room,Yes,15,509,636,520
2597,8,Neukölln,Room,Yes,21,602,753,520
2598,8,Neukölln,Room,No,17,459,574,520
2599,8,Neukölln,Room,Yes,12,459,574,520
2600,8,Neukölln,Room,Yes,20,621,776,520
2601,8,Neukölln,Room,No,22,485,606,520
2602,8,Neukölln,Room,Yes,20,580,725,520
2603,8,Neukölln,Room,Yes,16,540,675,520
2604,8,Neukölln,Room,No,21,490,612,520
2605,8,Neukölln,Room,No,21,507,634,520
2606,8,Neukölln,Room,No,26,526,658,520
2607,8,Neukölln,Room,Yes,26,634,793,520
2608,8,Neukölln,Room,No,18,430,537,520
2609,8,Neukölln,Room,Yes,18,549,686,520
2610,8,Neukölln,Room,Yes,24,645,806,520
2611,8,Neukölln,Room,Yes,25,611,764,520
2612,8,Neukölln,Room,Yes,19,559,699,520
2613,8,Neukölln,Room,No,19,486,607,520
2614,8,Neukölln,Room,No,13,401,501,520
2615,8,Neukölln,Room,Yes,12,507,634,520
2616,8,Neukölln,Room,No,22,466,582,520
2617,8,Neukölln,Room,No,17,466,582,520
2618,8,Neukölln,Room,Yes,17,585,731,520
2619,8,Neukölln,Room,Yes,19,602,753,520
2620,8,Neukölln,Room,Yes,13,475,594,520
2621,8,Neukölln,Room,No,17,454,567,520
2622,8,Neukölln,Room,Yes,23,649,811,520
2623,8,Neukölln,Room,No,17,458,572,520
2624,8,Neukölln,Room,No,20,466,583,520
2625,8,Neukölln,Room,Yes,18,546,682,520
2626,8,Neukölln,Room,No,15,440,550,520
2627,8,Neukölln,Room,No,22,476,595,520
2628,8,Neukölln,Room,No,18,448,560,520
2629,8,Neukölln,Room,Yes,16,557,696,520
2630,8,Neukölln,Room,No,20,460,575,520
2631,8,Neukölln,Room,No,15,433,541,520
2632,8,Neukölln,Room,Yes,20,622,777,520
2633,8,Neukölln,Room,Yes,22,619,774,520
2634,8,Neukölln,Room,No,27,586,733,520
2635,8,Neukölln,Room,Yes,18,530,663,520
2636,8,Neukölln,Room,No,18,453,566,520
2637,8,Neukölln,Room,No,20,471,589,520
2638,8,Neukölln,Room,No,19,475,594,520
2639,8,Neukölln,Room,No,19,477,596,520
2640,8,Neukölln,Room,No,25,509,636,520
2641,8,Neukölln,Room,Yes,14,534,668,520
2642,8,Neukölln,Room,Yes,12,510,637,520
2643,8,Neukölln,Room,No,21,487,609,520
2644,8,Neukölln,Room,Yes,20,596,745,520
2645,8,Neukölln,Room,No,17,432,540,520
2646,8,Neukölln,Room,No,15,426,533,520
2647,8,Neukölln,Room,Yes,21,634,793,520
2648,8,Neukölln,Room,No,21,479,599,520
2649,8,Neukölln,Room,No,19,498,622,520
2650,8,Neukölln,Room,No,18,478,598,520
2651,8,Neukölln,Room,Yes,16,574,717,520
2652,8,Neukölln,Room,No,15,451,564,520
2653,8,Neukölln,Room,No,21,482,603,520
2654,8,Neukölln,Room,No,21,522,652,520
2655,8,Neukölln,Room,Yes,15,491,614,520
2656,8,Neukölln,Room,Yes,16,526,657,520
2657,8,Neukölln,Room,No,23,501,626,520
2658,8,Neukölln,Room,Yes,18,578,723,520
2659,8,Neukölln,Room,No,22,480,600,520
2660,8,Neukölln,Room,No,22,491,614,520
2661,8,Neukölln,Room,No,24,534,667,520
2662,8,Neukölln,Room,No,17,420,525,520
2663,8,Neukölln,Room,No,23,515,644,520
2664,8,Neukölln,Room,Yes,18,542,677,520
2665,8,Neukölln,Room,No,22,477,596,520
2666,8,Neukölln,Room,Yes,19,583,729,520
2667,8,Neukölln,Room,No,18,482,603,520
2668,8,Neukölln,Room,Yes,13,522,653,520
2669,8,Neukölln,Room,No,16,456,570,520
2670,8,Neukölln,Room,No,19,442,552,520
2671,8,Neukölln,Room,No,15,404,505,520
2672,8,Neukölln,Room,No,13,414,518,520
2673,8,Neukölln,Room,No,24,526,657,520
2674,8,Neukölln,Room,No,14,416,520,520
2675,8,Neukölln,Room,Yes,19,550,688,520
2676,8,Neukölln,Room,No,18,440,550,520
2677,8,Neukölln,Room,Yes,18,551,689,520
2678,8,Neukölln,Room,No,17,457,571,520
2679,8,Neukölln,Room,Yes,21,627,784,520
2680,8,Neukölln,Room,Yes,20,567,709,520
2681,9,Pankow,Room,Yes,22,606,758,140
2682,9,Pankow,Room,No,20,437,546,140
2683,9,Pankow,Room,Yes,19,494,617,140
2684,9,Pankow,Room,Yes,20,575,719,140
2685,9,Pankow,Room,No,18,442,553,140
2686,9,Pankow,Room,Yes,19,499,624,140
2687,9,Pankow,Room,No,18,436,545,140
2688,9,Pankow,Room,No,20,469,586,140
2689,9,Pankow,Room,No,26,537,671,140
2690,9,Pankow,Room,No,18,403,504,140
2691,9,Pankow,Room,No,22,453,566,140
2692,9,Pankow,Room,No,17,387,484,140
2693,9,Pankow,Room,Yes,24,630,788,140
2694,9,Pankow,Room,No,22,478,597,140
2695,9,Pankow,Room,No,18,407,509,140
2696,9,Pankow,Room,Yes,15,466,583,140
2697,9,Pankow,Room,No,12,334,417,140
2698,9,Pankow,Room,No,24,454,567,140
2699,9,Pankow,Room,No,23,466,582,140
2700,9,Pankow,Room,Yes,21,534,667,140
2701,9,Pankow,Room,Yes,19,536,670,140
2702,9,Pankow,Room,Yes,15,446,558,140
2703,9,Pankow,Room,Yes,14,486,608,140
2704,9,Pankow,Room,No,18,395,494,140
2705,9,Pankow,Room,No,17,410,513,140
2706,9,Pankow,Room,Yes,18,508,635,140
2707,9,Pankow,Room,No,17,391,489,140
2708,9,Pankow,Room,Yes,17,471,589,140
2709,9,Pankow,Room,No,19,422,527,140
2710,9,Pankow,Room,Yes,19,526,658,140
2711,9,Pankow,Room,Yes,15,462,577,140
2712,9,Pankow,Room,No,16,390,487,140
2713,9,Pankow,Room,No,21,470,587,140
2714,9,Pankow,Room,Yes,16,468,585,140
2715,9,Pankow,Room,Yes,25,617,771,140
2716,9,Pankow,Room,Yes,20,508,635,140
2717,9,Pankow,Room,Yes,16,471,589,140
2718,9,Pankow,Room,Yes,22,566,708,140
2719,9,Pankow,Room,Yes,23,600,750,140
2720,9,Pankow,Room,No,21,474,592,140
2721,9,Pankow,Room,Yes,24,574,717,140
2722,9,Pankow,Room,No,24,485,606,140
2723,9,Pankow,Room,Yes,18,512,640,140
2724,9,Pankow,Room,Yes,25,635,794,140
2725,9,Pankow,Room,Yes,21,551,689,140
2726,9,Pankow,Room,No,16,370,463,140
2727,9,Pankow,Room,No,17,399,499,140
2728,9,Pankow,Room,No,23,486,608,140
2729,9,Pankow,Room,Yes,17,518,647,140
2730,9,Pankow,Room,No,24,457,571,140
2731,9,Pankow,Room,Yes,20,508,635,140
2732,9,Pankow,Room,Yes,21,560,700,140
2733,9,Pankow,Room,No,22,480,600,140
2734,9,Pankow,Room,No,14,372,465,140
2735,9,Pankow,Room,No,21,446,557,140
2736,9,Pankow,Room,No,22,474,592,140
2737,9,Pankow,Room,No,19,422,527,140
2738,9,Pankow,Room,Yes,20,521,651,140
2739,9,Pankow,Room,Yes,12,458,573,140
2740,9,Pankow,Room,No,23,484,605,140
2741,9,Pankow,Room,No,13,367,459,140
2742,9,Pankow,Room,No,20,460,575,140
2743,9,Pankow,Room,No,16,392,490,140
2744,9,Pankow,Room,Yes,18,548,685,140
2745,9,Pankow,Room,Yes,17,494,618,140
2746,9,Pankow,Room,No,21,446,558,140
2747,9,Pankow,Room,No,21,457,571,140
2748,9,Pankow,Room,No,18,437,546,140
2749,9,Pankow,Room,Yes,16,503,629,140
2750,9,Pankow,Room,Yes,22,576,720,140
2751,9,Pankow,Room,Yes,16,487,609,140
2752,9,Pankow,Room,No,19,452,565,140
2753,9,Pankow,Room,No,22,469,586,140
2754,9,Pankow,Room,Yes,15,462,577,140
2755,9,Pankow,Room,Yes,13,471,589,140
2756,9,Pankow,Room,No,22,459,574,140
2757,9,Pankow,Room,Yes,15,470,588,140
2758,9,Pankow,Room,No,16,403,504,140
2759,9,Pankow,Room,No,17,403,504,140
2760,9,Pankow,Room,No,16,373,466,140
2761,9,Pankow,Room,Yes,24,573,716,140
2762,9,Pankow,Room,Yes,19,555,694,140
2763,9,Pankow,Room,Yes,21,532,665,140
2764,9,Pankow,Room,No,18,401,501,140
2765,9,Pankow,Room,No,24,493,616,140
2766,9,Pankow,Room,Yes,26,593,741,140
2767,9,Pankow,Room,No,14,377,471,140
2768,9,Pankow,Room,Yes,15,469,586,140
2769,9,Pankow,Room,Yes,22,547,684,140
2770,9,Pankow,Room,No,17,427,534,140
2771,9,Pankow,Room,No,18,401,501,140
2772,9,Pankow,Room,No,17,404,505,140
2773,9,Pankow,Room,Yes,21,522,652,140
2774,9,Pankow,Room,No,21,468,585,140
2775,9,Pankow,Room,No,12,344,430,140
2776,9,Pankow,Room,No,21,431,539,140
2777,9,Pankow,Room,Yes,25,583,729,140
2778,9,Pankow,Room,No,17,410,512,140
2779,9,Pankow,Room,No,21,448,560,140
2780,9,Pankow,Room,No,26,501,626,140
2781,9,Pankow,Room,Yes,22,586,732,140
2782,9,Pankow,Room,Yes,19,539,674,140
2783,9,Pankow,Room,Yes,18,482,602,140
2784,9,Pankow,Room,No,19,406,508,140
2785,9,Pankow,Room,No,19,448,560,140
2786,9,Pankow,Room,No,19,415,519,140
2787,9,Pankow,Room,Yes,21,551,689,140
2788,9,Pankow,Room,No,14,402,502,140
2789,9,Pankow,Room,No,19,406,507,140
2790,9,Pankow,Room,No,15,362,452,140
2791,9,Pankow,Room,Yes,20,543,679,140
2792,9,Pankow,Room,Yes,22,584,730,140
2793,9,Pankow,Room,Yes,23,621,776,140
2794,9,Pankow,Room,Yes,16,468,585,140
2795,9,Pankow,Room,Yes,14,437,546,140
2796,9,Pankow,Room,Yes,18,525,656,140
2797,9,Pankow,Room,No,18,426,532,140
2798,9,Pankow,Room,No,17,380,475,140
2799,9,Pankow,Room,No,19,414,517,140
2800,9,Pankow,Room,No,19,460,575,140
2801,9,Pankow,Room,Yes,16,498,623,140
2802,9,Pankow,Room,No,13,386,482,140
2803,9,Pankow,Room,Yes,16,518,647,140
2804,9,Pankow,Room,No,22,478,597,140
2805,9,Pankow,Room,Yes,18,499,624,140
2806,9,Pankow,Room,Yes,18,509,636,140
2807,9,Pankow,Room,No,25,486,608,140
2808,9,Pankow,Room,No,18,425,531,140
2809,9,Pankow,Room,No,20,418,522,140
2810,9,Pankow,Room,Yes,22,603,754,140
2811,9,Pankow,Room,No,24,484,605,140
2812,9,Pankow,Room,Yes,16,461,576,140
2813,9,Pankow,Room,No,14,384,480,140
2814,9,Pankow,Room,No,20,446,558,140
2815,9,Pankow,Room,No,22,478,597,140
2816,9,Pankow,Room,Yes,15,507,634,140
2817,9,Pankow,Room,No,18,429,536,140
2818,9,Pankow,Room,Yes,21,518,648,140
2819,9,Pankow,Room,Yes,20,573,716,140
2820,9,Pankow,Room,No,16,391,489,140
2821,10,Wedding,Room,Yes,19,530,663,310
2822,10,Wedding,Room,No,17,371,464,310
2823,10,Wedding,Room,No,21,426,532,310
2824,10,Wedding,Room,Yes,18,513,641,310
2825,10,Wedding,Room,No,18,402,503,310
2826,10,Wedding,Room,Yes,22,570,713,310
2827,10,Wedding,Room,Yes,18,492,615,310
2828,10,Wedding,Room,No,19,389,486,310
2829,10,Wedding,Room,Yes,15,472,590,310
2830,10,Wedding,Room,No,24,481,601,310
2831,10,Wedding,Room,Yes,18,522,653,310
2832,10,Wedding,Room,No,14,377,471,310
2833,10,Wedding,Room,No,18,415,519,310
2834,10,Wedding,Room,No,24,494,618,310
2835,10,Wedding,Room,Yes,16,449,561,310
2836,10,Wedding,Room,Yes,22,536,670,310
2837,10,Wedding,Room,Yes,18,473,591,310
2838,10,Wedding,Room,No,24,442,553,310
2839,10,Wedding,Room,Yes,18,519,649,310
2840,10,Wedding,Room,Yes,22,519,649,310
2841,10,Wedding,Room,Yes,19,526,658,310
2842,10,Wedding,Room,No,19,398,498,310
2843,10,Wedding,Room,Yes,12,409,511,310
2844,10,Wedding,Room,Yes,18,494,617,310
2845,10,Wedding,Room,No,15,378,473,310
2846,10,Wedding,Room,Yes,20,490,612,310
2847,10,Wedding,Room,No,28,511,639,310
2848,10,Wedding,Room,Yes,23,527,659,310
2849,10,Wedding,Room,Yes,21,515,644,310
2850,10,Wedding,Room,Yes,24,543,679,310
2851,10,Wedding,Room,Yes,14,457,571,310
2852,10,Wedding,Room,No,18,376,470,310
2853,10,Wedding,Room,Yes,16,481,601,310
2854,10,Wedding,Room,Yes,17,514,642,310
2855,10,Wedding,Room,No,20,432,540,310
2856,10,Wedding,Room,Yes,12,440,550,310
2857,10,Wedding,Room,Yes,18,519,649,310
2858,10,Wedding,Room,No,17,406,507,310
2859,10,Wedding,Room,No,18,426,532,310
2860,10,Wedding,Room,Yes,26,574,718,310
2861,10,Wedding,Room,Yes,23,541,676,310
2862,10,Wedding,Room,Yes,22,522,653,310
2863,10,Wedding,Room,No,25,478,597,310
2864,10,Wedding,Room,Yes,23,574,718,310
2865,10,Wedding,Room,No,15,352,440,310
2866,10,Wedding,Room,Yes,19,529,661,310
2867,10,Wedding,Room,Yes,18,488,610,310
2868,10,Wedding,Room,No,19,418,523,310
2869,10,Wedding,Room,Yes,22,565,706,310
2870,10,Wedding,Room,Yes,15,450,562,310
2871,10,Wedding,Room,Yes,24,538,673,310
2872,10,Wedding,Room,Yes,18,466,582,310
2873,10,Wedding,Room,No,19,393,491,310
2874,10,Wedding,Room,Yes,17,465,581,310
2875,10,Wedding,Room,No,19,404,505,310
2876,10,Wedding,Room,No,18,414,517,310
2877,10,Wedding,Room,No,21,434,543,310
2878,10,Wedding,Room,No,20,441,551,310
2879,10,Wedding,Room,No,19,424,530,310
2880,10,Wedding,Room,Yes,15,486,607,310
2881,10,Wedding,Room,Yes,17,485,606,310
2882,10,Wedding,Room,No,16,394,492,310
2883,10,Wedding,Room,Yes,20,521,651,310
2884,10,Wedding,Room,No,19,433,541,310
2885,10,Wedding,Room,Yes,25,599,749,310
2886,10,Wedding,Room,No,23,470,587,310
2887,10,Wedding,Room,No,25,498,622,310
2888,10,Wedding,Room,No,18,431,539,310
2889,10,Wedding,Room,No,17,395,494,310
2890,10,Wedding,Room,No,18,390,487,310
2891,10,Wedding,Room,Yes,15,474,593,310
2892,10,Wedding,Room,Yes,24,566,707,310
2893,10,Wedding,Room,Yes,13,454,567,310
2894,10,Wedding,Room,No,26,462,577,310
2895,10,Wedding,Room,Yes,17,494,617,310
2896,10,Wedding,Room,No,15,381,476,310
2897,10,Wedding,Room,No,20,430,538,310
2898,10,Wedding,Room,No,21,459,574,310
2899,10,Wedding,Room,Yes,16,472,590,310
2900,10,Wedding,Room,Yes,13,402,503,310
2901,10,Wedding,Room,No,15,380,475,310
2902,10,Wedding,Room,No,20,414,518,310
2903,10,Wedding,Room,No,22,452,565,310
2904,10,Wedding,Room,No,24,452,565,310
2905,10,Wedding,Room,Yes,16,448,560,310
2906,10,Wedding,Room,Yes,19,534,667,310
2907,10,Wedding,Room,Yes,19,542,678,310
2908,10,Wedding,Room,No,19,414,517,310
2909,10,Wedding,Room,Yes,20,502,627,310
2910,10,Wedding,Room,Yes,17,452,565,310
2911,10,Wedding,Room,No,17,406,507,310
2912,10,Wedding,Room,No,20,426,533,310
2913,10,Wedding,Room,Yes,24,567,709,310
2914,10,Wedding,Room,No,14,358,447,310
2915,10,Wedding,Room,No,21,416,520,310
2916,10,Wedding,Room,Yes,21,502,627,310
2917,10,Wedding,Room,No,17,382,478,310
2918,10,Wedding,Room,No,18,414,517,310
2919,10,Wedding,Room,Yes,17,493,616,310
2920,10,Wedding,Room,No,15,380,475,310
2921,10,Wedding,Room,No,21,406,507,310
2922,10,Wedding,Room,Yes,24,602,752,310
2923,10,Wedding,Room,Yes,17,505,631,310
2924,10,Wedding,Room,No,20,407,509,310
2925,10,Wedding,Room,No,23,464,580,310
2926,10,Wedding,Room,Yes,20,530,663,310
2927,10,Wedding,Room,No,23,441,551,310
2928,10,Wedding,Room,Yes,24,537,671,310
2929,10,Wedding,Room,No,24,475,594,310
2930,10,Wedding,Room,No,23,442,553,310
2931,10,Wedding,Room,No,22,455,569,310
2932,10,Wedding,Room,No,19,390,488,310
2933,10,Wedding,Room,Yes,15,436,545,310
2934,10,Wedding,Room,No,17,390,487,310
2935,10,Wedding,Room,No,22,440,550,310
2936,10,Wedding,Room,Yes,13,454,567,310
2937,10,Wedding,Room,Yes,20,534,667,310
2938,10,Wedding,Room,Yes,20,544,680,310
2939,10,Wedding,Room,Yes,16,487,609,310
2940,10,Wedding,Room,Yes,19,488,610,310
2941,10,Wedding,Room,No,16,363,454,310
2942,10,Wedding,Room,No,15,355,444,310
2943,10,Wedding,Room,Yes,22,513,641,310
2944,10,Wedding,Room,Yes,15,427,534,310
2945,10,Wedding,Room,Yes,20,546,682,310
2946,10,Wedding,Room,No,17,413,516,310
2947,10,Wedding,Room,No,17,410,512,310
2948,10,Wedding,Room,No,17,374,468,310
2949,10,Wedding,Room,No,17,371,464,310
2950,10,Wedding,Room,No,20,438,547,310
2951,10,Wedding,Room,No,14,377,471,310
2952,10,Wedding,Room,No,20,438,547,310
2953,10,Wedding,Room,Yes,14,448,560,310
2954,10,Wedding,Room,No,18,398,498,310
2955,10,Wedding,Room,Yes,15,482,602,310
2956,10,Wedding,Room,No,17,385,481,310
2957,10,Wedding,Room,Yes,16,483,604,310
2958,10,Wedding,Room,Yes,21,552,690,310
2959,10,Wedding,Room,No,22,434,542,310
2960,10,Wedding,Room,No,18,413,516,310
2961,10,Wedding,Room,Yes,18,522,652,310
2962,10,Wedding,Room,Yes,19,476,595,310
2963,10,Wedding,Room,No,21,426,532,310
2964,10,Wedding,Room,No,21,458,573,310
2965,10,Wedding,Room,Yes,18,464,580,310
2966,10,Wedding,Room,Yes,18,483,604,310
2967,10,Wedding,Room,Yes,15,473,591,310
2968,10,Wedding,Room,Yes,19,523,654,310
2969,10,Wedding,Room,No,17,399,499,310
2970,10,Wedding,Room,Yes,16,462,578,310
2971,10,Wedding,Room,No,25,468,585,310
2972,10,Wedding,Room,No,17,419,524,310
2973,10,Wedding,Room,No,25,478,598,310
2974,10,Wedding,Room,No,15,357,446,310
2975,10,Wedding,Room,No,16,392,490,310
2976,10,Wedding,Room,Yes,17,501,626,310
2977,10,Wedding,Room,Yes,19,538,673,310
2978,10,Wedding,Room,Yes,17,453,566,310
2979,10,Wedding,Room,Yes,17,454,567,310
2980,10,Wedding,Room,No,18,399,499,310
2981,10,Wedding,Room,No,12,350,437,310
2982,10,Wedding,Room,No,16,385,481,310
2983,10,Wedding,Room,Yes,15,456,570,310
2984,10,Wedding,Room,Yes,14,447,559,310
2985,10,Wedding,Room,No,18,414,517,310
2986,10,Wedding,Room,No,24,461,576,310
2987,10,Wedding,Room,No,18,410,512,310
2988,10,Wedding,Room,Yes,19,537,671,310
2989,10,Wedding,Room,No,19,400,500,310
2990,10,Wedding,Room,Yes,13,408,510,310
2991,10,Wedding,Room,Yes,21,555,694,310
2992,10,Wedding,Room,No,21,438,547,310
2993,10,Wedding,Room,Yes,13,428,535,310
2994,10,Wedding,Room,No,17,381,476,310
2995,10,Wedding,Room,Yes,20,527,659,310
2996,10,Wedding,Room,No,18,413,516,310
2997,10,Wedding,Room,Yes,20,558,697,310
2998,10,Wedding,Room,Yes,25,603,754,310
2999,10,Wedding,Room,Yes,18,525,656,310
3000,10,Wedding,Room,Yes,21,561,701,310
3001,10,Wedding,Room,No,15,386,482,310
3002,10,Wedding,Room,No,18,402,503,310
3003,10,Wedding,Room,Yes,26,616,770,310
3004,10,Wedding,Room,Yes,23,569,711,310
3005,10,Wedding,Room,No,17,417,521,310
3006,10,Wedding,Room,Yes,22,562,703,310
3007,10,Wedding,Room,Yes,12,395,494,310
3008,10,Wedding,Room,No,17,390,488,310
3009,10,Wedding,Room,Yes,27,629,786,310
3010,10,Wedding,Room,Yes,21,541,676,310
3011,10,Wedding,Room,No,17,398,497,310
3012,10,Wedding,Room,No,20,443,554,310
3013,10,Wedding,Room,Yes,23,535,669,310
3014,10,Wedding,Room,No,19,424,530,310
3015,10,Wedding,Room,Yes,15,488,610,310
3016,10,Wedding,Room,Yes,16,472,590,310
3017,10,Wedding,Room,No,25,479,599,310
3018,10,Wedding,Room,No,12,358,448,310
3019,10,Wedding,Room,Yes,22,533,666,310
3020,10,Wedding,Room,No,23,478,598,310
3021,10,Wedding,Room,No,19,439,549,310
3022,10,Wedding,Room,No,16,404,505,310
3023,10,Wedding,Room,Yes,16,450,563,310
3024,10,Wedding,Room,Yes,14,437,546,310
3025,10,Wedding,Room,No,17,404,505,310
3026,10,Wedding,Room,No,20,399,499,310
3027,10,Wedding,Room,No,19,422,527,310
3028,10,Wedding,Room,Yes,26,570,712,310
3029,10,Wedding,Room,No,24,437,546,310
3030,10,Wedding,Room,No,21,454,568,310
3031,10,Wedding,Room,Yes,20,510,638,310
3032,10,Wedding,Room,No,18,430,538,310
3033,10,Wedding,Room,Yes,19,484,605,310
3034,10,Wedding,Room,No,14,336,420,310
3035,10,Wedding,Room,Yes,17,517,646,310
3036,10,Wedding,Room,No,18,400,500,310
3037,10,Wedding,Room,Yes,16,463,579,310
3038,10,Wedding,Room,No,13,338,422,310
3039,10,Wedding,Room,Yes,20,497,621,310
3040,10,Wedding,Room,No,16,398,497,310
3041,10,Wedding,Room,No,19,438,548,310
3042,10,Wedding,Room,No,18,378,472,310
3043,10,Wedding,Room,No,13,331,414,310
3044,10,Wedding,Room,Yes,23,570,713,310
3045,10,Wedding,Room,Yes,15,474,593,310
3046,10,Wedding,Room,No,17,367,459,310
3047,10,Wedding,Room,Yes,21,500,625,310
3048,10,Wedding,Room,No,15,349,436,310
3049,10,Wedding,Room,Yes,16,442,553,310
3050,10,Wedding,Room,Yes,13,424,530,310
3051,10,Wedding,Room,No,19,441,551,310
3052,10,Wedding,Room,No,24,475,594,310
3053,10,Wedding,Room,Yes,23,580,725,310
3054,10,Wedding,Room,No,20,438,547,310
3055,10,Wedding,Room,Yes,23,530,663,310
3056,10,Wedding,Room,No,23,466,583,310
3057,10,Wedding,Room,Yes,19,541,676,310
3058,10,Wedding,Room,Yes,21,567,709,310
3059,10,Wedding,Room,No,20,443,554,310
3060,10,Wedding,Room,No,21,414,518,310
3061,10,Wedding,Room,Yes,18,482,602,310
3062,10,Wedding,Room,No,22,466,583,310
3063,10,Wedding,Room,Yes,19,542,677,310
3064,10,Wedding,Room,No,16,363,454,310
3065,10,Wedding,Room,Yes,24,550,688,310
3066,10,Wedding,Room,No,19,439,549,310
3067,10,Wedding,Room,No,24,448,560,310
3068,10,Wedding,Room,No,22,449,561,310
3069,10,Wedding,Room,Yes,20,540,675,310
3070,10,Wedding,Room,No,13,362,453,310
3071,10,Wedding,Room,No,20,404,505,310
3072,10,Wedding,Room,No,17,374,468,310
3073,10,Wedding,Room,Yes,21,553,691,310
3074,10,Wedding,Room,No,19,420,525,310
3075,10,Wedding,Room,No,18,388,485,310
3076,10,Wedding,Room,No,15,366,457,310
3077,10,Wedding,Room,Yes,18,507,634,310
3078,10,Wedding,Room,No,23,441,551,310
3079,10,Wedding,Room,No,22,430,538,310
3080,10,Wedding,Room,No,24,493,616,310
3081,10,Wedding,Room,No,16,406,508,310
3082,10,Wedding,Room,No,14,356,445,310
3083,10,Wedding,Room,Yes,19,486,608,310
3084,10,Wedding,Room,No,22,473,591,310
3085,10,Wedding,Room,No,13,342,428,310
3086,10,Wedding,Room,Yes,20,490,612,310
3087,10,Wedding,Room,Yes,21,501,626,310
3088,10,Wedding,Room,Yes,27,618,772,310
3089,10,Wedding,Room,No,20,428,535,310
3090,10,Wedding,Room,No,19,416,520,310
3091,10,Wedding,Room,Yes,16,479,599,310
3092,10,Wedding,Room,Yes,19,481,601,310
3093,10,Wedding,Room,No,22,458,573,310
3094,10,Wedding,Room,No,14,353,441,310
3095,10,Wedding,Room,Yes,21,564,705,310
3096,10,Wedding,Room,Yes,21,538,672,310
3097,10,Wedding,Room,Yes,14,431,539,310
3098,10,Wedding,Room,No,25,459,574,310
3099,10,Wedding,Room,Yes,18,507,634,310
3100,10,Wedding,Room,No,17,409,511,310
3101,10,Wedding,Room,No,30,560,700,310
3102,10,Wedding,Room,No,23,432,540,310
3103,10,Wedding,Room,Yes,23,538,673,310
3104,10,Wedding,Room,No,16,391,489,310
3105,10,Wedding,Room,Yes,15,487,609,310
3106,10,Wedding,Room,No,24,474,592,310
3107,10,Wedding,Room,Yes,14,463,579,310
3108,10,Wedding,Room,No,18,378,473,310
3109,10,Wedding,Room,Yes,23,566,708,310
3110,10,Wedding,Room,Yes,14,462,578,310
3111,10,Wedding,Room,No,27,527,659,310
3112,10,Wedding,Room,No,21,422,527,310
3113,10,Wedding,Room,No,20,417,521,310
3114,10,Wedding,Room,Yes,18,526,658,310
3115,10,Wedding,Room,No,18,398,497,310
3116,10,Wedding,Room,No,22,422,528,310
3117,10,Wedding,Room,No,24,459,574,310
3118,10,Wedding,Room,No,20,450,563,310
3119,10,Wedding,Room,No,19,438,547,310
3120,10,Wedding,Room,No,17,388,485,310
3121,10,Wedding,Room,No,22,456,570,310
3122,10,Wedding,Room,No,18,430,537,310
3123,10,Wedding,Room,No,25,469,586,310
3124,10,Wedding,Room,No,23,464,580,310
3125,10,Wedding,Room,Yes,19,485,606,310
3126,10,Wedding,Room,Yes,20,512,640,310
3127,10,Wedding,Room,Yes,17,498,623,310
3128,10,Wedding,Room,No,12,341,426,310
3129,10,Wedding,Room,Yes,22,566,707,310
3130,10,Wedding,Room,Yes,12,402,502,310
3131,11,Steglitz,Room,Yes,17,494,618,130
3132,11,Steglitz,Room,No,20,445,556,130
3133,11,Steglitz,Room,No,23,450,562,130
3134,11,Steglitz,Room,No,20,441,551,130
3135,11,Steglitz,Room,No,22,425,531,130
3136,11,Steglitz,Room,No,18,409,511,130
3137,11,Steglitz,Room,Yes,15,454,568,130
3138,11,Steglitz,Room,No,21,414,518,130
3139,11,Steglitz,Room,No,20,459,574,130
3140,11,Steglitz,Room,No,20,445,556,130
3141,11,Steglitz,Room,Yes,21,574,717,130
3142,11,Steglitz,Room,Yes,22,534,668,130
3143,11,Steglitz,Room,Yes,22,562,702,130
3144,11,Steglitz,Room,No,14,386,483,130
3145,11,Steglitz,Room,No,19,394,492,130
3146,11,Steglitz,Room,No,21,456,570,130
3147,11,Steglitz,Room,No,25,492,615,130
3148,11,Steglitz,Room,Yes,21,571,714,130
3149,11,Steglitz,Room,No,25,467,584,130
3150,11,Steglitz,Room,No,18,403,504,130
3151,11,Steglitz,Room,No,24,462,577,130
3152,11,Steglitz,Room,Yes,24,570,713,130
3153,11,Steglitz,Room,No,25,472,590,130
3154,11,Steglitz,Room,No,17,380,475,130
3155,11,Steglitz,Room,No,19,436,545,130
3156,11,Steglitz,Room,No,21,428,535,130
3157,11,Steglitz,Room,No,20,426,532,130
3158,11,Steglitz,Room,Yes,20,517,646,130
3159,11,Steglitz,Room,No,18,386,482,130
3160,11,Steglitz,Room,No,17,414,518,130
3161,11,Steglitz,Room,No,16,402,502,130
3162,11,Steglitz,Room,No,19,396,495,130
3163,11,Steglitz,Room,Yes,15,472,590,130
3164,11,Steglitz,Room,No,17,412,515,130
3165,11,Steglitz,Room,No,16,398,497,130
3166,11,Steglitz,Room,No,18,398,498,130
3167,11,Steglitz,Room,Yes,17,515,644,130
3168,11,Steglitz,Room,Yes,17,503,629,130
3169,11,Steglitz,Room,No,18,407,509,130
3170,11,Steglitz,Room,No,15,361,451,130
3171,11,Steglitz,Room,No,22,426,532,130
3172,11,Steglitz,Room,Yes,19,504,630,130
3173,11,Steglitz,Room,Yes,16,501,626,130
3174,11,Steglitz,Room,Yes,15,454,568,130
3175,11,Steglitz,Room,Yes,16,489,611,130
3176,11,Steglitz,Room,No,18,421,526,130
3177,11,Steglitz,Room,Yes,21,521,651,130
3178,11,Steglitz,Room,Yes,19,518,648,130
3179,11,Steglitz,Room,No,21,414,518,130
3180,11,Steglitz,Room,Yes,16,489,611,130
3181,11,Steglitz,Room,Yes,18,480,600,130
3182,11,Steglitz,Room,Yes,16,448,560,130
3183,11,Steglitz,Room,No,27,494,617,130
3184,11,Steglitz,Room,Yes,21,513,641,130
3185,11,Steglitz,Room,Yes,17,470,587,130
3186,11,Steglitz,Room,Yes,16,491,614,130
3187,11,Steglitz,Room,No,21,421,526,130
3188,11,Steglitz,Room,Yes,12,431,539,130
3189,11,Steglitz,Room,No,19,405,506,130
3190,11,Steglitz,Room,No,19,442,552,130
3191,11,Steglitz,Room,No,19,401,501,130
3192,11,Steglitz,Room,Yes,23,606,758,130
3193,11,Steglitz,Room,Yes,19,518,648,130
3194,11,Steglitz,Room,Yes,19,513,641,130
3195,11,Steglitz,Room,Yes,15,479,599,130
3196,11,Steglitz,Room,No,17,391,489,130
3197,11,Steglitz,Room,No,20,453,566,130
3198,11,Steglitz,Room,No,27,500,625,130
3199,11,Steglitz,Room,Yes,20,502,628,130
3200,11,Steglitz,Room,Yes,18,501,626,130
3201,11,Steglitz,Room,No,24,480,600,130
3202,11,Steglitz,Room,Yes,21,546,682,130
3203,11,Steglitz,Room,No,22,429,536,130
3204,11,Steglitz,Room,Yes,20,557,696,130
3205,11,Steglitz,Room,Yes,20,547,684,130
3206,11,Steglitz,Room,No,22,471,589,130
3207,11,Steglitz,Room,No,17,390,488,130
3208,11,Steglitz,Room,No,17,382,478,130
3209,11,Steglitz,Room,Yes,24,611,764,130
3210,11,Steglitz,Room,No,18,425,531,130
3211,11,Steglitz,Room,Yes,18,517,646,130
3212,11,Steglitz,Room,Yes,19,528,660,130
3213,11,Steglitz,Room,Yes,20,555,694,130
3214,11,Steglitz,Room,Yes,18,492,615,130
3215,11,Steglitz,Room,No,18,435,544,130
3216,11,Steglitz,Room,Yes,18,522,652,130
3217,11,Steglitz,Room,Yes,16,507,634,130
3218,11,Steglitz,Room,No,20,446,557,130
3219,11,Steglitz,Room,No,21,422,528,130
3220,11,Steglitz,Room,Yes,16,494,617,130
3221,11,Steglitz,Room,Yes,18,526,657,130
3222,11,Steglitz,Room,Yes,27,659,824,130
3223,11,Steglitz,Room,Yes,21,517,646,130
3224,11,Steglitz,Room,No,22,475,594,130
3225,11,Steglitz,Room,No,21,414,518,130
3226,11,Steglitz,Room,No,23,460,575,130
3227,11,Steglitz,Room,No,22,456,570,130
3228,11,Steglitz,Room,No,19,451,564,130
3229,11,Steglitz,Room,Yes,18,507,634,130
3230,11,Steglitz,Room,No,23,469,586,130
3231,11,Steglitz,Room,Yes,21,567,709,130
3232,11,Steglitz,Room,No,15,369,461,130
3233,11,Steglitz,Room,No,18,412,515,130
3234,11,Steglitz,Room,Yes,18,524,655,130
3235,11,Steglitz,Room,No,18,389,486,130
3236,11,Steglitz,Room,No,17,390,487,130
3237,11,Steglitz,Room,No,22,470,588,130
3238,11,Steglitz,Room,No,20,457,571,130
3239,11,Steglitz,Room,No,18,401,501,130
3240,11,Steglitz,Room,Yes,18,541,676,130
3241,11,Steglitz,Room,Yes,17,502,627,130
3242,11,Steglitz,Room,Yes,23,591,739,130
3243,11,Steglitz,Room,Yes,25,568,710,130
3244,11,Steglitz,Room,No,22,466,583,130
3245,11,Steglitz,Room,Yes,18,486,607,130
3246,11,Steglitz,Room,No,23,458,572,130
3247,11,Steglitz,Room,No,18,394,492,130
3248,11,Steglitz,Room,No,20,455,569,130
3249,11,Steglitz,Room,Yes,22,526,657,130
3250,11,Steglitz,Room,Yes,17,476,595,130
3251,11,Steglitz,Room,Yes,20,525,656,130
3252,11,Steglitz,Room,No,15,401,501,130
3253,11,Steglitz,Room,No,16,364,455,130
3254,11,Steglitz,Room,No,22,456,570,130
3255,11,Steglitz,Room,Yes,14,440,550,130
3256,11,Steglitz,Room,Yes,19,502,628,130
3257,11,Steglitz,Room,Yes,14,448,560,130
3258,11,Steglitz,Room,No,18,385,481,130
3259,11,Steglitz,Room,Yes,14,447,559,130
3260,11,Steglitz,Room,Yes,19,552,690,130
3261,12,Lichtenberg,Room,Yes,24,580,725,160
3262,12,Lichtenberg,Room,No,20,421,526,160
3263,12,Lichtenberg,Room,No,18,405,506,160
3264,12,Lichtenberg,Room,Yes,22,512,640,160
3265,12,Lichtenberg,Room,No,17,373,466,160
3266,12,Lichtenberg,Room,Yes,22,545,681,160
3267,12,Lichtenberg,Room,No,24,450,563,160
3268,12,Lichtenberg,Room,No,18,375,469,160
3269,12,Lichtenberg,Room,Yes,18,454,567,160
3270,12,Lichtenberg,Room,No,21,390,488,160
3271,12,Lichtenberg,Room,Yes,16,454,568,160
3272,12,Lichtenberg,Room,No,22,422,528,160
3273,12,Lichtenberg,Room,No,21,395,494,160
3274,12,Lichtenberg,Room,No,19,401,501,160
3275,12,Lichtenberg,Room,Yes,21,493,616,160
3276,12,Lichtenberg,Room,No,20,416,520,160
3277,12,Lichtenberg,Room,No,18,402,503,160
3278,12,Lichtenberg,Room,No,21,412,515,160
3279,12,Lichtenberg,Room,No,16,380,475,160
3280,12,Lichtenberg,Room,Yes,15,445,556,160
3281,12,Lichtenberg,Room,Yes,18,461,576,160
3282,12,Lichtenberg,Room,Yes,19,489,611,160
3283,12,Lichtenberg,Room,No,21,426,532,160
3284,12,Lichtenberg,Room,No,19,403,504,160
3285,12,Lichtenberg,Room,No,16,371,464,160
3286,12,Lichtenberg,Room,No,17,369,461,160
3287,12,Lichtenberg,Room,Yes,21,496,620,160
3288,12,Lichtenberg,Room,Yes,14,434,543,160
3289,12,Lichtenberg,Room,No,20,381,476,160
3290,12,Lichtenberg,Room,No,17,356,445,160
3291,12,Lichtenberg,Room,Yes,19,497,621,160
3292,12,Lichtenberg,Room,No,16,377,471,160
3293,12,Lichtenberg,Room,Yes,19,483,604,160
3294,12,Lichtenberg,Room,No,21,403,504,160
3295,12,Lichtenberg,Room,No,21,422,528,160
3296,12,Lichtenberg,Room,No,15,362,453,160
3297,12,Lichtenberg,Room,No,21,396,495,160
3298,12,Lichtenberg,Room,Yes,22,494,617,160
3299,12,Lichtenberg,Room,No,20,386,483,160
3300,12,Lichtenberg,Room,Yes,15,421,526,160
3301,12,Lichtenberg,Room,No,19,405,506,160
3302,12,Lichtenberg,Room,No,15,354,443,160
3303,12,Lichtenberg,Room,No,12,296,370,160
3304,12,Lichtenberg,Room,Yes,14,406,507,160
3305,12,Lichtenberg,Room,Yes,20,487,609,160
3306,12,Lichtenberg,Room,No,19,415,519,160
3307,12,Lichtenberg,Room,No,23,456,570,160
3308,12,Lichtenberg,Room,Yes,23,518,648,160
3309,12,Lichtenberg,Room,No,14,353,441,160
3310,12,Lichtenberg,Room,No,26,467,584,160
3311,12,Lichtenberg,Room,No,15,373,466,160
3312,12,Lichtenberg,Room,No,15,333,416,160
3313,12,Lichtenberg,Room,No,14,317,396,160
3314,12,Lichtenberg,Room,No,21,410,512,160
3315,12,Lichtenberg,Room,Yes,14,394,492,160
3316,12,Lichtenberg,Room,Yes,18,474,592,160
3317,12,Lichtenberg,Room,No,17,382,478,160
3318,12,Lichtenberg,Room,No,12,300,375,160
3319,12,Lichtenberg,Room,No,20,382,478,160
3320,12,Lichtenberg,Room,No,17,386,482,160
3321,12,Lichtenberg,Room,Yes,16,420,525,160
3322,12,Lichtenberg,Room,Yes,16,470,587,160
3323,12,Lichtenberg,Room,Yes,16,472,590,160
3324,12,Lichtenberg,Room,No,18,390,487,160
3325,12,Lichtenberg,Room,No,17,345,431,160
3326,12,Lichtenberg,Room,No,21,436,545,160
3327,12,Lichtenberg,Room,Yes,18,475,594,160
3328,12,Lichtenberg,Room,No,14,342,428,160
3329,12,Lichtenberg,Room,Yes,19,454,567,160
3330,12,Lichtenberg,Room,No,16,349,436,160
3331,12,Lichtenberg,Room,Yes,27,616,770,160
3332,12,Lichtenberg,Room,No,23,436,545,160
3333,12,Lichtenberg,Room,No,22,395,494,160
3334,12,Lichtenberg,Room,No,17,395,494,160
3335,12,Lichtenberg,Room,No,17,360,450,160
3336,12,Lichtenberg,Room,No,18,382,477,160
3337,12,Lichtenberg,Room,No,19,388,485,160
3338,12,Lichtenberg,Room,Yes,14,390,487,160
3339,12,Lichtenberg,Room,No,13,332,415,160
3340,12,Lichtenberg,Room,Yes,16,450,562,160
3341,12,Lichtenberg,Room,No,17,372,465,160
3342,12,Lichtenberg,Room,No,16,351,439,160
3343,12,Lichtenberg,Room,Yes,19,455,569,160
3344,12,Lichtenberg,Room,Yes,19,473,591,160
3345,12,Lichtenberg,Room,Yes,14,443,554,160
3346,12,Lichtenberg,Room,No,15,355,444,160
3347,12,Lichtenberg,Room,No,15,373,466,160
3348,12,Lichtenberg,Room,No,19,371,464,160
3349,12,Lichtenberg,Room,No,17,362,452,160
3350,12,Lichtenberg,Room,No,16,342,428,160
3351,12,Lichtenberg,Room,Yes,17,436,545,160
3352,12,Lichtenberg,Room,Yes,18,458,573,160
3353,12,Lichtenberg,Room,Yes,13,422,527,160
3354,12,Lichtenberg,Room,No,18,367,459,160
3355,12,Lichtenberg,Room,Yes,15,404,505,160
3356,12,Lichtenberg,Room,Yes,21,509,636,160
3357,12,Lichtenberg,Room,No,20,386,483,160
3358,12,Lichtenberg,Room,No,16,359,449,160
3359,12,Lichtenberg,Room,Yes,17,444,555,160
3360,12,Lichtenberg,Room,Yes,20,479,599,160
3361,12,Lichtenberg,Room,Yes,22,502,628,160
3362,12,Lichtenberg,Room,No,22,417,521,160
3363,12,Lichtenberg,Room,Yes,18,490,612,160
3364,12,Lichtenberg,Room,No,16,346,433,160
3365,12,Lichtenberg,Room,Yes,18,487,609,160
3366,12,Lichtenberg,Room,No,19,397,496,160
3367,12,Lichtenberg,Room,Yes,13,398,498,160
3368,12,Lichtenberg,Room,Yes,24,549,686,160
3369,12,Lichtenberg,Room,Yes,21,542,677,160
3370,12,Lichtenberg,Room,No,14,318,397,160
3371,12,Lichtenberg,Room,Yes,16,466,582,160
3372,12,Lichtenberg,Room,No,18,364,455,160
3373,12,Lichtenberg,Room,No,20,414,517,160
3374,12,Lichtenberg,Room,No,15,344,430,160
3375,12,Lichtenberg,Room,No,19,414,518,160
3376,12,Lichtenberg,Room,Yes,18,462,577,160
3377,12,Lichtenberg,Room,No,21,403,504,160
3378,12,Lichtenberg,Room,Yes,18,478,598,160
3379,12,Lichtenberg,Room,Yes,14,398,498,160
3380,12,Lichtenberg,Room,No,20,385,481,160
3381,12,Lichtenberg,Room,Yes,25,539,674,160
3382,12,Lichtenberg,Room,No,23,441,551,160
3383,12,Lichtenberg,Room,No,12,314,393,160
3384,12,Lichtenberg,Room,No,23,421,526,160
3385,12,Lichtenberg,Room,No,17,360,450,160
3386,12,Lichtenberg,Room,Yes,15,454,568,160
3387,12,Lichtenberg,Room,Yes,20,485,606,160
3388,12,Lichtenberg,Room,No,19,417,521,160
3389,12,Lichtenberg,Room,Yes,14,398,498,160
3390,12,Lichtenberg,Room,No,21,398,497,160
3391,12,Lichtenberg,Room,No,18,359,449,160
3392,12,Lichtenberg,Room,Yes,21,543,679,160
3393,12,Lichtenberg,Room,No,26,454,568,160
3394,12,Lichtenberg,Room,No,13,318,398,160
3395,12,Lichtenberg,Room,Yes,21,480,600,160
3396,12,Lichtenberg,Room,Yes,17,467,584,160
3397,12,Lichtenberg,Room,No,18,362,453,160
3398,12,Lichtenberg,Room,No,13,331,414,160
3399,12,Lichtenberg,Room,No,17,369,461,160
3400,12,Lichtenberg,Room,Yes,23,553,691,160
3401,12,Lichtenberg,Room,No,22,437,546,160
3402,12,Lichtenberg,Room,No,13,316,395,160
3403,12,Lichtenberg,Room,Yes,22,555,694,160
3404,12,Lichtenberg,Room,No,18,379,474,160
3405,12,Lichtenberg,Room,Yes,25,587,734,160
3406,12,Lichtenberg,Room,Yes,14,423,529,160
3407,12,Lichtenberg,Room,Yes,19,510,637,160
3408,12,Lichtenberg,Room,No,21,426,533,160
3409,12,Lichtenberg,Room,Yes,15,410,513,160
3410,12,Lichtenberg,Room,No,18,401,501,160
3411,12,Lichtenberg,Room,No,13,323,404,160
3412,12,Lichtenberg,Room,No,23,405,506,160
3413,12,Lichtenberg,Room,No,18,406,508,160
3414,12,Lichtenberg,Room,Yes,20,467,584,160
3415,12,Lichtenberg,Room,Yes,25,582,727,160
3416,12,Lichtenberg,Room,No,19,374,467,160
3417,12,Lichtenberg,Room,Yes,26,539,674,160
3418,12,Lichtenberg,Room,No,17,394,493,160
3419,12,Lichtenberg,Room,Yes,17,450,562,160
3420,12,Lichtenberg,Room,No,16,358,447,160
