id,district_id,district_name,property_type,size_sqm,total_monthly_rent_eur,sample_size_analyzed
1,1,Mitte,1-Room Studio (1+0),38,1097,240
2,1,Mitte,1-Room Studio (1+0),35,1165,240
3,1,Mitte,1-Room Studio (1+0),34,1073,240
4,1,Mitte,1-Room Studio (1+0),39,1186,240
5,1,Mitte,1-Room Studio (1+0),27,871,240
6,1,Mitte,1-Room Studio (1+0),40,1265,240
7,1,Mitte,1-Room Studio (1+0),34,1094,240
8,1,Mitte,1-Room Studio (1+0),32,1019,240
9,1,Mitte,1-Room Studio (1+0),32,957,240
10,1,Mitte,1-Room Studio (1+0),31,1047,240
11,1,Mitte,1-Room Studio (1+0),37,1172,240
12,1,Mitte,1-Room Studio (1+0),38,1273,240
13,1,Mitte,1-Room Studio (1+0),39,1238,240
14,1,Mitte,1-Room Studio (1+0),34,1061,240
15,1,Mitte,1-Room Studio (1+0),37,1275,240
16,1,Mitte,1-Room Studio (1+0),36,1271,240
17,1,Mitte,1-Room Studio (1+0),27,925,240
18,1,Mitte,1-Room Studio (1+0),38,1208,240
19,1,Mitte,1-Room Studio (1+0),40,1227,240
20,1,Mitte,1-Room Studio (1+0),30,1035,240
21,1,Mitte,1-Room Studio (1+0),27,926,240
22,1,Mitte,1-Room Studio (1+0),38,1244,240
23,1,Mitte,1-Room Studio (1+0),36,1053,240
24,1,Mitte,1-Room Studio (1+0),32,1011,240
25,1,Mitte,1-Room Studio (1+0),39,1175,240
26,1,Mitte,1-Room Studio (1+0),29,1032,240
27,1,Mitte,1-Room Studio (1+0),31,1155,240
28,1,Mitte,1-Room Studio (1+0),31,982,240
29,1,Mitte,1-Room Studio (1+0),25,956,240
30,1,Mitte,1-Room Studio (1+0),31,980,240
31,1,Mitte,1-Room Studio (1+0),39,1250,240
32,1,Mitte,1-Room Studio (1+0),34,1202,240
33,1,Mitte,1-Room Studio (1+0),37,1125,240
34,1,Mitte,1-Room Studio (1+0),29,1079,240
35,1,Mitte,1-Room Studio (1+0),36,1166,240
36,1,Mitte,1-Room Studio (1+0),30,1084,240
37,1,Mitte,1-Room Studio (1+0),31,1060,240
38,1,Mitte,1-Room Studio (1+0),41,1206,240
39,1,Mitte,1-Room Studio (1+0),27,931,240
40,1,Mitte,1-Room Studio (1+0),38,1207,240
41,1,Mitte,1-Room Studio (1+0),33,1071,240
42,1,Mitte,1-Room Studio (1+0),36,1105,240
43,1,Mitte,1-Room Studio (1+0),35,1094,240
44,1,Mitte,1-Room Studio (1+0),30,1010,240
45,1,Mitte,1-Room Studio (1+0),32,1081,240
46,1,Mitte,1-Room Studio (1+0),35,917,240
47,1,Mitte,1-Room Studio (1+0),30,1025,240
48,1,Mitte,1-Room Studio (1+0),41,1181,240
49,1,Mitte,1-Room Studio (1+0),35,1228,240
50,1,Mitte,1-Room Studio (1+0),28,1036,240
51,1,Mitte,1-Room Studio (1+0),30,1018,240
52,1,Mitte,1-Room Studio (1+0),30,1004,240
53,1,Mitte,1-Room Studio (1+0),44,1351,240
54,1,Mitte,1-Room Studio (1+0),39,1240,240
55,1,Mitte,1-Room Studio (1+0),27,1018,240
56,1,Mitte,1-Room Studio (1+0),39,1159,240
57,1,Mitte,1-Room Studio (1+0),38,1234,240
58,1,Mitte,1-Room Studio (1+0),42,1239,240
59,1,Mitte,1-Room Studio (1+0),29,1008,240
60,1,Mitte,1-Room Studio (1+0),40,1118,240
61,1,Mitte,1-Room Studio (1+0),25,963,240
62,1,Mitte,1-Room Studio (1+0),32,1084,240
63,1,Mitte,1-Room Studio (1+0),38,1159,240
64,1,Mitte,1-Room Studio (1+0),26,1099,240
65,1,Mitte,1-Room Studio (1+0),30,984,240
66,1,Mitte,1-Room Studio (1+0),39,1187,240
67,1,Mitte,1-Room Studio (1+0),34,1149,240
68,1,Mitte,1-Room Studio (1+0),39,1190,240
69,1,Mitte,1-Room Studio (1+0),41,1118,240
70,1,Mitte,1-Room Studio (1+0),37,1124,240
71,1,Mitte,1-Room Studio (1+0),40,1237,240
72,1,Mitte,1-Room Studio (1+0),31,1106,240
73,1,Mitte,1-Room Studio (1+0),38,1231,240
74,1,Mitte,1-Room Studio (1+0),29,1001,240
75,1,Mitte,1-Room Studio (1+0),34,1118,240
76,1,Mitte,1-Room Studio (1+0),37,1053,240
77,1,Mitte,1-Room Studio (1+0),36,1139,240
78,1,Mitte,1-Room Studio (1+0),30,1003,240
79,1,Mitte,1-Room Studio (1+0),33,886,240
80,1,Mitte,1-Room Studio (1+0),31,1013,240
81,1,Mitte,1-Room Studio (1+0),36,1108,240
82,1,Mitte,1-Room Studio (1+0),33,1195,240
83,1,Mitte,1-Room Studio (1+0),38,1246,240
84,1,Mitte,1-Room Studio (1+0),32,1117,240
85,1,Mitte,1-Room Studio (1+0),33,1090,240
86,1,Mitte,1-Room Studio (1+0),36,1120,240
87,1,Mitte,1-Room Studio (1+0),41,1236,240
88,1,Mitte,1-Room Studio (1+0),37,1261,240
89,1,Mitte,1-Room Studio (1+0),39,1125,240
90,1,Mitte,1-Room Studio (1+0),36,1207,240
91,1,Mitte,1-Room Studio (1+0),38,1125,240
92,1,Mitte,1-Room Studio (1+0),31,1126,240
93,1,Mitte,1-Room Studio (1+0),31,1048,240
94,1,Mitte,1-Room Studio (1+0),41,1243,240
95,1,Mitte,1-Room Studio (1+0),31,1013,240
96,1,Mitte,1-Room Studio (1+0),35,1058,240
97,1,Mitte,1-Room Studio (1+0),33,1122,240
98,1,Mitte,1-Room Studio (1+0),40,1268,240
99,1,Mitte,1-Room Studio (1+0),31,1137,240
100,1,Mitte,1-Room Studio (1+0),33,1028,240
101,1,Mitte,1-Room Studio (1+0),33,1188,240
102,1,Mitte,1-Room Studio (1+0),35,1139,240
103,1,Mitte,1-Room Studio (1+0),41,1160,240
104,1,Mitte,1-Room Studio (1+0),28,915,240
105,1,Mitte,1-Room Studio (1+0),36,1166,240
106,1,Mitte,1-Room Studio (1+0),41,1261,240
107,1,Mitte,1-Room Studio (1+0),32,1084,240
108,1,Mitte,1-Room Studio (1+0),35,1038,240
109,1,Mitte,1-Room Studio (1+0),44,1331,240
110,1,Mitte,1-Room Studio (1+0),35,1175,240
111,1,Mitte,1-Room Studio (1+0),37,1166,240
112,1,Mitte,1-Room Studio (1+0),31,1102,240
113,1,Mitte,1-Room Studio (1+0),36,1107,240
114,1,Mitte,1-Room Studio (1+0),40,1246,240
115,1,Mitte,1-Room Studio (1+0),37,1258,240
116,1,Mitte,1-Room Studio (1+0),34,1139,240
117,1,Mitte,1-Room Studio (1+0),38,1149,240
118,1,Mitte,1-Room Studio (1+0),34,1128,240
119,1,Mitte,1-Room Studio (1+0),30,1187,240
120,1,Mitte,1-Room Studio (1+0),28,934,240
121,1,Mitte,1-Room Studio (1+0),40,1271,240
122,1,Mitte,1-Room Studio (1+0),29,1066,240
123,1,Mitte,1-Room Studio (1+0),41,1244,240
124,1,Mitte,1-Room Studio (1+0),44,1197,240
125,1,Mitte,1-Room Studio (1+0),37,1244,240
126,1,Mitte,1-Room Studio (1+0),38,1180,240
127,1,Mitte,1-Room Studio (1+0),33,1129,240
128,1,Mitte,1-Room Studio (1+0),38,1228,240
129,1,Mitte,1-Room Studio (1+0),39,1149,240
130,1,Mitte,1-Room Studio (1+0),33,1046,240
131,1,Mitte,1-Room Studio (1+0),32,1145,240
132,1,Mitte,1-Room Studio (1+0),34,1276,240
133,1,Mitte,1-Room Studio (1+0),35,1142,240
134,1,Mitte,1-Room Studio (1+0),34,1082,240
135,1,Mitte,1-Room Studio (1+0),34,1188,240
136,1,Mitte,1-Room Studio (1+0),35,1090,240
137,1,Mitte,1-Room Studio (1+0),30,1021,240
138,1,Mitte,1-Room Studio (1+0),34,1192,240
139,1,Mitte,1-Room Studio (1+0),28,993,240
140,1,Mitte,1-Room Studio (1+0),35,1028,240
141,1,Mitte,1-Room Studio (1+0),30,1007,240
142,1,Mitte,1-Room Studio (1+0),30,1060,240
143,1,Mitte,1-Room Studio (1+0),33,1069,240
144,1,Mitte,1-Room Studio (1+0),36,1259,240
145,1,Mitte,1-Room Studio (1+0),41,1131,240
146,1,Mitte,1-Room Studio (1+0),37,1163,240
147,1,Mitte,1-Room Studio (1+0),35,1114,240
148,1,Mitte,1-Room Studio (1+0),35,1147,240
149,1,Mitte,1-Room Studio (1+0),31,1012,240
150,1,Mitte,1-Room Studio (1+0),32,1098,240
151,1,Mitte,1-Room Studio (1+0),37,1225,240
152,1,Mitte,1-Room Studio (1+0),32,1101,240
153,1,Mitte,1-Room Studio (1+0),38,1262,240
154,1,Mitte,1-Room Studio (1+0),34,1107,240
155,1,Mitte,1-Room Studio (1+0),35,1069,240
156,1,Mitte,1-Room Studio (1+0),33,1147,240
157,1,Mitte,1-Room Studio (1+0),37,1158,240
158,1,Mitte,1-Room Studio (1+0),35,1089,240
159,1,Mitte,1-Room Studio (1+0),37,1169,240
160,1,Mitte,1-Room Studio (1+0),33,1080,240
161,1,Mitte,1-Room Studio (1+0),34,1093,240
162,1,Mitte,1-Room Studio (1+0),37,1150,240
163,1,Mitte,1-Room Studio (1+0),41,1334,240
164,1,Mitte,1-Room Studio (1+0),30,1052,240
165,1,Mitte,1-Room Studio (1+0),31,1046,240
166,1,Mitte,1-Room Studio (1+0),43,1264,240
167,1,Mitte,1-Room Studio (1+0),36,1188,240
168,1,Mitte,1-Room Studio (1+0),29,979,240
169,1,Mitte,1-Room Studio (1+0),29,977,240
170,1,Mitte,1-Room Studio (1+0),25,991,240
171,1,Mitte,1-Room Studio (1+0),43,1291,240
172,1,Mitte,1-Room Studio (1+0),28,973,240
173,1,Mitte,1-Room Studio (1+0),32,1023,240
174,1,Mitte,1-Room Studio (1+0),38,1241,240
175,1,Mitte,1-Room Studio (1+0),29,1074,240
176,1,Mitte,1-Room Studio (1+0),41,1360,240
177,1,Mitte,1-Room Studio (1+0),44,1246,240
178,1,Mitte,1-Room Studio (1+0),44,1279,240
179,1,Mitte,1-Room Studio (1+0),31,1086,240
180,1,Mitte,1-Room Studio (1+0),31,1090,240
181,1,Mitte,1-Room Studio (1+0),28,998,240
182,1,Mitte,1-Room Studio (1+0),40,1225,240
183,1,Mitte,1-Room Studio (1+0),35,1167,240
184,1,Mitte,1-Room Studio (1+0),39,1111,240
185,1,Mitte,1-Room Studio (1+0),37,1158,240
186,1,Mitte,1-Room Studio (1+0),35,1202,240
187,1,Mitte,1-Room Studio (1+0),29,969,240
188,1,Mitte,1-Room Studio (1+0),25,925,240
189,1,Mitte,1-Room Studio (1+0),40,1221,240
190,1,Mitte,1-Room Studio (1+0),28,983,240
191,1,Mitte,1-Room Studio (1+0),27,926,240
192,1,Mitte,1-Room Studio (1+0),36,1086,240
193,1,Mitte,1-Room Studio (1+0),39,1206,240
194,1,Mitte,1-Room Studio (1+0),34,1103,240
195,1,Mitte,1-Room Studio (1+0),37,1221,240
196,1,Mitte,1-Room Studio (1+0),36,1190,240
197,1,Mitte,1-Room Studio (1+0),33,1135,240
198,1,Mitte,1-Room Studio (1+0),32,1084,240
199,1,Mitte,1-Room Studio (1+0),33,1075,240
200,1,Mitte,1-Room Studio (1+0),31,1094,240
201,1,Mitte,1-Room Studio (1+0),40,1298,240
202,1,Mitte,1-Room Studio (1+0),28,1089,240
203,1,Mitte,1-Room Studio (1+0),33,1138,240
204,1,Mitte,1-Room Studio (1+0),30,1057,240
205,1,Mitte,1-Room Studio (1+0),35,1049,240
206,1,Mitte,1-Room Studio (1+0),37,1255,240
207,1,Mitte,1-Room Studio (1+0),33,1184,240
208,1,Mitte,1-Room Studio (1+0),33,1153,240
209,1,Mitte,1-Room Studio (1+0),25,1103,240
210,1,Mitte,1-Room Studio (1+0),41,1229,240
211,1,Mitte,1-Room Studio (1+0),25,975,240
212,1,Mitte,1-Room Studio (1+0),28,1039,240
213,1,Mitte,1-Room Studio (1+0),36,1100,240
214,1,Mitte,1-Room Studio (1+0),39,1258,240
215,1,Mitte,1-Room Studio (1+0),38,1193,240
216,1,Mitte,1-Room Studio (1+0),28,1071,240
217,1,Mitte,1-Room Studio (1+0),33,1019,240
218,1,Mitte,1-Room Studio (1+0),40,1354,240
219,1,Mitte,1-Room Studio (1+0),34,1250,240
220,1,Mitte,1-Room Studio (1+0),34,1097,240
221,1,Mitte,1-Room Studio (1+0),31,1164,240
222,1,Mitte,1-Room Studio (1+0),30,1092,240
223,1,Mitte,1-Room Studio (1+0),31,1038,240
224,1,Mitte,1-Room Studio (1+0),39,1187,240
225,1,Mitte,1-Room Studio (1+0),32,1152,240
226,1,Mitte,1-Room Studio (1+0),41,1285,240
227,1,Mitte,1-Room Studio (1+0),31,1035,240
228,1,Mitte,1-Room Studio (1+0),34,1139,240
229,1,Mitte,1-Room Studio (1+0),30,1091,240
230,1,Mitte,1-Room Studio (1+0),34,1017,240
231,1,Mitte,1-Room Studio (1+0),30,1018,240
232,1,Mitte,1-Room Studio (1+0),34,1233,240
233,1,Mitte,1-Room Studio (1+0),35,1088,240
234,1,Mitte,1-Room Studio (1+0),35,1117,240
235,1,Mitte,1-Room Studio (1+0),35,1173,240
236,1,Mitte,1-Room Studio (1+0),39,1209,240
237,1,Mitte,1-Room Studio (1+0),41,1300,240
238,1,Mitte,1-Room Studio (1+0),31,1199,240
239,1,Mitte,1-Room Studio (1+0),35,1088,240
240,1,Mitte,1-Room Studio (1+0),41,1371,240
241,2,Friedrichshain,1-Room Studio (1+0),34,1020,210
242,2,Friedrichshain,1-Room Studio (1+0),33,1075,210
243,2,Friedrichshain,1-Room Studio (1+0),40,1192,210
244,2,Friedrichshain,1-Room Studio (1+0),34,1140,210
245,2,Friedrichshain,1-Room Studio (1+0),33,1094,210
246,2,Friedrichshain,1-Room Studio (1+0),33,1058,210
247,2,Friedrichshain,1-Room Studio (1+0),33,1029,210
248,2,Friedrichshain,1-Room Studio (1+0),32,1095,210
249,2,Friedrichshain,1-Room Studio (1+0),31,952,210
250,2,Friedrichshain,1-Room Studio (1+0),44,1289,210
251,2,Friedrichshain,1-Room Studio (1+0),25,854,210
252,2,Friedrichshain,1-Room Studio (1+0),26,849,210
253,2,Friedrichshain,1-Room Studio (1+0),25,880,210
254,2,Friedrichshain,1-Room Studio (1+0),29,964,210
255,2,Friedrichshain,1-Room Studio (1+0),27,929,210
256,2,Friedrichshain,1-Room Studio (1+0),32,1104,210
257,2,Friedrichshain,1-Room Studio (1+0),40,1205,210
258,2,Friedrichshain,1-Room Studio (1+0),33,1151,210
259,2,Friedrichshain,1-Room Studio (1+0),27,840,210
260,2,Friedrichshain,1-Room Studio (1+0),34,1185,210
261,2,Friedrichshain,1-Room Studio (1+0),33,1021,210
262,2,Friedrichshain,1-Room Studio (1+0),28,999,210
263,2,Friedrichshain,1-Room Studio (1+0),38,1169,210
264,2,Friedrichshain,1-Room Studio (1+0),31,954,210
265,2,Friedrichshain,1-Room Studio (1+0),28,947,210
266,2,Friedrichshain,1-Room Studio (1+0),29,889,210
267,2,Friedrichshain,1-Room Studio (1+0),32,985,210
268,2,Friedrichshain,1-Room Studio (1+0),32,1042,210
269,2,Friedrichshain,1-Room Studio (1+0),34,1033,210
270,2,Friedrichshain,1-Room Studio (1+0),35,1009,210
271,2,Friedrichshain,1-Room Studio (1+0),34,1059,210
272,2,Friedrichshain,1-Room Studio (1+0),27,984,210
273,2,Friedrichshain,1-Room Studio (1+0),30,983,210
274,2,Friedrichshain,1-Room Studio (1+0),39,1196,210
275,2,Friedrichshain,1-Room Studio (1+0),34,1028,210
276,2,Friedrichshain,1-Room Studio (1+0),38,1162,210
277,2,Friedrichshain,1-Room Studio (1+0),31,948,210
278,2,Friedrichshain,1-Room Studio (1+0),25,897,210
279,2,Friedrichshain,1-Room Studio (1+0),34,1118,210
280,2,Friedrichshain,1-Room Studio (1+0),36,1166,210
281,2,Friedrichshain,1-Room Studio (1+0),31,1064,210
282,2,Friedrichshain,1-Room Studio (1+0),32,1061,210
283,2,Friedrichshain,1-Room Studio (1+0),27,938,210
284,2,Friedrichshain,1-Room Studio (1+0),25,872,210
285,2,Friedrichshain,1-Room Studio (1+0),36,1055,210
286,2,Friedrichshain,1-Room Studio (1+0),29,1011,210
287,2,Friedrichshain,1-Room Studio (1+0),34,1021,210
288,2,Friedrichshain,1-Room Studio (1+0),34,1208,210
289,2,Friedrichshain,1-Room Studio (1+0),39,1210,210
290,2,Friedrichshain,1-Room Studio (1+0),36,1096,210
291,2,Friedrichshain,1-Room Studio (1+0),25,847,210
292,2,Friedrichshain,1-Room Studio (1+0),32,902,210
293,2,Friedrichshain,1-Room Studio (1+0),29,841,210
294,2,Friedrichshain,1-Room Studio (1+0),34,1099,210
295,2,Friedrichshain,1-Room Studio (1+0),39,1165,210
296,2,Friedrichshain,1-Room Studio (1+0),30,862,210
297,2,Friedrichshain,1-Room Studio (1+0),26,830,210
298,2,Friedrichshain,1-Room Studio (1+0),30,968,210
299,2,Friedrichshain,1-Room Studio (1+0),29,980,210
300,2,Friedrichshain,1-Room Studio (1+0),33,1033,210
301,2,Friedrichshain,1-Room Studio (1+0),39,1069,210
302,2,Friedrichshain,1-Room Studio (1+0),36,1085,210
303,2,Friedrichshain,1-Room Studio (1+0),32,1067,210
304,2,Friedrichshain,1-Room Studio (1+0),38,1065,210
305,2,Friedrichshain,1-Room Studio (1+0),33,1049,210
306,2,Friedrichshain,1-Room Studio (1+0),33,1067,210
307,2,Friedrichshain,1-Room Studio (1+0),35,1178,210
308,2,Friedrichshain,1-Room Studio (1+0),27,917,210
309,2,Friedrichshain,1-Room Studio (1+0),30,1014,210
310,2,Friedrichshain,1-Room Studio (1+0),27,945,210
311,2,Friedrichshain,1-Room Studio (1+0),31,952,210
312,2,Friedrichshain,1-Room Studio (1+0),27,896,210
313,2,Friedrichshain,1-Room Studio (1+0),39,1138,210
314,2,Friedrichshain,1-Room Studio (1+0),37,1204,210
315,2,Friedrichshain,1-Room Studio (1+0),35,1034,210
316,2,Friedrichshain,1-Room Studio (1+0),36,1053,210
317,2,Friedrichshain,1-Room Studio (1+0),32,923,210
318,2,Friedrichshain,1-Room Studio (1+0),38,1099,210
319,2,Friedrichshain,1-Room Studio (1+0),35,1006,210
320,2,Friedrichshain,1-Room Studio (1+0),36,1040,210
321,2,Friedrichshain,1-Room Studio (1+0),33,1085,210
322,2,Friedrichshain,1-Room Studio (1+0),38,1121,210
323,2,Friedrichshain,1-Room Studio (1+0),26,1086,210
324,2,Friedrichshain,1-Room Studio (1+0),42,1237,210
325,2,Friedrichshain,1-Room Studio (1+0),31,989,210
326,2,Friedrichshain,1-Room Studio (1+0),32,1090,210
327,2,Friedrichshain,1-Room Studio (1+0),35,1021,210
328,2,Friedrichshain,1-Room Studio (1+0),32,1081,210
329,2,Friedrichshain,1-Room Studio (1+0),41,1268,210
330,2,Friedrichshain,1-Room Studio (1+0),37,1089,210
331,2,Friedrichshain,1-Room Studio (1+0),25,906,210
332,2,Friedrichshain,1-Room Studio (1+0),34,1058,210
333,2,Friedrichshain,1-Room Studio (1+0),34,970,210
334,2,Friedrichshain,1-Room Studio (1+0),37,1142,210
335,2,Friedrichshain,1-Room Studio (1+0),37,1161,210
336,2,Friedrichshain,1-Room Studio (1+0),37,1079,210
337,2,Friedrichshain,1-Room Studio (1+0),34,1055,210
338,2,Friedrichshain,1-Room Studio (1+0),34,1110,210
339,2,Friedrichshain,1-Room Studio (1+0),37,1229,210
340,2,Friedrichshain,1-Room Studio (1+0),44,1235,210
341,2,Friedrichshain,1-Room Studio (1+0),25,962,210
342,2,Friedrichshain,1-Room Studio (1+0),32,966,210
343,2,Friedrichshain,1-Room Studio (1+0),32,987,210
344,2,Friedrichshain,1-Room Studio (1+0),37,1010,210
345,2,Friedrichshain,1-Room Studio (1+0),29,981,210
346,2,Friedrichshain,1-Room Studio (1+0),37,1142,210
347,2,Friedrichshain,1-Room Studio (1+0),30,919,210
348,2,Friedrichshain,1-Room Studio (1+0),32,1028,210
349,2,Friedrichshain,1-Room Studio (1+0),41,1053,210
350,2,Friedrichshain,1-Room Studio (1+0),33,952,210
351,2,Friedrichshain,1-Room Studio (1+0),27,982,210
352,2,Friedrichshain,1-Room Studio (1+0),36,1113,210
353,2,Friedrichshain,1-Room Studio (1+0),38,1093,210
354,2,Friedrichshain,1-Room Studio (1+0),32,1145,210
355,2,Friedrichshain,1-Room Studio (1+0),33,1076,210
356,2,Friedrichshain,1-Room Studio (1+0),34,939,210
357,2,Friedrichshain,1-Room Studio (1+0),25,853,210
358,2,Friedrichshain,1-Room Studio (1+0),39,1187,210
359,2,Friedrichshain,1-Room Studio (1+0),38,1063,210
360,2,Friedrichshain,1-Room Studio (1+0),41,1118,210
361,2,Friedrichshain,1-Room Studio (1+0),35,1067,210
362,2,Friedrichshain,1-Room Studio (1+0),33,1112,210
363,2,Friedrichshain,1-Room Studio (1+0),31,915,210
364,2,Friedrichshain,1-Room Studio (1+0),34,1026,210
365,2,Friedrichshain,1-Room Studio (1+0),44,1271,210
366,2,Friedrichshain,1-Room Studio (1+0),32,951,210
367,2,Friedrichshain,1-Room Studio (1+0),26,844,210
368,2,Friedrichshain,1-Room Studio (1+0),35,1154,210
369,2,Friedrichshain,1-Room Studio (1+0),39,1154,210
370,2,Friedrichshain,1-Room Studio (1+0),33,1048,210
371,2,Friedrichshain,1-Room Studio (1+0),32,1117,210
372,2,Friedrichshain,1-Room Studio (1+0),33,1027,210
373,2,Friedrichshain,1-Room Studio (1+0),25,876,210
374,2,Friedrichshain,1-Room Studio (1+0),38,1058,210
375,2,Friedrichshain,1-Room Studio (1+0),31,1044,210
376,2,Friedrichshain,1-Room Studio (1+0),27,987,210
377,2,Friedrichshain,1-Room Studio (1+0),32,991,210
378,2,Friedrichshain,1-Room Studio (1+0),29,983,210
379,2,Friedrichshain,1-Room Studio (1+0),44,1277,210
380,2,Friedrichshain,1-Room Studio (1+0),30,1046,210
381,2,Friedrichshain,1-Room Studio (1+0),33,1114,210
382,2,Friedrichshain,1-Room Studio (1+0),38,945,210
383,2,Friedrichshain,1-Room Studio (1+0),29,1017,210
384,2,Friedrichshain,1-Room Studio (1+0),35,1007,210
385,2,Friedrichshain,1-Room Studio (1+0),31,882,210
386,2,Friedrichshain,1-Room Studio (1+0),34,1183,210
387,2,Friedrichshain,1-Room Studio (1+0),38,1253,210
388,2,Friedrichshain,1-Room Studio (1+0),38,1184,210
389,2,Friedrichshain,1-Room Studio (1+0),43,1235,210
390,2,Friedrichshain,1-Room Studio (1+0),33,1094,210
391,2,Friedrichshain,1-Room Studio (1+0),41,1147,210
392,2,Friedrichshain,1-Room Studio (1+0),31,1004,210
393,2,Friedrichshain,1-Room Studio (1+0),38,1170,210
394,2,Friedrichshain,1-Room Studio (1+0),28,1057,210
395,2,Friedrichshain,1-Room Studio (1+0),31,980,210
396,2,Friedrichshain,1-Room Studio (1+0),30,1140,210
397,2,Friedrichshain,1-Room Studio (1+0),35,1017,210
398,2,Friedrichshain,1-Room Studio (1+0),38,1168,210
399,2,Friedrichshain,1-Room Studio (1+0),33,1082,210
400,2,Friedrichshain,1-Room Studio (1+0),30,948,210
401,2,Friedrichshain,1-Room Studio (1+0),25,809,210
402,2,Friedrichshain,1-Room Studio (1+0),42,1292,210
403,2,Friedrichshain,1-Room Studio (1+0),34,1150,210
404,2,Friedrichshain,1-Room Studio (1+0),33,1017,210
405,2,Friedrichshain,1-Room Studio (1+0),34,1043,210
406,2,Friedrichshain,1-Room Studio (1+0),33,1101,210
407,2,Friedrichshain,1-Room Studio (1+0),35,1111,210
408,2,Friedrichshain,1-Room Studio (1+0),39,1163,210
409,2,Friedrichshain,1-Room Studio (1+0),30,897,210
410,2,Friedrichshain,1-Room Studio (1+0),35,1058,210
411,2,Friedrichshain,1-Room Studio (1+0),34,1049,210
412,2,Friedrichshain,1-Room Studio (1+0),44,1150,210
413,2,Friedrichshain,1-Room Studio (1+0),25,908,210
414,2,Friedrichshain,1-Room Studio (1+0),32,1033,210
415,2,Friedrichshain,1-Room Studio (1+0),37,1181,210
416,2,Friedrichshain,1-Room Studio (1+0),27,891,210
417,2,Friedrichshain,1-Room Studio (1+0),36,1132,210
418,2,Friedrichshain,1-Room Studio (1+0),44,1287,210
419,2,Friedrichshain,1-Room Studio (1+0),34,997,210
420,2,Friedrichshain,1-Room Studio (1+0),31,960,210
421,2,Friedrichshain,1-Room Studio (1+0),37,1119,210
422,2,Friedrichshain,1-Room Studio (1+0),28,916,210
423,2,Friedrichshain,1-Room Studio (1+0),38,1143,210
424,2,Friedrichshain,1-Room Studio (1+0),37,1127,210
425,2,Friedrichshain,1-Room Studio (1+0),41,1190,210
426,2,Friedrichshain,1-Room Studio (1+0),32,959,210
427,2,Friedrichshain,1-Room Studio (1+0),35,922,210
428,2,Friedrichshain,1-Room Studio (1+0),33,1020,210
429,2,Friedrichshain,1-Room Studio (1+0),28,886,210
430,2,Friedrichshain,1-Room Studio (1+0),38,1136,210
431,2,Friedrichshain,1-Room Studio (1+0),34,1068,210
432,2,Friedrichshain,1-Room Studio (1+0),34,1125,210
433,2,Friedrichshain,1-Room Studio (1+0),35,981,210
434,2,Friedrichshain,1-Room Studio (1+0),41,1198,210
435,2,Friedrichshain,1-Room Studio (1+0),31,921,210
436,2,Friedrichshain,1-Room Studio (1+0),36,1079,210
437,2,Friedrichshain,1-Room Studio (1+0),41,1155,210
438,2,Friedrichshain,1-Room Studio (1+0),30,1032,210
439,2,Friedrichshain,1-Room Studio (1+0),38,1132,210
440,2,Friedrichshain,1-Room Studio (1+0),37,1102,210
441,2,Friedrichshain,1-Room Studio (1+0),35,1138,210
442,2,Friedrichshain,1-Room Studio (1+0),37,1094,210
443,2,Friedrichshain,1-Room Studio (1+0),40,1016,210
444,2,Friedrichshain,1-Room Studio (1+0),43,1110,210
445,2,Friedrichshain,1-Room Studio (1+0),31,994,210
446,2,Friedrichshain,1-Room Studio (1+0),33,1092,210
447,2,Friedrichshain,1-Room Studio (1+0),29,976,210
448,2,Friedrichshain,1-Room Studio (1+0),31,1014,210
449,2,Friedrichshain,1-Room Studio (1+0),34,1056,210
450,2,Friedrichshain,1-Room Studio (1+0),32,983,210
451,3,Kreuzberg,1-Room Studio (1+0),35,1115,220
452,3,Kreuzberg,1-Room Studio (1+0),31,934,220
453,3,Kreuzberg,1-Room Studio (1+0),37,1092,220
454,3,Kreuzberg,1-Room Studio (1+0),38,1058,220
455,3,Kreuzberg,1-Room Studio (1+0),26,864,220
456,3,Kreuzberg,1-Room Studio (1+0),31,981,220
457,3,Kreuzberg,1-Room Studio (1+0),31,1030,220
458,3,Kreuzberg,1-Room Studio (1+0),33,1031,220
459,3,Kreuzberg,1-Room Studio (1+0),35,1070,220
460,3,Kreuzberg,1-Room Studio (1+0),34,1071,220
461,3,Kreuzberg,1-Room Studio (1+0),30,1052,220
462,3,Kreuzberg,1-Room Studio (1+0),33,943,220
463,3,Kreuzberg,1-Room Studio (1+0),35,1007,220
464,3,Kreuzberg,1-Room Studio (1+0),37,1227,220
465,3,Kreuzberg,1-Room Studio (1+0),30,988,220
466,3,Kreuzberg,1-Room Studio (1+0),26,923,220
467,3,Kreuzberg,1-Room Studio (1+0),30,931,220
468,3,Kreuzberg,1-Room Studio (1+0),29,994,220
469,3,Kreuzberg,1-Room Studio (1+0),39,1131,220
470,3,Kreuzberg,1-Room Studio (1+0),30,1063,220
471,3,Kreuzberg,1-Room Studio (1+0),31,856,220
472,3,Kreuzberg,1-Room Studio (1+0),36,1010,220
473,3,Kreuzberg,1-Room Studio (1+0),38,1089,220
474,3,Kreuzberg,1-Room Studio (1+0),37,1178,220
475,3,Kreuzberg,1-Room Studio (1+0),29,916,220
476,3,Kreuzberg,1-Room Studio (1+0),34,1132,220
477,3,Kreuzberg,1-Room Studio (1+0),31,950,220
478,3,Kreuzberg,1-Room Studio (1+0),36,1041,220
479,3,Kreuzberg,1-Room Studio (1+0),35,965,220
480,3,Kreuzberg,1-Room Studio (1+0),44,1139,220
481,3,Kreuzberg,1-Room Studio (1+0),33,1020,220
482,3,Kreuzberg,1-Room Studio (1+0),43,1123,220
483,3,Kreuzberg,1-Room Studio (1+0),43,1247,220
484,3,Kreuzberg,1-Room Studio (1+0),36,1017,220
485,3,Kreuzberg,1-Room Studio (1+0),37,1051,220
486,3,Kreuzberg,1-Room Studio (1+0),40,1090,220
487,3,Kreuzberg,1-Room Studio (1+0),33,989,220
488,3,Kreuzberg,1-Room Studio (1+0),30,1012,220
489,3,Kreuzberg,1-Room Studio (1+0),36,1149,220
490,3,Kreuzberg,1-Room Studio (1+0),26,960,220
491,3,Kreuzberg,1-Room Studio (1+0),44,1193,220
492,3,Kreuzberg,1-Room Studio (1+0),43,1186,220
493,3,Kreuzberg,1-Room Studio (1+0),28,914,220
494,3,Kreuzberg,1-Room Studio (1+0),39,1080,220
495,3,Kreuzberg,1-Room Studio (1+0),31,1022,220
496,3,Kreuzberg,1-Room Studio (1+0),34,1075,220
497,3,Kreuzberg,1-Room Studio (1+0),35,1087,220
498,3,Kreuzberg,1-Room Studio (1+0),32,1018,220
499,3,Kreuzberg,1-Room Studio (1+0),30,1045,220
500,3,Kreuzberg,1-Room Studio (1+0),31,1054,220
501,3,Kreuzberg,1-Room Studio (1+0),33,1034,220
502,3,Kreuzberg,1-Room Studio (1+0),32,943,220
503,3,Kreuzberg,1-Room Studio (1+0),26,833,220
504,3,Kreuzberg,1-Room Studio (1+0),33,1035,220
505,3,Kreuzberg,1-Room Studio (1+0),39,1103,220
506,3,Kreuzberg,1-Room Studio (1+0),30,881,220
507,3,Kreuzberg,1-Room Studio (1+0),36,1159,220
508,3,Kreuzberg,1-Room Studio (1+0),40,1191,220
509,3,Kreuzberg,1-Room Studio (1+0),37,1196,220
510,3,Kreuzberg,1-Room Studio (1+0),35,1097,220
511,3,Kreuzberg,1-Room Studio (1+0),33,940,220
512,3,Kreuzberg,1-Room Studio (1+0),31,985,220
513,3,Kreuzberg,1-Room Studio (1+0),34,1156,220
514,3,Kreuzberg,1-Room Studio (1+0),34,1111,220
515,3,Kreuzberg,1-Room Studio (1+0),32,985,220
516,3,Kreuzberg,1-Room Studio (1+0),28,887,220
517,3,Kreuzberg,1-Room Studio (1+0),36,1076,220
518,3,Kreuzberg,1-Room Studio (1+0),38,1123,220
519,3,Kreuzberg,1-Room Studio (1+0),32,1133,220
520,3,Kreuzberg,1-Room Studio (1+0),34,1110,220
521,3,Kreuzberg,1-Room Studio (1+0),32,1047,220
522,3,Kreuzberg,1-Room Studio (1+0),38,1125,220
523,3,Kreuzberg,1-Room Studio (1+0),25,879,220
524,3,Kreuzberg,1-Room Studio (1+0),40,1180,220
525,3,Kreuzberg,1-Room Studio (1+0),36,973,220
526,3,Kreuzberg,1-Room Studio (1+0),31,1011,220
527,3,Kreuzberg,1-Room Studio (1+0),36,1149,220
528,3,Kreuzberg,1-Room Studio (1+0),33,1046,220
529,3,Kreuzberg,1-Room Studio (1+0),34,981,220
530,3,Kreuzberg,1-Room Studio (1+0),25,904,220
531,3,Kreuzberg,1-Room Studio (1+0),35,1021,220
532,3,Kreuzberg,1-Room Studio (1+0),27,952,220
533,3,Kreuzberg,1-Room Studio (1+0),33,1055,220
534,3,Kreuzberg,1-Room Studio (1+0),42,1056,220
535,3,Kreuzberg,1-Room Studio (1+0),31,973,220
536,3,Kreuzberg,1-Room Studio (1+0),41,1068,220
537,3,Kreuzberg,1-Room Studio (1+0),43,1210,220
538,3,Kreuzberg,1-Room Studio (1+0),34,1028,220
539,3,Kreuzberg,1-Room Studio (1+0),32,1067,220
540,3,Kreuzberg,1-Room Studio (1+0),29,971,220
541,3,Kreuzberg,1-Room Studio (1+0),32,958,220
542,3,Kreuzberg,1-Room Studio (1+0),44,1245,220
543,3,Kreuzberg,1-Room Studio (1+0),37,1162,220
544,3,Kreuzberg,1-Room Studio (1+0),28,1037,220
545,3,Kreuzberg,1-Room Studio (1+0),25,832,220
546,3,Kreuzberg,1-Room Studio (1+0),32,1039,220
547,3,Kreuzberg,1-Room Studio (1+0),35,1048,220
548,3,Kreuzberg,1-Room Studio (1+0),34,981,220
549,3,Kreuzberg,1-Room Studio (1+0),27,958,220
550,3,Kreuzberg,1-Room Studio (1+0),37,1189,220
551,3,Kreuzberg,1-Room Studio (1+0),30,1010,220
552,3,Kreuzberg,1-Room Studio (1+0),33,1093,220
553,3,Kreuzberg,1-Room Studio (1+0),39,1143,220
554,3,Kreuzberg,1-Room Studio (1+0),32,1062,220
555,3,Kreuzberg,1-Room Studio (1+0),37,1053,220
556,3,Kreuzberg,1-Room Studio (1+0),28,915,220
557,3,Kreuzberg,1-Room Studio (1+0),41,1235,220
558,3,Kreuzberg,1-Room Studio (1+0),29,880,220
559,3,Kreuzberg,1-Room Studio (1+0),40,1080,220
560,3,Kreuzberg,1-Room Studio (1+0),36,1039,220
561,3,Kreuzberg,1-Room Studio (1+0),41,1120,220
562,3,Kreuzberg,1-Room Studio (1+0),39,1141,220
563,3,Kreuzberg,1-Room Studio (1+0),35,940,220
564,3,Kreuzberg,1-Room Studio (1+0),25,865,220
565,3,Kreuzberg,1-Room Studio (1+0),35,990,220
566,3,Kreuzberg,1-Room Studio (1+0),29,984,220
567,3,Kreuzberg,1-Room Studio (1+0),37,1086,220
568,3,Kreuzberg,1-Room Studio (1+0),38,1042,220
569,3,Kreuzberg,1-Room Studio (1+0),32,1103,220
570,3,Kreuzberg,1-Room Studio (1+0),34,1048,220
571,3,Kreuzberg,1-Room Studio (1+0),44,1136,220
572,3,Kreuzberg,1-Room Studio (1+0),38,1212,220
573,3,Kreuzberg,1-Room Studio (1+0),33,1074,220
574,3,Kreuzberg,1-Room Studio (1+0),30,927,220
575,3,Kreuzberg,1-Room Studio (1+0),36,1124,220
576,3,Kreuzberg,1-Room Studio (1+0),39,1224,220
577,3,Kreuzberg,1-Room Studio (1+0),34,1112,220
578,3,Kreuzberg,1-Room Studio (1+0),32,1058,220
579,3,Kreuzberg,1-Room Studio (1+0),35,1085,220
580,3,Kreuzberg,1-Room Studio (1+0),36,980,220
581,3,Kreuzberg,1-Room Studio (1+0),29,956,220
582,3,Kreuzberg,1-Room Studio (1+0),26,946,220
583,3,Kreuzberg,1-Room Studio (1+0),38,1132,220
584,3,Kreuzberg,1-Room Studio (1+0),29,1033,220
585,3,Kreuzberg,1-Room Studio (1+0),43,1211,220
586,3,Kreuzberg,1-Room Studio (1+0),36,1088,220
587,3,Kreuzberg,1-Room Studio (1+0),36,1069,220
588,3,Kreuzberg,1-Room Studio (1+0),34,1094,220
589,3,Kreuzberg,1-Room Studio (1+0),44,1136,220
590,3,Kreuzberg,1-Room Studio (1+0),34,969,220
591,3,Kreuzberg,1-Room Studio (1+0),41,1131,220
592,3,Kreuzberg,1-Room Studio (1+0),28,970,220
593,3,Kreuzberg,1-Room Studio (1+0),42,1224,220
594,3,Kreuzberg,1-Room Studio (1+0),35,1083,220
595,3,Kreuzberg,1-Room Studio (1+0),40,1096,220
596,3,Kreuzberg,1-Room Studio (1+0),33,995,220
597,3,Kreuzberg,1-Room Studio (1+0),29,930,220
598,3,Kreuzberg,1-Room Studio (1+0),39,1164,220
599,3,Kreuzberg,1-Room Studio (1+0),37,1103,220
600,3,Kreuzberg,1-Room Studio (1+0),36,1028,220
601,3,Kreuzberg,1-Room Studio (1+0),33,1034,220
602,3,Kreuzberg,1-Room Studio (1+0),35,1077,220
603,3,Kreuzberg,1-Room Studio (1+0),33,999,220
604,3,Kreuzberg,1-Room Studio (1+0),44,1274,220
605,3,Kreuzberg,1-Room Studio (1+0),36,1062,220
606,3,Kreuzberg,1-Room Studio (1+0),32,996,220
607,3,Kreuzberg,1-Room Studio (1+0),35,945,220
608,3,Kreuzberg,1-Room Studio (1+0),27,876,220
609,3,Kreuzberg,1-Room Studio (1+0),35,1044,220
610,3,Kreuzberg,1-Room Studio (1+0),41,1077,220
611,3,Kreuzberg,1-Room Studio (1+0),31,1077,220
612,3,Kreuzberg,1-Room Studio (1+0),35,1111,220
613,3,Kreuzberg,1-Room Studio (1+0),43,1160,220
614,3,Kreuzberg,1-Room Studio (1+0),34,1024,220
615,3,Kreuzberg,1-Room Studio (1+0),25,859,220
616,3,Kreuzberg,1-Room Studio (1+0),38,1144,220
617,3,Kreuzberg,1-Room Studio (1+0),37,1071,220
618,3,Kreuzberg,1-Room Studio (1+0),31,1062,220
619,3,Kreuzberg,1-Room Studio (1+0),32,1022,220
620,3,Kreuzberg,1-Room Studio (1+0),35,1146,220
621,3,Kreuzberg,1-Room Studio (1+0),38,1034,220
622,3,Kreuzberg,1-Room Studio (1+0),29,985,220
623,3,Kreuzberg,1-Room Studio (1+0),34,1013,220
624,3,Kreuzberg,1-Room Studio (1+0),39,1141,220
625,3,Kreuzberg,1-Room Studio (1+0),34,1087,220
626,3,Kreuzberg,1-Room Studio (1+0),32,1098,220
627,3,Kreuzberg,1-Room Studio (1+0),30,1007,220
628,3,Kreuzberg,1-Room Studio (1+0),40,1065,220
629,3,Kreuzberg,1-Room Studio (1+0),32,1073,220
630,3,Kreuzberg,1-Room Studio (1+0),39,1120,220
631,3,Kreuzberg,1-Room Studio (1+0),31,1043,220
632,3,Kreuzberg,1-Room Studio (1+0),39,1060,220
633,3,Kreuzberg,1-Room Studio (1+0),29,964,220
634,3,Kreuzberg,1-Room Studio (1+0),37,1076,220
635,3,Kreuzberg,1-Room Studio (1+0),37,1051,220
636,3,Kreuzberg,1-Room Studio (1+0),25,853,220
637,3,Kreuzberg,1-Room Studio (1+0),34,1023,220
638,3,Kreuzberg,1-Room Studio (1+0),29,841,220
639,3,Kreuzberg,1-Room Studio (1+0),32,1058,220
640,3,Kreuzberg,1-Room Studio (1+0),40,1219,220
641,3,Kreuzberg,1-Room Studio (1+0),30,899,220
642,3,Kreuzberg,1-Room Studio (1+0),36,1114,220
643,3,Kreuzberg,1-Room Studio (1+0),36,955,220
644,3,Kreuzberg,1-Room Studio (1+0),30,966,220
645,3,Kreuzberg,1-Room Studio (1+0),36,1122,220
646,3,Kreuzberg,1-Room Studio (1+0),35,1078,220
647,3,Kreuzberg,1-Room Studio (1+0),34,1081,220
648,3,Kreuzberg,1-Room Studio (1+0),35,1062,220
649,3,Kreuzberg,1-Room Studio (1+0),33,1027,220
650,3,Kreuzberg,1-Room Studio (1+0),36,1092,220
651,3,Kreuzberg,1-Room Studio (1+0),36,1157,220
652,3,Kreuzberg,1-Room Studio (1+0),35,1019,220
653,3,Kreuzberg,1-Room Studio (1+0),38,1030,220
654,3,Kreuzberg,1-Room Studio (1+0),29,970,220
655,3,Kreuzberg,1-Room Studio (1+0),36,1001,220
656,3,Kreuzberg,1-Room Studio (1+0),32,968,220
657,3,Kreuzberg,1-Room Studio (1+0),32,1061,220
658,3,Kreuzberg,1-Room Studio (1+0),37,1093,220
659,3,Kreuzberg,1-Room Studio (1+0),32,923,220
660,3,Kreuzberg,1-Room Studio (1+0),40,1184,220
661,3,Kreuzberg,1-Room Studio (1+0),31,1029,220
662,3,Kreuzberg,1-Room Studio (1+0),34,1023,220
663,3,Kreuzberg,1-Room Studio (1+0),36,1032,220
664,3,Kreuzberg,1-Room Studio (1+0),32,1011,220
665,3,Kreuzberg,1-Room Studio (1+0),32,1044,220
666,3,Kreuzberg,1-Room Studio (1+0),42,1139,220
667,3,Kreuzberg,1-Room Studio (1+0),27,794,220
668,3,Kreuzberg,1-Room Studio (1+0),33,982,220
669,3,Kreuzberg,1-Room Studio (1+0),35,1066,220
670,3,Kreuzberg,1-Room Studio (1+0),27,805,220
671,4,Prenzlauer Berg,1-Room Studio (1+0),35,1046,180
672,4,Prenzlauer Berg,1-Room Studio (1+0),32,885,180
673,4,Prenzlauer Berg,1-Room Studio (1+0),36,1132,180
674,4,Prenzlauer Berg,1-Room Studio (1+0),35,987,180
675,4,Prenzlauer Berg,1-Room Studio (1+0),34,938,180
676,4,Prenzlauer Berg,1-Room Studio (1+0),39,1115,180
677,4,Prenzlauer Berg,1-Room Studio (1+0),26,858,180
678,4,Prenzlauer Berg,1-Room Studio (1+0),36,1036,180
679,4,Prenzlauer Berg,1-Room Studio (1+0),33,929,180
680,4,Prenzlauer Berg,1-Room Studio (1+0),37,1035,180
681,4,Prenzlauer Berg,1-Room Studio (1+0),25,836,180
682,4,Prenzlauer Berg,1-Room Studio (1+0),38,1069,180
683,4,Prenzlauer Berg,1-Room Studio (1+0),42,1190,180
684,4,Prenzlauer Berg,1-Room Studio (1+0),36,1048,180
685,4,Prenzlauer Berg,1-Room Studio (1+0),34,1004,180
686,4,Prenzlauer Berg,1-Room Studio (1+0),33,1034,180
687,4,Prenzlauer Berg,1-Room Studio (1+0),30,883,180
688,4,Prenzlauer Berg,1-Room Studio (1+0),29,1053,180
689,4,Prenzlauer Berg,1-Room Studio (1+0),36,1074,180
690,4,Prenzlauer Berg,1-Room Studio (1+0),29,967,180
691,4,Prenzlauer Berg,1-Room Studio (1+0),33,1015,180
692,4,Prenzlauer Berg,1-Room Studio (1+0),30,958,180
693,4,Prenzlauer Berg,1-Room Studio (1+0),32,938,180
694,4,Prenzlauer Berg,1-Room Studio (1+0),37,982,180
695,4,Prenzlauer Berg,1-Room Studio (1+0),37,1115,180
696,4,Prenzlauer Berg,1-Room Studio (1+0),30,899,180
697,4,Prenzlauer Berg,1-Room Studio (1+0),33,1019,180
698,4,Prenzlauer Berg,1-Room Studio (1+0),33,1028,180
699,4,Prenzlauer Berg,1-Room Studio (1+0),42,1134,180
700,4,Prenzlauer Berg,1-Room Studio (1+0),26,926,180
701,4,Prenzlauer Berg,1-Room Studio (1+0),42,1188,180
702,4,Prenzlauer Berg,1-Room Studio (1+0),29,923,180
703,4,Prenzlauer Berg,1-Room Studio (1+0),29,969,180
704,4,Prenzlauer Berg,1-Room Studio (1+0),28,894,180
705,4,Prenzlauer Berg,1-Room Studio (1+0),29,938,180
706,4,Prenzlauer Berg,1-Room Studio (1+0),32,995,180
707,4,Prenzlauer Berg,1-Room Studio (1+0),34,961,180
708,4,Prenzlauer Berg,1-Room Studio (1+0),37,1071,180
709,4,Prenzlauer Berg,1-Room Studio (1+0),30,1082,180
710,4,Prenzlauer Berg,1-Room Studio (1+0),36,1047,180
711,4,Prenzlauer Berg,1-Room Studio (1+0),40,1239,180
712,4,Prenzlauer Berg,1-Room Studio (1+0),33,1023,180
713,4,Prenzlauer Berg,1-Room Studio (1+0),30,939,180
714,4,Prenzlauer Berg,1-Room Studio (1+0),33,1013,180
715,4,Prenzlauer Berg,1-Room Studio (1+0),35,1072,180
716,4,Prenzlauer Berg,1-Room Studio (1+0),35,965,180
717,4,Prenzlauer Berg,1-Room Studio (1+0),30,915,180
718,4,Prenzlauer Berg,1-Room Studio (1+0),33,1065,180
719,4,Prenzlauer Berg,1-Room Studio (1+0),29,909,180
720,4,Prenzlauer Berg,1-Room Studio (1+0),38,1074,180
721,4,Prenzlauer Berg,1-Room Studio (1+0),36,1048,180
722,4,Prenzlauer Berg,1-Room Studio (1+0),35,1024,180
723,4,Prenzlauer Berg,1-Room Studio (1+0),37,981,180
724,4,Prenzlauer Berg,1-Room Studio (1+0),32,1002,180
725,4,Prenzlauer Berg,1-Room Studio (1+0),36,1146,180
726,4,Prenzlauer Berg,1-Room Studio (1+0),32,1073,180
727,4,Prenzlauer Berg,1-Room Studio (1+0),31,1046,180
728,4,Prenzlauer Berg,1-Room Studio (1+0),38,1037,180
729,4,Prenzlauer Berg,1-Room Studio (1+0),35,1035,180
730,4,Prenzlauer Berg,1-Room Studio (1+0),37,1061,180
731,4,Prenzlauer Berg,1-Room Studio (1+0),33,1084,180
732,4,Prenzlauer Berg,1-Room Studio (1+0),34,1070,180
733,4,Prenzlauer Berg,1-Room Studio (1+0),33,1102,180
734,4,Prenzlauer Berg,1-Room Studio (1+0),31,929,180
735,4,Prenzlauer Berg,1-Room Studio (1+0),41,1119,180
736,4,Prenzlauer Berg,1-Room Studio (1+0),41,1200,180
737,4,Prenzlauer Berg,1-Room Studio (1+0),33,893,180
738,4,Prenzlauer Berg,1-Room Studio (1+0),34,1026,180
739,4,Prenzlauer Berg,1-Room Studio (1+0),39,1205,180
740,4,Prenzlauer Berg,1-Room Studio (1+0),31,1014,180
741,4,Prenzlauer Berg,1-Room Studio (1+0),37,1138,180
742,4,Prenzlauer Berg,1-Room Studio (1+0),36,939,180
743,4,Prenzlauer Berg,1-Room Studio (1+0),33,933,180
744,4,Prenzlauer Berg,1-Room Studio (1+0),33,1061,180
745,4,Prenzlauer Berg,1-Room Studio (1+0),35,1107,180
746,4,Prenzlauer Berg,1-Room Studio (1+0),36,978,180
747,4,Prenzlauer Berg,1-Room Studio (1+0),25,867,180
748,4,Prenzlauer Berg,1-Room Studio (1+0),33,943,180
749,4,Prenzlauer Berg,1-Room Studio (1+0),26,832,180
750,4,Prenzlauer Berg,1-Room Studio (1+0),33,1042,180
751,4,Prenzlauer Berg,1-Room Studio (1+0),35,1134,180
752,4,Prenzlauer Berg,1-Room Studio (1+0),29,983,180
753,4,Prenzlauer Berg,1-Room Studio (1+0),34,1062,180
754,4,Prenzlauer Berg,1-Room Studio (1+0),32,1048,180
755,4,Prenzlauer Berg,1-Room Studio (1+0),35,997,180
756,4,Prenzlauer Berg,1-Room Studio (1+0),34,1006,180
757,4,Prenzlauer Berg,1-Room Studio (1+0),36,985,180
758,4,Prenzlauer Berg,1-Room Studio (1+0),34,1044,180
759,4,Prenzlauer Berg,1-Room Studio (1+0),34,1101,180
760,4,Prenzlauer Berg,1-Room Studio (1+0),37,1074,180
761,4,Prenzlauer Berg,1-Room Studio (1+0),35,1056,180
762,4,Prenzlauer Berg,1-Room Studio (1+0),36,946,180
763,4,Prenzlauer Berg,1-Room Studio (1+0),33,913,180
764,4,Prenzlauer Berg,1-Room Studio (1+0),40,1124,180
765,4,Prenzlauer Berg,1-Room Studio (1+0),33,1056,180
766,4,Prenzlauer Berg,1-Room Studio (1+0),36,988,180
767,4,Prenzlauer Berg,1-Room Studio (1+0),34,1000,180
768,4,Prenzlauer Berg,1-Room Studio (1+0),26,835,180
769,4,Prenzlauer Berg,1-Room Studio (1+0),33,995,180
770,4,Prenzlauer Berg,1-Room Studio (1+0),27,963,180
771,4,Prenzlauer Berg,1-Room Studio (1+0),34,1022,180
772,4,Prenzlauer Berg,1-Room Studio (1+0),36,1009,180
773,4,Prenzlauer Berg,1-Room Studio (1+0),36,1034,180
774,4,Prenzlauer Berg,1-Room Studio (1+0),30,982,180
775,4,Prenzlauer Berg,1-Room Studio (1+0),41,1189,180
776,4,Prenzlauer Berg,1-Room Studio (1+0),38,1061,180
777,4,Prenzlauer Berg,1-Room Studio (1+0),27,983,180
778,4,Prenzlauer Berg,1-Room Studio (1+0),43,1275,180
779,4,Prenzlauer Berg,1-Room Studio (1+0),32,915,180
780,4,Prenzlauer Berg,1-Room Studio (1+0),29,829,180
781,4,Prenzlauer Berg,1-Room Studio (1+0),34,1116,180
782,4,Prenzlauer Berg,1-Room Studio (1+0),33,1020,180
783,4,Prenzlauer Berg,1-Room Studio (1+0),40,1104,180
784,4,Prenzlauer Berg,1-Room Studio (1+0),43,1302,180
785,4,Prenzlauer Berg,1-Room Studio (1+0),33,967,180
786,4,Prenzlauer Berg,1-Room Studio (1+0),37,1053,180
787,4,Prenzlauer Berg,1-Room Studio (1+0),29,1007,180
788,4,Prenzlauer Berg,1-Room Studio (1+0),39,1119,180
789,4,Prenzlauer Berg,1-Room Studio (1+0),28,838,180
790,4,Prenzlauer Berg,1-Room Studio (1+0),34,990,180
791,4,Prenzlauer Berg,1-Room Studio (1+0),32,1045,180
792,4,Prenzlauer Berg,1-Room Studio (1+0),37,1157,180
793,4,Prenzlauer Berg,1-Room Studio (1+0),30,927,180
794,4,Prenzlauer Berg,1-Room Studio (1+0),37,1101,180
795,4,Prenzlauer Berg,1-Room Studio (1+0),41,1171,180
796,4,Prenzlauer Berg,1-Room Studio (1+0),42,1196,180
797,4,Prenzlauer Berg,1-Room Studio (1+0),39,1091,180
798,4,Prenzlauer Berg,1-Room Studio (1+0),34,1075,180
799,4,Prenzlauer Berg,1-Room Studio (1+0),41,1190,180
800,4,Prenzlauer Berg,1-Room Studio (1+0),34,1103,180
801,4,Prenzlauer Berg,1-Room Studio (1+0),25,773,180
802,4,Prenzlauer Berg,1-Room Studio (1+0),37,1075,180
803,4,Prenzlauer Berg,1-Room Studio (1+0),37,1078,180
804,4,Prenzlauer Berg,1-Room Studio (1+0),37,1025,180
805,4,Prenzlauer Berg,1-Room Studio (1+0),37,1134,180
806,4,Prenzlauer Berg,1-Room Studio (1+0),39,1231,180
807,4,Prenzlauer Berg,1-Room Studio (1+0),35,1054,180
808,4,Prenzlauer Berg,1-Room Studio (1+0),27,862,180
809,4,Prenzlauer Berg,1-Room Studio (1+0),33,1065,180
810,4,Prenzlauer Berg,1-Room Studio (1+0),31,1014,180
811,4,Prenzlauer Berg,1-Room Studio (1+0),34,1009,180
812,4,Prenzlauer Berg,1-Room Studio (1+0),35,1015,180
813,4,Prenzlauer Berg,1-Room Studio (1+0),32,882,180
814,4,Prenzlauer Berg,1-Room Studio (1+0),33,973,180
815,4,Prenzlauer Berg,1-Room Studio (1+0),32,1009,180
816,4,Prenzlauer Berg,1-Room Studio (1+0),37,1088,180
817,4,Prenzlauer Berg,1-Room Studio (1+0),38,1127,180
818,4,Prenzlauer Berg,1-Room Studio (1+0),33,974,180
819,4,Prenzlauer Berg,1-Room Studio (1+0),35,1072,180
820,4,Prenzlauer Berg,1-Room Studio (1+0),40,1199,180
821,4,Prenzlauer Berg,1-Room Studio (1+0),32,978,180
822,4,Prenzlauer Berg,1-Room Studio (1+0),37,1138,180
823,4,Prenzlauer Berg,1-Room Studio (1+0),38,1088,180
824,4,Prenzlauer Berg,1-Room Studio (1+0),28,852,180
825,4,Prenzlauer Berg,1-Room Studio (1+0),35,1059,180
826,4,Prenzlauer Berg,1-Room Studio (1+0),29,933,180
827,4,Prenzlauer Berg,1-Room Studio (1+0),37,1005,180
828,4,Prenzlauer Berg,1-Room Studio (1+0),39,1087,180
829,4,Prenzlauer Berg,1-Room Studio (1+0),40,1096,180
830,4,Prenzlauer Berg,1-Room Studio (1+0),29,903,180
831,4,Prenzlauer Berg,1-Room Studio (1+0),34,997,180
832,4,Prenzlauer Berg,1-Room Studio (1+0),33,1022,180
833,4,Prenzlauer Berg,1-Room Studio (1+0),33,998,180
834,4,Prenzlauer Berg,1-Room Studio (1+0),26,900,180
835,4,Prenzlauer Berg,1-Room Studio (1+0),34,1117,180
836,4,Prenzlauer Berg,1-Room Studio (1+0),30,840,180
837,4,Prenzlauer Berg,1-Room Studio (1+0),37,1095,180
838,4,Prenzlauer Berg,1-Room Studio (1+0),29,838,180
839,4,Prenzlauer Berg,1-Room Studio (1+0),41,1231,180
840,4,Prenzlauer Berg,1-Room Studio (1+0),25,831,180
841,4,Prenzlauer Berg,1-Room Studio (1+0),41,1117,180
842,4,Prenzlauer Berg,1-Room Studio (1+0),32,967,180
843,4,Prenzlauer Berg,1-Room Studio (1+0),29,828,180
844,4,Prenzlauer Berg,1-Room Studio (1+0),39,999,180
845,4,Prenzlauer Berg,1-Room Studio (1+0),35,1091,180
846,4,Prenzlauer Berg,1-Room Studio (1+0),27,839,180
847,4,Prenzlauer Berg,1-Room Studio (1+0),39,1142,180
848,4,Prenzlauer Berg,1-Room Studio (1+0),31,1038,180
849,4,Prenzlauer Berg,1-Room Studio (1+0),39,1126,180
850,4,Prenzlauer Berg,1-Room Studio (1+0),30,923,180
851,5,Charlottenburg,1-Room Studio (1+0),35,997,190
852,5,Charlottenburg,1-Room Studio (1+0),38,970,190
853,5,Charlottenburg,1-Room Studio (1+0),27,875,190
854,5,Charlottenburg,1-Room Studio (1+0),32,916,190
855,5,Charlottenburg,1-Room Studio (1+0),26,847,190
856,5,Charlottenburg,1-Room Studio (1+0),34,1029,190
857,5,Charlottenburg,1-Room Studio (1+0),34,982,190
858,5,Charlottenburg,1-Room Studio (1+0),39,1001,190
859,5,Charlottenburg,1-Room Studio (1+0),36,926,190
860,5,Charlottenburg,1-Room Studio (1+0),30,845,190
861,5,Charlottenburg,1-Room Studio (1+0),38,1058,190
862,5,Charlottenburg,1-Room Studio (1+0),34,924,190
863,5,Charlottenburg,1-Room Studio (1+0),33,926,190
864,5,Charlottenburg,1-Room Studio (1+0),36,967,190
865,5,Charlottenburg,1-Room Studio (1+0),40,997,190
866,5,Charlottenburg,1-Room Studio (1+0),30,1019,190
867,5,Charlottenburg,1-Room Studio (1+0),32,875,190
868,5,Charlottenburg,1-Room Studio (1+0),35,979,190
869,5,Charlottenburg,1-Room Studio (1+0),30,852,190
870,5,Charlottenburg,1-Room Studio (1+0),44,1155,190
871,5,Charlottenburg,1-Room Studio (1+0),25,918,190
872,5,Charlottenburg,1-Room Studio (1+0),37,998,190
873,5,Charlottenburg,1-Room Studio (1+0),30,958,190
874,5,Charlottenburg,1-Room Studio (1+0),33,856,190
875,5,Charlottenburg,1-Room Studio (1+0),42,1108,190
876,5,Charlottenburg,1-Room Studio (1+0),41,1193,190
877,5,Charlottenburg,1-Room Studio (1+0),29,962,190
878,5,Charlottenburg,1-Room Studio (1+0),31,824,190
879,5,Charlottenburg,1-Room Studio (1+0),32,978,190
880,5,Charlottenburg,1-Room Studio (1+0),32,936,190
881,5,Charlottenburg,1-Room Studio (1+0),39,1086,190
882,5,Charlottenburg,1-Room Studio (1+0),30,960,190
883,5,Charlottenburg,1-Room Studio (1+0),35,857,190
884,5,Charlottenburg,1-Room Studio (1+0),36,1050,190
885,5,Charlottenburg,1-Room Studio (1+0),34,1044,190
886,5,Charlottenburg,1-Room Studio (1+0),31,956,190
887,5,Charlottenburg,1-Room Studio (1+0),27,888,190
888,5,Charlottenburg,1-Room Studio (1+0),43,1092,190
889,5,Charlottenburg,1-Room Studio (1+0),31,893,190
890,5,Charlottenburg,1-Room Studio (1+0),35,944,190
891,5,Charlottenburg,1-Room Studio (1+0),36,1077,190
892,5,Charlottenburg,1-Room Studio (1+0),36,920,190
893,5,Charlottenburg,1-Room Studio (1+0),38,1118,190
894,5,Charlottenburg,1-Room Studio (1+0),38,1084,190
895,5,Charlottenburg,1-Room Studio (1+0),35,1070,190
896,5,Charlottenburg,1-Room Studio (1+0),43,1095,190
897,5,Charlottenburg,1-Room Studio (1+0),39,1075,190
898,5,Charlottenburg,1-Room Studio (1+0),33,880,190
899,5,Charlottenburg,1-Room Studio (1+0),33,912,190
900,5,Charlottenburg,1-Room Studio (1+0),32,888,190
901,5,Charlottenburg,1-Room Studio (1+0),32,930,190
902,5,Charlottenburg,1-Room Studio (1+0),34,893,190
903,5,Charlottenburg,1-Room Studio (1+0),27,886,190
904,5,Charlottenburg,1-Room Studio (1+0),30,982,190
905,5,Charlottenburg,1-Room Studio (1+0),35,1044,190
906,5,Charlottenburg,1-Room Studio (1+0),40,1079,190
907,5,Charlottenburg,1-Room Studio (1+0),31,988,190
908,5,Charlottenburg,1-Room Studio (1+0),36,1015,190
909,5,Charlottenburg,1-Room Studio (1+0),40,1085,190
910,5,Charlottenburg,1-Room Studio (1+0),34,991,190
911,5,Charlottenburg,1-Room Studio (1+0),30,923,190
912,5,Charlottenburg,1-Room Studio (1+0),40,1125,190
913,5,Charlottenburg,1-Room Studio (1+0),34,980,190
914,5,Charlottenburg,1-Room Studio (1+0),35,1053,190
915,5,Charlottenburg,1-Room Studio (1+0),37,1024,190
916,5,Charlottenburg,1-Room Studio (1+0),35,1037,190
917,5,Charlottenburg,1-Room Studio (1+0),29,910,190
918,5,Charlottenburg,1-Room Studio (1+0),25,857,190
919,5,Charlottenburg,1-Room Studio (1+0),37,1089,190
920,5,Charlottenburg,1-Room Studio (1+0),32,973,190
921,5,Charlottenburg,1-Room Studio (1+0),40,1183,190
922,5,Charlottenburg,1-Room Studio (1+0),34,998,190
923,5,Charlottenburg,1-Room Studio (1+0),39,990,190
924,5,Charlottenburg,1-Room Studio (1+0),33,1052,190
925,5,Charlottenburg,1-Room Studio (1+0),38,1084,190
926,5,Charlottenburg,1-Room Studio (1+0),27,861,190
927,5,Charlottenburg,1-Room Studio (1+0),31,956,190
928,5,Charlottenburg,1-Room Studio (1+0),30,856,190
929,5,Charlottenburg,1-Room Studio (1+0),25,901,190
930,5,Charlottenburg,1-Room Studio (1+0),32,963,190
931,5,Charlottenburg,1-Room Studio (1+0),34,926,190
932,5,Charlottenburg,1-Room Studio (1+0),28,822,190
933,5,Charlottenburg,1-Room Studio (1+0),31,958,190
934,5,Charlottenburg,1-Room Studio (1+0),30,1023,190
935,5,Charlottenburg,1-Room Studio (1+0),39,1129,190
936,5,Charlottenburg,1-Room Studio (1+0),33,1063,190
937,5,Charlottenburg,1-Room Studio (1+0),33,970,190
938,5,Charlottenburg,1-Room Studio (1+0),35,1050,190
939,5,Charlottenburg,1-Room Studio (1+0),37,1015,190
940,5,Charlottenburg,1-Room Studio (1+0),32,992,190
941,5,Charlottenburg,1-Room Studio (1+0),37,1020,190
942,5,Charlottenburg,1-Room Studio (1+0),27,852,190
943,5,Charlottenburg,1-Room Studio (1+0),37,1152,190
944,5,Charlottenburg,1-Room Studio (1+0),29,874,190
945,5,Charlottenburg,1-Room Studio (1+0),32,1035,190
946,5,Charlottenburg,1-Room Studio (1+0),34,936,190
947,5,Charlottenburg,1-Room Studio (1+0),37,1020,190
948,5,Charlottenburg,1-Room Studio (1+0),28,828,190
949,5,Charlottenburg,1-Room Studio (1+0),42,1157,190
950,5,Charlottenburg,1-Room Studio (1+0),34,975,190
951,5,Charlottenburg,1-Room Studio (1+0),35,1025,190
952,5,Charlottenburg,1-Room Studio (1+0),35,1015,190
953,5,Charlottenburg,1-Room Studio (1+0),38,1063,190
954,5,Charlottenburg,1-Room Studio (1+0),30,881,190
955,5,Charlottenburg,1-Room Studio (1+0),25,950,190
956,5,Charlottenburg,1-Room Studio (1+0),38,1012,190
957,5,Charlottenburg,1-Room Studio (1+0),33,934,190
958,5,Charlottenburg,1-Room Studio (1+0),41,1031,190
959,5,Charlottenburg,1-Room Studio (1+0),35,1001,190
960,5,Charlottenburg,1-Room Studio (1+0),38,1056,190
961,5,Charlottenburg,1-Room Studio (1+0),26,831,190
962,5,Charlottenburg,1-Room Studio (1+0),30,923,190
963,5,Charlottenburg,1-Room Studio (1+0),40,994,190
964,5,Charlottenburg,1-Room Studio (1+0),30,885,190
965,5,Charlottenburg,1-Room Studio (1+0),32,998,190
966,5,Charlottenburg,1-Room Studio (1+0),33,997,190
967,5,Charlottenburg,1-Room Studio (1+0),31,950,190
968,5,Charlottenburg,1-Room Studio (1+0),38,1018,190
969,5,Charlottenburg,1-Room Studio (1+0),38,1065,190
970,5,Charlottenburg,1-Room Studio (1+0),39,1068,190
971,5,Charlottenburg,1-Room Studio (1+0),36,1024,190
972,5,Charlottenburg,1-Room Studio (1+0),34,1006,190
973,5,Charlottenburg,1-Room Studio (1+0),36,951,190
974,5,Charlottenburg,1-Room Studio (1+0),40,986,190
975,5,Charlottenburg,1-Room Studio (1+0),31,930,190
976,5,Charlottenburg,1-Room Studio (1+0),36,1121,190
977,5,Charlottenburg,1-Room Studio (1+0),26,816,190
978,5,Charlottenburg,1-Room Studio (1+0),25,830,190
979,5,Charlottenburg,1-Room Studio (1+0),35,1103,190
980,5,Charlottenburg,1-Room Studio (1+0),35,1071,190
981,5,Charlottenburg,1-Room Studio (1+0),37,1018,190
982,5,Charlottenburg,1-Room Studio (1+0),28,899,190
983,5,Charlottenburg,1-Room Studio (1+0),27,942,190
984,5,Charlottenburg,1-Room Studio (1+0),33,1044,190
985,5,Charlottenburg,1-Room Studio (1+0),32,970,190
986,5,Charlottenburg,1-Room Studio (1+0),35,1005,190
987,5,Charlottenburg,1-Room Studio (1+0),32,978,190
988,5,Charlottenburg,1-Room Studio (1+0),30,845,190
989,5,Charlottenburg,1-Room Studio (1+0),40,1142,190
990,5,Charlottenburg,1-Room Studio (1+0),34,1090,190
991,5,Charlottenburg,1-Room Studio (1+0),33,1051,190
992,5,Charlottenburg,1-Room Studio (1+0),35,947,190
993,5,Charlottenburg,1-Room Studio (1+0),42,1193,190
994,5,Charlottenburg,1-Room Studio (1+0),33,1016,190
995,5,Charlottenburg,1-Room Studio (1+0),32,1004,190
996,5,Charlottenburg,1-Room Studio (1+0),25,767,190
997,5,Charlottenburg,1-Room Studio (1+0),38,1047,190
998,5,Charlottenburg,1-Room Studio (1+0),35,927,190
999,5,Charlottenburg,1-Room Studio (1+0),42,1205,190
1000,5,Charlottenburg,1-Room Studio (1+0),33,948,190
1001,5,Charlottenburg,1-Room Studio (1+0),39,1199,190
1002,5,Charlottenburg,1-Room Studio (1+0),38,1192,190
1003,5,Charlottenburg,1-Room Studio (1+0),30,869,190
1004,5,Charlottenburg,1-Room Studio (1+0),29,927,190
1005,5,Charlottenburg,1-Room Studio (1+0),35,999,190
1006,5,Charlottenburg,1-Room Studio (1+0),38,1136,190
1007,5,Charlottenburg,1-Room Studio (1+0),27,828,190
1008,5,Charlottenburg,1-Room Studio (1+0),38,1034,190
1009,5,Charlottenburg,1-Room Studio (1+0),30,979,190
1010,5,Charlottenburg,1-Room Studio (1+0),28,864,190
1011,5,Charlottenburg,1-Room Studio (1+0),35,974,190
1012,5,Charlottenburg,1-Room Studio (1+0),38,1028,190
1013,5,Charlottenburg,1-Room Studio (1+0),40,1090,190
1014,5,Charlottenburg,1-Room Studio (1+0),37,1089,190
1015,5,Charlottenburg,1-Room Studio (1+0),31,813,190
1016,5,Charlottenburg,1-Room Studio (1+0),36,1030,190
1017,5,Charlottenburg,1-Room Studio (1+0),37,1030,190
1018,5,Charlottenburg,1-Room Studio (1+0),32,1075,190
1019,5,Charlottenburg,1-Room Studio (1+0),27,908,190
1020,5,Charlottenburg,1-Room Studio (1+0),31,916,190
1021,5,Charlottenburg,1-Room Studio (1+0),33,924,190
1022,5,Charlottenburg,1-Room Studio (1+0),37,1127,190
1023,5,Charlottenburg,1-Room Studio (1+0),36,1032,190
1024,5,Charlottenburg,1-Room Studio (1+0),30,949,190
1025,5,Charlottenburg,1-Room Studio (1+0),44,1147,190
1026,5,Charlottenburg,1-Room Studio (1+0),32,920,190
1027,5,Charlottenburg,1-Room Studio (1+0),32,789,190
1028,5,Charlottenburg,1-Room Studio (1+0),36,975,190
1029,5,Charlottenburg,1-Room Studio (1+0),27,909,190
1030,5,Charlottenburg,1-Room Studio (1+0),29,880,190
1031,5,Charlottenburg,1-Room Studio (1+0),41,1031,190
1032,5,Charlottenburg,1-Room Studio (1+0),27,880,190
1033,5,Charlottenburg,1-Room Studio (1+0),39,986,190
1034,5,Charlottenburg,1-Room Studio (1+0),36,1061,190
1035,5,Charlottenburg,1-Room Studio (1+0),25,876,190
1036,5,Charlottenburg,1-Room Studio (1+0),38,1043,190
1037,5,Charlottenburg,1-Room Studio (1+0),40,1166,190
1038,5,Charlottenburg,1-Room Studio (1+0),34,963,190
1039,5,Charlottenburg,1-Room Studio (1+0),30,916,190
1040,5,Charlottenburg,1-Room Studio (1+0),37,1025,190
1041,6,Schöneberg,1-Room Studio (1+0),25,874,160
1042,6,Schöneberg,1-Room Studio (1+0),35,955,160
1043,6,Schöneberg,1-Room Studio (1+0),38,1123,160
1044,6,Schöneberg,1-Room Studio (1+0),25,824,160
1045,6,Schöneberg,1-Room Studio (1+0),28,882,160
1046,6,Schöneberg,1-Room Studio (1+0),35,1016,160
1047,6,Schöneberg,1-Room Studio (1+0),32,812,160
1048,6,Schöneberg,1-Room Studio (1+0),32,948,160
1049,6,Schöneberg,1-Room Studio (1+0),39,980,160
1050,6,Schöneberg,1-Room Studio (1+0),39,1011,160
1051,6,Schöneberg,1-Room Studio (1+0),36,965,160
1052,6,Schöneberg,1-Room Studio (1+0),35,1032,160
1053,6,Schöneberg,1-Room Studio (1+0),28,811,160
1054,6,Schöneberg,1-Room Studio (1+0),35,1122,160
1055,6,Schöneberg,1-Room Studio (1+0),30,1010,160
1056,6,Schöneberg,1-Room Studio (1+0),43,1116,160
1057,6,Schöneberg,1-Room Studio (1+0),33,900,160
1058,6,Schöneberg,1-Room Studio (1+0),34,876,160
1059,6,Schöneberg,1-Room Studio (1+0),34,1050,160
1060,6,Schöneberg,1-Room Studio (1+0),31,892,160
1061,6,Schöneberg,1-Room Studio (1+0),26,838,160
1062,6,Schöneberg,1-Room Studio (1+0),35,982,160
1063,6,Schöneberg,1-Room Studio (1+0),33,924,160
1064,6,Schöneberg,1-Room Studio (1+0),36,994,160
1065,6,Schöneberg,1-Room Studio (1+0),35,991,160
1066,6,Schöneberg,1-Room Studio (1+0),39,1091,160
1067,6,Schöneberg,1-Room Studio (1+0),35,1069,160
1068,6,Schöneberg,1-Room Studio (1+0),36,1074,160
1069,6,Schöneberg,1-Room Studio (1+0),37,903,160
1070,6,Schöneberg,1-Room Studio (1+0),40,1076,160
1071,6,Schöneberg,1-Room Studio (1+0),34,977,160
1072,6,Schöneberg,1-Room Studio (1+0),32,938,160
1073,6,Schöneberg,1-Room Studio (1+0),31,982,160
1074,6,Schöneberg,1-Room Studio (1+0),33,919,160
1075,6,Schöneberg,1-Room Studio (1+0),30,904,160
1076,6,Schöneberg,1-Room Studio (1+0),35,1001,160
1077,6,Schöneberg,1-Room Studio (1+0),29,774,160
1078,6,Schöneberg,1-Room Studio (1+0),37,1103,160
1079,6,Schöneberg,1-Room Studio (1+0),29,965,160
1080,6,Schöneberg,1-Room Studio (1+0),35,978,160
1081,6,Schöneberg,1-Room Studio (1+0),32,841,160
1082,6,Schöneberg,1-Room Studio (1+0),38,985,160
1083,6,Schöneberg,1-Room Studio (1+0),30,948,160
1084,6,Schöneberg,1-Room Studio (1+0),26,725,160
1085,6,Schöneberg,1-Room Studio (1+0),34,978,160
1086,6,Schöneberg,1-Room Studio (1+0),36,978,160
1087,6,Schöneberg,1-Room Studio (1+0),44,1126,160
1088,6,Schöneberg,1-Room Studio (1+0),33,894,160
1089,6,Schöneberg,1-Room Studio (1+0),35,1015,160
1090,6,Schöneberg,1-Room Studio (1+0),39,961,160
1091,6,Schöneberg,1-Room Studio (1+0),33,969,160
1092,6,Schöneberg,1-Room Studio (1+0),37,1014,160
1093,6,Schöneberg,1-Room Studio (1+0),36,947,160
1094,6,Schöneberg,1-Room Studio (1+0),41,1146,160
1095,6,Schöneberg,1-Room Studio (1+0),28,787,160
1096,6,Schöneberg,1-Room Studio (1+0),29,911,160
1097,6,Schöneberg,1-Room Studio (1+0),28,832,160
1098,6,Schöneberg,1-Room Studio (1+0),36,992,160
1099,6,Schöneberg,1-Room Studio (1+0),35,914,160
1100,6,Schöneberg,1-Room Studio (1+0),37,977,160
1101,6,Schöneberg,1-Room Studio (1+0),33,956,160
1102,6,Schöneberg,1-Room Studio (1+0),34,961,160
1103,6,Schöneberg,1-Room Studio (1+0),31,888,160
1104,6,Schöneberg,1-Room Studio (1+0),34,877,160
1105,6,Schöneberg,1-Room Studio (1+0),32,947,160
1106,6,Schöneberg,1-Room Studio (1+0),28,921,160
1107,6,Schöneberg,1-Room Studio (1+0),40,993,160
1108,6,Schöneberg,1-Room Studio (1+0),40,1059,160
1109,6,Schöneberg,1-Room Studio (1+0),36,966,160
1110,6,Schöneberg,1-Room Studio (1+0),38,1056,160
1111,6,Schöneberg,1-Room Studio (1+0),30,818,160
1112,6,Schöneberg,1-Room Studio (1+0),27,845,160
1113,6,Schöneberg,1-Room Studio (1+0),37,1053,160
1114,6,Schöneberg,1-Room Studio (1+0),33,873,160
1115,6,Schöneberg,1-Room Studio (1+0),31,975,160
1116,6,Schöneberg,1-Room Studio (1+0),32,933,160
1117,6,Schöneberg,1-Room Studio (1+0),29,890,160
1118,6,Schöneberg,1-Room Studio (1+0),32,987,160
1119,6,Schöneberg,1-Room Studio (1+0),37,984,160
1120,6,Schöneberg,1-Room Studio (1+0),33,909,160
1121,6,Schöneberg,1-Room Studio (1+0),28,801,160
1122,6,Schöneberg,1-Room Studio (1+0),35,998,160
1123,6,Schöneberg,1-Room Studio (1+0),35,960,160
1124,6,Schöneberg,1-Room Studio (1+0),38,1036,160
1125,6,Schöneberg,1-Room Studio (1+0),37,908,160
1126,6,Schöneberg,1-Room Studio (1+0),25,815,160
1127,6,Schöneberg,1-Room Studio (1+0),28,839,160
1128,6,Schöneberg,1-Room Studio (1+0),33,1037,160
1129,6,Schöneberg,1-Room Studio (1+0),36,1006,160
1130,6,Schöneberg,1-Room Studio (1+0),38,1054,160
1131,6,Schöneberg,1-Room Studio (1+0),32,988,160
1132,6,Schöneberg,1-Room Studio (1+0),29,889,160
1133,6,Schöneberg,1-Room Studio (1+0),27,846,160
1134,6,Schöneberg,1-Room Studio (1+0),35,1079,160
1135,6,Schöneberg,1-Room Studio (1+0),27,798,160
1136,6,Schöneberg,1-Room Studio (1+0),38,1052,160
1137,6,Schöneberg,1-Room Studio (1+0),35,921,160
1138,6,Schöneberg,1-Room Studio (1+0),31,981,160
1139,6,Schöneberg,1-Room Studio (1+0),34,983,160
1140,6,Schöneberg,1-Room Studio (1+0),33,871,160
1141,6,Schöneberg,1-Room Studio (1+0),38,1062,160
1142,6,Schöneberg,1-Room Studio (1+0),44,1079,160
1143,6,Schöneberg,1-Room Studio (1+0),38,953,160
1144,6,Schöneberg,1-Room Studio (1+0),35,1037,160
1145,6,Schöneberg,1-Room Studio (1+0),25,786,160
1146,6,Schöneberg,1-Room Studio (1+0),31,864,160
1147,6,Schöneberg,1-Room Studio (1+0),36,1063,160
1148,6,Schöneberg,1-Room Studio (1+0),33,954,160
1149,6,Schöneberg,1-Room Studio (1+0),35,978,160
1150,6,Schöneberg,1-Room Studio (1+0),29,937,160
1151,6,Schöneberg,1-Room Studio (1+0),35,1002,160
1152,6,Schöneberg,1-Room Studio (1+0),30,860,160
1153,6,Schöneberg,1-Room Studio (1+0),33,850,160
1154,6,Schöneberg,1-Room Studio (1+0),26,780,160
1155,6,Schöneberg,1-Room Studio (1+0),36,957,160
1156,6,Schöneberg,1-Room Studio (1+0),29,821,160
1157,6,Schöneberg,1-Room Studio (1+0),32,903,160
1158,6,Schöneberg,1-Room Studio (1+0),44,1203,160
1159,6,Schöneberg,1-Room Studio (1+0),39,1120,160
1160,6,Schöneberg,1-Room Studio (1+0),30,815,160
1161,6,Schöneberg,1-Room Studio (1+0),29,950,160
1162,6,Schöneberg,1-Room Studio (1+0),32,849,160
1163,6,Schöneberg,1-Room Studio (1+0),32,910,160
1164,6,Schöneberg,1-Room Studio (1+0),35,993,160
1165,6,Schöneberg,1-Room Studio (1+0),30,929,160
1166,6,Schöneberg,1-Room Studio (1+0),31,897,160
1167,6,Schöneberg,1-Room Studio (1+0),37,975,160
1168,6,Schöneberg,1-Room Studio (1+0),31,942,160
1169,6,Schöneberg,1-Room Studio (1+0),30,865,160
1170,6,Schöneberg,1-Room Studio (1+0),37,1137,160
1171,6,Schöneberg,1-Room Studio (1+0),37,1042,160
1172,6,Schöneberg,1-Room Studio (1+0),36,932,160
1173,6,Schöneberg,1-Room Studio (1+0),35,976,160
1174,6,Schöneberg,1-Room Studio (1+0),35,985,160
1175,6,Schöneberg,1-Room Studio (1+0),36,977,160
1176,6,Schöneberg,1-Room Studio (1+0),34,886,160
1177,6,Schöneberg,1-Room Studio (1+0),33,1025,160
1178,6,Schöneberg,1-Room Studio (1+0),35,977,160
1179,6,Schöneberg,1-Room Studio (1+0),43,1040,160
1180,6,Schöneberg,1-Room Studio (1+0),29,973,160
1181,6,Schöneberg,1-Room Studio (1+0),34,945,160
1182,6,Schöneberg,1-Room Studio (1+0),29,897,160
1183,6,Schöneberg,1-Room Studio (1+0),36,930,160
1184,6,Schöneberg,1-Room Studio (1+0),33,922,160
1185,6,Schöneberg,1-Room Studio (1+0),35,911,160
1186,6,Schöneberg,1-Room Studio (1+0),40,1123,160
1187,6,Schöneberg,1-Room Studio (1+0),32,911,160
1188,6,Schöneberg,1-Room Studio (1+0),33,895,160
1189,6,Schöneberg,1-Room Studio (1+0),32,908,160
1190,6,Schöneberg,1-Room Studio (1+0),41,1143,160
1191,6,Schöneberg,1-Room Studio (1+0),38,1054,160
1192,6,Schöneberg,1-Room Studio (1+0),29,868,160
1193,6,Schöneberg,1-Room Studio (1+0),38,957,160
1194,6,Schöneberg,1-Room Studio (1+0),37,1153,160
1195,6,Schöneberg,1-Room Studio (1+0),39,1135,160
1196,6,Schöneberg,1-Room Studio (1+0),35,1036,160
1197,6,Schöneberg,1-Room Studio (1+0),31,954,160
1198,6,Schöneberg,1-Room Studio (1+0),37,1031,160
1199,6,Schöneberg,1-Room Studio (1+0),40,1036,160
1200,6,Schöneberg,1-Room Studio (1+0),33,948,160
1201,7,Moabit,1-Room Studio (1+0),29,844,130
1202,7,Moabit,1-Room Studio (1+0),26,839,130
1203,7,Moabit,1-Room Studio (1+0),34,889,130
1204,7,Moabit,1-Room Studio (1+0),30,834,130
1205,7,Moabit,1-Room Studio (1+0),37,1007,130
1206,7,Moabit,1-Room Studio (1+0),31,815,130
1207,7,Moabit,1-Room Studio (1+0),37,931,130
1208,7,Moabit,1-Room Studio (1+0),34,927,130
1209,7,Moabit,1-Room Studio (1+0),35,989,130
1210,7,Moabit,1-Room Studio (1+0),28,697,130
1211,7,Moabit,1-Room Studio (1+0),31,974,130
1212,7,Moabit,1-Room Studio (1+0),43,1192,130
1213,7,Moabit,1-Room Studio (1+0),33,795,130
1214,7,Moabit,1-Room Studio (1+0),25,721,130
1215,7,Moabit,1-Room Studio (1+0),33,980,130
1216,7,Moabit,1-Room Studio (1+0),38,1006,130
1217,7,Moabit,1-Room Studio (1+0),30,790,130
1218,7,Moabit,1-Room Studio (1+0),35,980,130
1219,7,Moabit,1-Room Studio (1+0),36,894,130
1220,7,Moabit,1-Room Studio (1+0),37,1000,130
1221,7,Moabit,1-Room Studio (1+0),29,783,130
1222,7,Moabit,1-Room Studio (1+0),37,960,130
1223,7,Moabit,1-Room Studio (1+0),41,1076,130
1224,7,Moabit,1-Room Studio (1+0),32,883,130
1225,7,Moabit,1-Room Studio (1+0),34,876,130
1226,7,Moabit,1-Room Studio (1+0),30,890,130
1227,7,Moabit,1-Room Studio (1+0),38,1028,130
1228,7,Moabit,1-Room Studio (1+0),41,1013,130
1229,7,Moabit,1-Room Studio (1+0),42,1010,130
1230,7,Moabit,1-Room Studio (1+0),29,724,130
1231,7,Moabit,1-Room Studio (1+0),32,854,130
1232,7,Moabit,1-Room Studio (1+0),36,971,130
1233,7,Moabit,1-Room Studio (1+0),29,806,130
1234,7,Moabit,1-Room Studio (1+0),32,777,130
1235,7,Moabit,1-Room Studio (1+0),30,802,130
1236,7,Moabit,1-Room Studio (1+0),40,1039,130
1237,7,Moabit,1-Room Studio (1+0),37,884,130
1238,7,Moabit,1-Room Studio (1+0),39,1088,130
1239,7,Moabit,1-Room Studio (1+0),25,716,130
1240,7,Moabit,1-Room Studio (1+0),36,995,130
1241,7,Moabit,1-Room Studio (1+0),31,848,130
1242,7,Moabit,1-Room Studio (1+0),31,873,130
1243,7,Moabit,1-Room Studio (1+0),39,964,130
1244,7,Moabit,1-Room Studio (1+0),39,963,130
1245,7,Moabit,1-Room Studio (1+0),30,897,130
1246,7,Moabit,1-Room Studio (1+0),38,1043,130
1247,7,Moabit,1-Room Studio (1+0),28,784,130
1248,7,Moabit,1-Room Studio (1+0),38,994,130
1249,7,Moabit,1-Room Studio (1+0),29,857,130
1250,7,Moabit,1-Room Studio (1+0),31,974,130
1251,7,Moabit,1-Room Studio (1+0),41,1082,130
1252,7,Moabit,1-Room Studio (1+0),40,1032,130
1253,7,Moabit,1-Room Studio (1+0),37,1063,130
1254,7,Moabit,1-Room Studio (1+0),35,923,130
1255,7,Moabit,1-Room Studio (1+0),26,771,130
1256,7,Moabit,1-Room Studio (1+0),38,1049,130
1257,7,Moabit,1-Room Studio (1+0),36,924,130
1258,7,Moabit,1-Room Studio (1+0),25,728,130
1259,7,Moabit,1-Room Studio (1+0),33,883,130
1260,7,Moabit,1-Room Studio (1+0),37,1093,130
1261,7,Moabit,1-Room Studio (1+0),35,925,130
1262,7,Moabit,1-Room Studio (1+0),33,909,130
1263,7,Moabit,1-Room Studio (1+0),30,855,130
1264,7,Moabit,1-Room Studio (1+0),36,969,130
1265,7,Moabit,1-Room Studio (1+0),36,982,130
1266,7,Moabit,1-Room Studio (1+0),26,814,130
1267,7,Moabit,1-Room Studio (1+0),31,800,130
1268,7,Moabit,1-Room Studio (1+0),29,856,130
1269,7,Moabit,1-Room Studio (1+0),33,801,130
1270,7,Moabit,1-Room Studio (1+0),36,870,130
1271,7,Moabit,1-Room Studio (1+0),35,952,130
1272,7,Moabit,1-Room Studio (1+0),38,1099,130
1273,7,Moabit,1-Room Studio (1+0),28,809,130
1274,7,Moabit,1-Room Studio (1+0),33,928,130
1275,7,Moabit,1-Room Studio (1+0),35,917,130
1276,7,Moabit,1-Room Studio (1+0),32,817,130
1277,7,Moabit,1-Room Studio (1+0),38,1020,130
1278,7,Moabit,1-Room Studio (1+0),38,973,130
1279,7,Moabit,1-Room Studio (1+0),31,801,130
1280,7,Moabit,1-Room Studio (1+0),36,894,130
1281,7,Moabit,1-Room Studio (1+0),42,986,130
1282,7,Moabit,1-Room Studio (1+0),35,1032,130
1283,7,Moabit,1-Room Studio (1+0),37,985,130
1284,7,Moabit,1-Room Studio (1+0),30,765,130
1285,7,Moabit,1-Room Studio (1+0),37,1064,130
1286,7,Moabit,1-Room Studio (1+0),32,816,130
1287,7,Moabit,1-Room Studio (1+0),25,699,130
1288,7,Moabit,1-Room Studio (1+0),33,998,130
1289,7,Moabit,1-Room Studio (1+0),37,992,130
1290,7,Moabit,1-Room Studio (1+0),32,849,130
1291,7,Moabit,1-Room Studio (1+0),40,1040,130
1292,7,Moabit,1-Room Studio (1+0),25,718,130
1293,7,Moabit,1-Room Studio (1+0),30,815,130
1294,7,Moabit,1-Room Studio (1+0),37,968,130
1295,7,Moabit,1-Room Studio (1+0),34,999,130
1296,7,Moabit,1-Room Studio (1+0),31,978,130
1297,7,Moabit,1-Room Studio (1+0),31,871,130
1298,7,Moabit,1-Room Studio (1+0),33,909,130
1299,7,Moabit,1-Room Studio (1+0),36,982,130
1300,7,Moabit,1-Room Studio (1+0),31,799,130
1301,7,Moabit,1-Room Studio (1+0),44,1071,130
1302,7,Moabit,1-Room Studio (1+0),37,878,130
1303,7,Moabit,1-Room Studio (1+0),33,894,130
1304,7,Moabit,1-Room Studio (1+0),36,793,130
1305,7,Moabit,1-Room Studio (1+0),35,869,130
1306,7,Moabit,1-Room Studio (1+0),35,876,130
1307,7,Moabit,1-Room Studio (1+0),30,832,130
1308,7,Moabit,1-Room Studio (1+0),29,801,130
1309,7,Moabit,1-Room Studio (1+0),29,720,130
1310,7,Moabit,1-Room Studio (1+0),39,932,130
1311,7,Moabit,1-Room Studio (1+0),33,947,130
1312,7,Moabit,1-Room Studio (1+0),31,816,130
1313,7,Moabit,1-Room Studio (1+0),35,1005,130
1314,7,Moabit,1-Room Studio (1+0),29,821,130
1315,7,Moabit,1-Room Studio (1+0),26,752,130
1316,7,Moabit,1-Room Studio (1+0),34,869,130
1317,7,Moabit,1-Room Studio (1+0),32,800,130
1318,7,Moabit,1-Room Studio (1+0),34,983,130
1319,7,Moabit,1-Room Studio (1+0),29,793,130
1320,7,Moabit,1-Room Studio (1+0),36,1029,130
1321,7,Moabit,1-Room Studio (1+0),27,784,130
1322,7,Moabit,1-Room Studio (1+0),35,932,130
1323,7,Moabit,1-Room Studio (1+0),25,788,130
1324,7,Moabit,1-Room Studio (1+0),41,1053,130
1325,7,Moabit,1-Room Studio (1+0),29,799,130
1326,7,Moabit,1-Room Studio (1+0),42,1119,130
1327,7,Moabit,1-Room Studio (1+0),37,995,130
1328,7,Moabit,1-Room Studio (1+0),31,854,130
1329,7,Moabit,1-Room Studio (1+0),34,953,130
1330,7,Moabit,1-Room Studio (1+0),41,1113,130
1331,8,Neukölln,1-Room Studio (1+0),28,845,250
1332,8,Neukölln,1-Room Studio (1+0),37,1031,250
1333,8,Neukölln,1-Room Studio (1+0),31,1061,250
1334,8,Neukölln,1-Room Studio (1+0),28,767,250
1335,8,Neukölln,1-Room Studio (1+0),35,1085,250
1336,8,Neukölln,1-Room Studio (1+0),30,852,250
1337,8,Neukölln,1-Room Studio (1+0),39,1029,250
1338,8,Neukölln,1-Room Studio (1+0),32,938,250
1339,8,Neukölln,1-Room Studio (1+0),35,1020,250
1340,8,Neukölln,1-Room Studio (1+0),40,1066,250
1341,8,Neukölln,1-Room Studio (1+0),35,971,250
1342,8,Neukölln,1-Room Studio (1+0),36,979,250
1343,8,Neukölln,1-Room Studio (1+0),34,1012,250
1344,8,Neukölln,1-Room Studio (1+0),41,976,250
1345,8,Neukölln,1-Room Studio (1+0),34,899,250
1346,8,Neukölln,1-Room Studio (1+0),33,946,250
1347,8,Neukölln,1-Room Studio (1+0),37,987,250
1348,8,Neukölln,1-Room Studio (1+0),25,720,250
1349,8,Neukölln,1-Room Studio (1+0),38,848,250
1350,8,Neukölln,1-Room Studio (1+0),39,1061,250
1351,8,Neukölln,1-Room Studio (1+0),40,1036,250
1352,8,Neukölln,1-Room Studio (1+0),25,804,250
1353,8,Neukölln,1-Room Studio (1+0),40,1103,250
1354,8,Neukölln,1-Room Studio (1+0),31,891,250
1355,8,Neukölln,1-Room Studio (1+0),32,855,250
1356,8,Neukölln,1-Room Studio (1+0),38,940,250
1357,8,Neukölln,1-Room Studio (1+0),30,802,250
1358,8,Neukölln,1-Room Studio (1+0),27,823,250
1359,8,Neukölln,1-Room Studio (1+0),39,1019,250
1360,8,Neukölln,1-Room Studio (1+0),27,864,250
1361,8,Neukölln,1-Room Studio (1+0),42,1045,250
1362,8,Neukölln,1-Room Studio (1+0),32,935,250
1363,8,Neukölln,1-Room Studio (1+0),41,1035,250
1364,8,Neukölln,1-Room Studio (1+0),28,870,250
1365,8,Neukölln,1-Room Studio (1+0),38,1012,250
1366,8,Neukölln,1-Room Studio (1+0),31,946,250
1367,8,Neukölln,1-Room Studio (1+0),36,930,250
1368,8,Neukölln,1-Room Studio (1+0),34,859,250
1369,8,Neukölln,1-Room Studio (1+0),37,978,250
1370,8,Neukölln,1-Room Studio (1+0),32,902,250
1371,8,Neukölln,1-Room Studio (1+0),34,994,250
1372,8,Neukölln,1-Room Studio (1+0),37,985,250
1373,8,Neukölln,1-Room Studio (1+0),37,1018,250
1374,8,Neukölln,1-Room Studio (1+0),32,897,250
1375,8,Neukölln,1-Room Studio (1+0),33,952,250
1376,8,Neukölln,1-Room Studio (1+0),32,881,250
1377,8,Neukölln,1-Room Studio (1+0),43,1158,250
1378,8,Neukölln,1-Room Studio (1+0),31,920,250
1379,8,Neukölln,1-Room Studio (1+0),35,981,250
1380,8,Neukölln,1-Room Studio (1+0),35,1029,250
1381,8,Neukölln,1-Room Studio (1+0),36,972,250
1382,8,Neukölln,1-Room Studio (1+0),39,1044,250
1383,8,Neukölln,1-Room Studio (1+0),35,977,250
1384,8,Neukölln,1-Room Studio (1+0),34,941,250
1385,8,Neukölln,1-Room Studio (1+0),31,841,250
1386,8,Neukölln,1-Room Studio (1+0),30,784,250
1387,8,Neukölln,1-Room Studio (1+0),30,858,250
1388,8,Neukölln,1-Room Studio (1+0),34,924,250
1389,8,Neukölln,1-Room Studio (1+0),25,872,250
1390,8,Neukölln,1-Room Studio (1+0),39,1057,250
1391,8,Neukölln,1-Room Studio (1+0),43,1043,250
1392,8,Neukölln,1-Room Studio (1+0),42,1026,250
1393,8,Neukölln,1-Room Studio (1+0),35,882,250
1394,8,Neukölln,1-Room Studio (1+0),34,963,250
1395,8,Neukölln,1-Room Studio (1+0),33,965,250
1396,8,Neukölln,1-Room Studio (1+0),34,909,250
1397,8,Neukölln,1-Room Studio (1+0),31,935,250
1398,8,Neukölln,1-Room Studio (1+0),31,941,250
1399,8,Neukölln,1-Room Studio (1+0),40,948,250
1400,8,Neukölln,1-Room Studio (1+0),39,1154,250
1401,8,Neukölln,1-Room Studio (1+0),35,994,250
1402,8,Neukölln,1-Room Studio (1+0),39,1013,250
1403,8,Neukölln,1-Room Studio (1+0),35,879,250
1404,8,Neukölln,1-Room Studio (1+0),35,988,250
1405,8,Neukölln,1-Room Studio (1+0),36,1040,250
1406,8,Neukölln,1-Room Studio (1+0),31,854,250
1407,8,Neukölln,1-Room Studio (1+0),43,1093,250
1408,8,Neukölln,1-Room Studio (1+0),35,954,250
1409,8,Neukölln,1-Room Studio (1+0),30,965,250
1410,8,Neukölln,1-Room Studio (1+0),32,836,250
1411,8,Neukölln,1-Room Studio (1+0),32,784,250
1412,8,Neukölln,1-Room Studio (1+0),31,828,250
1413,8,Neukölln,1-Room Studio (1+0),37,954,250
1414,8,Neukölln,1-Room Studio (1+0),38,1096,250
1415,8,Neukölln,1-Room Studio (1+0),38,999,250
1416,8,Neukölln,1-Room Studio (1+0),35,867,250
1417,8,Neukölln,1-Room Studio (1+0),33,870,250
1418,8,Neukölln,1-Room Studio (1+0),37,1148,250
1419,8,Neukölln,1-Room Studio (1+0),36,857,250
1420,8,Neukölln,1-Room Studio (1+0),32,911,250
1421,8,Neukölln,1-Room Studio (1+0),34,896,250
1422,8,Neukölln,1-Room Studio (1+0),35,883,250
1423,8,Neukölln,1-Room Studio (1+0),30,907,250
1424,8,Neukölln,1-Room Studio (1+0),29,882,250
1425,8,Neukölln,1-Room Studio (1+0),28,938,250
1426,8,Neukölln,1-Room Studio (1+0),31,873,250
1427,8,Neukölln,1-Room Studio (1+0),35,924,250
1428,8,Neukölln,1-Room Studio (1+0),35,993,250
1429,8,Neukölln,1-Room Studio (1+0),38,1059,250
1430,8,Neukölln,1-Room Studio (1+0),33,913,250
1431,8,Neukölln,1-Room Studio (1+0),44,1177,250
1432,8,Neukölln,1-Room Studio (1+0),30,874,250
1433,8,Neukölln,1-Room Studio (1+0),32,896,250
1434,8,Neukölln,1-Room Studio (1+0),28,807,250
1435,8,Neukölln,1-Room Studio (1+0),42,1119,250
1436,8,Neukölln,1-Room Studio (1+0),25,851,250
1437,8,Neukölln,1-Room Studio (1+0),39,1008,250
1438,8,Neukölln,1-Room Studio (1+0),37,942,250
1439,8,Neukölln,1-Room Studio (1+0),32,994,250
1440,8,Neukölln,1-Room Studio (1+0),33,810,250
1441,8,Neukölln,1-Room Studio (1+0),34,935,250
1442,8,Neukölln,1-Room Studio (1+0),39,1031,250
1443,8,Neukölln,1-Room Studio (1+0),32,967,250
1444,8,Neukölln,1-Room Studio (1+0),35,913,250
1445,8,Neukölln,1-Room Studio (1+0),39,1042,250
1446,8,Neukölln,1-Room Studio (1+0),34,951,250
1447,8,Neukölln,1-Room Studio (1+0),29,818,250
1448,8,Neukölln,1-Room Studio (1+0),34,928,250
1449,8,Neukölln,1-Room Studio (1+0),40,1061,250
1450,8,Neukölln,1-Room Studio (1+0),38,1013,250
1451,8,Neukölln,1-Room Studio (1+0),39,1054,250
1452,8,Neukölln,1-Room Studio (1+0),34,939,250
1453,8,Neukölln,1-Room Studio (1+0),30,898,250
1454,8,Neukölln,1-Room Studio (1+0),34,910,250
1455,8,Neukölln,1-Room Studio (1+0),39,955,250
1456,8,Neukölln,1-Room Studio (1+0),32,966,250
1457,8,Neukölln,1-Room Studio (1+0),35,955,250
1458,8,Neukölln,1-Room Studio (1+0),35,969,250
1459,8,Neukölln,1-Room Studio (1+0),27,793,250
1460,8,Neukölln,1-Room Studio (1+0),41,1026,250
1461,8,Neukölln,1-Room Studio (1+0),33,890,250
1462,8,Neukölln,1-Room Studio (1+0),34,905,250
1463,8,Neukölln,1-Room Studio (1+0),36,988,250
1464,8,Neukölln,1-Room Studio (1+0),37,931,250
1465,8,Neukölln,1-Room Studio (1+0),32,890,250
1466,8,Neukölln,1-Room Studio (1+0),36,928,250
1467,8,Neukölln,1-Room Studio (1+0),38,1083,250
1468,8,Neukölln,1-Room Studio (1+0),30,839,250
1469,8,Neukölln,1-Room Studio (1+0),32,1062,250
1470,8,Neukölln,1-Room Studio (1+0),32,1005,250
1471,8,Neukölln,1-Room Studio (1+0),28,773,250
1472,8,Neukölln,1-Room Studio (1+0),31,835,250
1473,8,Neukölln,1-Room Studio (1+0),33,879,250
1474,8,Neukölln,1-Room Studio (1+0),30,938,250
1475,8,Neukölln,1-Room Studio (1+0),40,1105,250
1476,8,Neukölln,1-Room Studio (1+0),36,982,250
1477,8,Neukölln,1-Room Studio (1+0),32,847,250
1478,8,Neukölln,1-Room Studio (1+0),36,906,250
1479,8,Neukölln,1-Room Studio (1+0),30,937,250
1480,8,Neukölln,1-Room Studio (1+0),43,1126,250
1481,8,Neukölln,1-Room Studio (1+0),39,1015,250
1482,8,Neukölln,1-Room Studio (1+0),28,869,250
1483,8,Neukölln,1-Room Studio (1+0),37,998,250
1484,8,Neukölln,1-Room Studio (1+0),33,980,250
1485,8,Neukölln,1-Room Studio (1+0),30,822,250
1486,8,Neukölln,1-Room Studio (1+0),29,855,250
1487,8,Neukölln,1-Room Studio (1+0),29,809,250
1488,8,Neukölln,1-Room Studio (1+0),31,870,250
1489,8,Neukölln,1-Room Studio (1+0),27,819,250
1490,8,Neukölln,1-Room Studio (1+0),40,1056,250
1491,8,Neukölln,1-Room Studio (1+0),41,1146,250
1492,8,Neukölln,1-Room Studio (1+0),37,998,250
1493,8,Neukölln,1-Room Studio (1+0),34,986,250
1494,8,Neukölln,1-Room Studio (1+0),32,791,250
1495,8,Neukölln,1-Room Studio (1+0),36,908,250
1496,8,Neukölln,1-Room Studio (1+0),30,868,250
1497,8,Neukölln,1-Room Studio (1+0),34,855,250
1498,8,Neukölln,1-Room Studio (1+0),35,1016,250
1499,8,Neukölln,1-Room Studio (1+0),29,926,250
1500,8,Neukölln,1-Room Studio (1+0),27,941,250
1501,8,Neukölln,1-Room Studio (1+0),32,913,250
1502,8,Neukölln,1-Room Studio (1+0),25,774,250
1503,8,Neukölln,1-Room Studio (1+0),35,953,250
1504,8,Neukölln,1-Room Studio (1+0),31,829,250
1505,8,Neukölln,1-Room Studio (1+0),39,1032,250
1506,8,Neukölln,1-Room Studio (1+0),41,1034,250
1507,8,Neukölln,1-Room Studio (1+0),32,953,250
1508,8,Neukölln,1-Room Studio (1+0),27,741,250
1509,8,Neukölln,1-Room Studio (1+0),39,960,250
1510,8,Neukölln,1-Room Studio (1+0),26,908,250
1511,8,Neukölln,1-Room Studio (1+0),28,843,250
1512,8,Neukölln,1-Room Studio (1+0),34,771,250
1513,8,Neukölln,1-Room Studio (1+0),33,949,250
1514,8,Neukölln,1-Room Studio (1+0),36,1030,250
1515,8,Neukölln,1-Room Studio (1+0),32,947,250
1516,8,Neukölln,1-Room Studio (1+0),31,801,250
1517,8,Neukölln,1-Room Studio (1+0),28,744,250
1518,8,Neukölln,1-Room Studio (1+0),39,939,250
1519,8,Neukölln,1-Room Studio (1+0),35,942,250
1520,8,Neukölln,1-Room Studio (1+0),34,1022,250
1521,8,Neukölln,1-Room Studio (1+0),32,941,250
1522,8,Neukölln,1-Room Studio (1+0),34,931,250
1523,8,Neukölln,1-Room Studio (1+0),44,1034,250
1524,8,Neukölln,1-Room Studio (1+0),40,1087,250
1525,8,Neukölln,1-Room Studio (1+0),32,1002,250
1526,8,Neukölln,1-Room Studio (1+0),26,765,250
1527,8,Neukölln,1-Room Studio (1+0),29,875,250
1528,8,Neukölln,1-Room Studio (1+0),29,876,250
1529,8,Neukölln,1-Room Studio (1+0),33,893,250
1530,8,Neukölln,1-Room Studio (1+0),36,960,250
1531,8,Neukölln,1-Room Studio (1+0),29,1018,250
1532,8,Neukölln,1-Room Studio (1+0),32,771,250
1533,8,Neukölln,1-Room Studio (1+0),30,792,250
1534,8,Neukölln,1-Room Studio (1+0),38,1031,250
1535,8,Neukölln,1-Room Studio (1+0),36,954,250
1536,8,Neukölln,1-Room Studio (1+0),33,900,250
1537,8,Neukölln,1-Room Studio (1+0),34,990,250
1538,8,Neukölln,1-Room Studio (1+0),36,1006,250
1539,8,Neukölln,1-Room Studio (1+0),36,1029,250
1540,8,Neukölln,1-Room Studio (1+0),35,980,250
1541,8,Neukölln,1-Room Studio (1+0),39,990,250
1542,8,Neukölln,1-Room Studio (1+0),30,797,250
1543,8,Neukölln,1-Room Studio (1+0),35,847,250
1544,8,Neukölln,1-Room Studio (1+0),36,969,250
1545,8,Neukölln,1-Room Studio (1+0),39,990,250
1546,8,Neukölln,1-Room Studio (1+0),33,989,250
1547,8,Neukölln,1-Room Studio (1+0),40,1007,250
1548,8,Neukölln,1-Room Studio (1+0),35,976,250
1549,8,Neukölln,1-Room Studio (1+0),36,960,250
1550,8,Neukölln,1-Room Studio (1+0),40,935,250
1551,8,Neukölln,1-Room Studio (1+0),32,931,250
1552,8,Neukölln,1-Room Studio (1+0),36,1057,250
1553,8,Neukölln,1-Room Studio (1+0),39,1013,250
1554,8,Neukölln,1-Room Studio (1+0),40,1005,250
1555,8,Neukölln,1-Room Studio (1+0),38,1121,250
1556,8,Neukölln,1-Room Studio (1+0),39,1036,250
1557,8,Neukölln,1-Room Studio (1+0),33,830,250
1558,8,Neukölln,1-Room Studio (1+0),35,891,250
1559,8,Neukölln,1-Room Studio (1+0),30,797,250
1560,8,Neukölln,1-Room Studio (1+0),32,902,250
1561,8,Neukölln,1-Room Studio (1+0),35,922,250
1562,8,Neukölln,1-Room Studio (1+0),39,1018,250
1563,8,Neukölln,1-Room Studio (1+0),30,882,250
1564,8,Neukölln,1-Room Studio (1+0),43,1122,250
1565,8,Neukölln,1-Room Studio (1+0),32,812,250
1566,8,Neukölln,1-Room Studio (1+0),33,936,250
1567,8,Neukölln,1-Room Studio (1+0),32,804,250
1568,8,Neukölln,1-Room Studio (1+0),30,955,250
1569,8,Neukölln,1-Room Studio (1+0),40,995,250
1570,8,Neukölln,1-Room Studio (1+0),37,923,250
1571,8,Neukölln,1-Room Studio (1+0),40,1063,250
1572,8,Neukölln,1-Room Studio (1+0),38,909,250
1573,8,Neukölln,1-Room Studio (1+0),37,994,250
1574,8,Neukölln,1-Room Studio (1+0),38,1067,250
1575,8,Neukölln,1-Room Studio (1+0),34,904,250
1576,8,Neukölln,1-Room Studio (1+0),38,1008,250
1577,8,Neukölln,1-Room Studio (1+0),30,813,250
1578,8,Neukölln,1-Room Studio (1+0),27,783,250
1579,8,Neukölln,1-Room Studio (1+0),39,1041,250
1580,8,Neukölln,1-Room Studio (1+0),32,952,250
1581,9,Wedding,1-Room Studio (1+0),30,794,170
1582,9,Wedding,1-Room Studio (1+0),33,889,170
1583,9,Wedding,1-Room Studio (1+0),27,683,170
1584,9,Wedding,1-Room Studio (1+0),27,718,170
1585,9,Wedding,1-Room Studio (1+0),39,920,170
1586,9,Wedding,1-Room Studio (1+0),32,876,170
1587,9,Wedding,1-Room Studio (1+0),39,945,170
1588,9,Wedding,1-Room Studio (1+0),37,849,170
1589,9,Wedding,1-Room Studio (1+0),40,1097,170
1590,9,Wedding,1-Room Studio (1+0),36,771,170
1591,9,Wedding,1-Room Studio (1+0),31,843,170
1592,9,Wedding,1-Room Studio (1+0),32,900,170
1593,9,Wedding,1-Room Studio (1+0),37,872,170
1594,9,Wedding,1-Room Studio (1+0),34,806,170
1595,9,Wedding,1-Room Studio (1+0),33,809,170
1596,9,Wedding,1-Room Studio (1+0),39,1077,170
1597,9,Wedding,1-Room Studio (1+0),28,637,170
1598,9,Wedding,1-Room Studio (1+0),33,751,170
1599,9,Wedding,1-Room Studio (1+0),34,905,170
1600,9,Wedding,1-Room Studio (1+0),41,998,170
1601,9,Wedding,1-Room Studio (1+0),33,723,170
1602,9,Wedding,1-Room Studio (1+0),34,864,170
1603,9,Wedding,1-Room Studio (1+0),37,871,170
1604,9,Wedding,1-Room Studio (1+0),32,735,170
1605,9,Wedding,1-Room Studio (1+0),25,631,170
1606,9,Wedding,1-Room Studio (1+0),27,754,170
1607,9,Wedding,1-Room Studio (1+0),32,792,170
1608,9,Wedding,1-Room Studio (1+0),30,594,170
1609,9,Wedding,1-Room Studio (1+0),41,926,170
1610,9,Wedding,1-Room Studio (1+0),32,737,170
1611,9,Wedding,1-Room Studio (1+0),38,941,170
1612,9,Wedding,1-Room Studio (1+0),30,764,170
1613,9,Wedding,1-Room Studio (1+0),42,1000,170
1614,9,Wedding,1-Room Studio (1+0),33,786,170
1615,9,Wedding,1-Room Studio (1+0),25,688,170
1616,9,Wedding,1-Room Studio (1+0),35,944,170
1617,9,Wedding,1-Room Studio (1+0),25,630,170
1618,9,Wedding,1-Room Studio (1+0),31,806,170
1619,9,Wedding,1-Room Studio (1+0),33,835,170
1620,9,Wedding,1-Room Studio (1+0),36,842,170
1621,9,Wedding,1-Room Studio (1+0),38,958,170
1622,9,Wedding,1-Room Studio (1+0),33,938,170
1623,9,Wedding,1-Room Studio (1+0),41,1042,170
1624,9,Wedding,1-Room Studio (1+0),25,793,170
1625,9,Wedding,1-Room Studio (1+0),38,1052,170
1626,9,Wedding,1-Room Studio (1+0),40,1063,170
1627,9,Wedding,1-Room Studio (1+0),38,1013,170
1628,9,Wedding,1-Room Studio (1+0),43,1035,170
1629,9,Wedding,1-Room Studio (1+0),27,716,170
1630,9,Wedding,1-Room Studio (1+0),36,900,170
1631,9,Wedding,1-Room Studio (1+0),28,654,170
1632,9,Wedding,1-Room Studio (1+0),31,854,170
1633,9,Wedding,1-Room Studio (1+0),41,1041,170
1634,9,Wedding,1-Room Studio (1+0),39,945,170
1635,9,Wedding,1-Room Studio (1+0),26,689,170
1636,9,Wedding,1-Room Studio (1+0),33,812,170
1637,9,Wedding,1-Room Studio (1+0),34,886,170
1638,9,Wedding,1-Room Studio (1+0),38,915,170
1639,9,Wedding,1-Room Studio (1+0),25,669,170
1640,9,Wedding,1-Room Studio (1+0),34,933,170
1641,9,Wedding,1-Room Studio (1+0),31,837,170
1642,9,Wedding,1-Room Studio (1+0),35,881,170
1643,9,Wedding,1-Room Studio (1+0),38,892,170
1644,9,Wedding,1-Room Studio (1+0),31,805,170
1645,9,Wedding,1-Room Studio (1+0),31,836,170
1646,9,Wedding,1-Room Studio (1+0),31,820,170
1647,9,Wedding,1-Room Studio (1+0),34,873,170
1648,9,Wedding,1-Room Studio (1+0),32,804,170
1649,9,Wedding,1-Room Studio (1+0),34,872,170
1650,9,Wedding,1-Room Studio (1+0),34,962,170
1651,9,Wedding,1-Room Studio (1+0),30,784,170
1652,9,Wedding,1-Room Studio (1+0),27,756,170
1653,9,Wedding,1-Room Studio (1+0),29,753,170
1654,9,Wedding,1-Room Studio (1+0),32,841,170
1655,9,Wedding,1-Room Studio (1+0),32,788,170
1656,9,Wedding,1-Room Studio (1+0),40,985,170
1657,9,Wedding,1-Room Studio (1+0),31,791,170
1658,9,Wedding,1-Room Studio (1+0),41,972,170
1659,9,Wedding,1-Room Studio (1+0),31,765,170
1660,9,Wedding,1-Room Studio (1+0),32,788,170
1661,9,Wedding,1-Room Studio (1+0),28,685,170
1662,9,Wedding,1-Room Studio (1+0),30,823,170
1663,9,Wedding,1-Room Studio (1+0),32,812,170
1664,9,Wedding,1-Room Studio (1+0),40,1046,170
1665,9,Wedding,1-Room Studio (1+0),33,804,170
1666,9,Wedding,1-Room Studio (1+0),30,830,170
1667,9,Wedding,1-Room Studio (1+0),33,819,170
1668,9,Wedding,1-Room Studio (1+0),30,742,170
1669,9,Wedding,1-Room Studio (1+0),35,799,170
1670,9,Wedding,1-Room Studio (1+0),38,900,170
1671,9,Wedding,1-Room Studio (1+0),33,762,170
1672,9,Wedding,1-Room Studio (1+0),34,840,170
1673,9,Wedding,1-Room Studio (1+0),34,948,170
1674,9,Wedding,1-Room Studio (1+0),35,830,170
1675,9,Wedding,1-Room Studio (1+0),31,842,170
1676,9,Wedding,1-Room Studio (1+0),40,985,170
1677,9,Wedding,1-Room Studio (1+0),37,951,170
1678,9,Wedding,1-Room Studio (1+0),40,851,170
1679,9,Wedding,1-Room Studio (1+0),37,973,170
1680,9,Wedding,1-Room Studio (1+0),28,699,170
1681,9,Wedding,1-Room Studio (1+0),30,744,170
1682,9,Wedding,1-Room Studio (1+0),32,839,170
1683,9,Wedding,1-Room Studio (1+0),38,997,170
1684,9,Wedding,1-Room Studio (1+0),30,737,170
1685,9,Wedding,1-Room Studio (1+0),40,1007,170
1686,9,Wedding,1-Room Studio (1+0),34,888,170
1687,9,Wedding,1-Room Studio (1+0),34,891,170
1688,9,Wedding,1-Room Studio (1+0),32,840,170
1689,9,Wedding,1-Room Studio (1+0),27,693,170
1690,9,Wedding,1-Room Studio (1+0),31,784,170
1691,9,Wedding,1-Room Studio (1+0),30,756,170
1692,9,Wedding,1-Room Studio (1+0),27,767,170
1693,9,Wedding,1-Room Studio (1+0),34,758,170
1694,9,Wedding,1-Room Studio (1+0),30,808,170
1695,9,Wedding,1-Room Studio (1+0),32,782,170
1696,9,Wedding,1-Room Studio (1+0),34,881,170
1697,9,Wedding,1-Room Studio (1+0),28,785,170
1698,9,Wedding,1-Room Studio (1+0),30,787,170
1699,9,Wedding,1-Room Studio (1+0),34,828,170
1700,9,Wedding,1-Room Studio (1+0),29,753,170
1701,9,Wedding,1-Room Studio (1+0),41,904,170
1702,9,Wedding,1-Room Studio (1+0),42,988,170
1703,9,Wedding,1-Room Studio (1+0),34,795,170
1704,9,Wedding,1-Room Studio (1+0),31,776,170
1705,9,Wedding,1-Room Studio (1+0),29,757,170
1706,9,Wedding,1-Room Studio (1+0),32,935,170
1707,9,Wedding,1-Room Studio (1+0),29,776,170
1708,9,Wedding,1-Room Studio (1+0),35,814,170
1709,9,Wedding,1-Room Studio (1+0),37,890,170
1710,9,Wedding,1-Room Studio (1+0),25,738,170
1711,9,Wedding,1-Room Studio (1+0),29,707,170
1712,9,Wedding,1-Room Studio (1+0),37,893,170
1713,9,Wedding,1-Room Studio (1+0),38,1005,170
1714,9,Wedding,1-Room Studio (1+0),31,854,170
1715,9,Wedding,1-Room Studio (1+0),31,940,170
1716,9,Wedding,1-Room Studio (1+0),31,868,170
1717,9,Wedding,1-Room Studio (1+0),38,951,170
1718,9,Wedding,1-Room Studio (1+0),31,797,170
1719,9,Wedding,1-Room Studio (1+0),25,711,170
1720,9,Wedding,1-Room Studio (1+0),36,904,170
1721,9,Wedding,1-Room Studio (1+0),25,622,170
1722,9,Wedding,1-Room Studio (1+0),31,823,170
1723,9,Wedding,1-Room Studio (1+0),35,868,170
1724,9,Wedding,1-Room Studio (1+0),37,852,170
1725,9,Wedding,1-Room Studio (1+0),37,942,170
1726,9,Wedding,1-Room Studio (1+0),36,885,170
1727,9,Wedding,1-Room Studio (1+0),42,1034,170
1728,9,Wedding,1-Room Studio (1+0),30,803,170
1729,9,Wedding,1-Room Studio (1+0),37,879,170
1730,9,Wedding,1-Room Studio (1+0),39,973,170
1731,9,Wedding,1-Room Studio (1+0),25,716,170
1732,9,Wedding,1-Room Studio (1+0),32,856,170
1733,9,Wedding,1-Room Studio (1+0),38,944,170
1734,9,Wedding,1-Room Studio (1+0),41,975,170
1735,9,Wedding,1-Room Studio (1+0),37,962,170
1736,9,Wedding,1-Room Studio (1+0),34,907,170
1737,9,Wedding,1-Room Studio (1+0),31,781,170
1738,9,Wedding,1-Room Studio (1+0),28,766,170
1739,9,Wedding,1-Room Studio (1+0),35,949,170
1740,9,Wedding,1-Room Studio (1+0),38,915,170
1741,9,Wedding,1-Room Studio (1+0),29,796,170
1742,9,Wedding,1-Room Studio (1+0),39,995,170
1743,9,Wedding,1-Room Studio (1+0),39,937,170
1744,9,Wedding,1-Room Studio (1+0),32,780,170
1745,9,Wedding,1-Room Studio (1+0),34,855,170
1746,9,Wedding,1-Room Studio (1+0),35,870,170
1747,9,Wedding,1-Room Studio (1+0),33,795,170
1748,9,Wedding,1-Room Studio (1+0),38,937,170
1749,9,Wedding,1-Room Studio (1+0),33,797,170
1750,9,Wedding,1-Room Studio (1+0),28,830,170
1751,10,Pankow,1-Room Studio (1+0),36,829,110
1752,10,Pankow,1-Room Studio (1+0),37,999,110
1753,10,Pankow,1-Room Studio (1+0),35,1004,110
1754,10,Pankow,1-Room Studio (1+0),35,823,110
1755,10,Pankow,1-Room Studio (1+0),36,941,110
1756,10,Pankow,1-Room Studio (1+0),31,870,110
1757,10,Pankow,1-Room Studio (1+0),26,805,110
1758,10,Pankow,1-Room Studio (1+0),30,759,110
1759,10,Pankow,1-Room Studio (1+0),33,898,110
1760,10,Pankow,1-Room Studio (1+0),35,863,110
1761,10,Pankow,1-Room Studio (1+0),32,786,110
1762,10,Pankow,1-Room Studio (1+0),33,937,110
1763,10,Pankow,1-Room Studio (1+0),34,942,110
1764,10,Pankow,1-Room Studio (1+0),41,981,110
1765,10,Pankow,1-Room Studio (1+0),33,1002,110
1766,10,Pankow,1-Room Studio (1+0),40,898,110
1767,10,Pankow,1-Room Studio (1+0),36,926,110
1768,10,Pankow,1-Room Studio (1+0),38,917,110
1769,10,Pankow,1-Room Studio (1+0),30,777,110
1770,10,Pankow,1-Room Studio (1+0),31,885,110
1771,10,Pankow,1-Room Studio (1+0),29,763,110
1772,10,Pankow,1-Room Studio (1+0),26,806,110
1773,10,Pankow,1-Room Studio (1+0),40,978,110
1774,10,Pankow,1-Room Studio (1+0),33,899,110
1775,10,Pankow,1-Room Studio (1+0),41,1041,110
1776,10,Pankow,1-Room Studio (1+0),31,739,110
1777,10,Pankow,1-Room Studio (1+0),29,804,110
1778,10,Pankow,1-Room Studio (1+0),31,848,110
1779,10,Pankow,1-Room Studio (1+0),32,791,110
1780,10,Pankow,1-Room Studio (1+0),29,894,110
1781,10,Pankow,1-Room Studio (1+0),38,1066,110
1782,10,Pankow,1-Room Studio (1+0),36,900,110
1783,10,Pankow,1-Room Studio (1+0),40,996,110
1784,10,Pankow,1-Room Studio (1+0),35,905,110
1785,10,Pankow,1-Room Studio (1+0),25,824,110
1786,10,Pankow,1-Room Studio (1+0),36,946,110
1787,10,Pankow,1-Room Studio (1+0),34,900,110
1788,10,Pankow,1-Room Studio (1+0),31,873,110
1789,10,Pankow,1-Room Studio (1+0),28,793,110
1790,10,Pankow,1-Room Studio (1+0),37,932,110
1791,10,Pankow,1-Room Studio (1+0),36,867,110
1792,10,Pankow,1-Room Studio (1+0),30,832,110
1793,10,Pankow,1-Room Studio (1+0),37,832,110
1794,10,Pankow,1-Room Studio (1+0),36,893,110
1795,10,Pankow,1-Room Studio (1+0),33,792,110
1796,10,Pankow,1-Room Studio (1+0),30,876,110
1797,10,Pankow,1-Room Studio (1+0),34,867,110
1798,10,Pankow,1-Room Studio (1+0),33,901,110
1799,10,Pankow,1-Room Studio (1+0),36,921,110
1800,10,Pankow,1-Room Studio (1+0),39,1038,110
1801,10,Pankow,1-Room Studio (1+0),36,929,110
1802,10,Pankow,1-Room Studio (1+0),37,963,110
1803,10,Pankow,1-Room Studio (1+0),39,1034,110
1804,10,Pankow,1-Room Studio (1+0),29,735,110
1805,10,Pankow,1-Room Studio (1+0),31,895,110
1806,10,Pankow,1-Room Studio (1+0),27,788,110
1807,10,Pankow,1-Room Studio (1+0),36,996,110
1808,10,Pankow,1-Room Studio (1+0),35,827,110
1809,10,Pankow,1-Room Studio (1+0),30,747,110
1810,10,Pankow,1-Room Studio (1+0),32,843,110
1811,10,Pankow,1-Room Studio (1+0),29,888,110
1812,10,Pankow,1-Room Studio (1+0),28,863,110
1813,10,Pankow,1-Room Studio (1+0),39,1034,110
1814,10,Pankow,1-Room Studio (1+0),31,857,110
1815,10,Pankow,1-Room Studio (1+0),28,837,110
1816,10,Pankow,1-Room Studio (1+0),34,865,110
1817,10,Pankow,1-Room Studio (1+0),28,633,110
1818,10,Pankow,1-Room Studio (1+0),29,867,110
1819,10,Pankow,1-Room Studio (1+0),32,844,110
1820,10,Pankow,1-Room Studio (1+0),37,1052,110
1821,10,Pankow,1-Room Studio (1+0),40,940,110
1822,10,Pankow,1-Room Studio (1+0),25,870,110
1823,10,Pankow,1-Room Studio (1+0),44,1081,110
1824,10,Pankow,1-Room Studio (1+0),28,840,110
1825,10,Pankow,1-Room Studio (1+0),34,883,110
1826,10,Pankow,1-Room Studio (1+0),38,982,110
1827,10,Pankow,1-Room Studio (1+0),29,781,110
1828,10,Pankow,1-Room Studio (1+0),37,975,110
1829,10,Pankow,1-Room Studio (1+0),35,964,110
1830,10,Pankow,1-Room Studio (1+0),32,865,110
1831,10,Pankow,1-Room Studio (1+0),25,701,110
1832,10,Pankow,1-Room Studio (1+0),37,921,110
1833,10,Pankow,1-Room Studio (1+0),32,792,110
1834,10,Pankow,1-Room Studio (1+0),39,1013,110
1835,10,Pankow,1-Room Studio (1+0),38,858,110
1836,10,Pankow,1-Room Studio (1+0),33,855,110
1837,10,Pankow,1-Room Studio (1+0),33,835,110
1838,10,Pankow,1-Room Studio (1+0),32,905,110
1839,10,Pankow,1-Room Studio (1+0),25,835,110
1840,10,Pankow,1-Room Studio (1+0),36,923,110
1841,10,Pankow,1-Room Studio (1+0),38,875,110
1842,10,Pankow,1-Room Studio (1+0),31,829,110
1843,10,Pankow,1-Room Studio (1+0),40,995,110
1844,10,Pankow,1-Room Studio (1+0),36,891,110
1845,10,Pankow,1-Room Studio (1+0),36,1027,110
1846,10,Pankow,1-Room Studio (1+0),38,957,110
1847,10,Pankow,1-Room Studio (1+0),37,979,110
1848,10,Pankow,1-Room Studio (1+0),36,993,110
1849,10,Pankow,1-Room Studio (1+0),39,972,110
1850,10,Pankow,1-Room Studio (1+0),37,921,110
1851,10,Pankow,1-Room Studio (1+0),30,802,110
1852,10,Pankow,1-Room Studio (1+0),34,790,110
1853,10,Pankow,1-Room Studio (1+0),38,796,110
1854,10,Pankow,1-Room Studio (1+0),44,1160,110
1855,10,Pankow,1-Room Studio (1+0),33,873,110
1856,10,Pankow,1-Room Studio (1+0),35,873,110
1857,10,Pankow,1-Room Studio (1+0),35,899,110
1858,10,Pankow,1-Room Studio (1+0),34,901,110
1859,10,Pankow,1-Room Studio (1+0),28,784,110
1860,10,Pankow,1-Room Studio (1+0),35,916,110
1861,11,Steglitz,1-Room Studio (1+0),33,920,100
1862,11,Steglitz,1-Room Studio (1+0),32,848,100
1863,11,Steglitz,1-Room Studio (1+0),40,973,100
1864,11,Steglitz,1-Room Studio (1+0),35,882,100
1865,11,Steglitz,1-Room Studio (1+0),40,963,100
1866,11,Steglitz,1-Room Studio (1+0),40,972,100
1867,11,Steglitz,1-Room Studio (1+0),30,839,100
1868,11,Steglitz,1-Room Studio (1+0),33,889,100
1869,11,Steglitz,1-Room Studio (1+0),25,708,100
1870,11,Steglitz,1-Room Studio (1+0),32,770,100
1871,11,Steglitz,1-Room Studio (1+0),32,800,100
1872,11,Steglitz,1-Room Studio (1+0),34,788,100
1873,11,Steglitz,1-Room Studio (1+0),35,970,100
1874,11,Steglitz,1-Room Studio (1+0),35,937,100
1875,11,Steglitz,1-Room Studio (1+0),39,1034,100
1876,11,Steglitz,1-Room Studio (1+0),42,984,100
1877,11,Steglitz,1-Room Studio (1+0),31,863,100
1878,11,Steglitz,1-Room Studio (1+0),37,971,100
1879,11,Steglitz,1-Room Studio (1+0),43,1033,100
1880,11,Steglitz,1-Room Studio (1+0),36,847,100
1881,11,Steglitz,1-Room Studio (1+0),44,1030,100
1882,11,Steglitz,1-Room Studio (1+0),33,831,100
1883,11,Steglitz,1-Room Studio (1+0),31,772,100
1884,11,Steglitz,1-Room Studio (1+0),32,752,100
1885,11,Steglitz,1-Room Studio (1+0),30,915,100
1886,11,Steglitz,1-Room Studio (1+0),37,980,100
1887,11,Steglitz,1-Room Studio (1+0),39,1070,100
1888,11,Steglitz,1-Room Studio (1+0),26,652,100
1889,11,Steglitz,1-Room Studio (1+0),30,770,100
1890,11,Steglitz,1-Room Studio (1+0),33,825,100
1891,11,Steglitz,1-Room Studio (1+0),35,890,100
1892,11,Steglitz,1-Room Studio (1+0),31,685,100
1893,11,Steglitz,1-Room Studio (1+0),30,765,100
1894,11,Steglitz,1-Room Studio (1+0),33,784,100
1895,11,Steglitz,1-Room Studio (1+0),32,766,100
1896,11,Steglitz,1-Room Studio (1+0),33,788,100
1897,11,Steglitz,1-Room Studio (1+0),30,719,100
1898,11,Steglitz,1-Room Studio (1+0),33,800,100
1899,11,Steglitz,1-Room Studio (1+0),38,966,100
1900,11,Steglitz,1-Room Studio (1+0),34,822,100
1901,11,Steglitz,1-Room Studio (1+0),36,947,100
1902,11,Steglitz,1-Room Studio (1+0),35,984,100
1903,11,Steglitz,1-Room Studio (1+0),36,961,100
1904,11,Steglitz,1-Room Studio (1+0),35,929,100
1905,11,Steglitz,1-Room Studio (1+0),30,770,100
1906,11,Steglitz,1-Room Studio (1+0),36,927,100
1907,11,Steglitz,1-Room Studio (1+0),36,972,100
1908,11,Steglitz,1-Room Studio (1+0),28,704,100
1909,11,Steglitz,1-Room Studio (1+0),35,845,100
1910,11,Steglitz,1-Room Studio (1+0),44,1081,100
1911,11,Steglitz,1-Room Studio (1+0),34,839,100
1912,11,Steglitz,1-Room Studio (1+0),32,836,100
1913,11,Steglitz,1-Room Studio (1+0),35,861,100
1914,11,Steglitz,1-Room Studio (1+0),33,933,100
1915,11,Steglitz,1-Room Studio (1+0),40,993,100
1916,11,Steglitz,1-Room Studio (1+0),28,794,100
1917,11,Steglitz,1-Room Studio (1+0),41,1078,100
1918,11,Steglitz,1-Room Studio (1+0),37,1009,100
1919,11,Steglitz,1-Room Studio (1+0),34,908,100
1920,11,Steglitz,1-Room Studio (1+0),31,834,100
1921,11,Steglitz,1-Room Studio (1+0),40,943,100
1922,11,Steglitz,1-Room Studio (1+0),30,804,100
1923,11,Steglitz,1-Room Studio (1+0),33,891,100
1924,11,Steglitz,1-Room Studio (1+0),32,937,100
1925,11,Steglitz,1-Room Studio (1+0),28,837,100
1926,11,Steglitz,1-Room Studio (1+0),31,708,100
1927,11,Steglitz,1-Room Studio (1+0),35,873,100
1928,11,Steglitz,1-Room Studio (1+0),29,679,100
1929,11,Steglitz,1-Room Studio (1+0),34,929,100
1930,11,Steglitz,1-Room Studio (1+0),37,927,100
1931,11,Steglitz,1-Room Studio (1+0),36,904,100
1932,11,Steglitz,1-Room Studio (1+0),28,677,100
1933,11,Steglitz,1-Room Studio (1+0),33,842,100
1934,11,Steglitz,1-Room Studio (1+0),38,987,100
1935,11,Steglitz,1-Room Studio (1+0),37,907,100
1936,11,Steglitz,1-Room Studio (1+0),28,787,100
1937,11,Steglitz,1-Room Studio (1+0),36,763,100
1938,11,Steglitz,1-Room Studio (1+0),30,757,100
1939,11,Steglitz,1-Room Studio (1+0),35,840,100
1940,11,Steglitz,1-Room Studio (1+0),34,857,100
1941,11,Steglitz,1-Room Studio (1+0),33,809,100
1942,11,Steglitz,1-Room Studio (1+0),31,751,100
1943,11,Steglitz,1-Room Studio (1+0),36,940,100
1944,11,Steglitz,1-Room Studio (1+0),31,907,100
1945,11,Steglitz,1-Room Studio (1+0),33,944,100
1946,11,Steglitz,1-Room Studio (1+0),31,694,100
1947,11,Steglitz,1-Room Studio (1+0),36,921,100
1948,11,Steglitz,1-Room Studio (1+0),34,831,100
1949,11,Steglitz,1-Room Studio (1+0),34,839,100
1950,11,Steglitz,1-Room Studio (1+0),33,902,100
1951,11,Steglitz,1-Room Studio (1+0),35,925,100
1952,11,Steglitz,1-Room Studio (1+0),33,831,100
1953,11,Steglitz,1-Room Studio (1+0),29,758,100
1954,11,Steglitz,1-Room Studio (1+0),25,673,100
1955,11,Steglitz,1-Room Studio (1+0),34,904,100
1956,11,Steglitz,1-Room Studio (1+0),33,873,100
1957,11,Steglitz,1-Room Studio (1+0),25,705,100
1958,11,Steglitz,1-Room Studio (1+0),26,654,100
1959,11,Steglitz,1-Room Studio (1+0),33,929,100
1960,11,Steglitz,1-Room Studio (1+0),36,907,100
1961,12,Lichtenberg,1-Room Studio (1+0),34,767,120
1962,12,Lichtenberg,1-Room Studio (1+0),32,800,120
1963,12,Lichtenberg,1-Room Studio (1+0),28,738,120
1964,12,Lichtenberg,1-Room Studio (1+0),32,824,120
1965,12,Lichtenberg,1-Room Studio (1+0),38,782,120
1966,12,Lichtenberg,1-Room Studio (1+0),31,705,120
1967,12,Lichtenberg,1-Room Studio (1+0),26,604,120
1968,12,Lichtenberg,1-Room Studio (1+0),44,1027,120
1969,12,Lichtenberg,1-Room Studio (1+0),43,1022,120
1970,12,Lichtenberg,1-Room Studio (1+0),31,733,120
1971,12,Lichtenberg,1-Room Studio (1+0),37,890,120
1972,12,Lichtenberg,1-Room Studio (1+0),31,665,120
1973,12,Lichtenberg,1-Room Studio (1+0),44,982,120
1974,12,Lichtenberg,1-Room Studio (1+0),33,799,120
1975,12,Lichtenberg,1-Room Studio (1+0),33,799,120
1976,12,Lichtenberg,1-Room Studio (1+0),40,911,120
1977,12,Lichtenberg,1-Room Studio (1+0),29,710,120
1978,12,Lichtenberg,1-Room Studio (1+0),32,859,120
1979,12,Lichtenberg,1-Room Studio (1+0),39,906,120
1980,12,Lichtenberg,1-Room Studio (1+0),28,628,120
1981,12,Lichtenberg,1-Room Studio (1+0),34,830,120
1982,12,Lichtenberg,1-Room Studio (1+0),32,745,120
1983,12,Lichtenberg,1-Room Studio (1+0),31,755,120
1984,12,Lichtenberg,1-Room Studio (1+0),25,582,120
1985,12,Lichtenberg,1-Room Studio (1+0),31,828,120
1986,12,Lichtenberg,1-Room Studio (1+0),30,749,120
1987,12,Lichtenberg,1-Room Studio (1+0),35,906,120
1988,12,Lichtenberg,1-Room Studio (1+0),40,915,120
1989,12,Lichtenberg,1-Room Studio (1+0),32,734,120
1990,12,Lichtenberg,1-Room Studio (1+0),33,766,120
1991,12,Lichtenberg,1-Room Studio (1+0),36,871,120
1992,12,Lichtenberg,1-Room Studio (1+0),37,940,120
1993,12,Lichtenberg,1-Room Studio (1+0),42,961,120
1994,12,Lichtenberg,1-Room Studio (1+0),39,879,120
1995,12,Lichtenberg,1-Room Studio (1+0),39,964,120
1996,12,Lichtenberg,1-Room Studio (1+0),39,906,120
1997,12,Lichtenberg,1-Room Studio (1+0),31,672,120
1998,12,Lichtenberg,1-Room Studio (1+0),34,902,120
1999,12,Lichtenberg,1-Room Studio (1+0),33,839,120
2000,12,Lichtenberg,1-Room Studio (1+0),38,865,120
2001,12,Lichtenberg,1-Room Studio (1+0),40,743,120
2002,12,Lichtenberg,1-Room Studio (1+0),28,647,120
2003,12,Lichtenberg,1-Room Studio (1+0),30,758,120
2004,12,Lichtenberg,1-Room Studio (1+0),35,852,120
2005,12,Lichtenberg,1-Room Studio (1+0),37,807,120
2006,12,Lichtenberg,1-Room Studio (1+0),29,744,120
2007,12,Lichtenberg,1-Room Studio (1+0),31,662,120
2008,12,Lichtenberg,1-Room Studio (1+0),38,966,120
2009,12,Lichtenberg,1-Room Studio (1+0),41,947,120
2010,12,Lichtenberg,1-Room Studio (1+0),37,946,120
2011,12,Lichtenberg,1-Room Studio (1+0),31,823,120
2012,12,Lichtenberg,1-Room Studio (1+0),35,883,120
2013,12,Lichtenberg,1-Room Studio (1+0),35,906,120
2014,12,Lichtenberg,1-Room Studio (1+0),35,739,120
2015,12,Lichtenberg,1-Room Studio (1+0),41,879,120
2016,12,Lichtenberg,1-Room Studio (1+0),40,913,120
2017,12,Lichtenberg,1-Room Studio (1+0),39,968,120
2018,12,Lichtenberg,1-Room Studio (1+0),36,877,120
2019,12,Lichtenberg,1-Room Studio (1+0),36,725,120
2020,12,Lichtenberg,1-Room Studio (1+0),35,761,120
2021,12,Lichtenberg,1-Room Studio (1+0),35,759,120
2022,12,Lichtenberg,1-Room Studio (1+0),29,816,120
2023,12,Lichtenberg,1-Room Studio (1+0),39,900,120
2024,12,Lichtenberg,1-Room Studio (1+0),35,813,120
2025,12,Lichtenberg,1-Room Studio (1+0),37,823,120
2026,12,Lichtenberg,1-Room Studio (1+0),38,867,120
2027,12,Lichtenberg,1-Room Studio (1+0),32,775,120
2028,12,Lichtenberg,1-Room Studio (1+0),31,776,120
2029,12,Lichtenberg,1-Room Studio (1+0),32,802,120
2030,12,Lichtenberg,1-Room Studio (1+0),39,857,120
2031,12,Lichtenberg,1-Room Studio (1+0),33,820,120
2032,12,Lichtenberg,1-Room Studio (1+0),32,802,120
2033,12,Lichtenberg,1-Room Studio (1+0),36,911,120
2034,12,Lichtenberg,1-Room Studio (1+0),31,699,120
2035,12,Lichtenberg,1-Room Studio (1+0),33,734,120
2036,12,Lichtenberg,1-Room Studio (1+0),37,794,120
2037,12,Lichtenberg,1-Room Studio (1+0),44,1068,120
2038,12,Lichtenberg,1-Room Studio (1+0),34,862,120
2039,12,Lichtenberg,1-Room Studio (1+0),27,835,120
2040,12,Lichtenberg,1-Room Studio (1+0),31,749,120
2041,12,Lichtenberg,1-Room Studio (1+0),26,695,120
2042,12,Lichtenberg,1-Room Studio (1+0),29,726,120
2043,12,Lichtenberg,1-Room Studio (1+0),32,709,120
2044,12,Lichtenberg,1-Room Studio (1+0),30,752,120
2045,12,Lichtenberg,1-Room Studio (1+0),28,657,120
2046,12,Lichtenberg,1-Room Studio (1+0),37,1020,120
2047,12,Lichtenberg,1-Room Studio (1+0),36,791,120
2048,12,Lichtenberg,1-Room Studio (1+0),32,776,120
2049,12,Lichtenberg,1-Room Studio (1+0),32,828,120
2050,12,Lichtenberg,1-Room Studio (1+0),35,882,120
2051,12,Lichtenberg,1-Room Studio (1+0),33,872,120
2052,12,Lichtenberg,1-Room Studio (1+0),33,734,120
2053,12,Lichtenberg,1-Room Studio (1+0),44,881,120
2054,12,Lichtenberg,1-Room Studio (1+0),31,718,120
2055,12,Lichtenberg,1-Room Studio (1+0),44,1098,120
2056,12,Lichtenberg,1-Room Studio (1+0),41,916,120
2057,12,Lichtenberg,1-Room Studio (1+0),44,1012,120
2058,12,Lichtenberg,1-Room Studio (1+0),38,893,120
2059,12,Lichtenberg,1-Room Studio (1+0),34,795,120
2060,12,Lichtenberg,1-Room Studio (1+0),33,829,120
2061,12,Lichtenberg,1-Room Studio (1+0),36,844,120
2062,12,Lichtenberg,1-Room Studio (1+0),41,758,120
2063,12,Lichtenberg,1-Room Studio (1+0),36,889,120
2064,12,Lichtenberg,1-Room Studio (1+0),39,896,120
2065,12,Lichtenberg,1-Room Studio (1+0),35,887,120
2066,12,Lichtenberg,1-Room Studio (1+0),41,918,120
2067,12,Lichtenberg,1-Room Studio (1+0),35,929,120
2068,12,Lichtenberg,1-Room Studio (1+0),25,607,120
2069,12,Lichtenberg,1-Room Studio (1+0),41,1002,120
2070,12,Lichtenberg,1-Room Studio (1+0),36,819,120
2071,12,Lichtenberg,1-Room Studio (1+0),30,703,120
2072,12,Lichtenberg,1-Room Studio (1+0),41,898,120
2073,12,Lichtenberg,1-Room Studio (1+0),34,765,120
2074,12,Lichtenberg,1-Room Studio (1+0),38,850,120
2075,12,Lichtenberg,1-Room Studio (1+0),34,709,120
2076,12,Lichtenberg,1-Room Studio (1+0),27,684,120
2077,12,Lichtenberg,1-Room Studio (1+0),28,828,120
2078,12,Lichtenberg,1-Room Studio (1+0),25,600,120
2079,12,Lichtenberg,1-Room Studio (1+0),34,788,120
2080,12,Lichtenberg,1-Room Studio (1+0),29,663,120
