id,district_id,district_name,property_type,size_sqm,total_monthly_rent_eur,sample_size_analyzed
1,1,Mitte,1-Bedroom Flat (1+1 / 1+2),52,1494,480
2,1,Mitte,1-Bedroom Flat (1+1 / 1+2),82,2007,480
3,1,Mitte,1-Bedroom Flat (1+1 / 1+2),74,1918,480
4,1,Mitte,1-Bedroom Flat (1+1 / 1+2),73,1604,480
5,1,Mitte,1-Bedroom Flat (1+1 / 1+2),59,1750,480
6,1,Mitte,1-Bedroom Flat (1+1 / 1+2),56,1743,480
7,1,Mitte,1-Bedroom Flat (1+1 / 1+2),77,1878,480
8,1,Mitte,1-Bedroom Flat (1+1 / 1+2),57,1509,480
9,1,Mitte,1-Bedroom Flat (1+1 / 1+2),56,1473,480
10,1,Mitte,1-Bedroom Flat (1+1 / 1+2),66,1613,480
11,1,Mitte,1-Bedroom Flat (1+1 / 1+2),68,1833,480
12,1,Mitte,1-Bedroom Flat (1+1 / 1+2),45,1547,480
13,1,Mitte,1-Bedroom Flat (1+1 / 1+2),67,1827,480
14,1,Mitte,1-Bedroom Flat (1+1 / 1+2),54,1608,480
15,1,Mitte,1-Bedroom Flat (1+1 / 1+2),73,1847,480
16,1,Mitte,1-Bedroom Flat (1+1 / 1+2),82,2004,480
17,1,Mitte,1-Bedroom Flat (1+1 / 1+2),73,1882,480
18,1,Mitte,1-Bedroom Flat (1+1 / 1+2),68,1626,480
19,1,Mitte,1-Bedroom Flat (1+1 / 1+2),66,1678,480
20,1,Mitte,1-Bedroom Flat (1+1 / 1+2),54,1709,480
21,1,Mitte,1-Bedroom Flat (1+1 / 1+2),60,1558,480
22,1,Mitte,1-Bedroom Flat (1+1 / 1+2),58,1499,480
23,1,Mitte,1-Bedroom Flat (1+1 / 1+2),76,1841,480
24,1,Mitte,1-Bedroom Flat (1+1 / 1+2),67,1882,480
25,1,Mitte,1-Bedroom Flat (1+1 / 1+2),57,1648,480
26,1,Mitte,1-Bedroom Flat (1+1 / 1+2),52,1740,480
27,1,Mitte,1-Bedroom Flat (1+1 / 1+2),71,1807,480
28,1,Mitte,1-Bedroom Flat (1+1 / 1+2),54,1542,480
29,1,Mitte,1-Bedroom Flat (1+1 / 1+2),59,1808,480
30,1,Mitte,1-Bedroom Flat (1+1 / 1+2),50,1500,480
31,1,Mitte,1-Bedroom Flat (1+1 / 1+2),62,1669,480
32,1,Mitte,1-Bedroom Flat (1+1 / 1+2),61,1654,480
33,1,Mitte,1-Bedroom Flat (1+1 / 1+2),71,1879,480
34,1,Mitte,1-Bedroom Flat (1+1 / 1+2),66,1471,480
35,1,Mitte,1-Bedroom Flat (1+1 / 1+2),65,1579,480
36,1,Mitte,1-Bedroom Flat (1+1 / 1+2),68,1909,480
37,1,Mitte,1-Bedroom Flat (1+1 / 1+2),53,1512,480
38,1,Mitte,1-Bedroom Flat (1+1 / 1+2),56,1695,480
39,1,Mitte,1-Bedroom Flat (1+1 / 1+2),63,1852,480
40,1,Mitte,1-Bedroom Flat (1+1 / 1+2),66,1766,480
41,1,Mitte,1-Bedroom Flat (1+1 / 1+2),63,1770,480
42,1,Mitte,1-Bedroom Flat (1+1 / 1+2),45,1416,480
43,1,Mitte,1-Bedroom Flat (1+1 / 1+2),61,1729,480
44,1,Mitte,1-Bedroom Flat (1+1 / 1+2),60,1555,480
45,1,Mitte,1-Bedroom Flat (1+1 / 1+2),62,1583,480
46,1,Mitte,1-Bedroom Flat (1+1 / 1+2),45,1473,480
47,1,Mitte,1-Bedroom Flat (1+1 / 1+2),68,1818,480
48,1,Mitte,1-Bedroom Flat (1+1 / 1+2),75,1828,480
49,1,Mitte,1-Bedroom Flat (1+1 / 1+2),48,1450,480
50,1,Mitte,1-Bedroom Flat (1+1 / 1+2),59,1556,480
51,1,Mitte,1-Bedroom Flat (1+1 / 1+2),61,1609,480
52,1,Mitte,1-Bedroom Flat (1+1 / 1+2),45,1368,480
53,1,Mitte,1-Bedroom Flat (1+1 / 1+2),51,1525,480
54,1,Mitte,1-Bedroom Flat (1+1 / 1+2),55,1668,480
55,1,Mitte,1-Bedroom Flat (1+1 / 1+2),78,1997,480
56,1,Mitte,1-Bedroom Flat (1+1 / 1+2),46,1559,480
57,1,Mitte,1-Bedroom Flat (1+1 / 1+2),78,1938,480
58,1,Mitte,1-Bedroom Flat (1+1 / 1+2),75,1838,480
59,1,Mitte,1-Bedroom Flat (1+1 / 1+2),45,1340,480
60,1,Mitte,1-Bedroom Flat (1+1 / 1+2),79,1818,480
61,1,Mitte,1-Bedroom Flat (1+1 / 1+2),62,1683,480
62,1,Mitte,1-Bedroom Flat (1+1 / 1+2),57,1560,480
63,1,Mitte,1-Bedroom Flat (1+1 / 1+2),63,1645,480
64,1,Mitte,1-Bedroom Flat (1+1 / 1+2),48,1475,480
65,1,Mitte,1-Bedroom Flat (1+1 / 1+2),73,1934,480
66,1,Mitte,1-Bedroom Flat (1+1 / 1+2),54,1439,480
67,1,Mitte,1-Bedroom Flat (1+1 / 1+2),59,1773,480
68,1,Mitte,1-Bedroom Flat (1+1 / 1+2),68,1839,480
69,1,Mitte,1-Bedroom Flat (1+1 / 1+2),71,1862,480
70,1,Mitte,1-Bedroom Flat (1+1 / 1+2),63,1756,480
71,1,Mitte,1-Bedroom Flat (1+1 / 1+2),57,1473,480
72,1,Mitte,1-Bedroom Flat (1+1 / 1+2),69,1903,480
73,1,Mitte,1-Bedroom Flat (1+1 / 1+2),51,1578,480
74,1,Mitte,1-Bedroom Flat (1+1 / 1+2),79,1952,480
75,1,Mitte,1-Bedroom Flat (1+1 / 1+2),54,1563,480
76,1,Mitte,1-Bedroom Flat (1+1 / 1+2),56,1528,480
77,1,Mitte,1-Bedroom Flat (1+1 / 1+2),66,1600,480
78,1,Mitte,1-Bedroom Flat (1+1 / 1+2),48,1458,480
79,1,Mitte,1-Bedroom Flat (1+1 / 1+2),62,1711,480
80,1,Mitte,1-Bedroom Flat (1+1 / 1+2),81,1993,480
81,1,Mitte,1-Bedroom Flat (1+1 / 1+2),68,1688,480
82,1,Mitte,1-Bedroom Flat (1+1 / 1+2),70,1761,480
83,1,Mitte,1-Bedroom Flat (1+1 / 1+2),63,1686,480
84,1,Mitte,1-Bedroom Flat (1+1 / 1+2),72,1722,480
85,1,Mitte,1-Bedroom Flat (1+1 / 1+2),45,1389,480
86,1,Mitte,1-Bedroom Flat (1+1 / 1+2),67,1774,480
87,1,Mitte,1-Bedroom Flat (1+1 / 1+2),74,1911,480
88,1,Mitte,1-Bedroom Flat (1+1 / 1+2),56,1375,480
89,1,Mitte,1-Bedroom Flat (1+1 / 1+2),60,1741,480
90,1,Mitte,1-Bedroom Flat (1+1 / 1+2),58,1619,480
91,1,Mitte,1-Bedroom Flat (1+1 / 1+2),66,1653,480
92,1,Mitte,1-Bedroom Flat (1+1 / 1+2),68,1923,480
93,1,Mitte,1-Bedroom Flat (1+1 / 1+2),60,1546,480
94,1,Mitte,1-Bedroom Flat (1+1 / 1+2),61,1464,480
95,1,Mitte,1-Bedroom Flat (1+1 / 1+2),65,1769,480
96,1,Mitte,1-Bedroom Flat (1+1 / 1+2),79,1935,480
97,1,Mitte,1-Bedroom Flat (1+1 / 1+2),66,1666,480
98,1,Mitte,1-Bedroom Flat (1+1 / 1+2),58,1479,480
99,1,Mitte,1-Bedroom Flat (1+1 / 1+2),60,1621,480
100,1,Mitte,1-Bedroom Flat (1+1 / 1+2),65,1672,480
101,1,Mitte,1-Bedroom Flat (1+1 / 1+2),63,1666,480
102,1,Mitte,1-Bedroom Flat (1+1 / 1+2),59,1639,480
103,1,Mitte,1-Bedroom Flat (1+1 / 1+2),62,1749,480
104,1,Mitte,1-Bedroom Flat (1+1 / 1+2),61,1633,480
105,1,Mitte,1-Bedroom Flat (1+1 / 1+2),60,1584,480
106,1,Mitte,1-Bedroom Flat (1+1 / 1+2),58,1799,480
107,1,Mitte,1-Bedroom Flat (1+1 / 1+2),53,1511,480
108,1,Mitte,1-Bedroom Flat (1+1 / 1+2),58,1594,480
109,1,Mitte,1-Bedroom Flat (1+1 / 1+2),59,1657,480
110,1,Mitte,1-Bedroom Flat (1+1 / 1+2),45,1501,480
111,1,Mitte,1-Bedroom Flat (1+1 / 1+2),68,1664,480
112,1,Mitte,1-Bedroom Flat (1+1 / 1+2),45,1320,480
113,1,Mitte,1-Bedroom Flat (1+1 / 1+2),60,1880,480
114,1,Mitte,1-Bedroom Flat (1+1 / 1+2),67,1597,480
115,1,Mitte,1-Bedroom Flat (1+1 / 1+2),55,1563,480
116,1,Mitte,1-Bedroom Flat (1+1 / 1+2),65,1610,480
117,1,Mitte,1-Bedroom Flat (1+1 / 1+2),61,1599,480
118,1,Mitte,1-Bedroom Flat (1+1 / 1+2),51,1527,480
119,1,Mitte,1-Bedroom Flat (1+1 / 1+2),70,1884,480
120,1,Mitte,1-Bedroom Flat (1+1 / 1+2),68,1731,480
121,1,Mitte,1-Bedroom Flat (1+1 / 1+2),69,1820,480
122,1,Mitte,1-Bedroom Flat (1+1 / 1+2),63,1641,480
123,1,Mitte,1-Bedroom Flat (1+1 / 1+2),57,1607,480
124,1,Mitte,1-Bedroom Flat (1+1 / 1+2),86,2091,480
125,1,Mitte,1-Bedroom Flat (1+1 / 1+2),56,1509,480
126,1,Mitte,1-Bedroom Flat (1+1 / 1+2),57,1796,480
127,1,Mitte,1-Bedroom Flat (1+1 / 1+2),58,1698,480
128,1,Mitte,1-Bedroom Flat (1+1 / 1+2),58,1640,480
129,1,Mitte,1-Bedroom Flat (1+1 / 1+2),70,1757,480
130,1,Mitte,1-Bedroom Flat (1+1 / 1+2),56,1733,480
131,1,Mitte,1-Bedroom Flat (1+1 / 1+2),72,1911,480
132,1,Mitte,1-Bedroom Flat (1+1 / 1+2),70,1849,480
133,1,Mitte,1-Bedroom Flat (1+1 / 1+2),82,2004,480
134,1,Mitte,1-Bedroom Flat (1+1 / 1+2),68,1645,480
135,1,Mitte,1-Bedroom Flat (1+1 / 1+2),54,1444,480
136,1,Mitte,1-Bedroom Flat (1+1 / 1+2),75,1658,480
137,1,Mitte,1-Bedroom Flat (1+1 / 1+2),58,1347,480
138,1,Mitte,1-Bedroom Flat (1+1 / 1+2),54,1508,480
139,1,Mitte,1-Bedroom Flat (1+1 / 1+2),76,1940,480
140,1,Mitte,1-Bedroom Flat (1+1 / 1+2),54,1648,480
141,1,Mitte,1-Bedroom Flat (1+1 / 1+2),62,1683,480
142,1,Mitte,1-Bedroom Flat (1+1 / 1+2),50,1399,480
143,1,Mitte,1-Bedroom Flat (1+1 / 1+2),54,1556,480
144,1,Mitte,1-Bedroom Flat (1+1 / 1+2),63,1835,480
145,1,Mitte,1-Bedroom Flat (1+1 / 1+2),66,1500,480
146,1,Mitte,1-Bedroom Flat (1+1 / 1+2),65,1597,480
147,1,Mitte,1-Bedroom Flat (1+1 / 1+2),52,1447,480
148,1,Mitte,1-Bedroom Flat (1+1 / 1+2),55,1444,480
149,1,Mitte,1-Bedroom Flat (1+1 / 1+2),64,1585,480
150,1,Mitte,1-Bedroom Flat (1+1 / 1+2),66,1945,480
151,1,Mitte,1-Bedroom Flat (1+1 / 1+2),49,1446,480
152,1,Mitte,1-Bedroom Flat (1+1 / 1+2),45,1381,480
153,1,Mitte,1-Bedroom Flat (1+1 / 1+2),68,1841,480
154,1,Mitte,1-Bedroom Flat (1+1 / 1+2),63,1776,480
155,1,Mitte,1-Bedroom Flat (1+1 / 1+2),87,2234,480
156,1,Mitte,1-Bedroom Flat (1+1 / 1+2),57,1469,480
157,1,Mitte,1-Bedroom Flat (1+1 / 1+2),58,1531,480
158,1,Mitte,1-Bedroom Flat (1+1 / 1+2),67,1654,480
159,1,Mitte,1-Bedroom Flat (1+1 / 1+2),61,1739,480
160,1,Mitte,1-Bedroom Flat (1+1 / 1+2),61,1579,480
161,1,Mitte,1-Bedroom Flat (1+1 / 1+2),74,1703,480
162,1,Mitte,1-Bedroom Flat (1+1 / 1+2),59,1628,480
163,1,Mitte,1-Bedroom Flat (1+1 / 1+2),62,1696,480
164,1,Mitte,1-Bedroom Flat (1+1 / 1+2),68,1773,480
165,1,Mitte,1-Bedroom Flat (1+1 / 1+2),58,1579,480
166,1,Mitte,1-Bedroom Flat (1+1 / 1+2),56,1655,480
167,1,Mitte,1-Bedroom Flat (1+1 / 1+2),56,1660,480
168,1,Mitte,1-Bedroom Flat (1+1 / 1+2),62,1633,480
169,1,Mitte,1-Bedroom Flat (1+1 / 1+2),68,1711,480
170,1,Mitte,1-Bedroom Flat (1+1 / 1+2),68,1795,480
171,1,Mitte,1-Bedroom Flat (1+1 / 1+2),56,1632,480
172,1,Mitte,1-Bedroom Flat (1+1 / 1+2),67,1864,480
173,1,Mitte,1-Bedroom Flat (1+1 / 1+2),72,1884,480
174,1,Mitte,1-Bedroom Flat (1+1 / 1+2),51,1724,480
175,1,Mitte,1-Bedroom Flat (1+1 / 1+2),48,1541,480
176,1,Mitte,1-Bedroom Flat (1+1 / 1+2),66,1638,480
177,1,Mitte,1-Bedroom Flat (1+1 / 1+2),61,1657,480
178,1,Mitte,1-Bedroom Flat (1+1 / 1+2),75,1824,480
179,1,Mitte,1-Bedroom Flat (1+1 / 1+2),59,1422,480
180,1,Mitte,1-Bedroom Flat (1+1 / 1+2),79,1856,480
181,1,Mitte,1-Bedroom Flat (1+1 / 1+2),65,1719,480
182,1,Mitte,1-Bedroom Flat (1+1 / 1+2),61,1737,480
183,1,Mitte,1-Bedroom Flat (1+1 / 1+2),79,1975,480
184,1,Mitte,1-Bedroom Flat (1+1 / 1+2),69,1822,480
185,1,Mitte,1-Bedroom Flat (1+1 / 1+2),72,1798,480
186,1,Mitte,1-Bedroom Flat (1+1 / 1+2),73,1956,480
187,1,Mitte,1-Bedroom Flat (1+1 / 1+2),73,1797,480
188,1,Mitte,1-Bedroom Flat (1+1 / 1+2),60,1670,480
189,1,Mitte,1-Bedroom Flat (1+1 / 1+2),48,1600,480
190,1,Mitte,1-Bedroom Flat (1+1 / 1+2),62,1706,480
191,1,Mitte,1-Bedroom Flat (1+1 / 1+2),56,1465,480
192,1,Mitte,1-Bedroom Flat (1+1 / 1+2),56,1604,480
193,1,Mitte,1-Bedroom Flat (1+1 / 1+2),69,1807,480
194,1,Mitte,1-Bedroom Flat (1+1 / 1+2),65,1698,480
195,1,Mitte,1-Bedroom Flat (1+1 / 1+2),67,1893,480
196,1,Mitte,1-Bedroom Flat (1+1 / 1+2),69,1865,480
197,1,Mitte,1-Bedroom Flat (1+1 / 1+2),65,1593,480
198,1,Mitte,1-Bedroom Flat (1+1 / 1+2),52,1561,480
199,1,Mitte,1-Bedroom Flat (1+1 / 1+2),62,1720,480
200,1,Mitte,1-Bedroom Flat (1+1 / 1+2),79,2017,480
201,1,Mitte,1-Bedroom Flat (1+1 / 1+2),75,1897,480
202,1,Mitte,1-Bedroom Flat (1+1 / 1+2),54,1547,480
203,1,Mitte,1-Bedroom Flat (1+1 / 1+2),54,1692,480
204,1,Mitte,1-Bedroom Flat (1+1 / 1+2),70,1855,480
205,1,Mitte,1-Bedroom Flat (1+1 / 1+2),74,1690,480
206,1,Mitte,1-Bedroom Flat (1+1 / 1+2),68,1658,480
207,1,Mitte,1-Bedroom Flat (1+1 / 1+2),62,1652,480
208,1,Mitte,1-Bedroom Flat (1+1 / 1+2),69,1813,480
209,1,Mitte,1-Bedroom Flat (1+1 / 1+2),75,1834,480
210,1,Mitte,1-Bedroom Flat (1+1 / 1+2),69,1807,480
211,1,Mitte,1-Bedroom Flat (1+1 / 1+2),46,1341,480
212,1,Mitte,1-Bedroom Flat (1+1 / 1+2),61,1764,480
213,1,Mitte,1-Bedroom Flat (1+1 / 1+2),67,1655,480
214,1,Mitte,1-Bedroom Flat (1+1 / 1+2),61,1846,480
215,1,Mitte,1-Bedroom Flat (1+1 / 1+2),63,1667,480
216,1,Mitte,1-Bedroom Flat (1+1 / 1+2),67,1829,480
217,1,Mitte,1-Bedroom Flat (1+1 / 1+2),57,1645,480
218,1,Mitte,1-Bedroom Flat (1+1 / 1+2),59,1697,480
219,1,Mitte,1-Bedroom Flat (1+1 / 1+2),64,1755,480
220,1,Mitte,1-Bedroom Flat (1+1 / 1+2),54,1478,480
221,1,Mitte,1-Bedroom Flat (1+1 / 1+2),71,1817,480
222,1,Mitte,1-Bedroom Flat (1+1 / 1+2),65,1700,480
223,1,Mitte,1-Bedroom Flat (1+1 / 1+2),71,1769,480
224,1,Mitte,1-Bedroom Flat (1+1 / 1+2),61,1735,480
225,1,Mitte,1-Bedroom Flat (1+1 / 1+2),74,1825,480
226,1,Mitte,1-Bedroom Flat (1+1 / 1+2),82,2028,480
227,1,Mitte,1-Bedroom Flat (1+1 / 1+2),52,1553,480
228,1,Mitte,1-Bedroom Flat (1+1 / 1+2),58,1655,480
229,1,Mitte,1-Bedroom Flat (1+1 / 1+2),62,1687,480
230,1,Mitte,1-Bedroom Flat (1+1 / 1+2),53,1625,480
231,1,Mitte,1-Bedroom Flat (1+1 / 1+2),50,1388,480
232,1,Mitte,1-Bedroom Flat (1+1 / 1+2),66,1888,480
233,1,Mitte,1-Bedroom Flat (1+1 / 1+2),58,1679,480
234,1,Mitte,1-Bedroom Flat (1+1 / 1+2),73,1929,480
235,1,Mitte,1-Bedroom Flat (1+1 / 1+2),59,1534,480
236,1,Mitte,1-Bedroom Flat (1+1 / 1+2),45,1384,480
237,1,Mitte,1-Bedroom Flat (1+1 / 1+2),74,1771,480
238,1,Mitte,1-Bedroom Flat (1+1 / 1+2),69,1706,480
239,1,Mitte,1-Bedroom Flat (1+1 / 1+2),63,1760,480
240,1,Mitte,1-Bedroom Flat (1+1 / 1+2),55,1583,480
241,1,Mitte,1-Bedroom Flat (1+1 / 1+2),58,1679,480
242,1,Mitte,1-Bedroom Flat (1+1 / 1+2),64,1717,480
243,1,Mitte,1-Bedroom Flat (1+1 / 1+2),78,1996,480
244,1,Mitte,1-Bedroom Flat (1+1 / 1+2),55,1560,480
245,1,Mitte,1-Bedroom Flat (1+1 / 1+2),61,1671,480
246,1,Mitte,1-Bedroom Flat (1+1 / 1+2),87,2113,480
247,1,Mitte,1-Bedroom Flat (1+1 / 1+2),45,1359,480
248,1,Mitte,1-Bedroom Flat (1+1 / 1+2),45,1378,480
249,1,Mitte,1-Bedroom Flat (1+1 / 1+2),45,1330,480
250,1,Mitte,1-Bedroom Flat (1+1 / 1+2),47,1475,480
251,1,Mitte,1-Bedroom Flat (1+1 / 1+2),62,1707,480
252,1,Mitte,1-Bedroom Flat (1+1 / 1+2),61,1539,480
253,1,Mitte,1-Bedroom Flat (1+1 / 1+2),67,1933,480
254,1,Mitte,1-Bedroom Flat (1+1 / 1+2),66,1706,480
255,1,Mitte,1-Bedroom Flat (1+1 / 1+2),48,1374,480
256,1,Mitte,1-Bedroom Flat (1+1 / 1+2),67,1857,480
257,1,Mitte,1-Bedroom Flat (1+1 / 1+2),65,1800,480
258,1,Mitte,1-Bedroom Flat (1+1 / 1+2),69,1838,480
259,1,Mitte,1-Bedroom Flat (1+1 / 1+2),55,1584,480
260,1,Mitte,1-Bedroom Flat (1+1 / 1+2),54,1554,480
261,1,Mitte,1-Bedroom Flat (1+1 / 1+2),65,1879,480
262,1,Mitte,1-Bedroom Flat (1+1 / 1+2),49,1515,480
263,1,Mitte,1-Bedroom Flat (1+1 / 1+2),77,1988,480
264,1,Mitte,1-Bedroom Flat (1+1 / 1+2),70,1861,480
265,1,Mitte,1-Bedroom Flat (1+1 / 1+2),75,1790,480
266,1,Mitte,1-Bedroom Flat (1+1 / 1+2),48,1455,480
267,1,Mitte,1-Bedroom Flat (1+1 / 1+2),45,1519,480
268,1,Mitte,1-Bedroom Flat (1+1 / 1+2),74,1833,480
269,1,Mitte,1-Bedroom Flat (1+1 / 1+2),58,1609,480
270,1,Mitte,1-Bedroom Flat (1+1 / 1+2),63,1707,480
271,1,Mitte,1-Bedroom Flat (1+1 / 1+2),68,1760,480
272,1,Mitte,1-Bedroom Flat (1+1 / 1+2),71,1864,480
273,1,Mitte,1-Bedroom Flat (1+1 / 1+2),56,1704,480
274,1,Mitte,1-Bedroom Flat (1+1 / 1+2),48,1448,480
275,1,Mitte,1-Bedroom Flat (1+1 / 1+2),72,1775,480
276,1,Mitte,1-Bedroom Flat (1+1 / 1+2),65,1777,480
277,1,Mitte,1-Bedroom Flat (1+1 / 1+2),53,1529,480
278,1,Mitte,1-Bedroom Flat (1+1 / 1+2),60,1598,480
279,1,Mitte,1-Bedroom Flat (1+1 / 1+2),85,1979,480
280,1,Mitte,1-Bedroom Flat (1+1 / 1+2),72,1805,480
281,1,Mitte,1-Bedroom Flat (1+1 / 1+2),51,1513,480
282,1,Mitte,1-Bedroom Flat (1+1 / 1+2),68,1859,480
283,1,Mitte,1-Bedroom Flat (1+1 / 1+2),78,2201,480
284,1,Mitte,1-Bedroom Flat (1+1 / 1+2),65,1668,480
285,1,Mitte,1-Bedroom Flat (1+1 / 1+2),67,1736,480
286,1,Mitte,1-Bedroom Flat (1+1 / 1+2),71,1707,480
287,1,Mitte,1-Bedroom Flat (1+1 / 1+2),86,2141,480
288,1,Mitte,1-Bedroom Flat (1+1 / 1+2),45,1344,480
289,1,Mitte,1-Bedroom Flat (1+1 / 1+2),70,1914,480
290,1,Mitte,1-Bedroom Flat (1+1 / 1+2),49,1536,480
291,1,Mitte,1-Bedroom Flat (1+1 / 1+2),45,1400,480
292,1,Mitte,1-Bedroom Flat (1+1 / 1+2),73,1806,480
293,1,Mitte,1-Bedroom Flat (1+1 / 1+2),47,1453,480
294,1,Mitte,1-Bedroom Flat (1+1 / 1+2),56,1641,480
295,1,Mitte,1-Bedroom Flat (1+1 / 1+2),53,1466,480
296,1,Mitte,1-Bedroom Flat (1+1 / 1+2),45,1423,480
297,1,Mitte,1-Bedroom Flat (1+1 / 1+2),60,1541,480
298,1,Mitte,1-Bedroom Flat (1+1 / 1+2),64,1804,480
299,1,Mitte,1-Bedroom Flat (1+1 / 1+2),60,1672,480
300,1,Mitte,1-Bedroom Flat (1+1 / 1+2),65,1620,480
301,1,Mitte,1-Bedroom Flat (1+1 / 1+2),83,1974,480
302,1,Mitte,1-Bedroom Flat (1+1 / 1+2),69,1861,480
303,1,Mitte,1-Bedroom Flat (1+1 / 1+2),61,1719,480
304,1,Mitte,1-Bedroom Flat (1+1 / 1+2),64,1584,480
305,1,Mitte,1-Bedroom Flat (1+1 / 1+2),59,1577,480
306,1,Mitte,1-Bedroom Flat (1+1 / 1+2),57,1483,480
307,1,Mitte,1-Bedroom Flat (1+1 / 1+2),73,2000,480
308,1,Mitte,1-Bedroom Flat (1+1 / 1+2),72,1954,480
309,1,Mitte,1-Bedroom Flat (1+1 / 1+2),59,1575,480
310,1,Mitte,1-Bedroom Flat (1+1 / 1+2),54,1610,480
311,1,Mitte,1-Bedroom Flat (1+1 / 1+2),64,1705,480
312,1,Mitte,1-Bedroom Flat (1+1 / 1+2),75,1924,480
313,1,Mitte,1-Bedroom Flat (1+1 / 1+2),54,1491,480
314,1,Mitte,1-Bedroom Flat (1+1 / 1+2),69,1886,480
315,1,Mitte,1-Bedroom Flat (1+1 / 1+2),68,1947,480
316,1,Mitte,1-Bedroom Flat (1+1 / 1+2),78,1976,480
317,1,Mitte,1-Bedroom Flat (1+1 / 1+2),54,1434,480
318,1,Mitte,1-Bedroom Flat (1+1 / 1+2),58,1684,480
319,1,Mitte,1-Bedroom Flat (1+1 / 1+2),80,2006,480
320,1,Mitte,1-Bedroom Flat (1+1 / 1+2),74,1850,480
321,1,Mitte,1-Bedroom Flat (1+1 / 1+2),68,1850,480
322,1,Mitte,1-Bedroom Flat (1+1 / 1+2),45,1371,480
323,1,Mitte,1-Bedroom Flat (1+1 / 1+2),71,1849,480
324,1,Mitte,1-Bedroom Flat (1+1 / 1+2),50,1269,480
325,1,Mitte,1-Bedroom Flat (1+1 / 1+2),58,1610,480
326,1,Mitte,1-Bedroom Flat (1+1 / 1+2),53,1549,480
327,1,Mitte,1-Bedroom Flat (1+1 / 1+2),67,1820,480
328,1,Mitte,1-Bedroom Flat (1+1 / 1+2),45,1290,480
329,1,Mitte,1-Bedroom Flat (1+1 / 1+2),59,1683,480
330,1,Mitte,1-Bedroom Flat (1+1 / 1+2),67,1802,480
331,1,Mitte,1-Bedroom Flat (1+1 / 1+2),58,1587,480
332,1,Mitte,1-Bedroom Flat (1+1 / 1+2),55,1637,480
333,1,Mitte,1-Bedroom Flat (1+1 / 1+2),53,1613,480
334,1,Mitte,1-Bedroom Flat (1+1 / 1+2),64,1708,480
335,1,Mitte,1-Bedroom Flat (1+1 / 1+2),55,1446,480
336,1,Mitte,1-Bedroom Flat (1+1 / 1+2),56,1554,480
337,1,Mitte,1-Bedroom Flat (1+1 / 1+2),45,1390,480
338,1,Mitte,1-Bedroom Flat (1+1 / 1+2),71,1875,480
339,1,Mitte,1-Bedroom Flat (1+1 / 1+2),57,1604,480
340,1,Mitte,1-Bedroom Flat (1+1 / 1+2),56,1597,480
341,1,Mitte,1-Bedroom Flat (1+1 / 1+2),77,2007,480
342,1,Mitte,1-Bedroom Flat (1+1 / 1+2),67,1716,480
343,1,Mitte,1-Bedroom Flat (1+1 / 1+2),69,1640,480
344,1,Mitte,1-Bedroom Flat (1+1 / 1+2),59,1685,480
345,1,Mitte,1-Bedroom Flat (1+1 / 1+2),69,1852,480
346,1,Mitte,1-Bedroom Flat (1+1 / 1+2),65,1710,480
347,1,Mitte,1-Bedroom Flat (1+1 / 1+2),67,1674,480
348,1,Mitte,1-Bedroom Flat (1+1 / 1+2),54,1558,480
349,1,Mitte,1-Bedroom Flat (1+1 / 1+2),64,1548,480
350,1,Mitte,1-Bedroom Flat (1+1 / 1+2),67,1830,480
351,1,Mitte,1-Bedroom Flat (1+1 / 1+2),61,1878,480
352,1,Mitte,1-Bedroom Flat (1+1 / 1+2),55,1536,480
353,1,Mitte,1-Bedroom Flat (1+1 / 1+2),58,1609,480
354,1,Mitte,1-Bedroom Flat (1+1 / 1+2),59,1505,480
355,1,Mitte,1-Bedroom Flat (1+1 / 1+2),57,1591,480
356,1,Mitte,1-Bedroom Flat (1+1 / 1+2),74,2070,480
357,1,Mitte,1-Bedroom Flat (1+1 / 1+2),75,1818,480
358,1,Mitte,1-Bedroom Flat (1+1 / 1+2),55,1554,480
359,1,Mitte,1-Bedroom Flat (1+1 / 1+2),80,1953,480
360,1,Mitte,1-Bedroom Flat (1+1 / 1+2),49,1427,480
361,1,Mitte,1-Bedroom Flat (1+1 / 1+2),70,1870,480
362,1,Mitte,1-Bedroom Flat (1+1 / 1+2),60,1710,480
363,1,Mitte,1-Bedroom Flat (1+1 / 1+2),45,1417,480
364,1,Mitte,1-Bedroom Flat (1+1 / 1+2),71,1749,480
365,1,Mitte,1-Bedroom Flat (1+1 / 1+2),54,1384,480
366,1,Mitte,1-Bedroom Flat (1+1 / 1+2),78,1871,480
367,1,Mitte,1-Bedroom Flat (1+1 / 1+2),64,1766,480
368,1,Mitte,1-Bedroom Flat (1+1 / 1+2),77,1906,480
369,1,Mitte,1-Bedroom Flat (1+1 / 1+2),57,1616,480
370,1,Mitte,1-Bedroom Flat (1+1 / 1+2),75,1873,480
371,1,Mitte,1-Bedroom Flat (1+1 / 1+2),52,1381,480
372,1,Mitte,1-Bedroom Flat (1+1 / 1+2),50,1566,480
373,1,Mitte,1-Bedroom Flat (1+1 / 1+2),59,1577,480
374,1,Mitte,1-Bedroom Flat (1+1 / 1+2),55,1576,480
375,1,Mitte,1-Bedroom Flat (1+1 / 1+2),60,1623,480
376,1,Mitte,1-Bedroom Flat (1+1 / 1+2),75,2026,480
377,1,Mitte,1-Bedroom Flat (1+1 / 1+2),46,1453,480
378,1,Mitte,1-Bedroom Flat (1+1 / 1+2),54,1530,480
379,1,Mitte,1-Bedroom Flat (1+1 / 1+2),65,1709,480
380,1,Mitte,1-Bedroom Flat (1+1 / 1+2),64,1773,480
381,1,Mitte,1-Bedroom Flat (1+1 / 1+2),65,1670,480
382,1,Mitte,1-Bedroom Flat (1+1 / 1+2),56,1454,480
383,1,Mitte,1-Bedroom Flat (1+1 / 1+2),53,1713,480
384,1,Mitte,1-Bedroom Flat (1+1 / 1+2),54,1445,480
385,1,Mitte,1-Bedroom Flat (1+1 / 1+2),65,1718,480
386,1,Mitte,1-Bedroom Flat (1+1 / 1+2),60,1775,480
387,1,Mitte,1-Bedroom Flat (1+1 / 1+2),67,1712,480
388,1,Mitte,1-Bedroom Flat (1+1 / 1+2),58,1571,480
389,1,Mitte,1-Bedroom Flat (1+1 / 1+2),71,1796,480
390,1,Mitte,1-Bedroom Flat (1+1 / 1+2),45,1404,480
391,1,Mitte,1-Bedroom Flat (1+1 / 1+2),47,1637,480
392,1,Mitte,1-Bedroom Flat (1+1 / 1+2),52,1505,480
393,1,Mitte,1-Bedroom Flat (1+1 / 1+2),65,1702,480
394,1,Mitte,1-Bedroom Flat (1+1 / 1+2),59,1670,480
395,1,Mitte,1-Bedroom Flat (1+1 / 1+2),77,1989,480
396,1,Mitte,1-Bedroom Flat (1+1 / 1+2),77,1826,480
397,1,Mitte,1-Bedroom Flat (1+1 / 1+2),65,1742,480
398,1,Mitte,1-Bedroom Flat (1+1 / 1+2),66,1868,480
399,1,Mitte,1-Bedroom Flat (1+1 / 1+2),60,1612,480
400,1,Mitte,1-Bedroom Flat (1+1 / 1+2),67,1600,480
401,1,Mitte,1-Bedroom Flat (1+1 / 1+2),60,1636,480
402,1,Mitte,1-Bedroom Flat (1+1 / 1+2),53,1631,480
403,1,Mitte,1-Bedroom Flat (1+1 / 1+2),51,1492,480
404,1,Mitte,1-Bedroom Flat (1+1 / 1+2),65,1850,480
405,1,Mitte,1-Bedroom Flat (1+1 / 1+2),62,1764,480
406,1,Mitte,1-Bedroom Flat (1+1 / 1+2),69,1803,480
407,1,Mitte,1-Bedroom Flat (1+1 / 1+2),51,1375,480
408,1,Mitte,1-Bedroom Flat (1+1 / 1+2),63,1647,480
409,1,Mitte,1-Bedroom Flat (1+1 / 1+2),71,1891,480
410,1,Mitte,1-Bedroom Flat (1+1 / 1+2),60,1544,480
411,1,Mitte,1-Bedroom Flat (1+1 / 1+2),67,1668,480
412,1,Mitte,1-Bedroom Flat (1+1 / 1+2),54,1464,480
413,1,Mitte,1-Bedroom Flat (1+1 / 1+2),61,1769,480
414,1,Mitte,1-Bedroom Flat (1+1 / 1+2),62,1640,480
415,1,Mitte,1-Bedroom Flat (1+1 / 1+2),47,1490,480
416,1,Mitte,1-Bedroom Flat (1+1 / 1+2),54,1563,480
417,1,Mitte,1-Bedroom Flat (1+1 / 1+2),58,1691,480
418,1,Mitte,1-Bedroom Flat (1+1 / 1+2),60,1643,480
419,1,Mitte,1-Bedroom Flat (1+1 / 1+2),67,1950,480
420,1,Mitte,1-Bedroom Flat (1+1 / 1+2),71,1816,480
421,1,Mitte,1-Bedroom Flat (1+1 / 1+2),62,1633,480
422,1,Mitte,1-Bedroom Flat (1+1 / 1+2),53,1486,480
423,1,Mitte,1-Bedroom Flat (1+1 / 1+2),54,1611,480
424,1,Mitte,1-Bedroom Flat (1+1 / 1+2),51,1624,480
425,1,Mitte,1-Bedroom Flat (1+1 / 1+2),70,1810,480
426,1,Mitte,1-Bedroom Flat (1+1 / 1+2),62,1630,480
427,1,Mitte,1-Bedroom Flat (1+1 / 1+2),65,1826,480
428,1,Mitte,1-Bedroom Flat (1+1 / 1+2),55,1430,480
429,1,Mitte,1-Bedroom Flat (1+1 / 1+2),69,1821,480
430,1,Mitte,1-Bedroom Flat (1+1 / 1+2),51,1438,480
431,1,Mitte,1-Bedroom Flat (1+1 / 1+2),53,1471,480
432,1,Mitte,1-Bedroom Flat (1+1 / 1+2),59,1608,480
433,1,Mitte,1-Bedroom Flat (1+1 / 1+2),55,1500,480
434,1,Mitte,1-Bedroom Flat (1+1 / 1+2),60,1663,480
435,1,Mitte,1-Bedroom Flat (1+1 / 1+2),59,1736,480
436,1,Mitte,1-Bedroom Flat (1+1 / 1+2),67,1617,480
437,1,Mitte,1-Bedroom Flat (1+1 / 1+2),67,1814,480
438,1,Mitte,1-Bedroom Flat (1+1 / 1+2),58,1481,480
439,1,Mitte,1-Bedroom Flat (1+1 / 1+2),62,1679,480
440,1,Mitte,1-Bedroom Flat (1+1 / 1+2),51,1373,480
441,1,Mitte,1-Bedroom Flat (1+1 / 1+2),61,1643,480
442,1,Mitte,1-Bedroom Flat (1+1 / 1+2),58,1608,480
443,1,Mitte,1-Bedroom Flat (1+1 / 1+2),51,1465,480
444,1,Mitte,1-Bedroom Flat (1+1 / 1+2),67,1729,480
445,1,Mitte,1-Bedroom Flat (1+1 / 1+2),45,1365,480
446,1,Mitte,1-Bedroom Flat (1+1 / 1+2),51,1528,480
447,1,Mitte,1-Bedroom Flat (1+1 / 1+2),65,1579,480
448,1,Mitte,1-Bedroom Flat (1+1 / 1+2),70,1708,480
449,1,Mitte,1-Bedroom Flat (1+1 / 1+2),78,1932,480
450,1,Mitte,1-Bedroom Flat (1+1 / 1+2),50,1385,480
451,1,Mitte,1-Bedroom Flat (1+1 / 1+2),65,1693,480
452,1,Mitte,1-Bedroom Flat (1+1 / 1+2),61,1809,480
453,1,Mitte,1-Bedroom Flat (1+1 / 1+2),55,1573,480
454,1,Mitte,1-Bedroom Flat (1+1 / 1+2),76,1928,480
455,1,Mitte,1-Bedroom Flat (1+1 / 1+2),46,1469,480
456,1,Mitte,1-Bedroom Flat (1+1 / 1+2),50,1615,480
457,1,Mitte,1-Bedroom Flat (1+1 / 1+2),54,1819,480
458,1,Mitte,1-Bedroom Flat (1+1 / 1+2),77,1848,480
459,1,Mitte,1-Bedroom Flat (1+1 / 1+2),62,1748,480
460,1,Mitte,1-Bedroom Flat (1+1 / 1+2),70,1848,480
461,1,Mitte,1-Bedroom Flat (1+1 / 1+2),75,1877,480
462,1,Mitte,1-Bedroom Flat (1+1 / 1+2),58,1585,480
463,1,Mitte,1-Bedroom Flat (1+1 / 1+2),71,1857,480
464,1,Mitte,1-Bedroom Flat (1+1 / 1+2),65,1800,480
465,1,Mitte,1-Bedroom Flat (1+1 / 1+2),45,1436,480
466,1,Mitte,1-Bedroom Flat (1+1 / 1+2),64,1862,480
467,1,Mitte,1-Bedroom Flat (1+1 / 1+2),47,1580,480
468,1,Mitte,1-Bedroom Flat (1+1 / 1+2),63,1740,480
469,1,Mitte,1-Bedroom Flat (1+1 / 1+2),79,2002,480
470,1,Mitte,1-Bedroom Flat (1+1 / 1+2),66,1766,480
471,1,Mitte,1-Bedroom Flat (1+1 / 1+2),57,1597,480
472,1,Mitte,1-Bedroom Flat (1+1 / 1+2),55,1564,480
473,1,Mitte,1-Bedroom Flat (1+1 / 1+2),45,1447,480
474,1,Mitte,1-Bedroom Flat (1+1 / 1+2),61,1634,480
475,1,Mitte,1-Bedroom Flat (1+1 / 1+2),64,1583,480
476,1,Mitte,1-Bedroom Flat (1+1 / 1+2),81,1975,480
477,1,Mitte,1-Bedroom Flat (1+1 / 1+2),61,1577,480
478,1,Mitte,1-Bedroom Flat (1+1 / 1+2),62,1805,480
479,1,Mitte,1-Bedroom Flat (1+1 / 1+2),72,1917,480
480,1,Mitte,1-Bedroom Flat (1+1 / 1+2),67,1728,480
481,2,Friedrichshain,1-Bedroom Flat (1+1 / 1+2),47,1302,420
482,2,Friedrichshain,1-Bedroom Flat (1+1 / 1+2),60,1622,420
483,2,Friedrichshain,1-Bedroom Flat (1+1 / 1+2),65,1753,420
484,2,Friedrichshain,1-Bedroom Flat (1+1 / 1+2),74,1711,420
485,2,Friedrichshain,1-Bedroom Flat (1+1 / 1+2),45,1413,420
486,2,Friedrichshain,1-Bedroom Flat (1+1 / 1+2),76,1661,420
487,2,Friedrichshain,1-Bedroom Flat (1+1 / 1+2),77,1834,420
488,2,Friedrichshain,1-Bedroom Flat (1+1 / 1+2),64,1737,420
489,2,Friedrichshain,1-Bedroom Flat (1+1 / 1+2),75,1827,420
490,2,Friedrichshain,1-Bedroom Flat (1+1 / 1+2),67,1695,420
491,2,Friedrichshain,1-Bedroom Flat (1+1 / 1+2),58,1491,420
492,2,Friedrichshain,1-Bedroom Flat (1+1 / 1+2),53,1386,420
493,2,Friedrichshain,1-Bedroom Flat (1+1 / 1+2),58,1439,420
494,2,Friedrichshain,1-Bedroom Flat (1+1 / 1+2),63,1547,420
495,2,Friedrichshain,1-Bedroom Flat (1+1 / 1+2),67,1494,420
496,2,Friedrichshain,1-Bedroom Flat (1+1 / 1+2),61,1556,420
497,2,Friedrichshain,1-Bedroom Flat (1+1 / 1+2),59,1496,420
498,2,Friedrichshain,1-Bedroom Flat (1+1 / 1+2),46,1336,420
499,2,Friedrichshain,1-Bedroom Flat (1+1 / 1+2),68,1700,420
500,2,Friedrichshain,1-Bedroom Flat (1+1 / 1+2),72,1738,420
501,2,Friedrichshain,1-Bedroom Flat (1+1 / 1+2),67,1654,420
502,2,Friedrichshain,1-Bedroom Flat (1+1 / 1+2),69,1530,420
503,2,Friedrichshain,1-Bedroom Flat (1+1 / 1+2),53,1559,420
504,2,Friedrichshain,1-Bedroom Flat (1+1 / 1+2),45,1275,420
505,2,Friedrichshain,1-Bedroom Flat (1+1 / 1+2),74,1744,420
506,2,Friedrichshain,1-Bedroom Flat (1+1 / 1+2),58,1508,420
507,2,Friedrichshain,1-Bedroom Flat (1+1 / 1+2),58,1499,420
508,2,Friedrichshain,1-Bedroom Flat (1+1 / 1+2),55,1548,420
509,2,Friedrichshain,1-Bedroom Flat (1+1 / 1+2),76,1772,420
510,2,Friedrichshain,1-Bedroom Flat (1+1 / 1+2),48,1289,420
511,2,Friedrichshain,1-Bedroom Flat (1+1 / 1+2),60,1573,420
512,2,Friedrichshain,1-Bedroom Flat (1+1 / 1+2),52,1331,420
513,2,Friedrichshain,1-Bedroom Flat (1+1 / 1+2),67,1725,420
514,2,Friedrichshain,1-Bedroom Flat (1+1 / 1+2),56,1344,420
515,2,Friedrichshain,1-Bedroom Flat (1+1 / 1+2),90,2078,420
516,2,Friedrichshain,1-Bedroom Flat (1+1 / 1+2),59,1590,420
517,2,Friedrichshain,1-Bedroom Flat (1+1 / 1+2),61,1622,420
518,2,Friedrichshain,1-Bedroom Flat (1+1 / 1+2),64,1600,420
519,2,Friedrichshain,1-Bedroom Flat (1+1 / 1+2),61,1414,420
520,2,Friedrichshain,1-Bedroom Flat (1+1 / 1+2),81,1779,420
521,2,Friedrichshain,1-Bedroom Flat (1+1 / 1+2),48,1317,420
522,2,Friedrichshain,1-Bedroom Flat (1+1 / 1+2),52,1395,420
523,2,Friedrichshain,1-Bedroom Flat (1+1 / 1+2),69,1762,420
524,2,Friedrichshain,1-Bedroom Flat (1+1 / 1+2),70,1660,420
525,2,Friedrichshain,1-Bedroom Flat (1+1 / 1+2),62,1597,420
526,2,Friedrichshain,1-Bedroom Flat (1+1 / 1+2),45,1339,420
527,2,Friedrichshain,1-Bedroom Flat (1+1 / 1+2),47,1504,420
528,2,Friedrichshain,1-Bedroom Flat (1+1 / 1+2),58,1479,420
529,2,Friedrichshain,1-Bedroom Flat (1+1 / 1+2),54,1375,420
530,2,Friedrichshain,1-Bedroom Flat (1+1 / 1+2),85,2013,420
531,2,Friedrichshain,1-Bedroom Flat (1+1 / 1+2),47,1455,420
532,2,Friedrichshain,1-Bedroom Flat (1+1 / 1+2),74,1727,420
533,2,Friedrichshain,1-Bedroom Flat (1+1 / 1+2),65,1607,420
534,2,Friedrichshain,1-Bedroom Flat (1+1 / 1+2),82,1808,420
535,2,Friedrichshain,1-Bedroom Flat (1+1 / 1+2),63,1537,420
536,2,Friedrichshain,1-Bedroom Flat (1+1 / 1+2),48,1533,420
537,2,Friedrichshain,1-Bedroom Flat (1+1 / 1+2),50,1388,420
538,2,Friedrichshain,1-Bedroom Flat (1+1 / 1+2),45,1252,420
539,2,Friedrichshain,1-Bedroom Flat (1+1 / 1+2),66,1550,420
540,2,Friedrichshain,1-Bedroom Flat (1+1 / 1+2),68,1632,420
541,2,Friedrichshain,1-Bedroom Flat (1+1 / 1+2),74,1875,420
542,2,Friedrichshain,1-Bedroom Flat (1+1 / 1+2),56,1471,420
543,2,Friedrichshain,1-Bedroom Flat (1+1 / 1+2),64,1648,420
544,2,Friedrichshain,1-Bedroom Flat (1+1 / 1+2),62,1577,420
545,2,Friedrichshain,1-Bedroom Flat (1+1 / 1+2),60,1538,420
546,2,Friedrichshain,1-Bedroom Flat (1+1 / 1+2),75,1826,420
547,2,Friedrichshain,1-Bedroom Flat (1+1 / 1+2),69,1737,420
548,2,Friedrichshain,1-Bedroom Flat (1+1 / 1+2),60,1557,420
549,2,Friedrichshain,1-Bedroom Flat (1+1 / 1+2),51,1498,420
550,2,Friedrichshain,1-Bedroom Flat (1+1 / 1+2),45,1280,420
551,2,Friedrichshain,1-Bedroom Flat (1+1 / 1+2),73,1613,420
552,2,Friedrichshain,1-Bedroom Flat (1+1 / 1+2),66,1563,420
553,2,Friedrichshain,1-Bedroom Flat (1+1 / 1+2),58,1581,420
554,2,Friedrichshain,1-Bedroom Flat (1+1 / 1+2),64,1409,420
555,2,Friedrichshain,1-Bedroom Flat (1+1 / 1+2),52,1488,420
556,2,Friedrichshain,1-Bedroom Flat (1+1 / 1+2),66,1781,420
557,2,Friedrichshain,1-Bedroom Flat (1+1 / 1+2),79,1801,420
558,2,Friedrichshain,1-Bedroom Flat (1+1 / 1+2),87,1962,420
559,2,Friedrichshain,1-Bedroom Flat (1+1 / 1+2),52,1343,420
560,2,Friedrichshain,1-Bedroom Flat (1+1 / 1+2),45,1433,420
561,2,Friedrichshain,1-Bedroom Flat (1+1 / 1+2),78,1725,420
562,2,Friedrichshain,1-Bedroom Flat (1+1 / 1+2),60,1537,420
563,2,Friedrichshain,1-Bedroom Flat (1+1 / 1+2),52,1242,420
564,2,Friedrichshain,1-Bedroom Flat (1+1 / 1+2),60,1499,420
565,2,Friedrichshain,1-Bedroom Flat (1+1 / 1+2),58,1516,420
566,2,Friedrichshain,1-Bedroom Flat (1+1 / 1+2),76,1757,420
567,2,Friedrichshain,1-Bedroom Flat (1+1 / 1+2),64,1657,420
568,2,Friedrichshain,1-Bedroom Flat (1+1 / 1+2),68,1601,420
569,2,Friedrichshain,1-Bedroom Flat (1+1 / 1+2),63,1625,420
570,2,Friedrichshain,1-Bedroom Flat (1+1 / 1+2),51,1498,420
571,2,Friedrichshain,1-Bedroom Flat (1+1 / 1+2),76,1719,420
572,2,Friedrichshain,1-Bedroom Flat (1+1 / 1+2),64,1650,420
573,2,Friedrichshain,1-Bedroom Flat (1+1 / 1+2),57,1523,420
574,2,Friedrichshain,1-Bedroom Flat (1+1 / 1+2),64,1460,420
575,2,Friedrichshain,1-Bedroom Flat (1+1 / 1+2),67,1541,420
576,2,Friedrichshain,1-Bedroom Flat (1+1 / 1+2),71,1644,420
577,2,Friedrichshain,1-Bedroom Flat (1+1 / 1+2),60,1652,420
578,2,Friedrichshain,1-Bedroom Flat (1+1 / 1+2),67,1543,420
579,2,Friedrichshain,1-Bedroom Flat (1+1 / 1+2),52,1346,420
580,2,Friedrichshain,1-Bedroom Flat (1+1 / 1+2),66,1656,420
581,2,Friedrichshain,1-Bedroom Flat (1+1 / 1+2),54,1327,420
582,2,Friedrichshain,1-Bedroom Flat (1+1 / 1+2),65,1592,420
583,2,Friedrichshain,1-Bedroom Flat (1+1 / 1+2),84,1915,420
584,2,Friedrichshain,1-Bedroom Flat (1+1 / 1+2),80,1743,420
585,2,Friedrichshain,1-Bedroom Flat (1+1 / 1+2),46,1203,420
586,2,Friedrichshain,1-Bedroom Flat (1+1 / 1+2),74,1910,420
587,2,Friedrichshain,1-Bedroom Flat (1+1 / 1+2),54,1391,420
588,2,Friedrichshain,1-Bedroom Flat (1+1 / 1+2),50,1205,420
589,2,Friedrichshain,1-Bedroom Flat (1+1 / 1+2),69,1692,420
590,2,Friedrichshain,1-Bedroom Flat (1+1 / 1+2),62,1434,420
591,2,Friedrichshain,1-Bedroom Flat (1+1 / 1+2),78,1771,420
592,2,Friedrichshain,1-Bedroom Flat (1+1 / 1+2),67,1509,420
593,2,Friedrichshain,1-Bedroom Flat (1+1 / 1+2),60,1554,420
594,2,Friedrichshain,1-Bedroom Flat (1+1 / 1+2),65,1622,420
595,2,Friedrichshain,1-Bedroom Flat (1+1 / 1+2),67,1538,420
596,2,Friedrichshain,1-Bedroom Flat (1+1 / 1+2),64,1602,420
597,2,Friedrichshain,1-Bedroom Flat (1+1 / 1+2),64,1599,420
598,2,Friedrichshain,1-Bedroom Flat (1+1 / 1+2),49,1233,420
599,2,Friedrichshain,1-Bedroom Flat (1+1 / 1+2),45,1362,420
600,2,Friedrichshain,1-Bedroom Flat (1+1 / 1+2),70,1764,420
601,2,Friedrichshain,1-Bedroom Flat (1+1 / 1+2),65,1416,420
602,2,Friedrichshain,1-Bedroom Flat (1+1 / 1+2),52,1415,420
603,2,Friedrichshain,1-Bedroom Flat (1+1 / 1+2),63,1556,420
604,2,Friedrichshain,1-Bedroom Flat (1+1 / 1+2),66,1625,420
605,2,Friedrichshain,1-Bedroom Flat (1+1 / 1+2),63,1518,420
606,2,Friedrichshain,1-Bedroom Flat (1+1 / 1+2),72,1681,420
607,2,Friedrichshain,1-Bedroom Flat (1+1 / 1+2),49,1283,420
608,2,Friedrichshain,1-Bedroom Flat (1+1 / 1+2),59,1601,420
609,2,Friedrichshain,1-Bedroom Flat (1+1 / 1+2),62,1543,420
610,2,Friedrichshain,1-Bedroom Flat (1+1 / 1+2),50,1439,420
611,2,Friedrichshain,1-Bedroom Flat (1+1 / 1+2),55,1439,420
612,2,Friedrichshain,1-Bedroom Flat (1+1 / 1+2),77,1846,420
613,2,Friedrichshain,1-Bedroom Flat (1+1 / 1+2),46,1145,420
614,2,Friedrichshain,1-Bedroom Flat (1+1 / 1+2),61,1435,420
615,2,Friedrichshain,1-Bedroom Flat (1+1 / 1+2),68,1660,420
616,2,Friedrichshain,1-Bedroom Flat (1+1 / 1+2),64,1528,420
617,2,Friedrichshain,1-Bedroom Flat (1+1 / 1+2),79,2088,420
618,2,Friedrichshain,1-Bedroom Flat (1+1 / 1+2),59,1544,420
619,2,Friedrichshain,1-Bedroom Flat (1+1 / 1+2),63,1553,420
620,2,Friedrichshain,1-Bedroom Flat (1+1 / 1+2),54,1334,420
621,2,Friedrichshain,1-Bedroom Flat (1+1 / 1+2),51,1420,420
622,2,Friedrichshain,1-Bedroom Flat (1+1 / 1+2),57,1248,420
623,2,Friedrichshain,1-Bedroom Flat (1+1 / 1+2),66,1621,420
624,2,Friedrichshain,1-Bedroom Flat (1+1 / 1+2),75,1802,420
625,2,Friedrichshain,1-Bedroom Flat (1+1 / 1+2),47,1119,420
626,2,Friedrichshain,1-Bedroom Flat (1+1 / 1+2),55,1392,420
627,2,Friedrichshain,1-Bedroom Flat (1+1 / 1+2),71,1703,420
628,2,Friedrichshain,1-Bedroom Flat (1+1 / 1+2),73,1617,420
629,2,Friedrichshain,1-Bedroom Flat (1+1 / 1+2),72,1785,420
630,2,Friedrichshain,1-Bedroom Flat (1+1 / 1+2),45,1407,420
631,2,Friedrichshain,1-Bedroom Flat (1+1 / 1+2),63,1611,420
632,2,Friedrichshain,1-Bedroom Flat (1+1 / 1+2),53,1531,420
633,2,Friedrichshain,1-Bedroom Flat (1+1 / 1+2),50,1443,420
634,2,Friedrichshain,1-Bedroom Flat (1+1 / 1+2),70,1600,420
635,2,Friedrichshain,1-Bedroom Flat (1+1 / 1+2),82,1901,420
636,2,Friedrichshain,1-Bedroom Flat (1+1 / 1+2),69,1535,420
637,2,Friedrichshain,1-Bedroom Flat (1+1 / 1+2),83,1786,420
638,2,Friedrichshain,1-Bedroom Flat (1+1 / 1+2),72,1630,420
639,2,Friedrichshain,1-Bedroom Flat (1+1 / 1+2),56,1535,420
640,2,Friedrichshain,1-Bedroom Flat (1+1 / 1+2),72,1606,420
641,2,Friedrichshain,1-Bedroom Flat (1+1 / 1+2),73,1830,420
642,2,Friedrichshain,1-Bedroom Flat (1+1 / 1+2),53,1560,420
643,2,Friedrichshain,1-Bedroom Flat (1+1 / 1+2),47,1264,420
644,2,Friedrichshain,1-Bedroom Flat (1+1 / 1+2),67,1563,420
645,2,Friedrichshain,1-Bedroom Flat (1+1 / 1+2),65,1630,420
646,2,Friedrichshain,1-Bedroom Flat (1+1 / 1+2),60,1603,420
647,2,Friedrichshain,1-Bedroom Flat (1+1 / 1+2),60,1549,420
648,2,Friedrichshain,1-Bedroom Flat (1+1 / 1+2),73,1807,420
649,2,Friedrichshain,1-Bedroom Flat (1+1 / 1+2),70,1585,420
650,2,Friedrichshain,1-Bedroom Flat (1+1 / 1+2),67,1561,420
651,2,Friedrichshain,1-Bedroom Flat (1+1 / 1+2),49,1346,420
652,2,Friedrichshain,1-Bedroom Flat (1+1 / 1+2),53,1487,420
653,2,Friedrichshain,1-Bedroom Flat (1+1 / 1+2),70,1517,420
654,2,Friedrichshain,1-Bedroom Flat (1+1 / 1+2),54,1301,420
655,2,Friedrichshain,1-Bedroom Flat (1+1 / 1+2),57,1521,420
656,2,Friedrichshain,1-Bedroom Flat (1+1 / 1+2),60,1475,420
657,2,Friedrichshain,1-Bedroom Flat (1+1 / 1+2),75,1561,420
658,2,Friedrichshain,1-Bedroom Flat (1+1 / 1+2),74,1703,420
659,2,Friedrichshain,1-Bedroom Flat (1+1 / 1+2),61,1497,420
660,2,Friedrichshain,1-Bedroom Flat (1+1 / 1+2),77,1689,420
661,2,Friedrichshain,1-Bedroom Flat (1+1 / 1+2),62,1607,420
662,2,Friedrichshain,1-Bedroom Flat (1+1 / 1+2),46,1221,420
663,2,Friedrichshain,1-Bedroom Flat (1+1 / 1+2),61,1464,420
664,2,Friedrichshain,1-Bedroom Flat (1+1 / 1+2),54,1401,420
665,2,Friedrichshain,1-Bedroom Flat (1+1 / 1+2),68,1625,420
666,2,Friedrichshain,1-Bedroom Flat (1+1 / 1+2),73,1646,420
667,2,Friedrichshain,1-Bedroom Flat (1+1 / 1+2),49,1525,420
668,2,Friedrichshain,1-Bedroom Flat (1+1 / 1+2),55,1330,420
669,2,Friedrichshain,1-Bedroom Flat (1+1 / 1+2),45,1385,420
670,2,Friedrichshain,1-Bedroom Flat (1+1 / 1+2),59,1489,420
671,2,Friedrichshain,1-Bedroom Flat (1+1 / 1+2),60,1619,420
672,2,Friedrichshain,1-Bedroom Flat (1+1 / 1+2),60,1739,420
673,2,Friedrichshain,1-Bedroom Flat (1+1 / 1+2),63,1672,420
674,2,Friedrichshain,1-Bedroom Flat (1+1 / 1+2),70,1685,420
675,2,Friedrichshain,1-Bedroom Flat (1+1 / 1+2),56,1494,420
676,2,Friedrichshain,1-Bedroom Flat (1+1 / 1+2),67,1588,420
677,2,Friedrichshain,1-Bedroom Flat (1+1 / 1+2),64,1703,420
678,2,Friedrichshain,1-Bedroom Flat (1+1 / 1+2),83,1973,420
679,2,Friedrichshain,1-Bedroom Flat (1+1 / 1+2),81,1807,420
680,2,Friedrichshain,1-Bedroom Flat (1+1 / 1+2),69,1792,420
681,2,Friedrichshain,1-Bedroom Flat (1+1 / 1+2),53,1372,420
682,2,Friedrichshain,1-Bedroom Flat (1+1 / 1+2),79,1744,420
683,2,Friedrichshain,1-Bedroom Flat (1+1 / 1+2),49,1490,420
684,2,Friedrichshain,1-Bedroom Flat (1+1 / 1+2),74,1791,420
685,2,Friedrichshain,1-Bedroom Flat (1+1 / 1+2),62,1521,420
686,2,Friedrichshain,1-Bedroom Flat (1+1 / 1+2),65,1750,420
687,2,Friedrichshain,1-Bedroom Flat (1+1 / 1+2),64,1787,420
688,2,Friedrichshain,1-Bedroom Flat (1+1 / 1+2),53,1414,420
689,2,Friedrichshain,1-Bedroom Flat (1+1 / 1+2),58,1398,420
690,2,Friedrichshain,1-Bedroom Flat (1+1 / 1+2),60,1566,420
691,2,Friedrichshain,1-Bedroom Flat (1+1 / 1+2),67,1835,420
692,2,Friedrichshain,1-Bedroom Flat (1+1 / 1+2),67,1744,420
693,2,Friedrichshain,1-Bedroom Flat (1+1 / 1+2),63,1727,420
694,2,Friedrichshain,1-Bedroom Flat (1+1 / 1+2),86,1992,420
695,2,Friedrichshain,1-Bedroom Flat (1+1 / 1+2),52,1351,420
696,2,Friedrichshain,1-Bedroom Flat (1+1 / 1+2),65,1649,420
697,2,Friedrichshain,1-Bedroom Flat (1+1 / 1+2),69,1713,420
698,2,Friedrichshain,1-Bedroom Flat (1+1 / 1+2),62,1503,420
699,2,Friedrichshain,1-Bedroom Flat (1+1 / 1+2),66,1791,420
700,2,Friedrichshain,1-Bedroom Flat (1+1 / 1+2),72,1768,420
701,2,Friedrichshain,1-Bedroom Flat (1+1 / 1+2),72,1687,420
702,2,Friedrichshain,1-Bedroom Flat (1+1 / 1+2),57,1413,420
703,2,Friedrichshain,1-Bedroom Flat (1+1 / 1+2),61,1506,420
704,2,Friedrichshain,1-Bedroom Flat (1+1 / 1+2),74,1709,420
705,2,Friedrichshain,1-Bedroom Flat (1+1 / 1+2),54,1607,420
706,2,Friedrichshain,1-Bedroom Flat (1+1 / 1+2),57,1494,420
707,2,Friedrichshain,1-Bedroom Flat (1+1 / 1+2),67,1538,420
708,2,Friedrichshain,1-Bedroom Flat (1+1 / 1+2),74,1809,420
709,2,Friedrichshain,1-Bedroom Flat (1+1 / 1+2),78,1755,420
710,2,Friedrichshain,1-Bedroom Flat (1+1 / 1+2),63,1580,420
711,2,Friedrichshain,1-Bedroom Flat (1+1 / 1+2),65,1477,420
712,2,Friedrichshain,1-Bedroom Flat (1+1 / 1+2),63,1448,420
713,2,Friedrichshain,1-Bedroom Flat (1+1 / 1+2),66,1432,420
714,2,Friedrichshain,1-Bedroom Flat (1+1 / 1+2),45,1362,420
715,2,Friedrichshain,1-Bedroom Flat (1+1 / 1+2),57,1391,420
716,2,Friedrichshain,1-Bedroom Flat (1+1 / 1+2),75,1797,420
717,2,Friedrichshain,1-Bedroom Flat (1+1 / 1+2),71,1689,420
718,2,Friedrichshain,1-Bedroom Flat (1+1 / 1+2),89,1938,420
719,2,Friedrichshain,1-Bedroom Flat (1+1 / 1+2),79,1826,420
720,2,Friedrichshain,1-Bedroom Flat (1+1 / 1+2),45,1331,420
721,2,Friedrichshain,1-Bedroom Flat (1+1 / 1+2),65,1513,420
722,2,Friedrichshain,1-Bedroom Flat (1+1 / 1+2),53,1414,420
723,2,Friedrichshain,1-Bedroom Flat (1+1 / 1+2),65,1386,420
724,2,Friedrichshain,1-Bedroom Flat (1+1 / 1+2),73,1691,420
725,2,Friedrichshain,1-Bedroom Flat (1+1 / 1+2),49,1437,420
726,2,Friedrichshain,1-Bedroom Flat (1+1 / 1+2),62,1669,420
727,2,Friedrichshain,1-Bedroom Flat (1+1 / 1+2),66,1624,420
728,2,Friedrichshain,1-Bedroom Flat (1+1 / 1+2),60,1571,420
729,2,Friedrichshain,1-Bedroom Flat (1+1 / 1+2),58,1419,420
730,2,Friedrichshain,1-Bedroom Flat (1+1 / 1+2),68,1643,420
731,2,Friedrichshain,1-Bedroom Flat (1+1 / 1+2),62,1658,420
732,2,Friedrichshain,1-Bedroom Flat (1+1 / 1+2),61,1545,420
733,2,Friedrichshain,1-Bedroom Flat (1+1 / 1+2),56,1503,420
734,2,Friedrichshain,1-Bedroom Flat (1+1 / 1+2),65,1689,420
735,2,Friedrichshain,1-Bedroom Flat (1+1 / 1+2),56,1423,420
736,2,Friedrichshain,1-Bedroom Flat (1+1 / 1+2),70,1711,420
737,2,Friedrichshain,1-Bedroom Flat (1+1 / 1+2),53,1534,420
738,2,Friedrichshain,1-Bedroom Flat (1+1 / 1+2),45,1359,420
739,2,Friedrichshain,1-Bedroom Flat (1+1 / 1+2),49,1522,420
740,2,Friedrichshain,1-Bedroom Flat (1+1 / 1+2),47,1424,420
741,2,Friedrichshain,1-Bedroom Flat (1+1 / 1+2),61,1511,420
742,2,Friedrichshain,1-Bedroom Flat (1+1 / 1+2),64,1649,420
743,2,Friedrichshain,1-Bedroom Flat (1+1 / 1+2),53,1343,420
744,2,Friedrichshain,1-Bedroom Flat (1+1 / 1+2),68,1502,420
745,2,Friedrichshain,1-Bedroom Flat (1+1 / 1+2),56,1738,420
746,2,Friedrichshain,1-Bedroom Flat (1+1 / 1+2),52,1503,420
747,2,Friedrichshain,1-Bedroom Flat (1+1 / 1+2),56,1510,420
748,2,Friedrichshain,1-Bedroom Flat (1+1 / 1+2),69,1774,420
749,2,Friedrichshain,1-Bedroom Flat (1+1 / 1+2),60,1707,420
750,2,Friedrichshain,1-Bedroom Flat (1+1 / 1+2),56,1485,420
751,2,Friedrichshain,1-Bedroom Flat (1+1 / 1+2),64,1491,420
752,2,Friedrichshain,1-Bedroom Flat (1+1 / 1+2),59,1527,420
753,2,Friedrichshain,1-Bedroom Flat (1+1 / 1+2),58,1716,420
754,2,Friedrichshain,1-Bedroom Flat (1+1 / 1+2),54,1538,420
755,2,Friedrichshain,1-Bedroom Flat (1+1 / 1+2),71,1703,420
756,2,Friedrichshain,1-Bedroom Flat (1+1 / 1+2),53,1347,420
757,2,Friedrichshain,1-Bedroom Flat (1+1 / 1+2),57,1319,420
758,2,Friedrichshain,1-Bedroom Flat (1+1 / 1+2),52,1267,420
759,2,Friedrichshain,1-Bedroom Flat (1+1 / 1+2),75,1824,420
760,2,Friedrichshain,1-Bedroom Flat (1+1 / 1+2),70,1741,420
761,2,Friedrichshain,1-Bedroom Flat (1+1 / 1+2),64,1723,420
762,2,Friedrichshain,1-Bedroom Flat (1+1 / 1+2),56,1474,420
763,2,Friedrichshain,1-Bedroom Flat (1+1 / 1+2),69,1553,420
764,2,Friedrichshain,1-Bedroom Flat (1+1 / 1+2),90,2011,420
765,2,Friedrichshain,1-Bedroom Flat (1+1 / 1+2),63,1689,420
766,2,Friedrichshain,1-Bedroom Flat (1+1 / 1+2),71,1707,420
767,2,Friedrichshain,1-Bedroom Flat (1+1 / 1+2),63,1441,420
768,2,Friedrichshain,1-Bedroom Flat (1+1 / 1+2),56,1511,420
769,2,Friedrichshain,1-Bedroom Flat (1+1 / 1+2),66,1734,420
770,2,Friedrichshain,1-Bedroom Flat (1+1 / 1+2),61,1419,420
771,2,Friedrichshain,1-Bedroom Flat (1+1 / 1+2),73,1865,420
772,2,Friedrichshain,1-Bedroom Flat (1+1 / 1+2),71,1689,420
773,2,Friedrichshain,1-Bedroom Flat (1+1 / 1+2),72,2029,420
774,2,Friedrichshain,1-Bedroom Flat (1+1 / 1+2),63,1458,420
775,2,Friedrichshain,1-Bedroom Flat (1+1 / 1+2),56,1520,420
776,2,Friedrichshain,1-Bedroom Flat (1+1 / 1+2),46,1319,420
777,2,Friedrichshain,1-Bedroom Flat (1+1 / 1+2),66,1762,420
778,2,Friedrichshain,1-Bedroom Flat (1+1 / 1+2),75,1846,420
779,2,Friedrichshain,1-Bedroom Flat (1+1 / 1+2),45,1371,420
780,2,Friedrichshain,1-Bedroom Flat (1+1 / 1+2),69,1695,420
781,2,Friedrichshain,1-Bedroom Flat (1+1 / 1+2),45,1218,420
782,2,Friedrichshain,1-Bedroom Flat (1+1 / 1+2),50,1187,420
783,2,Friedrichshain,1-Bedroom Flat (1+1 / 1+2),62,1488,420
784,2,Friedrichshain,1-Bedroom Flat (1+1 / 1+2),88,1961,420
785,2,Friedrichshain,1-Bedroom Flat (1+1 / 1+2),75,1627,420
786,2,Friedrichshain,1-Bedroom Flat (1+1 / 1+2),57,1489,420
787,2,Friedrichshain,1-Bedroom Flat (1+1 / 1+2),53,1378,420
788,2,Friedrichshain,1-Bedroom Flat (1+1 / 1+2),60,1507,420
789,2,Friedrichshain,1-Bedroom Flat (1+1 / 1+2),81,1898,420
790,2,Friedrichshain,1-Bedroom Flat (1+1 / 1+2),67,1689,420
791,2,Friedrichshain,1-Bedroom Flat (1+1 / 1+2),68,1649,420
792,2,Friedrichshain,1-Bedroom Flat (1+1 / 1+2),59,1527,420
793,2,Friedrichshain,1-Bedroom Flat (1+1 / 1+2),74,1853,420
794,2,Friedrichshain,1-Bedroom Flat (1+1 / 1+2),60,1597,420
795,2,Friedrichshain,1-Bedroom Flat (1+1 / 1+2),60,1531,420
796,2,Friedrichshain,1-Bedroom Flat (1+1 / 1+2),57,1464,420
797,2,Friedrichshain,1-Bedroom Flat (1+1 / 1+2),75,1776,420
798,2,Friedrichshain,1-Bedroom Flat (1+1 / 1+2),63,1446,420
799,2,Friedrichshain,1-Bedroom Flat (1+1 / 1+2),59,1490,420
800,2,Friedrichshain,1-Bedroom Flat (1+1 / 1+2),54,1434,420
801,2,Friedrichshain,1-Bedroom Flat (1+1 / 1+2),58,1503,420
802,2,Friedrichshain,1-Bedroom Flat (1+1 / 1+2),63,1490,420
803,2,Friedrichshain,1-Bedroom Flat (1+1 / 1+2),58,1503,420
804,2,Friedrichshain,1-Bedroom Flat (1+1 / 1+2),74,1775,420
805,2,Friedrichshain,1-Bedroom Flat (1+1 / 1+2),55,1484,420
806,2,Friedrichshain,1-Bedroom Flat (1+1 / 1+2),79,1915,420
807,2,Friedrichshain,1-Bedroom Flat (1+1 / 1+2),67,1705,420
808,2,Friedrichshain,1-Bedroom Flat (1+1 / 1+2),76,1881,420
809,2,Friedrichshain,1-Bedroom Flat (1+1 / 1+2),68,1752,420
810,2,Friedrichshain,1-Bedroom Flat (1+1 / 1+2),51,1249,420
811,2,Friedrichshain,1-Bedroom Flat (1+1 / 1+2),64,1598,420
812,2,Friedrichshain,1-Bedroom Flat (1+1 / 1+2),57,1554,420
813,2,Friedrichshain,1-Bedroom Flat (1+1 / 1+2),45,1240,420
814,2,Friedrichshain,1-Bedroom Flat (1+1 / 1+2),57,1333,420
815,2,Friedrichshain,1-Bedroom Flat (1+1 / 1+2),77,1678,420
816,2,Friedrichshain,1-Bedroom Flat (1+1 / 1+2),56,1546,420
817,2,Friedrichshain,1-Bedroom Flat (1+1 / 1+2),68,1556,420
818,2,Friedrichshain,1-Bedroom Flat (1+1 / 1+2),69,1698,420
819,2,Friedrichshain,1-Bedroom Flat (1+1 / 1+2),85,1964,420
820,2,Friedrichshain,1-Bedroom Flat (1+1 / 1+2),61,1467,420
821,2,Friedrichshain,1-Bedroom Flat (1+1 / 1+2),55,1374,420
822,2,Friedrichshain,1-Bedroom Flat (1+1 / 1+2),76,1786,420
823,2,Friedrichshain,1-Bedroom Flat (1+1 / 1+2),68,1792,420
824,2,Friedrichshain,1-Bedroom Flat (1+1 / 1+2),45,1403,420
825,2,Friedrichshain,1-Bedroom Flat (1+1 / 1+2),63,1615,420
826,2,Friedrichshain,1-Bedroom Flat (1+1 / 1+2),54,1364,420
827,2,Friedrichshain,1-Bedroom Flat (1+1 / 1+2),67,1855,420
828,2,Friedrichshain,1-Bedroom Flat (1+1 / 1+2),72,1834,420
829,2,Friedrichshain,1-Bedroom Flat (1+1 / 1+2),60,1474,420
830,2,Friedrichshain,1-Bedroom Flat (1+1 / 1+2),54,1388,420
831,2,Friedrichshain,1-Bedroom Flat (1+1 / 1+2),45,1223,420
832,2,Friedrichshain,1-Bedroom Flat (1+1 / 1+2),56,1448,420
833,2,Friedrichshain,1-Bedroom Flat (1+1 / 1+2),63,1609,420
834,2,Friedrichshain,1-Bedroom Flat (1+1 / 1+2),62,1508,420
835,2,Friedrichshain,1-Bedroom Flat (1+1 / 1+2),45,1236,420
836,2,Friedrichshain,1-Bedroom Flat (1+1 / 1+2),52,1442,420
837,2,Friedrichshain,1-Bedroom Flat (1+1 / 1+2),71,1788,420
838,2,Friedrichshain,1-Bedroom Flat (1+1 / 1+2),70,1676,420
839,2,Friedrichshain,1-Bedroom Flat (1+1 / 1+2),57,1413,420
840,2,Friedrichshain,1-Bedroom Flat (1+1 / 1+2),47,1409,420
841,2,Friedrichshain,1-Bedroom Flat (1+1 / 1+2),60,1416,420
842,2,Friedrichshain,1-Bedroom Flat (1+1 / 1+2),54,1354,420
843,2,Friedrichshain,1-Bedroom Flat (1+1 / 1+2),62,1656,420
844,2,Friedrichshain,1-Bedroom Flat (1+1 / 1+2),59,1309,420
845,2,Friedrichshain,1-Bedroom Flat (1+1 / 1+2),60,1514,420
846,2,Friedrichshain,1-Bedroom Flat (1+1 / 1+2),60,1472,420
847,2,Friedrichshain,1-Bedroom Flat (1+1 / 1+2),64,1598,420
848,2,Friedrichshain,1-Bedroom Flat (1+1 / 1+2),62,1597,420
849,2,Friedrichshain,1-Bedroom Flat (1+1 / 1+2),58,1452,420
850,2,Friedrichshain,1-Bedroom Flat (1+1 / 1+2),76,1834,420
851,2,Friedrichshain,1-Bedroom Flat (1+1 / 1+2),70,1798,420
852,2,Friedrichshain,1-Bedroom Flat (1+1 / 1+2),67,1724,420
853,2,Friedrichshain,1-Bedroom Flat (1+1 / 1+2),46,1322,420
854,2,Friedrichshain,1-Bedroom Flat (1+1 / 1+2),60,1679,420
855,2,Friedrichshain,1-Bedroom Flat (1+1 / 1+2),71,1647,420
856,2,Friedrichshain,1-Bedroom Flat (1+1 / 1+2),66,1639,420
857,2,Friedrichshain,1-Bedroom Flat (1+1 / 1+2),67,1548,420
858,2,Friedrichshain,1-Bedroom Flat (1+1 / 1+2),66,1603,420
859,2,Friedrichshain,1-Bedroom Flat (1+1 / 1+2),65,1543,420
860,2,Friedrichshain,1-Bedroom Flat (1+1 / 1+2),56,1570,420
861,2,Friedrichshain,1-Bedroom Flat (1+1 / 1+2),51,1296,420
862,2,Friedrichshain,1-Bedroom Flat (1+1 / 1+2),61,1475,420
863,2,Friedrichshain,1-Bedroom Flat (1+1 / 1+2),53,1425,420
864,2,Friedrichshain,1-Bedroom Flat (1+1 / 1+2),47,1229,420
865,2,Friedrichshain,1-Bedroom Flat (1+1 / 1+2),83,1937,420
866,2,Friedrichshain,1-Bedroom Flat (1+1 / 1+2),55,1486,420
867,2,Friedrichshain,1-Bedroom Flat (1+1 / 1+2),68,1745,420
868,2,Friedrichshain,1-Bedroom Flat (1+1 / 1+2),61,1632,420
869,2,Friedrichshain,1-Bedroom Flat (1+1 / 1+2),45,1193,420
870,2,Friedrichshain,1-Bedroom Flat (1+1 / 1+2),64,1622,420
871,2,Friedrichshain,1-Bedroom Flat (1+1 / 1+2),53,1439,420
872,2,Friedrichshain,1-Bedroom Flat (1+1 / 1+2),56,1439,420
873,2,Friedrichshain,1-Bedroom Flat (1+1 / 1+2),72,1802,420
874,2,Friedrichshain,1-Bedroom Flat (1+1 / 1+2),52,1305,420
875,2,Friedrichshain,1-Bedroom Flat (1+1 / 1+2),58,1494,420
876,2,Friedrichshain,1-Bedroom Flat (1+1 / 1+2),55,1542,420
877,2,Friedrichshain,1-Bedroom Flat (1+1 / 1+2),65,1645,420
878,2,Friedrichshain,1-Bedroom Flat (1+1 / 1+2),49,1457,420
879,2,Friedrichshain,1-Bedroom Flat (1+1 / 1+2),45,1363,420
880,2,Friedrichshain,1-Bedroom Flat (1+1 / 1+2),71,1665,420
881,2,Friedrichshain,1-Bedroom Flat (1+1 / 1+2),75,1762,420
882,2,Friedrichshain,1-Bedroom Flat (1+1 / 1+2),63,1607,420
883,2,Friedrichshain,1-Bedroom Flat (1+1 / 1+2),90,2129,420
884,2,Friedrichshain,1-Bedroom Flat (1+1 / 1+2),69,1590,420
885,2,Friedrichshain,1-Bedroom Flat (1+1 / 1+2),63,1503,420
886,2,Friedrichshain,1-Bedroom Flat (1+1 / 1+2),70,1701,420
887,2,Friedrichshain,1-Bedroom Flat (1+1 / 1+2),51,1391,420
888,2,Friedrichshain,1-Bedroom Flat (1+1 / 1+2),54,1446,420
889,2,Friedrichshain,1-Bedroom Flat (1+1 / 1+2),53,1418,420
890,2,Friedrichshain,1-Bedroom Flat (1+1 / 1+2),70,1683,420
891,2,Friedrichshain,1-Bedroom Flat (1+1 / 1+2),58,1514,420
892,2,Friedrichshain,1-Bedroom Flat (1+1 / 1+2),69,1572,420
893,2,Friedrichshain,1-Bedroom Flat (1+1 / 1+2),65,1727,420
894,2,Friedrichshain,1-Bedroom Flat (1+1 / 1+2),68,1661,420
895,2,Friedrichshain,1-Bedroom Flat (1+1 / 1+2),68,1697,420
896,2,Friedrichshain,1-Bedroom Flat (1+1 / 1+2),70,1506,420
897,2,Friedrichshain,1-Bedroom Flat (1+1 / 1+2),46,1394,420
898,2,Friedrichshain,1-Bedroom Flat (1+1 / 1+2),47,1356,420
899,2,Friedrichshain,1-Bedroom Flat (1+1 / 1+2),58,1406,420
900,2,Friedrichshain,1-Bedroom Flat (1+1 / 1+2),65,1626,420
901,3,Kreuzberg,1-Bedroom Flat (1+1 / 1+2),83,1820,390
902,3,Kreuzberg,1-Bedroom Flat (1+1 / 1+2),76,1796,390
903,3,Kreuzberg,1-Bedroom Flat (1+1 / 1+2),55,1500,390
904,3,Kreuzberg,1-Bedroom Flat (1+1 / 1+2),68,1639,390
905,3,Kreuzberg,1-Bedroom Flat (1+1 / 1+2),65,1534,390
906,3,Kreuzberg,1-Bedroom Flat (1+1 / 1+2),54,1480,390
907,3,Kreuzberg,1-Bedroom Flat (1+1 / 1+2),60,1501,390
908,3,Kreuzberg,1-Bedroom Flat (1+1 / 1+2),65,1612,390
909,3,Kreuzberg,1-Bedroom Flat (1+1 / 1+2),48,1432,390
910,3,Kreuzberg,1-Bedroom Flat (1+1 / 1+2),63,1538,390
911,3,Kreuzberg,1-Bedroom Flat (1+1 / 1+2),66,1625,390
912,3,Kreuzberg,1-Bedroom Flat (1+1 / 1+2),70,1716,390
913,3,Kreuzberg,1-Bedroom Flat (1+1 / 1+2),69,1774,390
914,3,Kreuzberg,1-Bedroom Flat (1+1 / 1+2),71,1670,390
915,3,Kreuzberg,1-Bedroom Flat (1+1 / 1+2),51,1514,390
916,3,Kreuzberg,1-Bedroom Flat (1+1 / 1+2),60,1465,390
917,3,Kreuzberg,1-Bedroom Flat (1+1 / 1+2),45,1298,390
918,3,Kreuzberg,1-Bedroom Flat (1+1 / 1+2),63,1420,390
919,3,Kreuzberg,1-Bedroom Flat (1+1 / 1+2),67,1575,390
920,3,Kreuzberg,1-Bedroom Flat (1+1 / 1+2),89,1921,390
921,3,Kreuzberg,1-Bedroom Flat (1+1 / 1+2),58,1397,390
922,3,Kreuzberg,1-Bedroom Flat (1+1 / 1+2),75,1714,390
923,3,Kreuzberg,1-Bedroom Flat (1+1 / 1+2),55,1492,390
924,3,Kreuzberg,1-Bedroom Flat (1+1 / 1+2),48,1372,390
925,3,Kreuzberg,1-Bedroom Flat (1+1 / 1+2),80,1879,390
926,3,Kreuzberg,1-Bedroom Flat (1+1 / 1+2),68,1714,390
927,3,Kreuzberg,1-Bedroom Flat (1+1 / 1+2),79,1921,390
928,3,Kreuzberg,1-Bedroom Flat (1+1 / 1+2),66,1685,390
929,3,Kreuzberg,1-Bedroom Flat (1+1 / 1+2),53,1466,390
930,3,Kreuzberg,1-Bedroom Flat (1+1 / 1+2),52,1347,390
931,3,Kreuzberg,1-Bedroom Flat (1+1 / 1+2),45,1304,390
932,3,Kreuzberg,1-Bedroom Flat (1+1 / 1+2),56,1544,390
933,3,Kreuzberg,1-Bedroom Flat (1+1 / 1+2),66,1705,390
934,3,Kreuzberg,1-Bedroom Flat (1+1 / 1+2),51,1457,390
935,3,Kreuzberg,1-Bedroom Flat (1+1 / 1+2),83,1945,390
936,3,Kreuzberg,1-Bedroom Flat (1+1 / 1+2),70,1683,390
937,3,Kreuzberg,1-Bedroom Flat (1+1 / 1+2),57,1529,390
938,3,Kreuzberg,1-Bedroom Flat (1+1 / 1+2),47,1262,390
939,3,Kreuzberg,1-Bedroom Flat (1+1 / 1+2),45,1205,390
940,3,Kreuzberg,1-Bedroom Flat (1+1 / 1+2),68,1681,390
941,3,Kreuzberg,1-Bedroom Flat (1+1 / 1+2),63,1571,390
942,3,Kreuzberg,1-Bedroom Flat (1+1 / 1+2),45,1234,390
943,3,Kreuzberg,1-Bedroom Flat (1+1 / 1+2),55,1369,390
944,3,Kreuzberg,1-Bedroom Flat (1+1 / 1+2),68,1559,390
945,3,Kreuzberg,1-Bedroom Flat (1+1 / 1+2),56,1256,390
946,3,Kreuzberg,1-Bedroom Flat (1+1 / 1+2),59,1394,390
947,3,Kreuzberg,1-Bedroom Flat (1+1 / 1+2),63,1470,390
948,3,Kreuzberg,1-Bedroom Flat (1+1 / 1+2),63,1543,390
949,3,Kreuzberg,1-Bedroom Flat (1+1 / 1+2),79,1857,390
950,3,Kreuzberg,1-Bedroom Flat (1+1 / 1+2),45,1154,390
951,3,Kreuzberg,1-Bedroom Flat (1+1 / 1+2),63,1472,390
952,3,Kreuzberg,1-Bedroom Flat (1+1 / 1+2),45,1389,390
953,3,Kreuzberg,1-Bedroom Flat (1+1 / 1+2),69,1699,390
954,3,Kreuzberg,1-Bedroom Flat (1+1 / 1+2),56,1482,390
955,3,Kreuzberg,1-Bedroom Flat (1+1 / 1+2),55,1446,390
956,3,Kreuzberg,1-Bedroom Flat (1+1 / 1+2),53,1532,390
957,3,Kreuzberg,1-Bedroom Flat (1+1 / 1+2),46,1395,390
958,3,Kreuzberg,1-Bedroom Flat (1+1 / 1+2),62,1496,390
959,3,Kreuzberg,1-Bedroom Flat (1+1 / 1+2),64,1638,390
960,3,Kreuzberg,1-Bedroom Flat (1+1 / 1+2),76,1792,390
961,3,Kreuzberg,1-Bedroom Flat (1+1 / 1+2),53,1401,390
962,3,Kreuzberg,1-Bedroom Flat (1+1 / 1+2),80,1949,390
963,3,Kreuzberg,1-Bedroom Flat (1+1 / 1+2),71,1756,390
964,3,Kreuzberg,1-Bedroom Flat (1+1 / 1+2),69,1756,390
965,3,Kreuzberg,1-Bedroom Flat (1+1 / 1+2),57,1338,390
966,3,Kreuzberg,1-Bedroom Flat (1+1 / 1+2),63,1482,390
967,3,Kreuzberg,1-Bedroom Flat (1+1 / 1+2),51,1299,390
968,3,Kreuzberg,1-Bedroom Flat (1+1 / 1+2),87,1952,390
969,3,Kreuzberg,1-Bedroom Flat (1+1 / 1+2),66,1494,390
970,3,Kreuzberg,1-Bedroom Flat (1+1 / 1+2),45,1194,390
971,3,Kreuzberg,1-Bedroom Flat (1+1 / 1+2),76,1794,390
972,3,Kreuzberg,1-Bedroom Flat (1+1 / 1+2),68,1702,390
973,3,Kreuzberg,1-Bedroom Flat (1+1 / 1+2),56,1569,390
974,3,Kreuzberg,1-Bedroom Flat (1+1 / 1+2),56,1571,390
975,3,Kreuzberg,1-Bedroom Flat (1+1 / 1+2),66,1443,390
976,3,Kreuzberg,1-Bedroom Flat (1+1 / 1+2),55,1267,390
977,3,Kreuzberg,1-Bedroom Flat (1+1 / 1+2),74,1730,390
978,3,Kreuzberg,1-Bedroom Flat (1+1 / 1+2),45,1302,390
979,3,Kreuzberg,1-Bedroom Flat (1+1 / 1+2),57,1326,390
980,3,Kreuzberg,1-Bedroom Flat (1+1 / 1+2),79,1822,390
981,3,Kreuzberg,1-Bedroom Flat (1+1 / 1+2),59,1456,390
982,3,Kreuzberg,1-Bedroom Flat (1+1 / 1+2),47,1183,390
983,3,Kreuzberg,1-Bedroom Flat (1+1 / 1+2),75,1705,390
984,3,Kreuzberg,1-Bedroom Flat (1+1 / 1+2),62,1356,390
985,3,Kreuzberg,1-Bedroom Flat (1+1 / 1+2),49,1387,390
986,3,Kreuzberg,1-Bedroom Flat (1+1 / 1+2),66,1762,390
987,3,Kreuzberg,1-Bedroom Flat (1+1 / 1+2),75,1727,390
988,3,Kreuzberg,1-Bedroom Flat (1+1 / 1+2),67,1592,390
989,3,Kreuzberg,1-Bedroom Flat (1+1 / 1+2),83,1979,390
990,3,Kreuzberg,1-Bedroom Flat (1+1 / 1+2),64,1590,390
991,3,Kreuzberg,1-Bedroom Flat (1+1 / 1+2),76,1816,390
992,3,Kreuzberg,1-Bedroom Flat (1+1 / 1+2),78,1599,390
993,3,Kreuzberg,1-Bedroom Flat (1+1 / 1+2),67,1574,390
994,3,Kreuzberg,1-Bedroom Flat (1+1 / 1+2),80,1967,390
995,3,Kreuzberg,1-Bedroom Flat (1+1 / 1+2),62,1678,390
996,3,Kreuzberg,1-Bedroom Flat (1+1 / 1+2),80,1835,390
997,3,Kreuzberg,1-Bedroom Flat (1+1 / 1+2),87,1937,390
998,3,Kreuzberg,1-Bedroom Flat (1+1 / 1+2),60,1586,390
999,3,Kreuzberg,1-Bedroom Flat (1+1 / 1+2),58,1484,390
1000,3,Kreuzberg,1-Bedroom Flat (1+1 / 1+2),76,1766,390
1001,3,Kreuzberg,1-Bedroom Flat (1+1 / 1+2),45,1301,390
1002,3,Kreuzberg,1-Bedroom Flat (1+1 / 1+2),55,1506,390
1003,3,Kreuzberg,1-Bedroom Flat (1+1 / 1+2),69,1784,390
1004,3,Kreuzberg,1-Bedroom Flat (1+1 / 1+2),71,1782,390
1005,3,Kreuzberg,1-Bedroom Flat (1+1 / 1+2),55,1500,390
1006,3,Kreuzberg,1-Bedroom Flat (1+1 / 1+2),82,1798,390
1007,3,Kreuzberg,1-Bedroom Flat (1+1 / 1+2),80,1779,390
1008,3,Kreuzberg,1-Bedroom Flat (1+1 / 1+2),53,1423,390
1009,3,Kreuzberg,1-Bedroom Flat (1+1 / 1+2),69,1734,390
1010,3,Kreuzberg,1-Bedroom Flat (1+1 / 1+2),52,1419,390
1011,3,Kreuzberg,1-Bedroom Flat (1+1 / 1+2),55,1294,390
1012,3,Kreuzberg,1-Bedroom Flat (1+1 / 1+2),53,1328,390
1013,3,Kreuzberg,1-Bedroom Flat (1+1 / 1+2),67,1724,390
1014,3,Kreuzberg,1-Bedroom Flat (1+1 / 1+2),47,1332,390
1015,3,Kreuzberg,1-Bedroom Flat (1+1 / 1+2),50,1405,390
1016,3,Kreuzberg,1-Bedroom Flat (1+1 / 1+2),56,1349,390
1017,3,Kreuzberg,1-Bedroom Flat (1+1 / 1+2),70,1615,390
1018,3,Kreuzberg,1-Bedroom Flat (1+1 / 1+2),59,1292,390
1019,3,Kreuzberg,1-Bedroom Flat (1+1 / 1+2),71,1758,390
1020,3,Kreuzberg,1-Bedroom Flat (1+1 / 1+2),62,1403,390
1021,3,Kreuzberg,1-Bedroom Flat (1+1 / 1+2),74,1672,390
1022,3,Kreuzberg,1-Bedroom Flat (1+1 / 1+2),57,1668,390
1023,3,Kreuzberg,1-Bedroom Flat (1+1 / 1+2),55,1495,390
1024,3,Kreuzberg,1-Bedroom Flat (1+1 / 1+2),68,1671,390
1025,3,Kreuzberg,1-Bedroom Flat (1+1 / 1+2),65,1622,390
1026,3,Kreuzberg,1-Bedroom Flat (1+1 / 1+2),65,1583,390
1027,3,Kreuzberg,1-Bedroom Flat (1+1 / 1+2),77,1662,390
1028,3,Kreuzberg,1-Bedroom Flat (1+1 / 1+2),72,1774,390
1029,3,Kreuzberg,1-Bedroom Flat (1+1 / 1+2),69,1753,390
1030,3,Kreuzberg,1-Bedroom Flat (1+1 / 1+2),61,1356,390
1031,3,Kreuzberg,1-Bedroom Flat (1+1 / 1+2),61,1435,390
1032,3,Kreuzberg,1-Bedroom Flat (1+1 / 1+2),55,1316,390
1033,3,Kreuzberg,1-Bedroom Flat (1+1 / 1+2),57,1406,390
1034,3,Kreuzberg,1-Bedroom Flat (1+1 / 1+2),45,1331,390
1035,3,Kreuzberg,1-Bedroom Flat (1+1 / 1+2),84,1947,390
1036,3,Kreuzberg,1-Bedroom Flat (1+1 / 1+2),60,1503,390
1037,3,Kreuzberg,1-Bedroom Flat (1+1 / 1+2),58,1484,390
1038,3,Kreuzberg,1-Bedroom Flat (1+1 / 1+2),62,1464,390
1039,3,Kreuzberg,1-Bedroom Flat (1+1 / 1+2),79,1678,390
1040,3,Kreuzberg,1-Bedroom Flat (1+1 / 1+2),69,1643,390
1041,3,Kreuzberg,1-Bedroom Flat (1+1 / 1+2),81,1875,390
1042,3,Kreuzberg,1-Bedroom Flat (1+1 / 1+2),58,1454,390
1043,3,Kreuzberg,1-Bedroom Flat (1+1 / 1+2),62,1437,390
1044,3,Kreuzberg,1-Bedroom Flat (1+1 / 1+2),54,1251,390
1045,3,Kreuzberg,1-Bedroom Flat (1+1 / 1+2),53,1404,390
1046,3,Kreuzberg,1-Bedroom Flat (1+1 / 1+2),65,1410,390
1047,3,Kreuzberg,1-Bedroom Flat (1+1 / 1+2),61,1575,390
1048,3,Kreuzberg,1-Bedroom Flat (1+1 / 1+2),60,1451,390
1049,3,Kreuzberg,1-Bedroom Flat (1+1 / 1+2),58,1427,390
1050,3,Kreuzberg,1-Bedroom Flat (1+1 / 1+2),56,1460,390
1051,3,Kreuzberg,1-Bedroom Flat (1+1 / 1+2),85,1841,390
1052,3,Kreuzberg,1-Bedroom Flat (1+1 / 1+2),59,1487,390
1053,3,Kreuzberg,1-Bedroom Flat (1+1 / 1+2),55,1527,390
1054,3,Kreuzberg,1-Bedroom Flat (1+1 / 1+2),45,1220,390
1055,3,Kreuzberg,1-Bedroom Flat (1+1 / 1+2),70,1642,390
1056,3,Kreuzberg,1-Bedroom Flat (1+1 / 1+2),54,1452,390
1057,3,Kreuzberg,1-Bedroom Flat (1+1 / 1+2),71,1703,390
1058,3,Kreuzberg,1-Bedroom Flat (1+1 / 1+2),54,1453,390
1059,3,Kreuzberg,1-Bedroom Flat (1+1 / 1+2),58,1543,390
1060,3,Kreuzberg,1-Bedroom Flat (1+1 / 1+2),77,1545,390
1061,3,Kreuzberg,1-Bedroom Flat (1+1 / 1+2),63,1400,390
1062,3,Kreuzberg,1-Bedroom Flat (1+1 / 1+2),86,1882,390
1063,3,Kreuzberg,1-Bedroom Flat (1+1 / 1+2),69,1649,390
1064,3,Kreuzberg,1-Bedroom Flat (1+1 / 1+2),54,1329,390
1065,3,Kreuzberg,1-Bedroom Flat (1+1 / 1+2),78,1882,390
1066,3,Kreuzberg,1-Bedroom Flat (1+1 / 1+2),81,1849,390
1067,3,Kreuzberg,1-Bedroom Flat (1+1 / 1+2),65,1564,390
1068,3,Kreuzberg,1-Bedroom Flat (1+1 / 1+2),59,1398,390
1069,3,Kreuzberg,1-Bedroom Flat (1+1 / 1+2),63,1485,390
1070,3,Kreuzberg,1-Bedroom Flat (1+1 / 1+2),66,1619,390
1071,3,Kreuzberg,1-Bedroom Flat (1+1 / 1+2),65,1739,390
1072,3,Kreuzberg,1-Bedroom Flat (1+1 / 1+2),62,1608,390
1073,3,Kreuzberg,1-Bedroom Flat (1+1 / 1+2),83,1994,390
1074,3,Kreuzberg,1-Bedroom Flat (1+1 / 1+2),74,1704,390
1075,3,Kreuzberg,1-Bedroom Flat (1+1 / 1+2),64,1453,390
1076,3,Kreuzberg,1-Bedroom Flat (1+1 / 1+2),67,1645,390
1077,3,Kreuzberg,1-Bedroom Flat (1+1 / 1+2),62,1632,390
1078,3,Kreuzberg,1-Bedroom Flat (1+1 / 1+2),50,1495,390
1079,3,Kreuzberg,1-Bedroom Flat (1+1 / 1+2),71,1678,390
1080,3,Kreuzberg,1-Bedroom Flat (1+1 / 1+2),61,1567,390
1081,3,Kreuzberg,1-Bedroom Flat (1+1 / 1+2),77,1789,390
1082,3,Kreuzberg,1-Bedroom Flat (1+1 / 1+2),63,1558,390
1083,3,Kreuzberg,1-Bedroom Flat (1+1 / 1+2),80,1795,390
1084,3,Kreuzberg,1-Bedroom Flat (1+1 / 1+2),62,1672,390
1085,3,Kreuzberg,1-Bedroom Flat (1+1 / 1+2),63,1658,390
1086,3,Kreuzberg,1-Bedroom Flat (1+1 / 1+2),53,1378,390
1087,3,Kreuzberg,1-Bedroom Flat (1+1 / 1+2),77,1719,390
1088,3,Kreuzberg,1-Bedroom Flat (1+1 / 1+2),60,1531,390
1089,3,Kreuzberg,1-Bedroom Flat (1+1 / 1+2),52,1343,390
1090,3,Kreuzberg,1-Bedroom Flat (1+1 / 1+2),63,1560,390
1091,3,Kreuzberg,1-Bedroom Flat (1+1 / 1+2),75,1887,390
1092,3,Kreuzberg,1-Bedroom Flat (1+1 / 1+2),53,1406,390
1093,3,Kreuzberg,1-Bedroom Flat (1+1 / 1+2),69,1788,390
1094,3,Kreuzberg,1-Bedroom Flat (1+1 / 1+2),69,1678,390
1095,3,Kreuzberg,1-Bedroom Flat (1+1 / 1+2),69,1713,390
1096,3,Kreuzberg,1-Bedroom Flat (1+1 / 1+2),53,1413,390
1097,3,Kreuzberg,1-Bedroom Flat (1+1 / 1+2),77,1761,390
1098,3,Kreuzberg,1-Bedroom Flat (1+1 / 1+2),63,1534,390
1099,3,Kreuzberg,1-Bedroom Flat (1+1 / 1+2),45,1270,390
1100,3,Kreuzberg,1-Bedroom Flat (1+1 / 1+2),65,1542,390
1101,3,Kreuzberg,1-Bedroom Flat (1+1 / 1+2),50,1269,390
1102,3,Kreuzberg,1-Bedroom Flat (1+1 / 1+2),70,1846,390
1103,3,Kreuzberg,1-Bedroom Flat (1+1 / 1+2),76,1643,390
1104,3,Kreuzberg,1-Bedroom Flat (1+1 / 1+2),71,1624,390
1105,3,Kreuzberg,1-Bedroom Flat (1+1 / 1+2),56,1402,390
1106,3,Kreuzberg,1-Bedroom Flat (1+1 / 1+2),69,1738,390
1107,3,Kreuzberg,1-Bedroom Flat (1+1 / 1+2),61,1517,390
1108,3,Kreuzberg,1-Bedroom Flat (1+1 / 1+2),67,1671,390
1109,3,Kreuzberg,1-Bedroom Flat (1+1 / 1+2),74,1616,390
1110,3,Kreuzberg,1-Bedroom Flat (1+1 / 1+2),62,1444,390
1111,3,Kreuzberg,1-Bedroom Flat (1+1 / 1+2),61,1504,390
1112,3,Kreuzberg,1-Bedroom Flat (1+1 / 1+2),62,1468,390
1113,3,Kreuzberg,1-Bedroom Flat (1+1 / 1+2),47,1112,390
1114,3,Kreuzberg,1-Bedroom Flat (1+1 / 1+2),61,1485,390
1115,3,Kreuzberg,1-Bedroom Flat (1+1 / 1+2),55,1547,390
1116,3,Kreuzberg,1-Bedroom Flat (1+1 / 1+2),53,1524,390
1117,3,Kreuzberg,1-Bedroom Flat (1+1 / 1+2),78,1620,390
1118,3,Kreuzberg,1-Bedroom Flat (1+1 / 1+2),63,1520,390
1119,3,Kreuzberg,1-Bedroom Flat (1+1 / 1+2),45,1138,390
1120,3,Kreuzberg,1-Bedroom Flat (1+1 / 1+2),70,1850,390
1121,3,Kreuzberg,1-Bedroom Flat (1+1 / 1+2),71,1713,390
1122,3,Kreuzberg,1-Bedroom Flat (1+1 / 1+2),62,1691,390
1123,3,Kreuzberg,1-Bedroom Flat (1+1 / 1+2),83,1823,390
1124,3,Kreuzberg,1-Bedroom Flat (1+1 / 1+2),45,1079,390
1125,3,Kreuzberg,1-Bedroom Flat (1+1 / 1+2),75,1744,390
1126,3,Kreuzberg,1-Bedroom Flat (1+1 / 1+2),64,1411,390
1127,3,Kreuzberg,1-Bedroom Flat (1+1 / 1+2),54,1385,390
1128,3,Kreuzberg,1-Bedroom Flat (1+1 / 1+2),64,1536,390
1129,3,Kreuzberg,1-Bedroom Flat (1+1 / 1+2),52,1309,390
1130,3,Kreuzberg,1-Bedroom Flat (1+1 / 1+2),74,1754,390
1131,3,Kreuzberg,1-Bedroom Flat (1+1 / 1+2),68,1555,390
1132,3,Kreuzberg,1-Bedroom Flat (1+1 / 1+2),45,1221,390
1133,3,Kreuzberg,1-Bedroom Flat (1+1 / 1+2),53,1427,390
1134,3,Kreuzberg,1-Bedroom Flat (1+1 / 1+2),90,2051,390
1135,3,Kreuzberg,1-Bedroom Flat (1+1 / 1+2),89,2023,390
1136,3,Kreuzberg,1-Bedroom Flat (1+1 / 1+2),56,1475,390
1137,3,Kreuzberg,1-Bedroom Flat (1+1 / 1+2),80,1993,390
1138,3,Kreuzberg,1-Bedroom Flat (1+1 / 1+2),56,1467,390
1139,3,Kreuzberg,1-Bedroom Flat (1+1 / 1+2),48,1390,390
1140,3,Kreuzberg,1-Bedroom Flat (1+1 / 1+2),78,1800,390
1141,3,Kreuzberg,1-Bedroom Flat (1+1 / 1+2),55,1460,390
1142,3,Kreuzberg,1-Bedroom Flat (1+1 / 1+2),66,1611,390
1143,3,Kreuzberg,1-Bedroom Flat (1+1 / 1+2),64,1556,390
1144,3,Kreuzberg,1-Bedroom Flat (1+1 / 1+2),72,1766,390
1145,3,Kreuzberg,1-Bedroom Flat (1+1 / 1+2),52,1289,390
1146,3,Kreuzberg,1-Bedroom Flat (1+1 / 1+2),59,1558,390
1147,3,Kreuzberg,1-Bedroom Flat (1+1 / 1+2),63,1498,390
1148,3,Kreuzberg,1-Bedroom Flat (1+1 / 1+2),65,1558,390
1149,3,Kreuzberg,1-Bedroom Flat (1+1 / 1+2),71,1714,390
1150,3,Kreuzberg,1-Bedroom Flat (1+1 / 1+2),59,1513,390
1151,3,Kreuzberg,1-Bedroom Flat (1+1 / 1+2),75,1697,390
1152,3,Kreuzberg,1-Bedroom Flat (1+1 / 1+2),66,1598,390
1153,3,Kreuzberg,1-Bedroom Flat (1+1 / 1+2),66,1545,390
1154,3,Kreuzberg,1-Bedroom Flat (1+1 / 1+2),63,1656,390
1155,3,Kreuzberg,1-Bedroom Flat (1+1 / 1+2),53,1276,390
1156,3,Kreuzberg,1-Bedroom Flat (1+1 / 1+2),49,1227,390
1157,3,Kreuzberg,1-Bedroom Flat (1+1 / 1+2),68,1509,390
1158,3,Kreuzberg,1-Bedroom Flat (1+1 / 1+2),59,1548,390
1159,3,Kreuzberg,1-Bedroom Flat (1+1 / 1+2),66,1569,390
1160,3,Kreuzberg,1-Bedroom Flat (1+1 / 1+2),64,1582,390
1161,3,Kreuzberg,1-Bedroom Flat (1+1 / 1+2),60,1489,390
1162,3,Kreuzberg,1-Bedroom Flat (1+1 / 1+2),84,1965,390
1163,3,Kreuzberg,1-Bedroom Flat (1+1 / 1+2),87,1895,390
1164,3,Kreuzberg,1-Bedroom Flat (1+1 / 1+2),61,1404,390
1165,3,Kreuzberg,1-Bedroom Flat (1+1 / 1+2),54,1583,390
1166,3,Kreuzberg,1-Bedroom Flat (1+1 / 1+2),57,1633,390
1167,3,Kreuzberg,1-Bedroom Flat (1+1 / 1+2),50,1253,390
1168,3,Kreuzberg,1-Bedroom Flat (1+1 / 1+2),59,1486,390
1169,3,Kreuzberg,1-Bedroom Flat (1+1 / 1+2),71,1725,390
1170,3,Kreuzberg,1-Bedroom Flat (1+1 / 1+2),58,1464,390
1171,3,Kreuzberg,1-Bedroom Flat (1+1 / 1+2),59,1410,390
1172,3,Kreuzberg,1-Bedroom Flat (1+1 / 1+2),53,1489,390
1173,3,Kreuzberg,1-Bedroom Flat (1+1 / 1+2),45,1414,390
1174,3,Kreuzberg,1-Bedroom Flat (1+1 / 1+2),59,1422,390
1175,3,Kreuzberg,1-Bedroom Flat (1+1 / 1+2),69,1786,390
1176,3,Kreuzberg,1-Bedroom Flat (1+1 / 1+2),73,1761,390
1177,3,Kreuzberg,1-Bedroom Flat (1+1 / 1+2),73,1562,390
1178,3,Kreuzberg,1-Bedroom Flat (1+1 / 1+2),57,1378,390
1179,3,Kreuzberg,1-Bedroom Flat (1+1 / 1+2),74,1697,390
1180,3,Kreuzberg,1-Bedroom Flat (1+1 / 1+2),70,1716,390
1181,3,Kreuzberg,1-Bedroom Flat (1+1 / 1+2),53,1343,390
1182,3,Kreuzberg,1-Bedroom Flat (1+1 / 1+2),75,1678,390
1183,3,Kreuzberg,1-Bedroom Flat (1+1 / 1+2),63,1486,390
1184,3,Kreuzberg,1-Bedroom Flat (1+1 / 1+2),59,1488,390
1185,3,Kreuzberg,1-Bedroom Flat (1+1 / 1+2),54,1326,390
1186,3,Kreuzberg,1-Bedroom Flat (1+1 / 1+2),65,1512,390
1187,3,Kreuzberg,1-Bedroom Flat (1+1 / 1+2),54,1327,390
1188,3,Kreuzberg,1-Bedroom Flat (1+1 / 1+2),61,1609,390
1189,3,Kreuzberg,1-Bedroom Flat (1+1 / 1+2),77,1715,390
1190,3,Kreuzberg,1-Bedroom Flat (1+1 / 1+2),84,1802,390
1191,3,Kreuzberg,1-Bedroom Flat (1+1 / 1+2),73,1651,390
1192,3,Kreuzberg,1-Bedroom Flat (1+1 / 1+2),53,1329,390
1193,3,Kreuzberg,1-Bedroom Flat (1+1 / 1+2),61,1576,390
1194,3,Kreuzberg,1-Bedroom Flat (1+1 / 1+2),69,1567,390
1195,3,Kreuzberg,1-Bedroom Flat (1+1 / 1+2),52,1298,390
1196,3,Kreuzberg,1-Bedroom Flat (1+1 / 1+2),61,1505,390
1197,3,Kreuzberg,1-Bedroom Flat (1+1 / 1+2),52,1404,390
1198,3,Kreuzberg,1-Bedroom Flat (1+1 / 1+2),85,1863,390
1199,3,Kreuzberg,1-Bedroom Flat (1+1 / 1+2),58,1526,390
1200,3,Kreuzberg,1-Bedroom Flat (1+1 / 1+2),56,1504,390
1201,3,Kreuzberg,1-Bedroom Flat (1+1 / 1+2),55,1593,390
1202,3,Kreuzberg,1-Bedroom Flat (1+1 / 1+2),65,1532,390
1203,3,Kreuzberg,1-Bedroom Flat (1+1 / 1+2),56,1398,390
1204,3,Kreuzberg,1-Bedroom Flat (1+1 / 1+2),76,1650,390
1205,3,Kreuzberg,1-Bedroom Flat (1+1 / 1+2),55,1377,390
1206,3,Kreuzberg,1-Bedroom Flat (1+1 / 1+2),62,1516,390
1207,3,Kreuzberg,1-Bedroom Flat (1+1 / 1+2),47,1264,390
1208,3,Kreuzberg,1-Bedroom Flat (1+1 / 1+2),61,1467,390
1209,3,Kreuzberg,1-Bedroom Flat (1+1 / 1+2),69,1735,390
1210,3,Kreuzberg,1-Bedroom Flat (1+1 / 1+2),61,1545,390
1211,3,Kreuzberg,1-Bedroom Flat (1+1 / 1+2),45,1230,390
1212,3,Kreuzberg,1-Bedroom Flat (1+1 / 1+2),72,1662,390
1213,3,Kreuzberg,1-Bedroom Flat (1+1 / 1+2),55,1633,390
1214,3,Kreuzberg,1-Bedroom Flat (1+1 / 1+2),80,1870,390
1215,3,Kreuzberg,1-Bedroom Flat (1+1 / 1+2),73,1516,390
1216,3,Kreuzberg,1-Bedroom Flat (1+1 / 1+2),54,1370,390
1217,3,Kreuzberg,1-Bedroom Flat (1+1 / 1+2),60,1464,390
1218,3,Kreuzberg,1-Bedroom Flat (1+1 / 1+2),45,1303,390
1219,3,Kreuzberg,1-Bedroom Flat (1+1 / 1+2),67,1764,390
1220,3,Kreuzberg,1-Bedroom Flat (1+1 / 1+2),54,1334,390
1221,3,Kreuzberg,1-Bedroom Flat (1+1 / 1+2),45,1242,390
1222,3,Kreuzberg,1-Bedroom Flat (1+1 / 1+2),71,1629,390
1223,3,Kreuzberg,1-Bedroom Flat (1+1 / 1+2),83,1853,390
1224,3,Kreuzberg,1-Bedroom Flat (1+1 / 1+2),63,1433,390
1225,3,Kreuzberg,1-Bedroom Flat (1+1 / 1+2),65,1410,390
1226,3,Kreuzberg,1-Bedroom Flat (1+1 / 1+2),69,1717,390
1227,3,Kreuzberg,1-Bedroom Flat (1+1 / 1+2),76,1672,390
1228,3,Kreuzberg,1-Bedroom Flat (1+1 / 1+2),64,1623,390
1229,3,Kreuzberg,1-Bedroom Flat (1+1 / 1+2),66,1526,390
1230,3,Kreuzberg,1-Bedroom Flat (1+1 / 1+2),45,1299,390
1231,3,Kreuzberg,1-Bedroom Flat (1+1 / 1+2),60,1457,390
1232,3,Kreuzberg,1-Bedroom Flat (1+1 / 1+2),70,1664,390
1233,3,Kreuzberg,1-Bedroom Flat (1+1 / 1+2),49,1158,390
1234,3,Kreuzberg,1-Bedroom Flat (1+1 / 1+2),51,1579,390
1235,3,Kreuzberg,1-Bedroom Flat (1+1 / 1+2),69,1669,390
1236,3,Kreuzberg,1-Bedroom Flat (1+1 / 1+2),60,1486,390
1237,3,Kreuzberg,1-Bedroom Flat (1+1 / 1+2),74,1688,390
1238,3,Kreuzberg,1-Bedroom Flat (1+1 / 1+2),68,1605,390
1239,3,Kreuzberg,1-Bedroom Flat (1+1 / 1+2),81,1911,390
1240,3,Kreuzberg,1-Bedroom Flat (1+1 / 1+2),74,1679,390
1241,3,Kreuzberg,1-Bedroom Flat (1+1 / 1+2),73,1688,390
1242,3,Kreuzberg,1-Bedroom Flat (1+1 / 1+2),63,1703,390
1243,3,Kreuzberg,1-Bedroom Flat (1+1 / 1+2),52,1398,390
1244,3,Kreuzberg,1-Bedroom Flat (1+1 / 1+2),66,1651,390
1245,3,Kreuzberg,1-Bedroom Flat (1+1 / 1+2),57,1648,390
1246,3,Kreuzberg,1-Bedroom Flat (1+1 / 1+2),49,1463,390
1247,3,Kreuzberg,1-Bedroom Flat (1+1 / 1+2),74,1903,390
1248,3,Kreuzberg,1-Bedroom Flat (1+1 / 1+2),46,1206,390
1249,3,Kreuzberg,1-Bedroom Flat (1+1 / 1+2),77,1611,390
1250,3,Kreuzberg,1-Bedroom Flat (1+1 / 1+2),46,1240,390
1251,3,Kreuzberg,1-Bedroom Flat (1+1 / 1+2),64,1715,390
1252,3,Kreuzberg,1-Bedroom Flat (1+1 / 1+2),60,1453,390
1253,3,Kreuzberg,1-Bedroom Flat (1+1 / 1+2),65,1630,390
1254,3,Kreuzberg,1-Bedroom Flat (1+1 / 1+2),66,1588,390
1255,3,Kreuzberg,1-Bedroom Flat (1+1 / 1+2),45,1185,390
1256,3,Kreuzberg,1-Bedroom Flat (1+1 / 1+2),76,1781,390
1257,3,Kreuzberg,1-Bedroom Flat (1+1 / 1+2),59,1593,390
1258,3,Kreuzberg,1-Bedroom Flat (1+1 / 1+2),51,1344,390
1259,3,Kreuzberg,1-Bedroom Flat (1+1 / 1+2),63,1516,390
1260,3,Kreuzberg,1-Bedroom Flat (1+1 / 1+2),63,1539,390
1261,3,Kreuzberg,1-Bedroom Flat (1+1 / 1+2),48,1332,390
1262,3,Kreuzberg,1-Bedroom Flat (1+1 / 1+2),49,1347,390
1263,3,Kreuzberg,1-Bedroom Flat (1+1 / 1+2),76,1739,390
1264,3,Kreuzberg,1-Bedroom Flat (1+1 / 1+2),50,1337,390
1265,3,Kreuzberg,1-Bedroom Flat (1+1 / 1+2),54,1466,390
1266,3,Kreuzberg,1-Bedroom Flat (1+1 / 1+2),61,1678,390
1267,3,Kreuzberg,1-Bedroom Flat (1+1 / 1+2),74,1718,390
1268,3,Kreuzberg,1-Bedroom Flat (1+1 / 1+2),69,1617,390
1269,3,Kreuzberg,1-Bedroom Flat (1+1 / 1+2),62,1507,390
1270,3,Kreuzberg,1-Bedroom Flat (1+1 / 1+2),70,1797,390
1271,3,Kreuzberg,1-Bedroom Flat (1+1 / 1+2),70,1751,390
1272,3,Kreuzberg,1-Bedroom Flat (1+1 / 1+2),71,1734,390
1273,3,Kreuzberg,1-Bedroom Flat (1+1 / 1+2),51,1517,390
1274,3,Kreuzberg,1-Bedroom Flat (1+1 / 1+2),80,1807,390
1275,3,Kreuzberg,1-Bedroom Flat (1+1 / 1+2),58,1531,390
1276,3,Kreuzberg,1-Bedroom Flat (1+1 / 1+2),68,1618,390
1277,3,Kreuzberg,1-Bedroom Flat (1+1 / 1+2),49,1360,390
1278,3,Kreuzberg,1-Bedroom Flat (1+1 / 1+2),68,1701,390
1279,3,Kreuzberg,1-Bedroom Flat (1+1 / 1+2),65,1564,390
1280,3,Kreuzberg,1-Bedroom Flat (1+1 / 1+2),72,1706,390
1281,3,Kreuzberg,1-Bedroom Flat (1+1 / 1+2),57,1444,390
1282,3,Kreuzberg,1-Bedroom Flat (1+1 / 1+2),45,1252,390
1283,3,Kreuzberg,1-Bedroom Flat (1+1 / 1+2),69,1683,390
1284,3,Kreuzberg,1-Bedroom Flat (1+1 / 1+2),77,1756,390
1285,3,Kreuzberg,1-Bedroom Flat (1+1 / 1+2),67,1691,390
1286,3,Kreuzberg,1-Bedroom Flat (1+1 / 1+2),85,1921,390
1287,3,Kreuzberg,1-Bedroom Flat (1+1 / 1+2),52,1456,390
1288,3,Kreuzberg,1-Bedroom Flat (1+1 / 1+2),81,1815,390
1289,3,Kreuzberg,1-Bedroom Flat (1+1 / 1+2),70,1779,390
1290,3,Kreuzberg,1-Bedroom Flat (1+1 / 1+2),72,1711,390
1291,4,Prenzlauer Berg,1-Bedroom Flat (1+1 / 1+2),55,1461,360
1292,4,Prenzlauer Berg,1-Bedroom Flat (1+1 / 1+2),67,1742,360
1293,4,Prenzlauer Berg,1-Bedroom Flat (1+1 / 1+2),65,1594,360
1294,4,Prenzlauer Berg,1-Bedroom Flat (1+1 / 1+2),68,1753,360
1295,4,Prenzlauer Berg,1-Bedroom Flat (1+1 / 1+2),66,1569,360
1296,4,Prenzlauer Berg,1-Bedroom Flat (1+1 / 1+2),60,1633,360
1297,4,Prenzlauer Berg,1-Bedroom Flat (1+1 / 1+2),48,1168,360
1298,4,Prenzlauer Berg,1-Bedroom Flat (1+1 / 1+2),77,1866,360
1299,4,Prenzlauer Berg,1-Bedroom Flat (1+1 / 1+2),68,1579,360
1300,4,Prenzlauer Berg,1-Bedroom Flat (1+1 / 1+2),69,1717,360
1301,4,Prenzlauer Berg,1-Bedroom Flat (1+1 / 1+2),46,1452,360
1302,4,Prenzlauer Berg,1-Bedroom Flat (1+1 / 1+2),64,1576,360
1303,4,Prenzlauer Berg,1-Bedroom Flat (1+1 / 1+2),58,1335,360
1304,4,Prenzlauer Berg,1-Bedroom Flat (1+1 / 1+2),68,1700,360
1305,4,Prenzlauer Berg,1-Bedroom Flat (1+1 / 1+2),60,1663,360
1306,4,Prenzlauer Berg,1-Bedroom Flat (1+1 / 1+2),48,1302,360
1307,4,Prenzlauer Berg,1-Bedroom Flat (1+1 / 1+2),53,1411,360
1308,4,Prenzlauer Berg,1-Bedroom Flat (1+1 / 1+2),63,1635,360
1309,4,Prenzlauer Berg,1-Bedroom Flat (1+1 / 1+2),59,1453,360
1310,4,Prenzlauer Berg,1-Bedroom Flat (1+1 / 1+2),79,2069,360
1311,4,Prenzlauer Berg,1-Bedroom Flat (1+1 / 1+2),63,1528,360
1312,4,Prenzlauer Berg,1-Bedroom Flat (1+1 / 1+2),77,1690,360
1313,4,Prenzlauer Berg,1-Bedroom Flat (1+1 / 1+2),59,1469,360
1314,4,Prenzlauer Berg,1-Bedroom Flat (1+1 / 1+2),50,1363,360
1315,4,Prenzlauer Berg,1-Bedroom Flat (1+1 / 1+2),53,1437,360
1316,4,Prenzlauer Berg,1-Bedroom Flat (1+1 / 1+2),62,1524,360
1317,4,Prenzlauer Berg,1-Bedroom Flat (1+1 / 1+2),58,1495,360
1318,4,Prenzlauer Berg,1-Bedroom Flat (1+1 / 1+2),70,1695,360
1319,4,Prenzlauer Berg,1-Bedroom Flat (1+1 / 1+2),70,1761,360
1320,4,Prenzlauer Berg,1-Bedroom Flat (1+1 / 1+2),68,1801,360
1321,4,Prenzlauer Berg,1-Bedroom Flat (1+1 / 1+2),51,1361,360
1322,4,Prenzlauer Berg,1-Bedroom Flat (1+1 / 1+2),80,1845,360
1323,4,Prenzlauer Berg,1-Bedroom Flat (1+1 / 1+2),45,1290,360
1324,4,Prenzlauer Berg,1-Bedroom Flat (1+1 / 1+2),63,1360,360
1325,4,Prenzlauer Berg,1-Bedroom Flat (1+1 / 1+2),75,1724,360
1326,4,Prenzlauer Berg,1-Bedroom Flat (1+1 / 1+2),65,1608,360
1327,4,Prenzlauer Berg,1-Bedroom Flat (1+1 / 1+2),49,1276,360
1328,4,Prenzlauer Berg,1-Bedroom Flat (1+1 / 1+2),53,1534,360
1329,4,Prenzlauer Berg,1-Bedroom Flat (1+1 / 1+2),61,1517,360
1330,4,Prenzlauer Berg,1-Bedroom Flat (1+1 / 1+2),53,1544,360
1331,4,Prenzlauer Berg,1-Bedroom Flat (1+1 / 1+2),77,1927,360
1332,4,Prenzlauer Berg,1-Bedroom Flat (1+1 / 1+2),67,1686,360
1333,4,Prenzlauer Berg,1-Bedroom Flat (1+1 / 1+2),50,1366,360
1334,4,Prenzlauer Berg,1-Bedroom Flat (1+1 / 1+2),55,1304,360
1335,4,Prenzlauer Berg,1-Bedroom Flat (1+1 / 1+2),73,1693,360
1336,4,Prenzlauer Berg,1-Bedroom Flat (1+1 / 1+2),74,1851,360
1337,4,Prenzlauer Berg,1-Bedroom Flat (1+1 / 1+2),68,1731,360
1338,4,Prenzlauer Berg,1-Bedroom Flat (1+1 / 1+2),56,1651,360
1339,4,Prenzlauer Berg,1-Bedroom Flat (1+1 / 1+2),62,1607,360
1340,4,Prenzlauer Berg,1-Bedroom Flat (1+1 / 1+2),56,1400,360
1341,4,Prenzlauer Berg,1-Bedroom Flat (1+1 / 1+2),67,1680,360
1342,4,Prenzlauer Berg,1-Bedroom Flat (1+1 / 1+2),54,1323,360
1343,4,Prenzlauer Berg,1-Bedroom Flat (1+1 / 1+2),49,1480,360
1344,4,Prenzlauer Berg,1-Bedroom Flat (1+1 / 1+2),56,1453,360
1345,4,Prenzlauer Berg,1-Bedroom Flat (1+1 / 1+2),77,1719,360
1346,4,Prenzlauer Berg,1-Bedroom Flat (1+1 / 1+2),55,1399,360
1347,4,Prenzlauer Berg,1-Bedroom Flat (1+1 / 1+2),78,2015,360
1348,4,Prenzlauer Berg,1-Bedroom Flat (1+1 / 1+2),70,1779,360
1349,4,Prenzlauer Berg,1-Bedroom Flat (1+1 / 1+2),56,1659,360
1350,4,Prenzlauer Berg,1-Bedroom Flat (1+1 / 1+2),65,1705,360
1351,4,Prenzlauer Berg,1-Bedroom Flat (1+1 / 1+2),61,1540,360
1352,4,Prenzlauer Berg,1-Bedroom Flat (1+1 / 1+2),79,1901,360
1353,4,Prenzlauer Berg,1-Bedroom Flat (1+1 / 1+2),77,1843,360
1354,4,Prenzlauer Berg,1-Bedroom Flat (1+1 / 1+2),54,1399,360
1355,4,Prenzlauer Berg,1-Bedroom Flat (1+1 / 1+2),63,1540,360
1356,4,Prenzlauer Berg,1-Bedroom Flat (1+1 / 1+2),51,1512,360
1357,4,Prenzlauer Berg,1-Bedroom Flat (1+1 / 1+2),57,1512,360
1358,4,Prenzlauer Berg,1-Bedroom Flat (1+1 / 1+2),65,1575,360
1359,4,Prenzlauer Berg,1-Bedroom Flat (1+1 / 1+2),77,1719,360
1360,4,Prenzlauer Berg,1-Bedroom Flat (1+1 / 1+2),65,1650,360
1361,4,Prenzlauer Berg,1-Bedroom Flat (1+1 / 1+2),61,1447,360
1362,4,Prenzlauer Berg,1-Bedroom Flat (1+1 / 1+2),71,1791,360
1363,4,Prenzlauer Berg,1-Bedroom Flat (1+1 / 1+2),55,1532,360
1364,4,Prenzlauer Berg,1-Bedroom Flat (1+1 / 1+2),66,1529,360
1365,4,Prenzlauer Berg,1-Bedroom Flat (1+1 / 1+2),53,1538,360
1366,4,Prenzlauer Berg,1-Bedroom Flat (1+1 / 1+2),65,1577,360
1367,4,Prenzlauer Berg,1-Bedroom Flat (1+1 / 1+2),53,1390,360
1368,4,Prenzlauer Berg,1-Bedroom Flat (1+1 / 1+2),58,1440,360
1369,4,Prenzlauer Berg,1-Bedroom Flat (1+1 / 1+2),45,1411,360
1370,4,Prenzlauer Berg,1-Bedroom Flat (1+1 / 1+2),72,1625,360
1371,4,Prenzlauer Berg,1-Bedroom Flat (1+1 / 1+2),63,1515,360
1372,4,Prenzlauer Berg,1-Bedroom Flat (1+1 / 1+2),59,1501,360
1373,4,Prenzlauer Berg,1-Bedroom Flat (1+1 / 1+2),58,1696,360
1374,4,Prenzlauer Berg,1-Bedroom Flat (1+1 / 1+2),58,1443,360
1375,4,Prenzlauer Berg,1-Bedroom Flat (1+1 / 1+2),54,1546,360
1376,4,Prenzlauer Berg,1-Bedroom Flat (1+1 / 1+2),45,1239,360
1377,4,Prenzlauer Berg,1-Bedroom Flat (1+1 / 1+2),76,1826,360
1378,4,Prenzlauer Berg,1-Bedroom Flat (1+1 / 1+2),64,1804,360
1379,4,Prenzlauer Berg,1-Bedroom Flat (1+1 / 1+2),64,1548,360
1380,4,Prenzlauer Berg,1-Bedroom Flat (1+1 / 1+2),59,1430,360
1381,4,Prenzlauer Berg,1-Bedroom Flat (1+1 / 1+2),75,1840,360
1382,4,Prenzlauer Berg,1-Bedroom Flat (1+1 / 1+2),73,1865,360
1383,4,Prenzlauer Berg,1-Bedroom Flat (1+1 / 1+2),58,1431,360
1384,4,Prenzlauer Berg,1-Bedroom Flat (1+1 / 1+2),61,1485,360
1385,4,Prenzlauer Berg,1-Bedroom Flat (1+1 / 1+2),64,1714,360
1386,4,Prenzlauer Berg,1-Bedroom Flat (1+1 / 1+2),60,1561,360
1387,4,Prenzlauer Berg,1-Bedroom Flat (1+1 / 1+2),61,1636,360
1388,4,Prenzlauer Berg,1-Bedroom Flat (1+1 / 1+2),55,1270,360
1389,4,Prenzlauer Berg,1-Bedroom Flat (1+1 / 1+2),67,1749,360
1390,4,Prenzlauer Berg,1-Bedroom Flat (1+1 / 1+2),66,1586,360
1391,4,Prenzlauer Berg,1-Bedroom Flat (1+1 / 1+2),51,1449,360
1392,4,Prenzlauer Berg,1-Bedroom Flat (1+1 / 1+2),63,1585,360
1393,4,Prenzlauer Berg,1-Bedroom Flat (1+1 / 1+2),80,1783,360
1394,4,Prenzlauer Berg,1-Bedroom Flat (1+1 / 1+2),80,1871,360
1395,4,Prenzlauer Berg,1-Bedroom Flat (1+1 / 1+2),45,1292,360
1396,4,Prenzlauer Berg,1-Bedroom Flat (1+1 / 1+2),72,1707,360
1397,4,Prenzlauer Berg,1-Bedroom Flat (1+1 / 1+2),47,1325,360
1398,4,Prenzlauer Berg,1-Bedroom Flat (1+1 / 1+2),53,1480,360
1399,4,Prenzlauer Berg,1-Bedroom Flat (1+1 / 1+2),70,1613,360
1400,4,Prenzlauer Berg,1-Bedroom Flat (1+1 / 1+2),55,1536,360
1401,4,Prenzlauer Berg,1-Bedroom Flat (1+1 / 1+2),53,1339,360
1402,4,Prenzlauer Berg,1-Bedroom Flat (1+1 / 1+2),50,1420,360
1403,4,Prenzlauer Berg,1-Bedroom Flat (1+1 / 1+2),65,1566,360
1404,4,Prenzlauer Berg,1-Bedroom Flat (1+1 / 1+2),62,1717,360
1405,4,Prenzlauer Berg,1-Bedroom Flat (1+1 / 1+2),52,1244,360
1406,4,Prenzlauer Berg,1-Bedroom Flat (1+1 / 1+2),67,1650,360
1407,4,Prenzlauer Berg,1-Bedroom Flat (1+1 / 1+2),55,1527,360
1408,4,Prenzlauer Berg,1-Bedroom Flat (1+1 / 1+2),70,1509,360
1409,4,Prenzlauer Berg,1-Bedroom Flat (1+1 / 1+2),55,1677,360
1410,4,Prenzlauer Berg,1-Bedroom Flat (1+1 / 1+2),68,1737,360
1411,4,Prenzlauer Berg,1-Bedroom Flat (1+1 / 1+2),74,1774,360
1412,4,Prenzlauer Berg,1-Bedroom Flat (1+1 / 1+2),70,1773,360
1413,4,Prenzlauer Berg,1-Bedroom Flat (1+1 / 1+2),67,1631,360
1414,4,Prenzlauer Berg,1-Bedroom Flat (1+1 / 1+2),64,1559,360
1415,4,Prenzlauer Berg,1-Bedroom Flat (1+1 / 1+2),62,1475,360
1416,4,Prenzlauer Berg,1-Bedroom Flat (1+1 / 1+2),54,1427,360
1417,4,Prenzlauer Berg,1-Bedroom Flat (1+1 / 1+2),53,1391,360
1418,4,Prenzlauer Berg,1-Bedroom Flat (1+1 / 1+2),60,1584,360
1419,4,Prenzlauer Berg,1-Bedroom Flat (1+1 / 1+2),71,1682,360
1420,4,Prenzlauer Berg,1-Bedroom Flat (1+1 / 1+2),75,1872,360
1421,4,Prenzlauer Berg,1-Bedroom Flat (1+1 / 1+2),67,1674,360
1422,4,Prenzlauer Berg,1-Bedroom Flat (1+1 / 1+2),65,1735,360
1423,4,Prenzlauer Berg,1-Bedroom Flat (1+1 / 1+2),74,1892,360
1424,4,Prenzlauer Berg,1-Bedroom Flat (1+1 / 1+2),62,1630,360
1425,4,Prenzlauer Berg,1-Bedroom Flat (1+1 / 1+2),75,1732,360
1426,4,Prenzlauer Berg,1-Bedroom Flat (1+1 / 1+2),59,1533,360
1427,4,Prenzlauer Berg,1-Bedroom Flat (1+1 / 1+2),71,1806,360
1428,4,Prenzlauer Berg,1-Bedroom Flat (1+1 / 1+2),60,1412,360
1429,4,Prenzlauer Berg,1-Bedroom Flat (1+1 / 1+2),64,1529,360
1430,4,Prenzlauer Berg,1-Bedroom Flat (1+1 / 1+2),47,1226,360
1431,4,Prenzlauer Berg,1-Bedroom Flat (1+1 / 1+2),65,1750,360
1432,4,Prenzlauer Berg,1-Bedroom Flat (1+1 / 1+2),62,1599,360
1433,4,Prenzlauer Berg,1-Bedroom Flat (1+1 / 1+2),74,1633,360
1434,4,Prenzlauer Berg,1-Bedroom Flat (1+1 / 1+2),67,1659,360
1435,4,Prenzlauer Berg,1-Bedroom Flat (1+1 / 1+2),68,1632,360
1436,4,Prenzlauer Berg,1-Bedroom Flat (1+1 / 1+2),54,1465,360
1437,4,Prenzlauer Berg,1-Bedroom Flat (1+1 / 1+2),78,1913,360
1438,4,Prenzlauer Berg,1-Bedroom Flat (1+1 / 1+2),57,1379,360
1439,4,Prenzlauer Berg,1-Bedroom Flat (1+1 / 1+2),45,1426,360
1440,4,Prenzlauer Berg,1-Bedroom Flat (1+1 / 1+2),52,1391,360
1441,4,Prenzlauer Berg,1-Bedroom Flat (1+1 / 1+2),75,1643,360
1442,4,Prenzlauer Berg,1-Bedroom Flat (1+1 / 1+2),77,1797,360
1443,4,Prenzlauer Berg,1-Bedroom Flat (1+1 / 1+2),51,1382,360
1444,4,Prenzlauer Berg,1-Bedroom Flat (1+1 / 1+2),55,1508,360
1445,4,Prenzlauer Berg,1-Bedroom Flat (1+1 / 1+2),56,1312,360
1446,4,Prenzlauer Berg,1-Bedroom Flat (1+1 / 1+2),60,1426,360
1447,4,Prenzlauer Berg,1-Bedroom Flat (1+1 / 1+2),64,1505,360
1448,4,Prenzlauer Berg,1-Bedroom Flat (1+1 / 1+2),57,1516,360
1449,4,Prenzlauer Berg,1-Bedroom Flat (1+1 / 1+2),60,1571,360
1450,4,Prenzlauer Berg,1-Bedroom Flat (1+1 / 1+2),69,1588,360
1451,4,Prenzlauer Berg,1-Bedroom Flat (1+1 / 1+2),61,1264,360
1452,4,Prenzlauer Berg,1-Bedroom Flat (1+1 / 1+2),64,1585,360
1453,4,Prenzlauer Berg,1-Bedroom Flat (1+1 / 1+2),52,1448,360
1454,4,Prenzlauer Berg,1-Bedroom Flat (1+1 / 1+2),74,1729,360
1455,4,Prenzlauer Berg,1-Bedroom Flat (1+1 / 1+2),53,1451,360
1456,4,Prenzlauer Berg,1-Bedroom Flat (1+1 / 1+2),49,1313,360
1457,4,Prenzlauer Berg,1-Bedroom Flat (1+1 / 1+2),74,1778,360
1458,4,Prenzlauer Berg,1-Bedroom Flat (1+1 / 1+2),45,1146,360
1459,4,Prenzlauer Berg,1-Bedroom Flat (1+1 / 1+2),64,1690,360
1460,4,Prenzlauer Berg,1-Bedroom Flat (1+1 / 1+2),46,1364,360
1461,4,Prenzlauer Berg,1-Bedroom Flat (1+1 / 1+2),75,1958,360
1462,4,Prenzlauer Berg,1-Bedroom Flat (1+1 / 1+2),65,1674,360
1463,4,Prenzlauer Berg,1-Bedroom Flat (1+1 / 1+2),45,1497,360
1464,4,Prenzlauer Berg,1-Bedroom Flat (1+1 / 1+2),56,1400,360
1465,4,Prenzlauer Berg,1-Bedroom Flat (1+1 / 1+2),59,1668,360
1466,4,Prenzlauer Berg,1-Bedroom Flat (1+1 / 1+2),84,1943,360
1467,4,Prenzlauer Berg,1-Bedroom Flat (1+1 / 1+2),72,1744,360
1468,4,Prenzlauer Berg,1-Bedroom Flat (1+1 / 1+2),52,1553,360
1469,4,Prenzlauer Berg,1-Bedroom Flat (1+1 / 1+2),56,1622,360
1470,4,Prenzlauer Berg,1-Bedroom Flat (1+1 / 1+2),75,1843,360
1471,4,Prenzlauer Berg,1-Bedroom Flat (1+1 / 1+2),80,2069,360
1472,4,Prenzlauer Berg,1-Bedroom Flat (1+1 / 1+2),60,1475,360
1473,4,Prenzlauer Berg,1-Bedroom Flat (1+1 / 1+2),45,1510,360
1474,4,Prenzlauer Berg,1-Bedroom Flat (1+1 / 1+2),58,1618,360
1475,4,Prenzlauer Berg,1-Bedroom Flat (1+1 / 1+2),55,1606,360
1476,4,Prenzlauer Berg,1-Bedroom Flat (1+1 / 1+2),55,1361,360
1477,4,Prenzlauer Berg,1-Bedroom Flat (1+1 / 1+2),60,1500,360
1478,4,Prenzlauer Berg,1-Bedroom Flat (1+1 / 1+2),68,1671,360
1479,4,Prenzlauer Berg,1-Bedroom Flat (1+1 / 1+2),68,1650,360
1480,4,Prenzlauer Berg,1-Bedroom Flat (1+1 / 1+2),55,1415,360
1481,4,Prenzlauer Berg,1-Bedroom Flat (1+1 / 1+2),82,1920,360
1482,4,Prenzlauer Berg,1-Bedroom Flat (1+1 / 1+2),45,1261,360
1483,4,Prenzlauer Berg,1-Bedroom Flat (1+1 / 1+2),63,1762,360
1484,4,Prenzlauer Berg,1-Bedroom Flat (1+1 / 1+2),72,1657,360
1485,4,Prenzlauer Berg,1-Bedroom Flat (1+1 / 1+2),86,1961,360
1486,4,Prenzlauer Berg,1-Bedroom Flat (1+1 / 1+2),74,1668,360
1487,4,Prenzlauer Berg,1-Bedroom Flat (1+1 / 1+2),45,1181,360
1488,4,Prenzlauer Berg,1-Bedroom Flat (1+1 / 1+2),45,1498,360
1489,4,Prenzlauer Berg,1-Bedroom Flat (1+1 / 1+2),64,1529,360
1490,4,Prenzlauer Berg,1-Bedroom Flat (1+1 / 1+2),67,1677,360
1491,4,Prenzlauer Berg,1-Bedroom Flat (1+1 / 1+2),68,1785,360
1492,4,Prenzlauer Berg,1-Bedroom Flat (1+1 / 1+2),59,1453,360
1493,4,Prenzlauer Berg,1-Bedroom Flat (1+1 / 1+2),70,1780,360
1494,4,Prenzlauer Berg,1-Bedroom Flat (1+1 / 1+2),63,1792,360
1495,4,Prenzlauer Berg,1-Bedroom Flat (1+1 / 1+2),58,1435,360
1496,4,Prenzlauer Berg,1-Bedroom Flat (1+1 / 1+2),66,1583,360
1497,4,Prenzlauer Berg,1-Bedroom Flat (1+1 / 1+2),67,1585,360
1498,4,Prenzlauer Berg,1-Bedroom Flat (1+1 / 1+2),58,1686,360
1499,4,Prenzlauer Berg,1-Bedroom Flat (1+1 / 1+2),58,1444,360
1500,4,Prenzlauer Berg,1-Bedroom Flat (1+1 / 1+2),74,1677,360
1501,4,Prenzlauer Berg,1-Bedroom Flat (1+1 / 1+2),55,1520,360
1502,4,Prenzlauer Berg,1-Bedroom Flat (1+1 / 1+2),71,1834,360
1503,4,Prenzlauer Berg,1-Bedroom Flat (1+1 / 1+2),55,1522,360
1504,4,Prenzlauer Berg,1-Bedroom Flat (1+1 / 1+2),57,1445,360
1505,4,Prenzlauer Berg,1-Bedroom Flat (1+1 / 1+2),74,1723,360
1506,4,Prenzlauer Berg,1-Bedroom Flat (1+1 / 1+2),65,1642,360
1507,4,Prenzlauer Berg,1-Bedroom Flat (1+1 / 1+2),51,1491,360
1508,4,Prenzlauer Berg,1-Bedroom Flat (1+1 / 1+2),68,1497,360
1509,4,Prenzlauer Berg,1-Bedroom Flat (1+1 / 1+2),65,1558,360
1510,4,Prenzlauer Berg,1-Bedroom Flat (1+1 / 1+2),73,1626,360
1511,4,Prenzlauer Berg,1-Bedroom Flat (1+1 / 1+2),58,1549,360
1512,4,Prenzlauer Berg,1-Bedroom Flat (1+1 / 1+2),63,1665,360
1513,4,Prenzlauer Berg,1-Bedroom Flat (1+1 / 1+2),47,1489,360
1514,4,Prenzlauer Berg,1-Bedroom Flat (1+1 / 1+2),67,1782,360
1515,4,Prenzlauer Berg,1-Bedroom Flat (1+1 / 1+2),71,1723,360
1516,4,Prenzlauer Berg,1-Bedroom Flat (1+1 / 1+2),49,1321,360
1517,4,Prenzlauer Berg,1-Bedroom Flat (1+1 / 1+2),78,1961,360
1518,4,Prenzlauer Berg,1-Bedroom Flat (1+1 / 1+2),56,1230,360
1519,4,Prenzlauer Berg,1-Bedroom Flat (1+1 / 1+2),60,1522,360
1520,4,Prenzlauer Berg,1-Bedroom Flat (1+1 / 1+2),60,1596,360
1521,4,Prenzlauer Berg,1-Bedroom Flat (1+1 / 1+2),71,1813,360
1522,4,Prenzlauer Berg,1-Bedroom Flat (1+1 / 1+2),66,1482,360
1523,4,Prenzlauer Berg,1-Bedroom Flat (1+1 / 1+2),59,1739,360
1524,4,Prenzlauer Berg,1-Bedroom Flat (1+1 / 1+2),66,1677,360
1525,4,Prenzlauer Berg,1-Bedroom Flat (1+1 / 1+2),66,1681,360
1526,4,Prenzlauer Berg,1-Bedroom Flat (1+1 / 1+2),45,1286,360
1527,4,Prenzlauer Berg,1-Bedroom Flat (1+1 / 1+2),62,1695,360
1528,4,Prenzlauer Berg,1-Bedroom Flat (1+1 / 1+2),62,1432,360
1529,4,Prenzlauer Berg,1-Bedroom Flat (1+1 / 1+2),66,1572,360
1530,4,Prenzlauer Berg,1-Bedroom Flat (1+1 / 1+2),50,1313,360
1531,4,Prenzlauer Berg,1-Bedroom Flat (1+1 / 1+2),67,1773,360
1532,4,Prenzlauer Berg,1-Bedroom Flat (1+1 / 1+2),67,1717,360
1533,4,Prenzlauer Berg,1-Bedroom Flat (1+1 / 1+2),67,1669,360
1534,4,Prenzlauer Berg,1-Bedroom Flat (1+1 / 1+2),69,1474,360
1535,4,Prenzlauer Berg,1-Bedroom Flat (1+1 / 1+2),63,1502,360
1536,4,Prenzlauer Berg,1-Bedroom Flat (1+1 / 1+2),74,1759,360
1537,4,Prenzlauer Berg,1-Bedroom Flat (1+1 / 1+2),62,1445,360
1538,4,Prenzlauer Berg,1-Bedroom Flat (1+1 / 1+2),72,1796,360
1539,4,Prenzlauer Berg,1-Bedroom Flat (1+1 / 1+2),68,1603,360
1540,4,Prenzlauer Berg,1-Bedroom Flat (1+1 / 1+2),54,1472,360
1541,4,Prenzlauer Berg,1-Bedroom Flat (1+1 / 1+2),55,1507,360
1542,4,Prenzlauer Berg,1-Bedroom Flat (1+1 / 1+2),45,1264,360
1543,4,Prenzlauer Berg,1-Bedroom Flat (1+1 / 1+2),80,1908,360
1544,4,Prenzlauer Berg,1-Bedroom Flat (1+1 / 1+2),64,1791,360
1545,4,Prenzlauer Berg,1-Bedroom Flat (1+1 / 1+2),45,1235,360
1546,4,Prenzlauer Berg,1-Bedroom Flat (1+1 / 1+2),58,1593,360
1547,4,Prenzlauer Berg,1-Bedroom Flat (1+1 / 1+2),71,1646,360
1548,4,Prenzlauer Berg,1-Bedroom Flat (1+1 / 1+2),72,1704,360
1549,4,Prenzlauer Berg,1-Bedroom Flat (1+1 / 1+2),74,1679,360
1550,4,Prenzlauer Berg,1-Bedroom Flat (1+1 / 1+2),61,1520,360
1551,4,Prenzlauer Berg,1-Bedroom Flat (1+1 / 1+2),73,1709,360
1552,4,Prenzlauer Berg,1-Bedroom Flat (1+1 / 1+2),62,1626,360
1553,4,Prenzlauer Berg,1-Bedroom Flat (1+1 / 1+2),67,1740,360
1554,4,Prenzlauer Berg,1-Bedroom Flat (1+1 / 1+2),64,1574,360
1555,4,Prenzlauer Berg,1-Bedroom Flat (1+1 / 1+2),59,1534,360
1556,4,Prenzlauer Berg,1-Bedroom Flat (1+1 / 1+2),64,1599,360
1557,4,Prenzlauer Berg,1-Bedroom Flat (1+1 / 1+2),62,1443,360
1558,4,Prenzlauer Berg,1-Bedroom Flat (1+1 / 1+2),69,1708,360
1559,4,Prenzlauer Berg,1-Bedroom Flat (1+1 / 1+2),72,1740,360
1560,4,Prenzlauer Berg,1-Bedroom Flat (1+1 / 1+2),45,1276,360
1561,4,Prenzlauer Berg,1-Bedroom Flat (1+1 / 1+2),60,1615,360
1562,4,Prenzlauer Berg,1-Bedroom Flat (1+1 / 1+2),45,1312,360
1563,4,Prenzlauer Berg,1-Bedroom Flat (1+1 / 1+2),67,1600,360
1564,4,Prenzlauer Berg,1-Bedroom Flat (1+1 / 1+2),63,1540,360
1565,4,Prenzlauer Berg,1-Bedroom Flat (1+1 / 1+2),55,1431,360
1566,4,Prenzlauer Berg,1-Bedroom Flat (1+1 / 1+2),55,1530,360
1567,4,Prenzlauer Berg,1-Bedroom Flat (1+1 / 1+2),55,1387,360
1568,4,Prenzlauer Berg,1-Bedroom Flat (1+1 / 1+2),80,1954,360
1569,4,Prenzlauer Berg,1-Bedroom Flat (1+1 / 1+2),45,1239,360
1570,4,Prenzlauer Berg,1-Bedroom Flat (1+1 / 1+2),64,1641,360
1571,4,Prenzlauer Berg,1-Bedroom Flat (1+1 / 1+2),47,1444,360
1572,4,Prenzlauer Berg,1-Bedroom Flat (1+1 / 1+2),70,1751,360
1573,4,Prenzlauer Berg,1-Bedroom Flat (1+1 / 1+2),76,1845,360
1574,4,Prenzlauer Berg,1-Bedroom Flat (1+1 / 1+2),66,1784,360
1575,4,Prenzlauer Berg,1-Bedroom Flat (1+1 / 1+2),73,1680,360
1576,4,Prenzlauer Berg,1-Bedroom Flat (1+1 / 1+2),68,1616,360
1577,4,Prenzlauer Berg,1-Bedroom Flat (1+1 / 1+2),67,1703,360
1578,4,Prenzlauer Berg,1-Bedroom Flat (1+1 / 1+2),48,1345,360
1579,4,Prenzlauer Berg,1-Bedroom Flat (1+1 / 1+2),65,1589,360
1580,4,Prenzlauer Berg,1-Bedroom Flat (1+1 / 1+2),65,1701,360
1581,4,Prenzlauer Berg,1-Bedroom Flat (1+1 / 1+2),62,1600,360
1582,4,Prenzlauer Berg,1-Bedroom Flat (1+1 / 1+2),76,1847,360
1583,4,Prenzlauer Berg,1-Bedroom Flat (1+1 / 1+2),64,1526,360
1584,4,Prenzlauer Berg,1-Bedroom Flat (1+1 / 1+2),69,1722,360
1585,4,Prenzlauer Berg,1-Bedroom Flat (1+1 / 1+2),75,1792,360
1586,4,Prenzlauer Berg,1-Bedroom Flat (1+1 / 1+2),45,1155,360
1587,4,Prenzlauer Berg,1-Bedroom Flat (1+1 / 1+2),69,1641,360
1588,4,Prenzlauer Berg,1-Bedroom Flat (1+1 / 1+2),66,1654,360
1589,4,Prenzlauer Berg,1-Bedroom Flat (1+1 / 1+2),60,1539,360
1590,4,Prenzlauer Berg,1-Bedroom Flat (1+1 / 1+2),53,1435,360
1591,4,Prenzlauer Berg,1-Bedroom Flat (1+1 / 1+2),56,1450,360
1592,4,Prenzlauer Berg,1-Bedroom Flat (1+1 / 1+2),59,1512,360
1593,4,Prenzlauer Berg,1-Bedroom Flat (1+1 / 1+2),71,1712,360
1594,4,Prenzlauer Berg,1-Bedroom Flat (1+1 / 1+2),72,1878,360
1595,4,Prenzlauer Berg,1-Bedroom Flat (1+1 / 1+2),71,1772,360
1596,4,Prenzlauer Berg,1-Bedroom Flat (1+1 / 1+2),65,1706,360
1597,4,Prenzlauer Berg,1-Bedroom Flat (1+1 / 1+2),63,1685,360
1598,4,Prenzlauer Berg,1-Bedroom Flat (1+1 / 1+2),68,1644,360
1599,4,Prenzlauer Berg,1-Bedroom Flat (1+1 / 1+2),71,1732,360
1600,4,Prenzlauer Berg,1-Bedroom Flat (1+1 / 1+2),61,1521,360
1601,4,Prenzlauer Berg,1-Bedroom Flat (1+1 / 1+2),64,1702,360
1602,4,Prenzlauer Berg,1-Bedroom Flat (1+1 / 1+2),71,1756,360
1603,4,Prenzlauer Berg,1-Bedroom Flat (1+1 / 1+2),68,1790,360
1604,4,Prenzlauer Berg,1-Bedroom Flat (1+1 / 1+2),61,1464,360
1605,4,Prenzlauer Berg,1-Bedroom Flat (1+1 / 1+2),75,1740,360
1606,4,Prenzlauer Berg,1-Bedroom Flat (1+1 / 1+2),55,1306,360
1607,4,Prenzlauer Berg,1-Bedroom Flat (1+1 / 1+2),68,1530,360
1608,4,Prenzlauer Berg,1-Bedroom Flat (1+1 / 1+2),54,1505,360
1609,4,Prenzlauer Berg,1-Bedroom Flat (1+1 / 1+2),69,1633,360
1610,4,Prenzlauer Berg,1-Bedroom Flat (1+1 / 1+2),61,1485,360
1611,4,Prenzlauer Berg,1-Bedroom Flat (1+1 / 1+2),57,1524,360
1612,4,Prenzlauer Berg,1-Bedroom Flat (1+1 / 1+2),57,1478,360
1613,4,Prenzlauer Berg,1-Bedroom Flat (1+1 / 1+2),47,1442,360
1614,4,Prenzlauer Berg,1-Bedroom Flat (1+1 / 1+2),67,1731,360
1615,4,Prenzlauer Berg,1-Bedroom Flat (1+1 / 1+2),75,1714,360
1616,4,Prenzlauer Berg,1-Bedroom Flat (1+1 / 1+2),58,1345,360
1617,4,Prenzlauer Berg,1-Bedroom Flat (1+1 / 1+2),90,2015,360
1618,4,Prenzlauer Berg,1-Bedroom Flat (1+1 / 1+2),72,1629,360
1619,4,Prenzlauer Berg,1-Bedroom Flat (1+1 / 1+2),72,1907,360
1620,4,Prenzlauer Berg,1-Bedroom Flat (1+1 / 1+2),61,1473,360
1621,4,Prenzlauer Berg,1-Bedroom Flat (1+1 / 1+2),61,1364,360
1622,4,Prenzlauer Berg,1-Bedroom Flat (1+1 / 1+2),62,1654,360
1623,4,Prenzlauer Berg,1-Bedroom Flat (1+1 / 1+2),62,1554,360
1624,4,Prenzlauer Berg,1-Bedroom Flat (1+1 / 1+2),67,1714,360
1625,4,Prenzlauer Berg,1-Bedroom Flat (1+1 / 1+2),45,1316,360
1626,4,Prenzlauer Berg,1-Bedroom Flat (1+1 / 1+2),86,1844,360
1627,4,Prenzlauer Berg,1-Bedroom Flat (1+1 / 1+2),61,1739,360
1628,4,Prenzlauer Berg,1-Bedroom Flat (1+1 / 1+2),73,1710,360
1629,4,Prenzlauer Berg,1-Bedroom Flat (1+1 / 1+2),64,1612,360
1630,4,Prenzlauer Berg,1-Bedroom Flat (1+1 / 1+2),55,1461,360
1631,4,Prenzlauer Berg,1-Bedroom Flat (1+1 / 1+2),59,1542,360
1632,4,Prenzlauer Berg,1-Bedroom Flat (1+1 / 1+2),55,1353,360
1633,4,Prenzlauer Berg,1-Bedroom Flat (1+1 / 1+2),62,1734,360
1634,4,Prenzlauer Berg,1-Bedroom Flat (1+1 / 1+2),63,1566,360
1635,4,Prenzlauer Berg,1-Bedroom Flat (1+1 / 1+2),70,1694,360
1636,4,Prenzlauer Berg,1-Bedroom Flat (1+1 / 1+2),81,1884,360
1637,4,Prenzlauer Berg,1-Bedroom Flat (1+1 / 1+2),69,1624,360
1638,4,Prenzlauer Berg,1-Bedroom Flat (1+1 / 1+2),67,1685,360
1639,4,Prenzlauer Berg,1-Bedroom Flat (1+1 / 1+2),61,1519,360
1640,4,Prenzlauer Berg,1-Bedroom Flat (1+1 / 1+2),56,1509,360
1641,4,Prenzlauer Berg,1-Bedroom Flat (1+1 / 1+2),68,1665,360
1642,4,Prenzlauer Berg,1-Bedroom Flat (1+1 / 1+2),65,1625,360
1643,4,Prenzlauer Berg,1-Bedroom Flat (1+1 / 1+2),63,1578,360
1644,4,Prenzlauer Berg,1-Bedroom Flat (1+1 / 1+2),62,1823,360
1645,4,Prenzlauer Berg,1-Bedroom Flat (1+1 / 1+2),65,1686,360
1646,4,Prenzlauer Berg,1-Bedroom Flat (1+1 / 1+2),66,1620,360
1647,4,Prenzlauer Berg,1-Bedroom Flat (1+1 / 1+2),75,1762,360
1648,4,Prenzlauer Berg,1-Bedroom Flat (1+1 / 1+2),73,1726,360
1649,4,Prenzlauer Berg,1-Bedroom Flat (1+1 / 1+2),52,1453,360
1650,4,Prenzlauer Berg,1-Bedroom Flat (1+1 / 1+2),51,1452,360
1651,5,Charlottenburg,1-Bedroom Flat (1+1 / 1+2),50,1269,380
1652,5,Charlottenburg,1-Bedroom Flat (1+1 / 1+2),48,1520,380
1653,5,Charlottenburg,1-Bedroom Flat (1+1 / 1+2),45,1219,380
1654,5,Charlottenburg,1-Bedroom Flat (1+1 / 1+2),73,1759,380
1655,5,Charlottenburg,1-Bedroom Flat (1+1 / 1+2),71,1605,380
1656,5,Charlottenburg,1-Bedroom Flat (1+1 / 1+2),76,1796,380
1657,5,Charlottenburg,1-Bedroom Flat (1+1 / 1+2),64,1544,380
1658,5,Charlottenburg,1-Bedroom Flat (1+1 / 1+2),59,1360,380
1659,5,Charlottenburg,1-Bedroom Flat (1+1 / 1+2),74,1800,380
1660,5,Charlottenburg,1-Bedroom Flat (1+1 / 1+2),53,1332,380
1661,5,Charlottenburg,1-Bedroom Flat (1+1 / 1+2),61,1471,380
1662,5,Charlottenburg,1-Bedroom Flat (1+1 / 1+2),63,1591,380
1663,5,Charlottenburg,1-Bedroom Flat (1+1 / 1+2),55,1302,380
1664,5,Charlottenburg,1-Bedroom Flat (1+1 / 1+2),74,1640,380
1665,5,Charlottenburg,1-Bedroom Flat (1+1 / 1+2),49,1238,380
1666,5,Charlottenburg,1-Bedroom Flat (1+1 / 1+2),59,1582,380
1667,5,Charlottenburg,1-Bedroom Flat (1+1 / 1+2),71,1737,380
1668,5,Charlottenburg,1-Bedroom Flat (1+1 / 1+2),70,1703,380
1669,5,Charlottenburg,1-Bedroom Flat (1+1 / 1+2),55,1360,380
1670,5,Charlottenburg,1-Bedroom Flat (1+1 / 1+2),52,1311,380
1671,5,Charlottenburg,1-Bedroom Flat (1+1 / 1+2),69,1614,380
1672,5,Charlottenburg,1-Bedroom Flat (1+1 / 1+2),75,1595,380
1673,5,Charlottenburg,1-Bedroom Flat (1+1 / 1+2),67,1458,380
1674,5,Charlottenburg,1-Bedroom Flat (1+1 / 1+2),63,1573,380
1675,5,Charlottenburg,1-Bedroom Flat (1+1 / 1+2),60,1508,380
1676,5,Charlottenburg,1-Bedroom Flat (1+1 / 1+2),52,1180,380
1677,5,Charlottenburg,1-Bedroom Flat (1+1 / 1+2),68,1743,380
1678,5,Charlottenburg,1-Bedroom Flat (1+1 / 1+2),52,1440,380
1679,5,Charlottenburg,1-Bedroom Flat (1+1 / 1+2),62,1370,380
1680,5,Charlottenburg,1-Bedroom Flat (1+1 / 1+2),51,1315,380
1681,5,Charlottenburg,1-Bedroom Flat (1+1 / 1+2),58,1308,380
1682,5,Charlottenburg,1-Bedroom Flat (1+1 / 1+2),45,1142,380
1683,5,Charlottenburg,1-Bedroom Flat (1+1 / 1+2),64,1521,380
1684,5,Charlottenburg,1-Bedroom Flat (1+1 / 1+2),57,1428,380
1685,5,Charlottenburg,1-Bedroom Flat (1+1 / 1+2),72,1685,380
1686,5,Charlottenburg,1-Bedroom Flat (1+1 / 1+2),61,1558,380
1687,5,Charlottenburg,1-Bedroom Flat (1+1 / 1+2),52,1310,380
1688,5,Charlottenburg,1-Bedroom Flat (1+1 / 1+2),60,1347,380
1689,5,Charlottenburg,1-Bedroom Flat (1+1 / 1+2),58,1239,380
1690,5,Charlottenburg,1-Bedroom Flat (1+1 / 1+2),81,1710,380
1691,5,Charlottenburg,1-Bedroom Flat (1+1 / 1+2),78,1749,380
1692,5,Charlottenburg,1-Bedroom Flat (1+1 / 1+2),68,1542,380
1693,5,Charlottenburg,1-Bedroom Flat (1+1 / 1+2),64,1581,380
1694,5,Charlottenburg,1-Bedroom Flat (1+1 / 1+2),69,1672,380
1695,5,Charlottenburg,1-Bedroom Flat (1+1 / 1+2),58,1383,380
1696,5,Charlottenburg,1-Bedroom Flat (1+1 / 1+2),46,1281,380
1697,5,Charlottenburg,1-Bedroom Flat (1+1 / 1+2),73,1811,380
1698,5,Charlottenburg,1-Bedroom Flat (1+1 / 1+2),65,1469,380
1699,5,Charlottenburg,1-Bedroom Flat (1+1 / 1+2),45,1312,380
1700,5,Charlottenburg,1-Bedroom Flat (1+1 / 1+2),45,1187,380
1701,5,Charlottenburg,1-Bedroom Flat (1+1 / 1+2),60,1452,380
1702,5,Charlottenburg,1-Bedroom Flat (1+1 / 1+2),62,1502,380
1703,5,Charlottenburg,1-Bedroom Flat (1+1 / 1+2),45,1219,380
1704,5,Charlottenburg,1-Bedroom Flat (1+1 / 1+2),45,1284,380
1705,5,Charlottenburg,1-Bedroom Flat (1+1 / 1+2),56,1200,380
1706,5,Charlottenburg,1-Bedroom Flat (1+1 / 1+2),54,1311,380
1707,5,Charlottenburg,1-Bedroom Flat (1+1 / 1+2),74,1700,380
1708,5,Charlottenburg,1-Bedroom Flat (1+1 / 1+2),65,1644,380
1709,5,Charlottenburg,1-Bedroom Flat (1+1 / 1+2),61,1542,380
1710,5,Charlottenburg,1-Bedroom Flat (1+1 / 1+2),69,1486,380
1711,5,Charlottenburg,1-Bedroom Flat (1+1 / 1+2),77,1602,380
1712,5,Charlottenburg,1-Bedroom Flat (1+1 / 1+2),71,1497,380
1713,5,Charlottenburg,1-Bedroom Flat (1+1 / 1+2),68,1754,380
1714,5,Charlottenburg,1-Bedroom Flat (1+1 / 1+2),60,1435,380
1715,5,Charlottenburg,1-Bedroom Flat (1+1 / 1+2),68,1556,380
1716,5,Charlottenburg,1-Bedroom Flat (1+1 / 1+2),80,1795,380
1717,5,Charlottenburg,1-Bedroom Flat (1+1 / 1+2),59,1393,380
1718,5,Charlottenburg,1-Bedroom Flat (1+1 / 1+2),53,1290,380
1719,5,Charlottenburg,1-Bedroom Flat (1+1 / 1+2),58,1382,380
1720,5,Charlottenburg,1-Bedroom Flat (1+1 / 1+2),55,1567,380
1721,5,Charlottenburg,1-Bedroom Flat (1+1 / 1+2),52,1343,380
1722,5,Charlottenburg,1-Bedroom Flat (1+1 / 1+2),68,1643,380
1723,5,Charlottenburg,1-Bedroom Flat (1+1 / 1+2),61,1452,380
1724,5,Charlottenburg,1-Bedroom Flat (1+1 / 1+2),67,1594,380
1725,5,Charlottenburg,1-Bedroom Flat (1+1 / 1+2),59,1301,380
1726,5,Charlottenburg,1-Bedroom Flat (1+1 / 1+2),57,1307,380
1727,5,Charlottenburg,1-Bedroom Flat (1+1 / 1+2),55,1381,380
1728,5,Charlottenburg,1-Bedroom Flat (1+1 / 1+2),66,1714,380
1729,5,Charlottenburg,1-Bedroom Flat (1+1 / 1+2),57,1480,380
1730,5,Charlottenburg,1-Bedroom Flat (1+1 / 1+2),65,1655,380
1731,5,Charlottenburg,1-Bedroom Flat (1+1 / 1+2),68,1495,380
1732,5,Charlottenburg,1-Bedroom Flat (1+1 / 1+2),45,1246,380
1733,5,Charlottenburg,1-Bedroom Flat (1+1 / 1+2),57,1322,380
1734,5,Charlottenburg,1-Bedroom Flat (1+1 / 1+2),49,1296,380
1735,5,Charlottenburg,1-Bedroom Flat (1+1 / 1+2),77,1693,380
1736,5,Charlottenburg,1-Bedroom Flat (1+1 / 1+2),68,1577,380
1737,5,Charlottenburg,1-Bedroom Flat (1+1 / 1+2),49,1348,380
1738,5,Charlottenburg,1-Bedroom Flat (1+1 / 1+2),51,1316,380
1739,5,Charlottenburg,1-Bedroom Flat (1+1 / 1+2),59,1522,380
1740,5,Charlottenburg,1-Bedroom Flat (1+1 / 1+2),51,1349,380
1741,5,Charlottenburg,1-Bedroom Flat (1+1 / 1+2),54,1316,380
1742,5,Charlottenburg,1-Bedroom Flat (1+1 / 1+2),45,1406,380
1743,5,Charlottenburg,1-Bedroom Flat (1+1 / 1+2),68,1517,380
1744,5,Charlottenburg,1-Bedroom Flat (1+1 / 1+2),51,1269,380
1745,5,Charlottenburg,1-Bedroom Flat (1+1 / 1+2),69,1432,380
1746,5,Charlottenburg,1-Bedroom Flat (1+1 / 1+2),61,1633,380
1747,5,Charlottenburg,1-Bedroom Flat (1+1 / 1+2),51,1321,380
1748,5,Charlottenburg,1-Bedroom Flat (1+1 / 1+2),84,1899,380
1749,5,Charlottenburg,1-Bedroom Flat (1+1 / 1+2),63,1552,380
1750,5,Charlottenburg,1-Bedroom Flat (1+1 / 1+2),58,1543,380
1751,5,Charlottenburg,1-Bedroom Flat (1+1 / 1+2),58,1250,380
1752,5,Charlottenburg,1-Bedroom Flat (1+1 / 1+2),58,1339,380
1753,5,Charlottenburg,1-Bedroom Flat (1+1 / 1+2),59,1419,380
1754,5,Charlottenburg,1-Bedroom Flat (1+1 / 1+2),74,1745,380
1755,5,Charlottenburg,1-Bedroom Flat (1+1 / 1+2),65,1538,380
1756,5,Charlottenburg,1-Bedroom Flat (1+1 / 1+2),51,1118,380
1757,5,Charlottenburg,1-Bedroom Flat (1+1 / 1+2),63,1578,380
1758,5,Charlottenburg,1-Bedroom Flat (1+1 / 1+2),61,1426,380
1759,5,Charlottenburg,1-Bedroom Flat (1+1 / 1+2),67,1563,380
1760,5,Charlottenburg,1-Bedroom Flat (1+1 / 1+2),79,1873,380
1761,5,Charlottenburg,1-Bedroom Flat (1+1 / 1+2),72,1718,380
1762,5,Charlottenburg,1-Bedroom Flat (1+1 / 1+2),49,1342,380
1763,5,Charlottenburg,1-Bedroom Flat (1+1 / 1+2),66,1609,380
1764,5,Charlottenburg,1-Bedroom Flat (1+1 / 1+2),67,1611,380
1765,5,Charlottenburg,1-Bedroom Flat (1+1 / 1+2),89,1915,380
1766,5,Charlottenburg,1-Bedroom Flat (1+1 / 1+2),71,1592,380
1767,5,Charlottenburg,1-Bedroom Flat (1+1 / 1+2),70,1703,380
1768,5,Charlottenburg,1-Bedroom Flat (1+1 / 1+2),66,1704,380
1769,5,Charlottenburg,1-Bedroom Flat (1+1 / 1+2),53,1302,380
1770,5,Charlottenburg,1-Bedroom Flat (1+1 / 1+2),64,1601,380
1771,5,Charlottenburg,1-Bedroom Flat (1+1 / 1+2),64,1638,380
1772,5,Charlottenburg,1-Bedroom Flat (1+1 / 1+2),55,1275,380
1773,5,Charlottenburg,1-Bedroom Flat (1+1 / 1+2),65,1531,380
1774,5,Charlottenburg,1-Bedroom Flat (1+1 / 1+2),67,1568,380
1775,5,Charlottenburg,1-Bedroom Flat (1+1 / 1+2),59,1435,380
1776,5,Charlottenburg,1-Bedroom Flat (1+1 / 1+2),62,1463,380
1777,5,Charlottenburg,1-Bedroom Flat (1+1 / 1+2),60,1422,380
1778,5,Charlottenburg,1-Bedroom Flat (1+1 / 1+2),71,1651,380
1779,5,Charlottenburg,1-Bedroom Flat (1+1 / 1+2),85,1872,380
1780,5,Charlottenburg,1-Bedroom Flat (1+1 / 1+2),56,1634,380
1781,5,Charlottenburg,1-Bedroom Flat (1+1 / 1+2),66,1643,380
1782,5,Charlottenburg,1-Bedroom Flat (1+1 / 1+2),68,1642,380
1783,5,Charlottenburg,1-Bedroom Flat (1+1 / 1+2),67,1471,380
1784,5,Charlottenburg,1-Bedroom Flat (1+1 / 1+2),66,1435,380
1785,5,Charlottenburg,1-Bedroom Flat (1+1 / 1+2),60,1393,380
1786,5,Charlottenburg,1-Bedroom Flat (1+1 / 1+2),66,1584,380
1787,5,Charlottenburg,1-Bedroom Flat (1+1 / 1+2),67,1596,380
1788,5,Charlottenburg,1-Bedroom Flat (1+1 / 1+2),56,1371,380
1789,5,Charlottenburg,1-Bedroom Flat (1+1 / 1+2),71,1730,380
1790,5,Charlottenburg,1-Bedroom Flat (1+1 / 1+2),51,1176,380
1791,5,Charlottenburg,1-Bedroom Flat (1+1 / 1+2),55,1472,380
1792,5,Charlottenburg,1-Bedroom Flat (1+1 / 1+2),74,1599,380
1793,5,Charlottenburg,1-Bedroom Flat (1+1 / 1+2),65,1703,380
1794,5,Charlottenburg,1-Bedroom Flat (1+1 / 1+2),66,1682,380
1795,5,Charlottenburg,1-Bedroom Flat (1+1 / 1+2),72,1568,380
1796,5,Charlottenburg,1-Bedroom Flat (1+1 / 1+2),60,1461,380
1797,5,Charlottenburg,1-Bedroom Flat (1+1 / 1+2),63,1588,380
1798,5,Charlottenburg,1-Bedroom Flat (1+1 / 1+2),66,1290,380
1799,5,Charlottenburg,1-Bedroom Flat (1+1 / 1+2),49,1085,380
1800,5,Charlottenburg,1-Bedroom Flat (1+1 / 1+2),64,1544,380
1801,5,Charlottenburg,1-Bedroom Flat (1+1 / 1+2),65,1452,380
1802,5,Charlottenburg,1-Bedroom Flat (1+1 / 1+2),69,1666,380
1803,5,Charlottenburg,1-Bedroom Flat (1+1 / 1+2),49,1150,380
1804,5,Charlottenburg,1-Bedroom Flat (1+1 / 1+2),62,1651,380
1805,5,Charlottenburg,1-Bedroom Flat (1+1 / 1+2),79,1813,380
1806,5,Charlottenburg,1-Bedroom Flat (1+1 / 1+2),55,1458,380
1807,5,Charlottenburg,1-Bedroom Flat (1+1 / 1+2),57,1341,380
1808,5,Charlottenburg,1-Bedroom Flat (1+1 / 1+2),45,1227,380
1809,5,Charlottenburg,1-Bedroom Flat (1+1 / 1+2),56,1403,380
1810,5,Charlottenburg,1-Bedroom Flat (1+1 / 1+2),45,1233,380
1811,5,Charlottenburg,1-Bedroom Flat (1+1 / 1+2),45,1316,380
1812,5,Charlottenburg,1-Bedroom Flat (1+1 / 1+2),67,1545,380
1813,5,Charlottenburg,1-Bedroom Flat (1+1 / 1+2),68,1498,380
1814,5,Charlottenburg,1-Bedroom Flat (1+1 / 1+2),63,1578,380
1815,5,Charlottenburg,1-Bedroom Flat (1+1 / 1+2),45,1178,380
1816,5,Charlottenburg,1-Bedroom Flat (1+1 / 1+2),62,1472,380
1817,5,Charlottenburg,1-Bedroom Flat (1+1 / 1+2),77,1629,380
1818,5,Charlottenburg,1-Bedroom Flat (1+1 / 1+2),56,1222,380
1819,5,Charlottenburg,1-Bedroom Flat (1+1 / 1+2),77,1708,380
1820,5,Charlottenburg,1-Bedroom Flat (1+1 / 1+2),58,1421,380
1821,5,Charlottenburg,1-Bedroom Flat (1+1 / 1+2),68,1617,380
1822,5,Charlottenburg,1-Bedroom Flat (1+1 / 1+2),88,1947,380
1823,5,Charlottenburg,1-Bedroom Flat (1+1 / 1+2),57,1359,380
1824,5,Charlottenburg,1-Bedroom Flat (1+1 / 1+2),58,1291,380
1825,5,Charlottenburg,1-Bedroom Flat (1+1 / 1+2),62,1561,380
1826,5,Charlottenburg,1-Bedroom Flat (1+1 / 1+2),56,1321,380
1827,5,Charlottenburg,1-Bedroom Flat (1+1 / 1+2),77,1602,380
1828,5,Charlottenburg,1-Bedroom Flat (1+1 / 1+2),45,1114,380
1829,5,Charlottenburg,1-Bedroom Flat (1+1 / 1+2),47,1285,380
1830,5,Charlottenburg,1-Bedroom Flat (1+1 / 1+2),58,1406,380
1831,5,Charlottenburg,1-Bedroom Flat (1+1 / 1+2),74,1620,380
1832,5,Charlottenburg,1-Bedroom Flat (1+1 / 1+2),70,1754,380
1833,5,Charlottenburg,1-Bedroom Flat (1+1 / 1+2),57,1476,380
1834,5,Charlottenburg,1-Bedroom Flat (1+1 / 1+2),60,1541,380
1835,5,Charlottenburg,1-Bedroom Flat (1+1 / 1+2),46,1086,380
1836,5,Charlottenburg,1-Bedroom Flat (1+1 / 1+2),58,1346,380
1837,5,Charlottenburg,1-Bedroom Flat (1+1 / 1+2),57,1390,380
1838,5,Charlottenburg,1-Bedroom Flat (1+1 / 1+2),69,1565,380
1839,5,Charlottenburg,1-Bedroom Flat (1+1 / 1+2),54,1330,380
1840,5,Charlottenburg,1-Bedroom Flat (1+1 / 1+2),54,1278,380
1841,5,Charlottenburg,1-Bedroom Flat (1+1 / 1+2),46,1240,380
1842,5,Charlottenburg,1-Bedroom Flat (1+1 / 1+2),56,1481,380
1843,5,Charlottenburg,1-Bedroom Flat (1+1 / 1+2),48,1217,380
1844,5,Charlottenburg,1-Bedroom Flat (1+1 / 1+2),80,1693,380
1845,5,Charlottenburg,1-Bedroom Flat (1+1 / 1+2),60,1349,380
1846,5,Charlottenburg,1-Bedroom Flat (1+1 / 1+2),49,1421,380
1847,5,Charlottenburg,1-Bedroom Flat (1+1 / 1+2),64,1534,380
1848,5,Charlottenburg,1-Bedroom Flat (1+1 / 1+2),45,1250,380
1849,5,Charlottenburg,1-Bedroom Flat (1+1 / 1+2),74,1785,380
1850,5,Charlottenburg,1-Bedroom Flat (1+1 / 1+2),69,1500,380
1851,5,Charlottenburg,1-Bedroom Flat (1+1 / 1+2),65,1598,380
1852,5,Charlottenburg,1-Bedroom Flat (1+1 / 1+2),45,1117,380
1853,5,Charlottenburg,1-Bedroom Flat (1+1 / 1+2),71,1713,380
1854,5,Charlottenburg,1-Bedroom Flat (1+1 / 1+2),47,1322,380
1855,5,Charlottenburg,1-Bedroom Flat (1+1 / 1+2),63,1576,380
1856,5,Charlottenburg,1-Bedroom Flat (1+1 / 1+2),56,1452,380
1857,5,Charlottenburg,1-Bedroom Flat (1+1 / 1+2),70,1586,380
1858,5,Charlottenburg,1-Bedroom Flat (1+1 / 1+2),62,1432,380
1859,5,Charlottenburg,1-Bedroom Flat (1+1 / 1+2),79,1751,380
1860,5,Charlottenburg,1-Bedroom Flat (1+1 / 1+2),53,1282,380
1861,5,Charlottenburg,1-Bedroom Flat (1+1 / 1+2),63,1574,380
1862,5,Charlottenburg,1-Bedroom Flat (1+1 / 1+2),49,1448,380
1863,5,Charlottenburg,1-Bedroom Flat (1+1 / 1+2),65,1580,380
1864,5,Charlottenburg,1-Bedroom Flat (1+1 / 1+2),61,1476,380
1865,5,Charlottenburg,1-Bedroom Flat (1+1 / 1+2),61,1566,380
1866,5,Charlottenburg,1-Bedroom Flat (1+1 / 1+2),62,1559,380
1867,5,Charlottenburg,1-Bedroom Flat (1+1 / 1+2),58,1444,380
1868,5,Charlottenburg,1-Bedroom Flat (1+1 / 1+2),54,1471,380
1869,5,Charlottenburg,1-Bedroom Flat (1+1 / 1+2),54,1333,380
1870,5,Charlottenburg,1-Bedroom Flat (1+1 / 1+2),59,1410,380
1871,5,Charlottenburg,1-Bedroom Flat (1+1 / 1+2),69,1574,380
1872,5,Charlottenburg,1-Bedroom Flat (1+1 / 1+2),76,1640,380
1873,5,Charlottenburg,1-Bedroom Flat (1+1 / 1+2),64,1452,380
1874,5,Charlottenburg,1-Bedroom Flat (1+1 / 1+2),66,1553,380
1875,5,Charlottenburg,1-Bedroom Flat (1+1 / 1+2),60,1565,380
1876,5,Charlottenburg,1-Bedroom Flat (1+1 / 1+2),55,1431,380
1877,5,Charlottenburg,1-Bedroom Flat (1+1 / 1+2),54,1372,380
1878,5,Charlottenburg,1-Bedroom Flat (1+1 / 1+2),50,1238,380
1879,5,Charlottenburg,1-Bedroom Flat (1+1 / 1+2),61,1637,380
1880,5,Charlottenburg,1-Bedroom Flat (1+1 / 1+2),63,1655,380
1881,5,Charlottenburg,1-Bedroom Flat (1+1 / 1+2),64,1487,380
1882,5,Charlottenburg,1-Bedroom Flat (1+1 / 1+2),77,1769,380
1883,5,Charlottenburg,1-Bedroom Flat (1+1 / 1+2),56,1436,380
1884,5,Charlottenburg,1-Bedroom Flat (1+1 / 1+2),59,1263,380
1885,5,Charlottenburg,1-Bedroom Flat (1+1 / 1+2),71,1733,380
1886,5,Charlottenburg,1-Bedroom Flat (1+1 / 1+2),80,1816,380
1887,5,Charlottenburg,1-Bedroom Flat (1+1 / 1+2),60,1533,380
1888,5,Charlottenburg,1-Bedroom Flat (1+1 / 1+2),70,1765,380
1889,5,Charlottenburg,1-Bedroom Flat (1+1 / 1+2),62,1475,380
1890,5,Charlottenburg,1-Bedroom Flat (1+1 / 1+2),55,1426,380
1891,5,Charlottenburg,1-Bedroom Flat (1+1 / 1+2),47,1320,380
1892,5,Charlottenburg,1-Bedroom Flat (1+1 / 1+2),68,1639,380
1893,5,Charlottenburg,1-Bedroom Flat (1+1 / 1+2),63,1644,380
1894,5,Charlottenburg,1-Bedroom Flat (1+1 / 1+2),71,1579,380
1895,5,Charlottenburg,1-Bedroom Flat (1+1 / 1+2),56,1315,380
1896,5,Charlottenburg,1-Bedroom Flat (1+1 / 1+2),68,1496,380
1897,5,Charlottenburg,1-Bedroom Flat (1+1 / 1+2),73,1785,380
1898,5,Charlottenburg,1-Bedroom Flat (1+1 / 1+2),53,1329,380
1899,5,Charlottenburg,1-Bedroom Flat (1+1 / 1+2),62,1570,380
1900,5,Charlottenburg,1-Bedroom Flat (1+1 / 1+2),78,1594,380
1901,5,Charlottenburg,1-Bedroom Flat (1+1 / 1+2),59,1418,380
1902,5,Charlottenburg,1-Bedroom Flat (1+1 / 1+2),48,1222,380
1903,5,Charlottenburg,1-Bedroom Flat (1+1 / 1+2),66,1529,380
1904,5,Charlottenburg,1-Bedroom Flat (1+1 / 1+2),47,1509,380
1905,5,Charlottenburg,1-Bedroom Flat (1+1 / 1+2),65,1548,380
1906,5,Charlottenburg,1-Bedroom Flat (1+1 / 1+2),51,1337,380
1907,5,Charlottenburg,1-Bedroom Flat (1+1 / 1+2),60,1288,380
1908,5,Charlottenburg,1-Bedroom Flat (1+1 / 1+2),51,1386,380
1909,5,Charlottenburg,1-Bedroom Flat (1+1 / 1+2),81,1827,380
1910,5,Charlottenburg,1-Bedroom Flat (1+1 / 1+2),73,1652,380
1911,5,Charlottenburg,1-Bedroom Flat (1+1 / 1+2),61,1572,380
1912,5,Charlottenburg,1-Bedroom Flat (1+1 / 1+2),79,1879,380
1913,5,Charlottenburg,1-Bedroom Flat (1+1 / 1+2),51,1308,380
1914,5,Charlottenburg,1-Bedroom Flat (1+1 / 1+2),65,1515,380
1915,5,Charlottenburg,1-Bedroom Flat (1+1 / 1+2),66,1628,380
1916,5,Charlottenburg,1-Bedroom Flat (1+1 / 1+2),72,1802,380
1917,5,Charlottenburg,1-Bedroom Flat (1+1 / 1+2),59,1319,380
1918,5,Charlottenburg,1-Bedroom Flat (1+1 / 1+2),66,1724,380
1919,5,Charlottenburg,1-Bedroom Flat (1+1 / 1+2),57,1472,380
1920,5,Charlottenburg,1-Bedroom Flat (1+1 / 1+2),69,1619,380
1921,5,Charlottenburg,1-Bedroom Flat (1+1 / 1+2),62,1407,380
1922,5,Charlottenburg,1-Bedroom Flat (1+1 / 1+2),45,1118,380
1923,5,Charlottenburg,1-Bedroom Flat (1+1 / 1+2),58,1525,380
1924,5,Charlottenburg,1-Bedroom Flat (1+1 / 1+2),61,1427,380
1925,5,Charlottenburg,1-Bedroom Flat (1+1 / 1+2),53,1405,380
1926,5,Charlottenburg,1-Bedroom Flat (1+1 / 1+2),76,1810,380
1927,5,Charlottenburg,1-Bedroom Flat (1+1 / 1+2),68,1453,380
1928,5,Charlottenburg,1-Bedroom Flat (1+1 / 1+2),58,1601,380
1929,5,Charlottenburg,1-Bedroom Flat (1+1 / 1+2),73,1528,380
1930,5,Charlottenburg,1-Bedroom Flat (1+1 / 1+2),61,1507,380
1931,5,Charlottenburg,1-Bedroom Flat (1+1 / 1+2),54,1154,380
1932,5,Charlottenburg,1-Bedroom Flat (1+1 / 1+2),63,1435,380
1933,5,Charlottenburg,1-Bedroom Flat (1+1 / 1+2),54,1330,380
1934,5,Charlottenburg,1-Bedroom Flat (1+1 / 1+2),61,1473,380
1935,5,Charlottenburg,1-Bedroom Flat (1+1 / 1+2),53,1326,380
1936,5,Charlottenburg,1-Bedroom Flat (1+1 / 1+2),45,1246,380
1937,5,Charlottenburg,1-Bedroom Flat (1+1 / 1+2),45,1192,380
1938,5,Charlottenburg,1-Bedroom Flat (1+1 / 1+2),71,1539,380
1939,5,Charlottenburg,1-Bedroom Flat (1+1 / 1+2),69,1706,380
1940,5,Charlottenburg,1-Bedroom Flat (1+1 / 1+2),45,1204,380
1941,5,Charlottenburg,1-Bedroom Flat (1+1 / 1+2),45,1207,380
1942,5,Charlottenburg,1-Bedroom Flat (1+1 / 1+2),62,1267,380
1943,5,Charlottenburg,1-Bedroom Flat (1+1 / 1+2),81,1820,380
1944,5,Charlottenburg,1-Bedroom Flat (1+1 / 1+2),54,1494,380
1945,5,Charlottenburg,1-Bedroom Flat (1+1 / 1+2),45,1107,380
1946,5,Charlottenburg,1-Bedroom Flat (1+1 / 1+2),45,1380,380
1947,5,Charlottenburg,1-Bedroom Flat (1+1 / 1+2),65,1597,380
1948,5,Charlottenburg,1-Bedroom Flat (1+1 / 1+2),65,1590,380
1949,5,Charlottenburg,1-Bedroom Flat (1+1 / 1+2),63,1530,380
1950,5,Charlottenburg,1-Bedroom Flat (1+1 / 1+2),63,1451,380
1951,5,Charlottenburg,1-Bedroom Flat (1+1 / 1+2),62,1515,380
1952,5,Charlottenburg,1-Bedroom Flat (1+1 / 1+2),63,1373,380
1953,5,Charlottenburg,1-Bedroom Flat (1+1 / 1+2),49,1379,380
1954,5,Charlottenburg,1-Bedroom Flat (1+1 / 1+2),59,1495,380
1955,5,Charlottenburg,1-Bedroom Flat (1+1 / 1+2),51,1181,380
1956,5,Charlottenburg,1-Bedroom Flat (1+1 / 1+2),54,1342,380
1957,5,Charlottenburg,1-Bedroom Flat (1+1 / 1+2),55,1494,380
1958,5,Charlottenburg,1-Bedroom Flat (1+1 / 1+2),64,1688,380
1959,5,Charlottenburg,1-Bedroom Flat (1+1 / 1+2),66,1337,380
1960,5,Charlottenburg,1-Bedroom Flat (1+1 / 1+2),73,1530,380
1961,5,Charlottenburg,1-Bedroom Flat (1+1 / 1+2),64,1452,380
1962,5,Charlottenburg,1-Bedroom Flat (1+1 / 1+2),83,1956,380
1963,5,Charlottenburg,1-Bedroom Flat (1+1 / 1+2),55,1367,380
1964,5,Charlottenburg,1-Bedroom Flat (1+1 / 1+2),64,1600,380
1965,5,Charlottenburg,1-Bedroom Flat (1+1 / 1+2),62,1398,380
1966,5,Charlottenburg,1-Bedroom Flat (1+1 / 1+2),55,1378,380
1967,5,Charlottenburg,1-Bedroom Flat (1+1 / 1+2),74,1721,380
1968,5,Charlottenburg,1-Bedroom Flat (1+1 / 1+2),54,1420,380
1969,5,Charlottenburg,1-Bedroom Flat (1+1 / 1+2),58,1506,380
1970,5,Charlottenburg,1-Bedroom Flat (1+1 / 1+2),87,1858,380
1971,5,Charlottenburg,1-Bedroom Flat (1+1 / 1+2),70,1551,380
1972,5,Charlottenburg,1-Bedroom Flat (1+1 / 1+2),61,1477,380
1973,5,Charlottenburg,1-Bedroom Flat (1+1 / 1+2),60,1680,380
1974,5,Charlottenburg,1-Bedroom Flat (1+1 / 1+2),59,1495,380
1975,5,Charlottenburg,1-Bedroom Flat (1+1 / 1+2),45,1257,380
1976,5,Charlottenburg,1-Bedroom Flat (1+1 / 1+2),73,1619,380
1977,5,Charlottenburg,1-Bedroom Flat (1+1 / 1+2),45,1215,380
1978,5,Charlottenburg,1-Bedroom Flat (1+1 / 1+2),62,1555,380
1979,5,Charlottenburg,1-Bedroom Flat (1+1 / 1+2),82,1776,380
1980,5,Charlottenburg,1-Bedroom Flat (1+1 / 1+2),53,1241,380
1981,5,Charlottenburg,1-Bedroom Flat (1+1 / 1+2),64,1565,380
1982,5,Charlottenburg,1-Bedroom Flat (1+1 / 1+2),57,1480,380
1983,5,Charlottenburg,1-Bedroom Flat (1+1 / 1+2),67,1574,380
1984,5,Charlottenburg,1-Bedroom Flat (1+1 / 1+2),53,1303,380
1985,5,Charlottenburg,1-Bedroom Flat (1+1 / 1+2),45,1239,380
1986,5,Charlottenburg,1-Bedroom Flat (1+1 / 1+2),62,1507,380
1987,5,Charlottenburg,1-Bedroom Flat (1+1 / 1+2),67,1605,380
1988,5,Charlottenburg,1-Bedroom Flat (1+1 / 1+2),61,1478,380
1989,5,Charlottenburg,1-Bedroom Flat (1+1 / 1+2),48,1213,380
1990,5,Charlottenburg,1-Bedroom Flat (1+1 / 1+2),63,1440,380
1991,5,Charlottenburg,1-Bedroom Flat (1+1 / 1+2),71,1575,380
1992,5,Charlottenburg,1-Bedroom Flat (1+1 / 1+2),64,1532,380
1993,5,Charlottenburg,1-Bedroom Flat (1+1 / 1+2),69,1683,380
1994,5,Charlottenburg,1-Bedroom Flat (1+1 / 1+2),69,1412,380
1995,5,Charlottenburg,1-Bedroom Flat (1+1 / 1+2),74,1819,380
1996,5,Charlottenburg,1-Bedroom Flat (1+1 / 1+2),57,1431,380
1997,5,Charlottenburg,1-Bedroom Flat (1+1 / 1+2),53,1171,380
1998,5,Charlottenburg,1-Bedroom Flat (1+1 / 1+2),55,1329,380
1999,5,Charlottenburg,1-Bedroom Flat (1+1 / 1+2),58,1340,380
2000,5,Charlottenburg,1-Bedroom Flat (1+1 / 1+2),55,1377,380
2001,5,Charlottenburg,1-Bedroom Flat (1+1 / 1+2),54,1411,380
2002,5,Charlottenburg,1-Bedroom Flat (1+1 / 1+2),69,1816,380
2003,5,Charlottenburg,1-Bedroom Flat (1+1 / 1+2),73,1688,380
2004,5,Charlottenburg,1-Bedroom Flat (1+1 / 1+2),56,1420,380
2005,5,Charlottenburg,1-Bedroom Flat (1+1 / 1+2),65,1492,380
2006,5,Charlottenburg,1-Bedroom Flat (1+1 / 1+2),70,1492,380
2007,5,Charlottenburg,1-Bedroom Flat (1+1 / 1+2),60,1508,380
2008,5,Charlottenburg,1-Bedroom Flat (1+1 / 1+2),59,1423,380
2009,5,Charlottenburg,1-Bedroom Flat (1+1 / 1+2),61,1399,380
2010,5,Charlottenburg,1-Bedroom Flat (1+1 / 1+2),74,1590,380
2011,5,Charlottenburg,1-Bedroom Flat (1+1 / 1+2),65,1575,380
2012,5,Charlottenburg,1-Bedroom Flat (1+1 / 1+2),53,1353,380
2013,5,Charlottenburg,1-Bedroom Flat (1+1 / 1+2),53,1471,380
2014,5,Charlottenburg,1-Bedroom Flat (1+1 / 1+2),51,1255,380
2015,5,Charlottenburg,1-Bedroom Flat (1+1 / 1+2),50,1176,380
2016,5,Charlottenburg,1-Bedroom Flat (1+1 / 1+2),78,1795,380
2017,5,Charlottenburg,1-Bedroom Flat (1+1 / 1+2),63,1447,380
2018,5,Charlottenburg,1-Bedroom Flat (1+1 / 1+2),71,1560,380
2019,5,Charlottenburg,1-Bedroom Flat (1+1 / 1+2),70,1539,380
2020,5,Charlottenburg,1-Bedroom Flat (1+1 / 1+2),56,1462,380
2021,5,Charlottenburg,1-Bedroom Flat (1+1 / 1+2),71,1688,380
2022,5,Charlottenburg,1-Bedroom Flat (1+1 / 1+2),52,1290,380
2023,5,Charlottenburg,1-Bedroom Flat (1+1 / 1+2),64,1446,380
2024,5,Charlottenburg,1-Bedroom Flat (1+1 / 1+2),76,1498,380
2025,5,Charlottenburg,1-Bedroom Flat (1+1 / 1+2),54,1316,380
2026,5,Charlottenburg,1-Bedroom Flat (1+1 / 1+2),45,1092,380
2027,5,Charlottenburg,1-Bedroom Flat (1+1 / 1+2),68,1589,380
2028,5,Charlottenburg,1-Bedroom Flat (1+1 / 1+2),78,1885,380
2029,5,Charlottenburg,1-Bedroom Flat (1+1 / 1+2),66,1582,380
2030,5,Charlottenburg,1-Bedroom Flat (1+1 / 1+2),63,1267,380
2031,6,Schöneberg,1-Bedroom Flat (1+1 / 1+2),48,1205,310
2032,6,Schöneberg,1-Bedroom Flat (1+1 / 1+2),68,1542,310
2033,6,Schöneberg,1-Bedroom Flat (1+1 / 1+2),53,1360,310
2034,6,Schöneberg,1-Bedroom Flat (1+1 / 1+2),77,1744,310
2035,6,Schöneberg,1-Bedroom Flat (1+1 / 1+2),72,1530,310
2036,6,Schöneberg,1-Bedroom Flat (1+1 / 1+2),73,1609,310
2037,6,Schöneberg,1-Bedroom Flat (1+1 / 1+2),67,1533,310
2038,6,Schöneberg,1-Bedroom Flat (1+1 / 1+2),61,1327,310
2039,6,Schöneberg,1-Bedroom Flat (1+1 / 1+2),61,1493,310
2040,6,Schöneberg,1-Bedroom Flat (1+1 / 1+2),58,1436,310
2041,6,Schöneberg,1-Bedroom Flat (1+1 / 1+2),69,1505,310
2042,6,Schöneberg,1-Bedroom Flat (1+1 / 1+2),76,1612,310
2043,6,Schöneberg,1-Bedroom Flat (1+1 / 1+2),77,1699,310
2044,6,Schöneberg,1-Bedroom Flat (1+1 / 1+2),62,1340,310
2045,6,Schöneberg,1-Bedroom Flat (1+1 / 1+2),61,1386,310
2046,6,Schöneberg,1-Bedroom Flat (1+1 / 1+2),49,1192,310
2047,6,Schöneberg,1-Bedroom Flat (1+1 / 1+2),54,1345,310
2048,6,Schöneberg,1-Bedroom Flat (1+1 / 1+2),75,1518,310
2049,6,Schöneberg,1-Bedroom Flat (1+1 / 1+2),79,1680,310
2050,6,Schöneberg,1-Bedroom Flat (1+1 / 1+2),52,1328,310
2051,6,Schöneberg,1-Bedroom Flat (1+1 / 1+2),58,1349,310
2052,6,Schöneberg,1-Bedroom Flat (1+1 / 1+2),58,1282,310
2053,6,Schöneberg,1-Bedroom Flat (1+1 / 1+2),69,1506,310
2054,6,Schöneberg,1-Bedroom Flat (1+1 / 1+2),48,1246,310
2055,6,Schöneberg,1-Bedroom Flat (1+1 / 1+2),50,1124,310
2056,6,Schöneberg,1-Bedroom Flat (1+1 / 1+2),74,1504,310
2057,6,Schöneberg,1-Bedroom Flat (1+1 / 1+2),45,1204,310
2058,6,Schöneberg,1-Bedroom Flat (1+1 / 1+2),59,1352,310
2059,6,Schöneberg,1-Bedroom Flat (1+1 / 1+2),59,1393,310
2060,6,Schöneberg,1-Bedroom Flat (1+1 / 1+2),54,1425,310
2061,6,Schöneberg,1-Bedroom Flat (1+1 / 1+2),47,1220,310
2062,6,Schöneberg,1-Bedroom Flat (1+1 / 1+2),68,1448,310
2063,6,Schöneberg,1-Bedroom Flat (1+1 / 1+2),52,1352,310
2064,6,Schöneberg,1-Bedroom Flat (1+1 / 1+2),52,1205,310
2065,6,Schöneberg,1-Bedroom Flat (1+1 / 1+2),71,1567,310
2066,6,Schöneberg,1-Bedroom Flat (1+1 / 1+2),45,1305,310
2067,6,Schöneberg,1-Bedroom Flat (1+1 / 1+2),57,1304,310
2068,6,Schöneberg,1-Bedroom Flat (1+1 / 1+2),65,1524,310
2069,6,Schöneberg,1-Bedroom Flat (1+1 / 1+2),82,1591,310
2070,6,Schöneberg,1-Bedroom Flat (1+1 / 1+2),70,1615,310
2071,6,Schöneberg,1-Bedroom Flat (1+1 / 1+2),61,1475,310
2072,6,Schöneberg,1-Bedroom Flat (1+1 / 1+2),71,1440,310
2073,6,Schöneberg,1-Bedroom Flat (1+1 / 1+2),79,1552,310
2074,6,Schöneberg,1-Bedroom Flat (1+1 / 1+2),51,1220,310
2075,6,Schöneberg,1-Bedroom Flat (1+1 / 1+2),81,1696,310
2076,6,Schöneberg,1-Bedroom Flat (1+1 / 1+2),62,1549,310
2077,6,Schöneberg,1-Bedroom Flat (1+1 / 1+2),59,1266,310
2078,6,Schöneberg,1-Bedroom Flat (1+1 / 1+2),58,1479,310
2079,6,Schöneberg,1-Bedroom Flat (1+1 / 1+2),63,1610,310
2080,6,Schöneberg,1-Bedroom Flat (1+1 / 1+2),69,1474,310
2081,6,Schöneberg,1-Bedroom Flat (1+1 / 1+2),63,1359,310
2082,6,Schöneberg,1-Bedroom Flat (1+1 / 1+2),55,1711,310
2083,6,Schöneberg,1-Bedroom Flat (1+1 / 1+2),72,1657,310
2084,6,Schöneberg,1-Bedroom Flat (1+1 / 1+2),56,1465,310
2085,6,Schöneberg,1-Bedroom Flat (1+1 / 1+2),73,1765,310
2086,6,Schöneberg,1-Bedroom Flat (1+1 / 1+2),80,1575,310
2087,6,Schöneberg,1-Bedroom Flat (1+1 / 1+2),51,1154,310
2088,6,Schöneberg,1-Bedroom Flat (1+1 / 1+2),53,1305,310
2089,6,Schöneberg,1-Bedroom Flat (1+1 / 1+2),56,1511,310
2090,6,Schöneberg,1-Bedroom Flat (1+1 / 1+2),81,1723,310
2091,6,Schöneberg,1-Bedroom Flat (1+1 / 1+2),82,1874,310
2092,6,Schöneberg,1-Bedroom Flat (1+1 / 1+2),57,1159,310
2093,6,Schöneberg,1-Bedroom Flat (1+1 / 1+2),60,1330,310
2094,6,Schöneberg,1-Bedroom Flat (1+1 / 1+2),64,1460,310
2095,6,Schöneberg,1-Bedroom Flat (1+1 / 1+2),63,1483,310
2096,6,Schöneberg,1-Bedroom Flat (1+1 / 1+2),50,1265,310
2097,6,Schöneberg,1-Bedroom Flat (1+1 / 1+2),58,1374,310
2098,6,Schöneberg,1-Bedroom Flat (1+1 / 1+2),72,1470,310
2099,6,Schöneberg,1-Bedroom Flat (1+1 / 1+2),59,1361,310
2100,6,Schöneberg,1-Bedroom Flat (1+1 / 1+2),57,1421,310
2101,6,Schöneberg,1-Bedroom Flat (1+1 / 1+2),55,1258,310
2102,6,Schöneberg,1-Bedroom Flat (1+1 / 1+2),55,1406,310
2103,6,Schöneberg,1-Bedroom Flat (1+1 / 1+2),57,1381,310
2104,6,Schöneberg,1-Bedroom Flat (1+1 / 1+2),82,1733,310
2105,6,Schöneberg,1-Bedroom Flat (1+1 / 1+2),73,1746,310
2106,6,Schöneberg,1-Bedroom Flat (1+1 / 1+2),72,1578,310
2107,6,Schöneberg,1-Bedroom Flat (1+1 / 1+2),68,1400,310
2108,6,Schöneberg,1-Bedroom Flat (1+1 / 1+2),54,1238,310
2109,6,Schöneberg,1-Bedroom Flat (1+1 / 1+2),84,1699,310
2110,6,Schöneberg,1-Bedroom Flat (1+1 / 1+2),54,1198,310
2111,6,Schöneberg,1-Bedroom Flat (1+1 / 1+2),68,1529,310
2112,6,Schöneberg,1-Bedroom Flat (1+1 / 1+2),73,1656,310
2113,6,Schöneberg,1-Bedroom Flat (1+1 / 1+2),48,1123,310
2114,6,Schöneberg,1-Bedroom Flat (1+1 / 1+2),76,1626,310
2115,6,Schöneberg,1-Bedroom Flat (1+1 / 1+2),74,1599,310
2116,6,Schöneberg,1-Bedroom Flat (1+1 / 1+2),52,1233,310
2117,6,Schöneberg,1-Bedroom Flat (1+1 / 1+2),52,1209,310
2118,6,Schöneberg,1-Bedroom Flat (1+1 / 1+2),64,1498,310
2119,6,Schöneberg,1-Bedroom Flat (1+1 / 1+2),46,1162,310
2120,6,Schöneberg,1-Bedroom Flat (1+1 / 1+2),56,1266,310
2121,6,Schöneberg,1-Bedroom Flat (1+1 / 1+2),63,1386,310
2122,6,Schöneberg,1-Bedroom Flat (1+1 / 1+2),76,1751,310
2123,6,Schöneberg,1-Bedroom Flat (1+1 / 1+2),74,1567,310
2124,6,Schöneberg,1-Bedroom Flat (1+1 / 1+2),52,1267,310
2125,6,Schöneberg,1-Bedroom Flat (1+1 / 1+2),60,1333,310
2126,6,Schöneberg,1-Bedroom Flat (1+1 / 1+2),50,1224,310
2127,6,Schöneberg,1-Bedroom Flat (1+1 / 1+2),58,1418,310
2128,6,Schöneberg,1-Bedroom Flat (1+1 / 1+2),69,1631,310
2129,6,Schöneberg,1-Bedroom Flat (1+1 / 1+2),49,1248,310
2130,6,Schöneberg,1-Bedroom Flat (1+1 / 1+2),55,1198,310
2131,6,Schöneberg,1-Bedroom Flat (1+1 / 1+2),58,1452,310
2132,6,Schöneberg,1-Bedroom Flat (1+1 / 1+2),58,1497,310
2133,6,Schöneberg,1-Bedroom Flat (1+1 / 1+2),67,1465,310
2134,6,Schöneberg,1-Bedroom Flat (1+1 / 1+2),74,1652,310
2135,6,Schöneberg,1-Bedroom Flat (1+1 / 1+2),53,1443,310
2136,6,Schöneberg,1-Bedroom Flat (1+1 / 1+2),65,1470,310
2137,6,Schöneberg,1-Bedroom Flat (1+1 / 1+2),53,1382,310
2138,6,Schöneberg,1-Bedroom Flat (1+1 / 1+2),67,1557,310
2139,6,Schöneberg,1-Bedroom Flat (1+1 / 1+2),57,1415,310
2140,6,Schöneberg,1-Bedroom Flat (1+1 / 1+2),71,1504,310
2141,6,Schöneberg,1-Bedroom Flat (1+1 / 1+2),48,1248,310
2142,6,Schöneberg,1-Bedroom Flat (1+1 / 1+2),46,1178,310
2143,6,Schöneberg,1-Bedroom Flat (1+1 / 1+2),58,1466,310
2144,6,Schöneberg,1-Bedroom Flat (1+1 / 1+2),58,1456,310
2145,6,Schöneberg,1-Bedroom Flat (1+1 / 1+2),57,1430,310
2146,6,Schöneberg,1-Bedroom Flat (1+1 / 1+2),83,1660,310
2147,6,Schöneberg,1-Bedroom Flat (1+1 / 1+2),65,1715,310
2148,6,Schöneberg,1-Bedroom Flat (1+1 / 1+2),63,1442,310
2149,6,Schöneberg,1-Bedroom Flat (1+1 / 1+2),70,1552,310
2150,6,Schöneberg,1-Bedroom Flat (1+1 / 1+2),45,1250,310
2151,6,Schöneberg,1-Bedroom Flat (1+1 / 1+2),45,1110,310
2152,6,Schöneberg,1-Bedroom Flat (1+1 / 1+2),74,1580,310
2153,6,Schöneberg,1-Bedroom Flat (1+1 / 1+2),55,1387,310
2154,6,Schöneberg,1-Bedroom Flat (1+1 / 1+2),53,1166,310
2155,6,Schöneberg,1-Bedroom Flat (1+1 / 1+2),65,1452,310
2156,6,Schöneberg,1-Bedroom Flat (1+1 / 1+2),50,1285,310
2157,6,Schöneberg,1-Bedroom Flat (1+1 / 1+2),67,1468,310
2158,6,Schöneberg,1-Bedroom Flat (1+1 / 1+2),59,1414,310
2159,6,Schöneberg,1-Bedroom Flat (1+1 / 1+2),74,1587,310
2160,6,Schöneberg,1-Bedroom Flat (1+1 / 1+2),69,1583,310
2161,6,Schöneberg,1-Bedroom Flat (1+1 / 1+2),71,1568,310
2162,6,Schöneberg,1-Bedroom Flat (1+1 / 1+2),53,1234,310
2163,6,Schöneberg,1-Bedroom Flat (1+1 / 1+2),65,1632,310
2164,6,Schöneberg,1-Bedroom Flat (1+1 / 1+2),57,1412,310
2165,6,Schöneberg,1-Bedroom Flat (1+1 / 1+2),59,1382,310
2166,6,Schöneberg,1-Bedroom Flat (1+1 / 1+2),77,1729,310
2167,6,Schöneberg,1-Bedroom Flat (1+1 / 1+2),50,1176,310
2168,6,Schöneberg,1-Bedroom Flat (1+1 / 1+2),75,1641,310
2169,6,Schöneberg,1-Bedroom Flat (1+1 / 1+2),51,1170,310
2170,6,Schöneberg,1-Bedroom Flat (1+1 / 1+2),69,1621,310
2171,6,Schöneberg,1-Bedroom Flat (1+1 / 1+2),62,1643,310
2172,6,Schöneberg,1-Bedroom Flat (1+1 / 1+2),70,1526,310
2173,6,Schöneberg,1-Bedroom Flat (1+1 / 1+2),54,1204,310
2174,6,Schöneberg,1-Bedroom Flat (1+1 / 1+2),65,1424,310
2175,6,Schöneberg,1-Bedroom Flat (1+1 / 1+2),79,1824,310
2176,6,Schöneberg,1-Bedroom Flat (1+1 / 1+2),68,1410,310
2177,6,Schöneberg,1-Bedroom Flat (1+1 / 1+2),55,1421,310
2178,6,Schöneberg,1-Bedroom Flat (1+1 / 1+2),56,1425,310
2179,6,Schöneberg,1-Bedroom Flat (1+1 / 1+2),67,1505,310
2180,6,Schöneberg,1-Bedroom Flat (1+1 / 1+2),55,1300,310
2181,6,Schöneberg,1-Bedroom Flat (1+1 / 1+2),64,1545,310
2182,6,Schöneberg,1-Bedroom Flat (1+1 / 1+2),53,1252,310
2183,6,Schöneberg,1-Bedroom Flat (1+1 / 1+2),62,1480,310
2184,6,Schöneberg,1-Bedroom Flat (1+1 / 1+2),53,1158,310
2185,6,Schöneberg,1-Bedroom Flat (1+1 / 1+2),69,1395,310
2186,6,Schöneberg,1-Bedroom Flat (1+1 / 1+2),75,1614,310
2187,6,Schöneberg,1-Bedroom Flat (1+1 / 1+2),47,1137,310
2188,6,Schöneberg,1-Bedroom Flat (1+1 / 1+2),66,1436,310
2189,6,Schöneberg,1-Bedroom Flat (1+1 / 1+2),62,1487,310
2190,6,Schöneberg,1-Bedroom Flat (1+1 / 1+2),60,1304,310
2191,6,Schöneberg,1-Bedroom Flat (1+1 / 1+2),59,1499,310
2192,6,Schöneberg,1-Bedroom Flat (1+1 / 1+2),79,1510,310
2193,6,Schöneberg,1-Bedroom Flat (1+1 / 1+2),73,1619,310
2194,6,Schöneberg,1-Bedroom Flat (1+1 / 1+2),71,1514,310
2195,6,Schöneberg,1-Bedroom Flat (1+1 / 1+2),45,1201,310
2196,6,Schöneberg,1-Bedroom Flat (1+1 / 1+2),53,1151,310
2197,6,Schöneberg,1-Bedroom Flat (1+1 / 1+2),49,1266,310
2198,6,Schöneberg,1-Bedroom Flat (1+1 / 1+2),63,1506,310
2199,6,Schöneberg,1-Bedroom Flat (1+1 / 1+2),69,1494,310
2200,6,Schöneberg,1-Bedroom Flat (1+1 / 1+2),61,1358,310
2201,6,Schöneberg,1-Bedroom Flat (1+1 / 1+2),60,1301,310
2202,6,Schöneberg,1-Bedroom Flat (1+1 / 1+2),66,1581,310
2203,6,Schöneberg,1-Bedroom Flat (1+1 / 1+2),54,1407,310
2204,6,Schöneberg,1-Bedroom Flat (1+1 / 1+2),63,1458,310
2205,6,Schöneberg,1-Bedroom Flat (1+1 / 1+2),45,985,310
2206,6,Schöneberg,1-Bedroom Flat (1+1 / 1+2),63,1507,310
2207,6,Schöneberg,1-Bedroom Flat (1+1 / 1+2),55,1458,310
2208,6,Schöneberg,1-Bedroom Flat (1+1 / 1+2),69,1450,310
2209,6,Schöneberg,1-Bedroom Flat (1+1 / 1+2),62,1643,310
2210,6,Schöneberg,1-Bedroom Flat (1+1 / 1+2),50,1276,310
2211,6,Schöneberg,1-Bedroom Flat (1+1 / 1+2),59,1436,310
2212,6,Schöneberg,1-Bedroom Flat (1+1 / 1+2),75,1593,310
2213,6,Schöneberg,1-Bedroom Flat (1+1 / 1+2),73,1796,310
2214,6,Schöneberg,1-Bedroom Flat (1+1 / 1+2),63,1507,310
2215,6,Schöneberg,1-Bedroom Flat (1+1 / 1+2),56,1326,310
2216,6,Schöneberg,1-Bedroom Flat (1+1 / 1+2),60,1460,310
2217,6,Schöneberg,1-Bedroom Flat (1+1 / 1+2),74,1602,310
2218,6,Schöneberg,1-Bedroom Flat (1+1 / 1+2),77,1798,310
2219,6,Schöneberg,1-Bedroom Flat (1+1 / 1+2),70,1502,310
2220,6,Schöneberg,1-Bedroom Flat (1+1 / 1+2),56,1251,310
2221,6,Schöneberg,1-Bedroom Flat (1+1 / 1+2),71,1455,310
2222,6,Schöneberg,1-Bedroom Flat (1+1 / 1+2),69,1435,310
2223,6,Schöneberg,1-Bedroom Flat (1+1 / 1+2),70,1550,310
2224,6,Schöneberg,1-Bedroom Flat (1+1 / 1+2),75,1731,310
2225,6,Schöneberg,1-Bedroom Flat (1+1 / 1+2),76,1775,310
2226,6,Schöneberg,1-Bedroom Flat (1+1 / 1+2),63,1332,310
2227,6,Schöneberg,1-Bedroom Flat (1+1 / 1+2),51,1056,310
2228,6,Schöneberg,1-Bedroom Flat (1+1 / 1+2),51,1250,310
2229,6,Schöneberg,1-Bedroom Flat (1+1 / 1+2),56,1308,310
2230,6,Schöneberg,1-Bedroom Flat (1+1 / 1+2),67,1473,310
2231,6,Schöneberg,1-Bedroom Flat (1+1 / 1+2),51,1239,310
2232,6,Schöneberg,1-Bedroom Flat (1+1 / 1+2),53,1252,310
2233,6,Schöneberg,1-Bedroom Flat (1+1 / 1+2),75,1604,310
2234,6,Schöneberg,1-Bedroom Flat (1+1 / 1+2),80,1837,310
2235,6,Schöneberg,1-Bedroom Flat (1+1 / 1+2),56,1224,310
2236,6,Schöneberg,1-Bedroom Flat (1+1 / 1+2),61,1508,310
2237,6,Schöneberg,1-Bedroom Flat (1+1 / 1+2),57,1422,310
2238,6,Schöneberg,1-Bedroom Flat (1+1 / 1+2),74,1542,310
2239,6,Schöneberg,1-Bedroom Flat (1+1 / 1+2),55,1372,310
2240,6,Schöneberg,1-Bedroom Flat (1+1 / 1+2),64,1390,310
2241,6,Schöneberg,1-Bedroom Flat (1+1 / 1+2),58,1350,310
2242,6,Schöneberg,1-Bedroom Flat (1+1 / 1+2),46,1233,310
2243,6,Schöneberg,1-Bedroom Flat (1+1 / 1+2),57,1089,310
2244,6,Schöneberg,1-Bedroom Flat (1+1 / 1+2),62,1353,310
2245,6,Schöneberg,1-Bedroom Flat (1+1 / 1+2),79,1639,310
2246,6,Schöneberg,1-Bedroom Flat (1+1 / 1+2),51,1290,310
2247,6,Schöneberg,1-Bedroom Flat (1+1 / 1+2),55,1238,310
2248,6,Schöneberg,1-Bedroom Flat (1+1 / 1+2),67,1406,310
2249,6,Schöneberg,1-Bedroom Flat (1+1 / 1+2),47,1335,310
2250,6,Schöneberg,1-Bedroom Flat (1+1 / 1+2),68,1492,310
2251,6,Schöneberg,1-Bedroom Flat (1+1 / 1+2),62,1466,310
2252,6,Schöneberg,1-Bedroom Flat (1+1 / 1+2),72,1512,310
2253,6,Schöneberg,1-Bedroom Flat (1+1 / 1+2),66,1438,310
2254,6,Schöneberg,1-Bedroom Flat (1+1 / 1+2),60,1402,310
2255,6,Schöneberg,1-Bedroom Flat (1+1 / 1+2),62,1486,310
2256,6,Schöneberg,1-Bedroom Flat (1+1 / 1+2),67,1364,310
2257,6,Schöneberg,1-Bedroom Flat (1+1 / 1+2),48,1163,310
2258,6,Schöneberg,1-Bedroom Flat (1+1 / 1+2),80,1631,310
2259,6,Schöneberg,1-Bedroom Flat (1+1 / 1+2),60,1340,310
2260,6,Schöneberg,1-Bedroom Flat (1+1 / 1+2),56,1340,310
2261,6,Schöneberg,1-Bedroom Flat (1+1 / 1+2),76,1685,310
2262,6,Schöneberg,1-Bedroom Flat (1+1 / 1+2),54,1540,310
2263,6,Schöneberg,1-Bedroom Flat (1+1 / 1+2),63,1384,310
2264,6,Schöneberg,1-Bedroom Flat (1+1 / 1+2),76,1602,310
2265,6,Schöneberg,1-Bedroom Flat (1+1 / 1+2),79,1614,310
2266,6,Schöneberg,1-Bedroom Flat (1+1 / 1+2),76,1662,310
2267,6,Schöneberg,1-Bedroom Flat (1+1 / 1+2),75,1799,310
2268,6,Schöneberg,1-Bedroom Flat (1+1 / 1+2),51,1359,310
2269,6,Schöneberg,1-Bedroom Flat (1+1 / 1+2),48,1102,310
2270,6,Schöneberg,1-Bedroom Flat (1+1 / 1+2),54,1337,310
2271,6,Schöneberg,1-Bedroom Flat (1+1 / 1+2),62,1405,310
2272,6,Schöneberg,1-Bedroom Flat (1+1 / 1+2),63,1489,310
2273,6,Schöneberg,1-Bedroom Flat (1+1 / 1+2),69,1630,310
2274,6,Schöneberg,1-Bedroom Flat (1+1 / 1+2),80,1706,310
2275,6,Schöneberg,1-Bedroom Flat (1+1 / 1+2),57,1395,310
2276,6,Schöneberg,1-Bedroom Flat (1+1 / 1+2),51,1183,310
2277,6,Schöneberg,1-Bedroom Flat (1+1 / 1+2),72,1569,310
2278,6,Schöneberg,1-Bedroom Flat (1+1 / 1+2),50,1094,310
2279,6,Schöneberg,1-Bedroom Flat (1+1 / 1+2),62,1523,310
2280,6,Schöneberg,1-Bedroom Flat (1+1 / 1+2),73,1606,310
2281,6,Schöneberg,1-Bedroom Flat (1+1 / 1+2),82,1731,310
2282,6,Schöneberg,1-Bedroom Flat (1+1 / 1+2),61,1173,310
2283,6,Schöneberg,1-Bedroom Flat (1+1 / 1+2),58,1433,310
2284,6,Schöneberg,1-Bedroom Flat (1+1 / 1+2),78,1601,310
2285,6,Schöneberg,1-Bedroom Flat (1+1 / 1+2),67,1594,310
2286,6,Schöneberg,1-Bedroom Flat (1+1 / 1+2),62,1215,310
2287,6,Schöneberg,1-Bedroom Flat (1+1 / 1+2),64,1521,310
2288,6,Schöneberg,1-Bedroom Flat (1+1 / 1+2),53,1253,310
2289,6,Schöneberg,1-Bedroom Flat (1+1 / 1+2),50,997,310
2290,6,Schöneberg,1-Bedroom Flat (1+1 / 1+2),72,1580,310
2291,6,Schöneberg,1-Bedroom Flat (1+1 / 1+2),78,1753,310
2292,6,Schöneberg,1-Bedroom Flat (1+1 / 1+2),58,1349,310
2293,6,Schöneberg,1-Bedroom Flat (1+1 / 1+2),68,1603,310
2294,6,Schöneberg,1-Bedroom Flat (1+1 / 1+2),65,1568,310
2295,6,Schöneberg,1-Bedroom Flat (1+1 / 1+2),59,1282,310
2296,6,Schöneberg,1-Bedroom Flat (1+1 / 1+2),61,1422,310
2297,6,Schöneberg,1-Bedroom Flat (1+1 / 1+2),50,1108,310
2298,6,Schöneberg,1-Bedroom Flat (1+1 / 1+2),66,1447,310
2299,6,Schöneberg,1-Bedroom Flat (1+1 / 1+2),60,1356,310
2300,6,Schöneberg,1-Bedroom Flat (1+1 / 1+2),77,1774,310
2301,6,Schöneberg,1-Bedroom Flat (1+1 / 1+2),50,1180,310
2302,6,Schöneberg,1-Bedroom Flat (1+1 / 1+2),71,1618,310
2303,6,Schöneberg,1-Bedroom Flat (1+1 / 1+2),62,1318,310
2304,6,Schöneberg,1-Bedroom Flat (1+1 / 1+2),55,1261,310
2305,6,Schöneberg,1-Bedroom Flat (1+1 / 1+2),65,1621,310
2306,6,Schöneberg,1-Bedroom Flat (1+1 / 1+2),55,1216,310
2307,6,Schöneberg,1-Bedroom Flat (1+1 / 1+2),61,1497,310
2308,6,Schöneberg,1-Bedroom Flat (1+1 / 1+2),48,1327,310
2309,6,Schöneberg,1-Bedroom Flat (1+1 / 1+2),60,1322,310
2310,6,Schöneberg,1-Bedroom Flat (1+1 / 1+2),46,1228,310
2311,6,Schöneberg,1-Bedroom Flat (1+1 / 1+2),60,1403,310
2312,6,Schöneberg,1-Bedroom Flat (1+1 / 1+2),53,1247,310
2313,6,Schöneberg,1-Bedroom Flat (1+1 / 1+2),57,1331,310
2314,6,Schöneberg,1-Bedroom Flat (1+1 / 1+2),55,1170,310
2315,6,Schöneberg,1-Bedroom Flat (1+1 / 1+2),89,1729,310
2316,6,Schöneberg,1-Bedroom Flat (1+1 / 1+2),64,1293,310
2317,6,Schöneberg,1-Bedroom Flat (1+1 / 1+2),45,1157,310
2318,6,Schöneberg,1-Bedroom Flat (1+1 / 1+2),64,1566,310
2319,6,Schöneberg,1-Bedroom Flat (1+1 / 1+2),66,1471,310
2320,6,Schöneberg,1-Bedroom Flat (1+1 / 1+2),53,1411,310
2321,6,Schöneberg,1-Bedroom Flat (1+1 / 1+2),71,1452,310
2322,6,Schöneberg,1-Bedroom Flat (1+1 / 1+2),62,1433,310
2323,6,Schöneberg,1-Bedroom Flat (1+1 / 1+2),59,1441,310
2324,6,Schöneberg,1-Bedroom Flat (1+1 / 1+2),70,1531,310
2325,6,Schöneberg,1-Bedroom Flat (1+1 / 1+2),59,1507,310
2326,6,Schöneberg,1-Bedroom Flat (1+1 / 1+2),71,1571,310
2327,6,Schöneberg,1-Bedroom Flat (1+1 / 1+2),46,1195,310
2328,6,Schöneberg,1-Bedroom Flat (1+1 / 1+2),69,1284,310
2329,6,Schöneberg,1-Bedroom Flat (1+1 / 1+2),65,1430,310
2330,6,Schöneberg,1-Bedroom Flat (1+1 / 1+2),60,1306,310
2331,6,Schöneberg,1-Bedroom Flat (1+1 / 1+2),61,1529,310
2332,6,Schöneberg,1-Bedroom Flat (1+1 / 1+2),58,1443,310
2333,6,Schöneberg,1-Bedroom Flat (1+1 / 1+2),54,1360,310
2334,6,Schöneberg,1-Bedroom Flat (1+1 / 1+2),62,1452,310
2335,6,Schöneberg,1-Bedroom Flat (1+1 / 1+2),62,1478,310
2336,6,Schöneberg,1-Bedroom Flat (1+1 / 1+2),45,1020,310
2337,6,Schöneberg,1-Bedroom Flat (1+1 / 1+2),66,1300,310
2338,6,Schöneberg,1-Bedroom Flat (1+1 / 1+2),57,1335,310
2339,6,Schöneberg,1-Bedroom Flat (1+1 / 1+2),54,1230,310
2340,6,Schöneberg,1-Bedroom Flat (1+1 / 1+2),65,1559,310
2341,7,Moabit,1-Bedroom Flat (1+1 / 1+2),52,1138,240
2342,7,Moabit,1-Bedroom Flat (1+1 / 1+2),55,1020,240
2343,7,Moabit,1-Bedroom Flat (1+1 / 1+2),63,1450,240
2344,7,Moabit,1-Bedroom Flat (1+1 / 1+2),72,1432,240
2345,7,Moabit,1-Bedroom Flat (1+1 / 1+2),49,1144,240
2346,7,Moabit,1-Bedroom Flat (1+1 / 1+2),70,1492,240
2347,7,Moabit,1-Bedroom Flat (1+1 / 1+2),65,1501,240
2348,7,Moabit,1-Bedroom Flat (1+1 / 1+2),55,1218,240
2349,7,Moabit,1-Bedroom Flat (1+1 / 1+2),78,1588,240
2350,7,Moabit,1-Bedroom Flat (1+1 / 1+2),49,1082,240
2351,7,Moabit,1-Bedroom Flat (1+1 / 1+2),53,1238,240
2352,7,Moabit,1-Bedroom Flat (1+1 / 1+2),53,1230,240
2353,7,Moabit,1-Bedroom Flat (1+1 / 1+2),55,1047,240
2354,7,Moabit,1-Bedroom Flat (1+1 / 1+2),65,1411,240
2355,7,Moabit,1-Bedroom Flat (1+1 / 1+2),67,1369,240
2356,7,Moabit,1-Bedroom Flat (1+1 / 1+2),54,1258,240
2357,7,Moabit,1-Bedroom Flat (1+1 / 1+2),77,1591,240
2358,7,Moabit,1-Bedroom Flat (1+1 / 1+2),66,1385,240
2359,7,Moabit,1-Bedroom Flat (1+1 / 1+2),47,1197,240
2360,7,Moabit,1-Bedroom Flat (1+1 / 1+2),71,1558,240
2361,7,Moabit,1-Bedroom Flat (1+1 / 1+2),60,1372,240
2362,7,Moabit,1-Bedroom Flat (1+1 / 1+2),71,1640,240
2363,7,Moabit,1-Bedroom Flat (1+1 / 1+2),72,1516,240
2364,7,Moabit,1-Bedroom Flat (1+1 / 1+2),49,1156,240
2365,7,Moabit,1-Bedroom Flat (1+1 / 1+2),65,1462,240
2366,7,Moabit,1-Bedroom Flat (1+1 / 1+2),76,1565,240
2367,7,Moabit,1-Bedroom Flat (1+1 / 1+2),83,1528,240
2368,7,Moabit,1-Bedroom Flat (1+1 / 1+2),66,1342,240
2369,7,Moabit,1-Bedroom Flat (1+1 / 1+2),45,1060,240
2370,7,Moabit,1-Bedroom Flat (1+1 / 1+2),47,1095,240
2371,7,Moabit,1-Bedroom Flat (1+1 / 1+2),62,1451,240
2372,7,Moabit,1-Bedroom Flat (1+1 / 1+2),47,1192,240
2373,7,Moabit,1-Bedroom Flat (1+1 / 1+2),63,1459,240
2374,7,Moabit,1-Bedroom Flat (1+1 / 1+2),58,1166,240
2375,7,Moabit,1-Bedroom Flat (1+1 / 1+2),50,1042,240
2376,7,Moabit,1-Bedroom Flat (1+1 / 1+2),67,1563,240
2377,7,Moabit,1-Bedroom Flat (1+1 / 1+2),56,1311,240
2378,7,Moabit,1-Bedroom Flat (1+1 / 1+2),47,1126,240
2379,7,Moabit,1-Bedroom Flat (1+1 / 1+2),69,1332,240
2380,7,Moabit,1-Bedroom Flat (1+1 / 1+2),60,1382,240
2381,7,Moabit,1-Bedroom Flat (1+1 / 1+2),45,1198,240
2382,7,Moabit,1-Bedroom Flat (1+1 / 1+2),66,1479,240
2383,7,Moabit,1-Bedroom Flat (1+1 / 1+2),58,1131,240
2384,7,Moabit,1-Bedroom Flat (1+1 / 1+2),67,1423,240
2385,7,Moabit,1-Bedroom Flat (1+1 / 1+2),62,1448,240
2386,7,Moabit,1-Bedroom Flat (1+1 / 1+2),70,1651,240
2387,7,Moabit,1-Bedroom Flat (1+1 / 1+2),64,1320,240
2388,7,Moabit,1-Bedroom Flat (1+1 / 1+2),60,1355,240
2389,7,Moabit,1-Bedroom Flat (1+1 / 1+2),72,1378,240
2390,7,Moabit,1-Bedroom Flat (1+1 / 1+2),62,1495,240
2391,7,Moabit,1-Bedroom Flat (1+1 / 1+2),60,1402,240
2392,7,Moabit,1-Bedroom Flat (1+1 / 1+2),67,1516,240
2393,7,Moabit,1-Bedroom Flat (1+1 / 1+2),54,1150,240
2394,7,Moabit,1-Bedroom Flat (1+1 / 1+2),62,1212,240
2395,7,Moabit,1-Bedroom Flat (1+1 / 1+2),59,1325,240
2396,7,Moabit,1-Bedroom Flat (1+1 / 1+2),80,1674,240
2397,7,Moabit,1-Bedroom Flat (1+1 / 1+2),68,1551,240
2398,7,Moabit,1-Bedroom Flat (1+1 / 1+2),52,1175,240
2399,7,Moabit,1-Bedroom Flat (1+1 / 1+2),86,1727,240
2400,7,Moabit,1-Bedroom Flat (1+1 / 1+2),73,1613,240
2401,7,Moabit,1-Bedroom Flat (1+1 / 1+2),47,1138,240
2402,7,Moabit,1-Bedroom Flat (1+1 / 1+2),63,1396,240
2403,7,Moabit,1-Bedroom Flat (1+1 / 1+2),54,1121,240
2404,7,Moabit,1-Bedroom Flat (1+1 / 1+2),57,1261,240
2405,7,Moabit,1-Bedroom Flat (1+1 / 1+2),74,1706,240
2406,7,Moabit,1-Bedroom Flat (1+1 / 1+2),76,1651,240
2407,7,Moabit,1-Bedroom Flat (1+1 / 1+2),52,1153,240
2408,7,Moabit,1-Bedroom Flat (1+1 / 1+2),64,1325,240
2409,7,Moabit,1-Bedroom Flat (1+1 / 1+2),68,1511,240
2410,7,Moabit,1-Bedroom Flat (1+1 / 1+2),67,1522,240
2411,7,Moabit,1-Bedroom Flat (1+1 / 1+2),53,1290,240
2412,7,Moabit,1-Bedroom Flat (1+1 / 1+2),55,1153,240
2413,7,Moabit,1-Bedroom Flat (1+1 / 1+2),67,1539,240
2414,7,Moabit,1-Bedroom Flat (1+1 / 1+2),67,1432,240
2415,7,Moabit,1-Bedroom Flat (1+1 / 1+2),65,1410,240
2416,7,Moabit,1-Bedroom Flat (1+1 / 1+2),51,1062,240
2417,7,Moabit,1-Bedroom Flat (1+1 / 1+2),61,1341,240
2418,7,Moabit,1-Bedroom Flat (1+1 / 1+2),62,1411,240
2419,7,Moabit,1-Bedroom Flat (1+1 / 1+2),60,1369,240
2420,7,Moabit,1-Bedroom Flat (1+1 / 1+2),61,1498,240
2421,7,Moabit,1-Bedroom Flat (1+1 / 1+2),63,1577,240
2422,7,Moabit,1-Bedroom Flat (1+1 / 1+2),66,1395,240
2423,7,Moabit,1-Bedroom Flat (1+1 / 1+2),53,1076,240
2424,7,Moabit,1-Bedroom Flat (1+1 / 1+2),52,1111,240
2425,7,Moabit,1-Bedroom Flat (1+1 / 1+2),66,1367,240
2426,7,Moabit,1-Bedroom Flat (1+1 / 1+2),64,1497,240
2427,7,Moabit,1-Bedroom Flat (1+1 / 1+2),61,1521,240
2428,7,Moabit,1-Bedroom Flat (1+1 / 1+2),50,1144,240
2429,7,Moabit,1-Bedroom Flat (1+1 / 1+2),57,1354,240
2430,7,Moabit,1-Bedroom Flat (1+1 / 1+2),45,948,240
2431,7,Moabit,1-Bedroom Flat (1+1 / 1+2),61,1474,240
2432,7,Moabit,1-Bedroom Flat (1+1 / 1+2),64,1260,240
2433,7,Moabit,1-Bedroom Flat (1+1 / 1+2),50,1309,240
2434,7,Moabit,1-Bedroom Flat (1+1 / 1+2),56,1169,240
2435,7,Moabit,1-Bedroom Flat (1+1 / 1+2),77,1681,240
2436,7,Moabit,1-Bedroom Flat (1+1 / 1+2),75,1472,240
2437,7,Moabit,1-Bedroom Flat (1+1 / 1+2),47,1122,240
2438,7,Moabit,1-Bedroom Flat (1+1 / 1+2),65,1431,240
2439,7,Moabit,1-Bedroom Flat (1+1 / 1+2),77,1434,240
2440,7,Moabit,1-Bedroom Flat (1+1 / 1+2),71,1395,240
2441,7,Moabit,1-Bedroom Flat (1+1 / 1+2),71,1451,240
2442,7,Moabit,1-Bedroom Flat (1+1 / 1+2),54,1167,240
2443,7,Moabit,1-Bedroom Flat (1+1 / 1+2),48,1130,240
2444,7,Moabit,1-Bedroom Flat (1+1 / 1+2),54,1293,240
2445,7,Moabit,1-Bedroom Flat (1+1 / 1+2),68,1598,240
2446,7,Moabit,1-Bedroom Flat (1+1 / 1+2),66,1461,240
2447,7,Moabit,1-Bedroom Flat (1+1 / 1+2),76,1518,240
2448,7,Moabit,1-Bedroom Flat (1+1 / 1+2),47,1128,240
2449,7,Moabit,1-Bedroom Flat (1+1 / 1+2),48,1347,240
2450,7,Moabit,1-Bedroom Flat (1+1 / 1+2),77,1785,240
2451,7,Moabit,1-Bedroom Flat (1+1 / 1+2),63,1416,240
2452,7,Moabit,1-Bedroom Flat (1+1 / 1+2),57,1349,240
2453,7,Moabit,1-Bedroom Flat (1+1 / 1+2),50,929,240
2454,7,Moabit,1-Bedroom Flat (1+1 / 1+2),54,1091,240
2455,7,Moabit,1-Bedroom Flat (1+1 / 1+2),77,1753,240
2456,7,Moabit,1-Bedroom Flat (1+1 / 1+2),48,1242,240
2457,7,Moabit,1-Bedroom Flat (1+1 / 1+2),72,1369,240
2458,7,Moabit,1-Bedroom Flat (1+1 / 1+2),58,1234,240
2459,7,Moabit,1-Bedroom Flat (1+1 / 1+2),69,1351,240
2460,7,Moabit,1-Bedroom Flat (1+1 / 1+2),61,1272,240
2461,7,Moabit,1-Bedroom Flat (1+1 / 1+2),67,1410,240
2462,7,Moabit,1-Bedroom Flat (1+1 / 1+2),57,1251,240
2463,7,Moabit,1-Bedroom Flat (1+1 / 1+2),82,1632,240
2464,7,Moabit,1-Bedroom Flat (1+1 / 1+2),52,1243,240
2465,7,Moabit,1-Bedroom Flat (1+1 / 1+2),61,1207,240
2466,7,Moabit,1-Bedroom Flat (1+1 / 1+2),84,1670,240
2467,7,Moabit,1-Bedroom Flat (1+1 / 1+2),58,1300,240
2468,7,Moabit,1-Bedroom Flat (1+1 / 1+2),79,1471,240
2469,7,Moabit,1-Bedroom Flat (1+1 / 1+2),65,1586,240
2470,7,Moabit,1-Bedroom Flat (1+1 / 1+2),63,1255,240
2471,7,Moabit,1-Bedroom Flat (1+1 / 1+2),56,1273,240
2472,7,Moabit,1-Bedroom Flat (1+1 / 1+2),75,1527,240
2473,7,Moabit,1-Bedroom Flat (1+1 / 1+2),70,1349,240
2474,7,Moabit,1-Bedroom Flat (1+1 / 1+2),48,1083,240
2475,7,Moabit,1-Bedroom Flat (1+1 / 1+2),76,1580,240
2476,7,Moabit,1-Bedroom Flat (1+1 / 1+2),65,1423,240
2477,7,Moabit,1-Bedroom Flat (1+1 / 1+2),73,1471,240
2478,7,Moabit,1-Bedroom Flat (1+1 / 1+2),69,1387,240
2479,7,Moabit,1-Bedroom Flat (1+1 / 1+2),82,1598,240
2480,7,Moabit,1-Bedroom Flat (1+1 / 1+2),53,1255,240
2481,7,Moabit,1-Bedroom Flat (1+1 / 1+2),63,1395,240
2482,7,Moabit,1-Bedroom Flat (1+1 / 1+2),64,1284,240
2483,7,Moabit,1-Bedroom Flat (1+1 / 1+2),78,1686,240
2484,7,Moabit,1-Bedroom Flat (1+1 / 1+2),76,1526,240
2485,7,Moabit,1-Bedroom Flat (1+1 / 1+2),66,1432,240
2486,7,Moabit,1-Bedroom Flat (1+1 / 1+2),73,1630,240
2487,7,Moabit,1-Bedroom Flat (1+1 / 1+2),64,1245,240
2488,7,Moabit,1-Bedroom Flat (1+1 / 1+2),80,1688,240
2489,7,Moabit,1-Bedroom Flat (1+1 / 1+2),56,1291,240
2490,7,Moabit,1-Bedroom Flat (1+1 / 1+2),47,1205,240
2491,7,Moabit,1-Bedroom Flat (1+1 / 1+2),47,1090,240
2492,7,Moabit,1-Bedroom Flat (1+1 / 1+2),64,1475,240
2493,7,Moabit,1-Bedroom Flat (1+1 / 1+2),63,1423,240
2494,7,Moabit,1-Bedroom Flat (1+1 / 1+2),62,1347,240
2495,7,Moabit,1-Bedroom Flat (1+1 / 1+2),63,1349,240
2496,7,Moabit,1-Bedroom Flat (1+1 / 1+2),45,1009,240
2497,7,Moabit,1-Bedroom Flat (1+1 / 1+2),64,1360,240
2498,7,Moabit,1-Bedroom Flat (1+1 / 1+2),60,1289,240
2499,7,Moabit,1-Bedroom Flat (1+1 / 1+2),53,1162,240
2500,7,Moabit,1-Bedroom Flat (1+1 / 1+2),59,1302,240
2501,7,Moabit,1-Bedroom Flat (1+1 / 1+2),66,1398,240
2502,7,Moabit,1-Bedroom Flat (1+1 / 1+2),52,1064,240
2503,7,Moabit,1-Bedroom Flat (1+1 / 1+2),88,1664,240
2504,7,Moabit,1-Bedroom Flat (1+1 / 1+2),57,1317,240
2505,7,Moabit,1-Bedroom Flat (1+1 / 1+2),66,1461,240
2506,7,Moabit,1-Bedroom Flat (1+1 / 1+2),58,1307,240
2507,7,Moabit,1-Bedroom Flat (1+1 / 1+2),63,1338,240
2508,7,Moabit,1-Bedroom Flat (1+1 / 1+2),64,1477,240
2509,7,Moabit,1-Bedroom Flat (1+1 / 1+2),62,1349,240
2510,7,Moabit,1-Bedroom Flat (1+1 / 1+2),73,1613,240
2511,7,Moabit,1-Bedroom Flat (1+1 / 1+2),78,1448,240
2512,7,Moabit,1-Bedroom Flat (1+1 / 1+2),71,1548,240
2513,7,Moabit,1-Bedroom Flat (1+1 / 1+2),53,1229,240
2514,7,Moabit,1-Bedroom Flat (1+1 / 1+2),73,1451,240
2515,7,Moabit,1-Bedroom Flat (1+1 / 1+2),66,1492,240
2516,7,Moabit,1-Bedroom Flat (1+1 / 1+2),51,1161,240
2517,7,Moabit,1-Bedroom Flat (1+1 / 1+2),65,1326,240
2518,7,Moabit,1-Bedroom Flat (1+1 / 1+2),53,1194,240
2519,7,Moabit,1-Bedroom Flat (1+1 / 1+2),70,1536,240
2520,7,Moabit,1-Bedroom Flat (1+1 / 1+2),53,1265,240
2521,7,Moabit,1-Bedroom Flat (1+1 / 1+2),54,1077,240
2522,7,Moabit,1-Bedroom Flat (1+1 / 1+2),58,1387,240
2523,7,Moabit,1-Bedroom Flat (1+1 / 1+2),69,1462,240
2524,7,Moabit,1-Bedroom Flat (1+1 / 1+2),58,1251,240
2525,7,Moabit,1-Bedroom Flat (1+1 / 1+2),63,1270,240
2526,7,Moabit,1-Bedroom Flat (1+1 / 1+2),59,1283,240
2527,7,Moabit,1-Bedroom Flat (1+1 / 1+2),48,1051,240
2528,7,Moabit,1-Bedroom Flat (1+1 / 1+2),66,1415,240
2529,7,Moabit,1-Bedroom Flat (1+1 / 1+2),59,1220,240
2530,7,Moabit,1-Bedroom Flat (1+1 / 1+2),78,1531,240
2531,7,Moabit,1-Bedroom Flat (1+1 / 1+2),65,1354,240
2532,7,Moabit,1-Bedroom Flat (1+1 / 1+2),62,1391,240
2533,7,Moabit,1-Bedroom Flat (1+1 / 1+2),48,1125,240
2534,7,Moabit,1-Bedroom Flat (1+1 / 1+2),74,1701,240
2535,7,Moabit,1-Bedroom Flat (1+1 / 1+2),61,1338,240
2536,7,Moabit,1-Bedroom Flat (1+1 / 1+2),84,1804,240
2537,7,Moabit,1-Bedroom Flat (1+1 / 1+2),56,1198,240
2538,7,Moabit,1-Bedroom Flat (1+1 / 1+2),72,1419,240
2539,7,Moabit,1-Bedroom Flat (1+1 / 1+2),73,1556,240
2540,7,Moabit,1-Bedroom Flat (1+1 / 1+2),67,1407,240
2541,7,Moabit,1-Bedroom Flat (1+1 / 1+2),56,1386,240
2542,7,Moabit,1-Bedroom Flat (1+1 / 1+2),60,1281,240
2543,7,Moabit,1-Bedroom Flat (1+1 / 1+2),61,1351,240
2544,7,Moabit,1-Bedroom Flat (1+1 / 1+2),52,1139,240
2545,7,Moabit,1-Bedroom Flat (1+1 / 1+2),56,1330,240
2546,7,Moabit,1-Bedroom Flat (1+1 / 1+2),53,1048,240
2547,7,Moabit,1-Bedroom Flat (1+1 / 1+2),45,946,240
2548,7,Moabit,1-Bedroom Flat (1+1 / 1+2),76,1575,240
2549,7,Moabit,1-Bedroom Flat (1+1 / 1+2),67,1478,240
2550,7,Moabit,1-Bedroom Flat (1+1 / 1+2),63,1359,240
2551,7,Moabit,1-Bedroom Flat (1+1 / 1+2),72,1523,240
2552,7,Moabit,1-Bedroom Flat (1+1 / 1+2),76,1630,240
2553,7,Moabit,1-Bedroom Flat (1+1 / 1+2),56,1209,240
2554,7,Moabit,1-Bedroom Flat (1+1 / 1+2),55,1348,240
2555,7,Moabit,1-Bedroom Flat (1+1 / 1+2),58,1214,240
2556,7,Moabit,1-Bedroom Flat (1+1 / 1+2),65,1389,240
2557,7,Moabit,1-Bedroom Flat (1+1 / 1+2),65,1568,240
2558,7,Moabit,1-Bedroom Flat (1+1 / 1+2),71,1496,240
2559,7,Moabit,1-Bedroom Flat (1+1 / 1+2),48,1081,240
2560,7,Moabit,1-Bedroom Flat (1+1 / 1+2),69,1357,240
2561,7,Moabit,1-Bedroom Flat (1+1 / 1+2),83,1687,240
2562,7,Moabit,1-Bedroom Flat (1+1 / 1+2),62,1290,240
2563,7,Moabit,1-Bedroom Flat (1+1 / 1+2),67,1326,240
2564,7,Moabit,1-Bedroom Flat (1+1 / 1+2),84,1821,240
2565,7,Moabit,1-Bedroom Flat (1+1 / 1+2),72,1385,240
2566,7,Moabit,1-Bedroom Flat (1+1 / 1+2),64,1491,240
2567,7,Moabit,1-Bedroom Flat (1+1 / 1+2),68,1356,240
2568,7,Moabit,1-Bedroom Flat (1+1 / 1+2),55,1197,240
2569,7,Moabit,1-Bedroom Flat (1+1 / 1+2),56,1392,240
2570,7,Moabit,1-Bedroom Flat (1+1 / 1+2),45,1137,240
2571,7,Moabit,1-Bedroom Flat (1+1 / 1+2),49,1055,240
2572,7,Moabit,1-Bedroom Flat (1+1 / 1+2),45,1029,240
2573,7,Moabit,1-Bedroom Flat (1+1 / 1+2),77,1614,240
2574,7,Moabit,1-Bedroom Flat (1+1 / 1+2),50,1250,240
2575,7,Moabit,1-Bedroom Flat (1+1 / 1+2),74,1551,240
2576,7,Moabit,1-Bedroom Flat (1+1 / 1+2),82,1744,240
2577,7,Moabit,1-Bedroom Flat (1+1 / 1+2),69,1390,240
2578,7,Moabit,1-Bedroom Flat (1+1 / 1+2),68,1466,240
2579,7,Moabit,1-Bedroom Flat (1+1 / 1+2),67,1368,240
2580,7,Moabit,1-Bedroom Flat (1+1 / 1+2),63,1292,240
2581,8,Neukölln,1-Bedroom Flat (1+1 / 1+2),45,1198,450
2582,8,Neukölln,1-Bedroom Flat (1+1 / 1+2),47,1150,450
2583,8,Neukölln,1-Bedroom Flat (1+1 / 1+2),65,1457,450
2584,8,Neukölln,1-Bedroom Flat (1+1 / 1+2),59,1356,450
2585,8,Neukölln,1-Bedroom Flat (1+1 / 1+2),67,1526,450
2586,8,Neukölln,1-Bedroom Flat (1+1 / 1+2),79,1673,450
2587,8,Neukölln,1-Bedroom Flat (1+1 / 1+2),63,1314,450
2588,8,Neukölln,1-Bedroom Flat (1+1 / 1+2),66,1504,450
2589,8,Neukölln,1-Bedroom Flat (1+1 / 1+2),60,1397,450
2590,8,Neukölln,1-Bedroom Flat (1+1 / 1+2),59,1392,450
2591,8,Neukölln,1-Bedroom Flat (1+1 / 1+2),71,1605,450
2592,8,Neukölln,1-Bedroom Flat (1+1 / 1+2),63,1302,450
2593,8,Neukölln,1-Bedroom Flat (1+1 / 1+2),56,1338,450
2594,8,Neukölln,1-Bedroom Flat (1+1 / 1+2),86,1733,450
2595,8,Neukölln,1-Bedroom Flat (1+1 / 1+2),67,1410,450
2596,8,Neukölln,1-Bedroom Flat (1+1 / 1+2),52,1159,450
2597,8,Neukölln,1-Bedroom Flat (1+1 / 1+2),45,1230,450
2598,8,Neukölln,1-Bedroom Flat (1+1 / 1+2),45,1084,450
2599,8,Neukölln,1-Bedroom Flat (1+1 / 1+2),50,1108,450
2600,8,Neukölln,1-Bedroom Flat (1+1 / 1+2),76,1622,450
2601,8,Neukölln,1-Bedroom Flat (1+1 / 1+2),52,1167,450
2602,8,Neukölln,1-Bedroom Flat (1+1 / 1+2),54,1248,450
2603,8,Neukölln,1-Bedroom Flat (1+1 / 1+2),64,1583,450
2604,8,Neukölln,1-Bedroom Flat (1+1 / 1+2),45,1105,450
2605,8,Neukölln,1-Bedroom Flat (1+1 / 1+2),59,1417,450
2606,8,Neukölln,1-Bedroom Flat (1+1 / 1+2),66,1497,450
2607,8,Neukölln,1-Bedroom Flat (1+1 / 1+2),65,1344,450
2608,8,Neukölln,1-Bedroom Flat (1+1 / 1+2),74,1644,450
2609,8,Neukölln,1-Bedroom Flat (1+1 / 1+2),71,1638,450
2610,8,Neukölln,1-Bedroom Flat (1+1 / 1+2),66,1577,450
2611,8,Neukölln,1-Bedroom Flat (1+1 / 1+2),66,1424,450
2612,8,Neukölln,1-Bedroom Flat (1+1 / 1+2),62,1378,450
2613,8,Neukölln,1-Bedroom Flat (1+1 / 1+2),57,1447,450
2614,8,Neukölln,1-Bedroom Flat (1+1 / 1+2),65,1437,450
2615,8,Neukölln,1-Bedroom Flat (1+1 / 1+2),66,1712,450
2616,8,Neukölln,1-Bedroom Flat (1+1 / 1+2),51,1128,450
2617,8,Neukölln,1-Bedroom Flat (1+1 / 1+2),48,1135,450
2618,8,Neukölln,1-Bedroom Flat (1+1 / 1+2),64,1370,450
2619,8,Neukölln,1-Bedroom Flat (1+1 / 1+2),57,1313,450
2620,8,Neukölln,1-Bedroom Flat (1+1 / 1+2),57,1328,450
2621,8,Neukölln,1-Bedroom Flat (1+1 / 1+2),73,1617,450
2622,8,Neukölln,1-Bedroom Flat (1+1 / 1+2),71,1622,450
2623,8,Neukölln,1-Bedroom Flat (1+1 / 1+2),65,1414,450
2624,8,Neukölln,1-Bedroom Flat (1+1 / 1+2),54,1217,450
2625,8,Neukölln,1-Bedroom Flat (1+1 / 1+2),57,1366,450
2626,8,Neukölln,1-Bedroom Flat (1+1 / 1+2),65,1491,450
2627,8,Neukölln,1-Bedroom Flat (1+1 / 1+2),50,1317,450
2628,8,Neukölln,1-Bedroom Flat (1+1 / 1+2),58,1217,450
2629,8,Neukölln,1-Bedroom Flat (1+1 / 1+2),58,1540,450
2630,8,Neukölln,1-Bedroom Flat (1+1 / 1+2),58,1287,450
2631,8,Neukölln,1-Bedroom Flat (1+1 / 1+2),60,1335,450
2632,8,Neukölln,1-Bedroom Flat (1+1 / 1+2),54,1265,450
2633,8,Neukölln,1-Bedroom Flat (1+1 / 1+2),73,1584,450
2634,8,Neukölln,1-Bedroom Flat (1+1 / 1+2),51,1173,450
2635,8,Neukölln,1-Bedroom Flat (1+1 / 1+2),56,1289,450
2636,8,Neukölln,1-Bedroom Flat (1+1 / 1+2),75,1575,450
2637,8,Neukölln,1-Bedroom Flat (1+1 / 1+2),61,1524,450
2638,8,Neukölln,1-Bedroom Flat (1+1 / 1+2),71,1576,450
2639,8,Neukölln,1-Bedroom Flat (1+1 / 1+2),82,1744,450
2640,8,Neukölln,1-Bedroom Flat (1+1 / 1+2),45,1183,450
2641,8,Neukölln,1-Bedroom Flat (1+1 / 1+2),46,1165,450
2642,8,Neukölln,1-Bedroom Flat (1+1 / 1+2),45,1066,450
2643,8,Neukölln,1-Bedroom Flat (1+1 / 1+2),58,1247,450
2644,8,Neukölln,1-Bedroom Flat (1+1 / 1+2),59,1425,450
2645,8,Neukölln,1-Bedroom Flat (1+1 / 1+2),55,1317,450
2646,8,Neukölln,1-Bedroom Flat (1+1 / 1+2),52,1203,450
2647,8,Neukölln,1-Bedroom Flat (1+1 / 1+2),65,1338,450
2648,8,Neukölln,1-Bedroom Flat (1+1 / 1+2),49,1216,450
2649,8,Neukölln,1-Bedroom Flat (1+1 / 1+2),73,1549,450
2650,8,Neukölln,1-Bedroom Flat (1+1 / 1+2),57,1314,450
2651,8,Neukölln,1-Bedroom Flat (1+1 / 1+2),63,1418,450
2652,8,Neukölln,1-Bedroom Flat (1+1 / 1+2),45,1012,450
2653,8,Neukölln,1-Bedroom Flat (1+1 / 1+2),54,1266,450
2654,8,Neukölln,1-Bedroom Flat (1+1 / 1+2),64,1469,450
2655,8,Neukölln,1-Bedroom Flat (1+1 / 1+2),65,1311,450
2656,8,Neukölln,1-Bedroom Flat (1+1 / 1+2),76,1718,450
2657,8,Neukölln,1-Bedroom Flat (1+1 / 1+2),49,1202,450
2658,8,Neukölln,1-Bedroom Flat (1+1 / 1+2),56,1296,450
2659,8,Neukölln,1-Bedroom Flat (1+1 / 1+2),73,1748,450
2660,8,Neukölln,1-Bedroom Flat (1+1 / 1+2),70,1535,450
2661,8,Neukölln,1-Bedroom Flat (1+1 / 1+2),59,1348,450
2662,8,Neukölln,1-Bedroom Flat (1+1 / 1+2),76,1600,450
2663,8,Neukölln,1-Bedroom Flat (1+1 / 1+2),53,1090,450
2664,8,Neukölln,1-Bedroom Flat (1+1 / 1+2),67,1482,450
2665,8,Neukölln,1-Bedroom Flat (1+1 / 1+2),56,1376,450
2666,8,Neukölln,1-Bedroom Flat (1+1 / 1+2),58,1304,450
2667,8,Neukölln,1-Bedroom Flat (1+1 / 1+2),62,1348,450
2668,8,Neukölln,1-Bedroom Flat (1+1 / 1+2),64,1516,450
2669,8,Neukölln,1-Bedroom Flat (1+1 / 1+2),51,1248,450
2670,8,Neukölln,1-Bedroom Flat (1+1 / 1+2),64,1426,450
2671,8,Neukölln,1-Bedroom Flat (1+1 / 1+2),71,1528,450
2672,8,Neukölln,1-Bedroom Flat (1+1 / 1+2),67,1524,450
2673,8,Neukölln,1-Bedroom Flat (1+1 / 1+2),57,1327,450
2674,8,Neukölln,1-Bedroom Flat (1+1 / 1+2),59,1320,450
2675,8,Neukölln,1-Bedroom Flat (1+1 / 1+2),59,1374,450
2676,8,Neukölln,1-Bedroom Flat (1+1 / 1+2),63,1432,450
2677,8,Neukölln,1-Bedroom Flat (1+1 / 1+2),62,1236,450
2678,8,Neukölln,1-Bedroom Flat (1+1 / 1+2),62,1386,450
2679,8,Neukölln,1-Bedroom Flat (1+1 / 1+2),64,1359,450
2680,8,Neukölln,1-Bedroom Flat (1+1 / 1+2),50,1244,450
2681,8,Neukölln,1-Bedroom Flat (1+1 / 1+2),59,1347,450
2682,8,Neukölln,1-Bedroom Flat (1+1 / 1+2),59,1331,450
2683,8,Neukölln,1-Bedroom Flat (1+1 / 1+2),58,1229,450
2684,8,Neukölln,1-Bedroom Flat (1+1 / 1+2),67,1406,450
2685,8,Neukölln,1-Bedroom Flat (1+1 / 1+2),64,1449,450
2686,8,Neukölln,1-Bedroom Flat (1+1 / 1+2),56,1176,450
2687,8,Neukölln,1-Bedroom Flat (1+1 / 1+2),86,1717,450
2688,8,Neukölln,1-Bedroom Flat (1+1 / 1+2),68,1651,450
2689,8,Neukölln,1-Bedroom Flat (1+1 / 1+2),70,1481,450
2690,8,Neukölln,1-Bedroom Flat (1+1 / 1+2),61,1289,450
2691,8,Neukölln,1-Bedroom Flat (1+1 / 1+2),71,1575,450
2692,8,Neukölln,1-Bedroom Flat (1+1 / 1+2),57,1206,450
2693,8,Neukölln,1-Bedroom Flat (1+1 / 1+2),49,1261,450
2694,8,Neukölln,1-Bedroom Flat (1+1 / 1+2),63,1415,450
2695,8,Neukölln,1-Bedroom Flat (1+1 / 1+2),54,1120,450
2696,8,Neukölln,1-Bedroom Flat (1+1 / 1+2),72,1544,450
2697,8,Neukölln,1-Bedroom Flat (1+1 / 1+2),71,1489,450
2698,8,Neukölln,1-Bedroom Flat (1+1 / 1+2),60,1412,450
2699,8,Neukölln,1-Bedroom Flat (1+1 / 1+2),69,1564,450
2700,8,Neukölln,1-Bedroom Flat (1+1 / 1+2),59,1387,450
2701,8,Neukölln,1-Bedroom Flat (1+1 / 1+2),73,1547,450
2702,8,Neukölln,1-Bedroom Flat (1+1 / 1+2),57,1421,450
2703,8,Neukölln,1-Bedroom Flat (1+1 / 1+2),55,1325,450
2704,8,Neukölln,1-Bedroom Flat (1+1 / 1+2),61,1198,450
2705,8,Neukölln,1-Bedroom Flat (1+1 / 1+2),73,1308,450
2706,8,Neukölln,1-Bedroom Flat (1+1 / 1+2),45,1155,450
2707,8,Neukölln,1-Bedroom Flat (1+1 / 1+2),67,1403,450
2708,8,Neukölln,1-Bedroom Flat (1+1 / 1+2),63,1168,450
2709,8,Neukölln,1-Bedroom Flat (1+1 / 1+2),69,1514,450
2710,8,Neukölln,1-Bedroom Flat (1+1 / 1+2),62,1382,450
2711,8,Neukölln,1-Bedroom Flat (1+1 / 1+2),67,1457,450
2712,8,Neukölln,1-Bedroom Flat (1+1 / 1+2),45,1306,450
2713,8,Neukölln,1-Bedroom Flat (1+1 / 1+2),74,1456,450
2714,8,Neukölln,1-Bedroom Flat (1+1 / 1+2),59,1311,450
2715,8,Neukölln,1-Bedroom Flat (1+1 / 1+2),73,1362,450
2716,8,Neukölln,1-Bedroom Flat (1+1 / 1+2),57,1142,450
2717,8,Neukölln,1-Bedroom Flat (1+1 / 1+2),59,1289,450
2718,8,Neukölln,1-Bedroom Flat (1+1 / 1+2),63,1342,450
2719,8,Neukölln,1-Bedroom Flat (1+1 / 1+2),54,1308,450
2720,8,Neukölln,1-Bedroom Flat (1+1 / 1+2),67,1510,450
2721,8,Neukölln,1-Bedroom Flat (1+1 / 1+2),60,1297,450
2722,8,Neukölln,1-Bedroom Flat (1+1 / 1+2),61,1409,450
2723,8,Neukölln,1-Bedroom Flat (1+1 / 1+2),45,1143,450
2724,8,Neukölln,1-Bedroom Flat (1+1 / 1+2),65,1434,450
2725,8,Neukölln,1-Bedroom Flat (1+1 / 1+2),61,1133,450
2726,8,Neukölln,1-Bedroom Flat (1+1 / 1+2),58,1477,450
2727,8,Neukölln,1-Bedroom Flat (1+1 / 1+2),62,1352,450
2728,8,Neukölln,1-Bedroom Flat (1+1 / 1+2),62,1412,450
2729,8,Neukölln,1-Bedroom Flat (1+1 / 1+2),69,1471,450
2730,8,Neukölln,1-Bedroom Flat (1+1 / 1+2),66,1595,450
2731,8,Neukölln,1-Bedroom Flat (1+1 / 1+2),72,1751,450
2732,8,Neukölln,1-Bedroom Flat (1+1 / 1+2),55,1419,450
2733,8,Neukölln,1-Bedroom Flat (1+1 / 1+2),54,1284,450
2734,8,Neukölln,1-Bedroom Flat (1+1 / 1+2),69,1446,450
2735,8,Neukölln,1-Bedroom Flat (1+1 / 1+2),63,1478,450
2736,8,Neukölln,1-Bedroom Flat (1+1 / 1+2),55,1418,450
2737,8,Neukölln,1-Bedroom Flat (1+1 / 1+2),48,1331,450
2738,8,Neukölln,1-Bedroom Flat (1+1 / 1+2),72,1532,450
2739,8,Neukölln,1-Bedroom Flat (1+1 / 1+2),58,1270,450
2740,8,Neukölln,1-Bedroom Flat (1+1 / 1+2),61,1360,450
2741,8,Neukölln,1-Bedroom Flat (1+1 / 1+2),75,1765,450
2742,8,Neukölln,1-Bedroom Flat (1+1 / 1+2),64,1336,450
2743,8,Neukölln,1-Bedroom Flat (1+1 / 1+2),57,1284,450
2744,8,Neukölln,1-Bedroom Flat (1+1 / 1+2),52,1114,450
2745,8,Neukölln,1-Bedroom Flat (1+1 / 1+2),83,1743,450
2746,8,Neukölln,1-Bedroom Flat (1+1 / 1+2),54,1325,450
2747,8,Neukölln,1-Bedroom Flat (1+1 / 1+2),50,1089,450
2748,8,Neukölln,1-Bedroom Flat (1+1 / 1+2),54,1401,450
2749,8,Neukölln,1-Bedroom Flat (1+1 / 1+2),59,1112,450
2750,8,Neukölln,1-Bedroom Flat (1+1 / 1+2),74,1544,450
2751,8,Neukölln,1-Bedroom Flat (1+1 / 1+2),45,1079,450
2752,8,Neukölln,1-Bedroom Flat (1+1 / 1+2),67,1496,450
2753,8,Neukölln,1-Bedroom Flat (1+1 / 1+2),80,1591,450
2754,8,Neukölln,1-Bedroom Flat (1+1 / 1+2),62,1317,450
2755,8,Neukölln,1-Bedroom Flat (1+1 / 1+2),47,1220,450
2756,8,Neukölln,1-Bedroom Flat (1+1 / 1+2),67,1486,450
2757,8,Neukölln,1-Bedroom Flat (1+1 / 1+2),66,1382,450
2758,8,Neukölln,1-Bedroom Flat (1+1 / 1+2),52,1223,450
2759,8,Neukölln,1-Bedroom Flat (1+1 / 1+2),74,1717,450
2760,8,Neukölln,1-Bedroom Flat (1+1 / 1+2),70,1511,450
2761,8,Neukölln,1-Bedroom Flat (1+1 / 1+2),65,1429,450
2762,8,Neukölln,1-Bedroom Flat (1+1 / 1+2),52,1222,450
2763,8,Neukölln,1-Bedroom Flat (1+1 / 1+2),49,1161,450
2764,8,Neukölln,1-Bedroom Flat (1+1 / 1+2),78,1710,450
2765,8,Neukölln,1-Bedroom Flat (1+1 / 1+2),53,1229,450
2766,8,Neukölln,1-Bedroom Flat (1+1 / 1+2),54,1246,450
2767,8,Neukölln,1-Bedroom Flat (1+1 / 1+2),72,1599,450
2768,8,Neukölln,1-Bedroom Flat (1+1 / 1+2),87,1887,450
2769,8,Neukölln,1-Bedroom Flat (1+1 / 1+2),64,1473,450
2770,8,Neukölln,1-Bedroom Flat (1+1 / 1+2),60,1247,450
2771,8,Neukölln,1-Bedroom Flat (1+1 / 1+2),75,1679,450
2772,8,Neukölln,1-Bedroom Flat (1+1 / 1+2),60,1373,450
2773,8,Neukölln,1-Bedroom Flat (1+1 / 1+2),74,1648,450
2774,8,Neukölln,1-Bedroom Flat (1+1 / 1+2),47,1162,450
2775,8,Neukölln,1-Bedroom Flat (1+1 / 1+2),60,1448,450
2776,8,Neukölln,1-Bedroom Flat (1+1 / 1+2),72,1659,450
2777,8,Neukölln,1-Bedroom Flat (1+1 / 1+2),51,1133,450
2778,8,Neukölln,1-Bedroom Flat (1+1 / 1+2),73,1503,450
2779,8,Neukölln,1-Bedroom Flat (1+1 / 1+2),47,1188,450
2780,8,Neukölln,1-Bedroom Flat (1+1 / 1+2),57,1461,450
2781,8,Neukölln,1-Bedroom Flat (1+1 / 1+2),65,1442,450
2782,8,Neukölln,1-Bedroom Flat (1+1 / 1+2),58,1459,450
2783,8,Neukölln,1-Bedroom Flat (1+1 / 1+2),66,1407,450
2784,8,Neukölln,1-Bedroom Flat (1+1 / 1+2),54,1245,450
2785,8,Neukölln,1-Bedroom Flat (1+1 / 1+2),52,1313,450
2786,8,Neukölln,1-Bedroom Flat (1+1 / 1+2),45,1095,450
2787,8,Neukölln,1-Bedroom Flat (1+1 / 1+2),68,1507,450
2788,8,Neukölln,1-Bedroom Flat (1+1 / 1+2),55,1327,450
2789,8,Neukölln,1-Bedroom Flat (1+1 / 1+2),53,1234,450
2790,8,Neukölln,1-Bedroom Flat (1+1 / 1+2),69,1534,450
2791,8,Neukölln,1-Bedroom Flat (1+1 / 1+2),55,1376,450
2792,8,Neukölln,1-Bedroom Flat (1+1 / 1+2),63,1463,450
2793,8,Neukölln,1-Bedroom Flat (1+1 / 1+2),77,1721,450
2794,8,Neukölln,1-Bedroom Flat (1+1 / 1+2),73,1573,450
2795,8,Neukölln,1-Bedroom Flat (1+1 / 1+2),70,1527,450
2796,8,Neukölln,1-Bedroom Flat (1+1 / 1+2),50,1215,450
2797,8,Neukölln,1-Bedroom Flat (1+1 / 1+2),65,1481,450
2798,8,Neukölln,1-Bedroom Flat (1+1 / 1+2),61,1295,450
2799,8,Neukölln,1-Bedroom Flat (1+1 / 1+2),69,1374,450
2800,8,Neukölln,1-Bedroom Flat (1+1 / 1+2),77,1599,450
2801,8,Neukölln,1-Bedroom Flat (1+1 / 1+2),64,1462,450
2802,8,Neukölln,1-Bedroom Flat (1+1 / 1+2),68,1349,450
2803,8,Neukölln,1-Bedroom Flat (1+1 / 1+2),70,1535,450
2804,8,Neukölln,1-Bedroom Flat (1+1 / 1+2),56,1217,450
2805,8,Neukölln,1-Bedroom Flat (1+1 / 1+2),59,1215,450
2806,8,Neukölln,1-Bedroom Flat (1+1 / 1+2),79,1786,450
2807,8,Neukölln,1-Bedroom Flat (1+1 / 1+2),67,1440,450
2808,8,Neukölln,1-Bedroom Flat (1+1 / 1+2),60,1416,450
2809,8,Neukölln,1-Bedroom Flat (1+1 / 1+2),80,1617,450
2810,8,Neukölln,1-Bedroom Flat (1+1 / 1+2),51,1343,450
2811,8,Neukölln,1-Bedroom Flat (1+1 / 1+2),45,1017,450
2812,8,Neukölln,1-Bedroom Flat (1+1 / 1+2),60,1208,450
2813,8,Neukölln,1-Bedroom Flat (1+1 / 1+2),73,1633,450
2814,8,Neukölln,1-Bedroom Flat (1+1 / 1+2),56,1399,450
2815,8,Neukölln,1-Bedroom Flat (1+1 / 1+2),76,1594,450
2816,8,Neukölln,1-Bedroom Flat (1+1 / 1+2),57,1503,450
2817,8,Neukölln,1-Bedroom Flat (1+1 / 1+2),69,1515,450
2818,8,Neukölln,1-Bedroom Flat (1+1 / 1+2),76,1631,450
2819,8,Neukölln,1-Bedroom Flat (1+1 / 1+2),57,1307,450
2820,8,Neukölln,1-Bedroom Flat (1+1 / 1+2),72,1361,450
2821,8,Neukölln,1-Bedroom Flat (1+1 / 1+2),59,1456,450
2822,8,Neukölln,1-Bedroom Flat (1+1 / 1+2),57,1439,450
2823,8,Neukölln,1-Bedroom Flat (1+1 / 1+2),76,1598,450
2824,8,Neukölln,1-Bedroom Flat (1+1 / 1+2),56,1258,450
2825,8,Neukölln,1-Bedroom Flat (1+1 / 1+2),89,1981,450
2826,8,Neukölln,1-Bedroom Flat (1+1 / 1+2),63,1341,450
2827,8,Neukölln,1-Bedroom Flat (1+1 / 1+2),63,1418,450
2828,8,Neukölln,1-Bedroom Flat (1+1 / 1+2),50,1195,450
2829,8,Neukölln,1-Bedroom Flat (1+1 / 1+2),75,1426,450
2830,8,Neukölln,1-Bedroom Flat (1+1 / 1+2),70,1632,450
2831,8,Neukölln,1-Bedroom Flat (1+1 / 1+2),56,1436,450
2832,8,Neukölln,1-Bedroom Flat (1+1 / 1+2),55,1308,450
2833,8,Neukölln,1-Bedroom Flat (1+1 / 1+2),59,1304,450
2834,8,Neukölln,1-Bedroom Flat (1+1 / 1+2),56,1347,450
2835,8,Neukölln,1-Bedroom Flat (1+1 / 1+2),70,1502,450
2836,8,Neukölln,1-Bedroom Flat (1+1 / 1+2),48,1192,450
2837,8,Neukölln,1-Bedroom Flat (1+1 / 1+2),66,1424,450
2838,8,Neukölln,1-Bedroom Flat (1+1 / 1+2),81,1543,450
2839,8,Neukölln,1-Bedroom Flat (1+1 / 1+2),45,1042,450
2840,8,Neukölln,1-Bedroom Flat (1+1 / 1+2),69,1397,450
2841,8,Neukölln,1-Bedroom Flat (1+1 / 1+2),52,1306,450
2842,8,Neukölln,1-Bedroom Flat (1+1 / 1+2),67,1494,450
2843,8,Neukölln,1-Bedroom Flat (1+1 / 1+2),70,1470,450
2844,8,Neukölln,1-Bedroom Flat (1+1 / 1+2),58,1389,450
2845,8,Neukölln,1-Bedroom Flat (1+1 / 1+2),49,979,450
2846,8,Neukölln,1-Bedroom Flat (1+1 / 1+2),58,1400,450
2847,8,Neukölln,1-Bedroom Flat (1+1 / 1+2),65,1505,450
2848,8,Neukölln,1-Bedroom Flat (1+1 / 1+2),45,1136,450
2849,8,Neukölln,1-Bedroom Flat (1+1 / 1+2),69,1370,450
2850,8,Neukölln,1-Bedroom Flat (1+1 / 1+2),71,1514,450
2851,8,Neukölln,1-Bedroom Flat (1+1 / 1+2),90,1632,450
2852,8,Neukölln,1-Bedroom Flat (1+1 / 1+2),76,1569,450
2853,8,Neukölln,1-Bedroom Flat (1+1 / 1+2),46,1077,450
2854,8,Neukölln,1-Bedroom Flat (1+1 / 1+2),65,1521,450
2855,8,Neukölln,1-Bedroom Flat (1+1 / 1+2),79,1780,450
2856,8,Neukölln,1-Bedroom Flat (1+1 / 1+2),52,1322,450
2857,8,Neukölln,1-Bedroom Flat (1+1 / 1+2),66,1385,450
2858,8,Neukölln,1-Bedroom Flat (1+1 / 1+2),60,1284,450
2859,8,Neukölln,1-Bedroom Flat (1+1 / 1+2),62,1314,450
2860,8,Neukölln,1-Bedroom Flat (1+1 / 1+2),52,1263,450
2861,8,Neukölln,1-Bedroom Flat (1+1 / 1+2),68,1459,450
2862,8,Neukölln,1-Bedroom Flat (1+1 / 1+2),76,1581,450
2863,8,Neukölln,1-Bedroom Flat (1+1 / 1+2),59,1391,450
2864,8,Neukölln,1-Bedroom Flat (1+1 / 1+2),61,1372,450
2865,8,Neukölln,1-Bedroom Flat (1+1 / 1+2),45,1110,450
2866,8,Neukölln,1-Bedroom Flat (1+1 / 1+2),45,998,450
2867,8,Neukölln,1-Bedroom Flat (1+1 / 1+2),49,1078,450
2868,8,Neukölln,1-Bedroom Flat (1+1 / 1+2),57,1256,450
2869,8,Neukölln,1-Bedroom Flat (1+1 / 1+2),69,1512,450
2870,8,Neukölln,1-Bedroom Flat (1+1 / 1+2),45,1115,450
2871,8,Neukölln,1-Bedroom Flat (1+1 / 1+2),65,1398,450
2872,8,Neukölln,1-Bedroom Flat (1+1 / 1+2),61,1381,450
2873,8,Neukölln,1-Bedroom Flat (1+1 / 1+2),70,1366,450
2874,8,Neukölln,1-Bedroom Flat (1+1 / 1+2),60,1484,450
2875,8,Neukölln,1-Bedroom Flat (1+1 / 1+2),76,1681,450
2876,8,Neukölln,1-Bedroom Flat (1+1 / 1+2),67,1609,450
2877,8,Neukölln,1-Bedroom Flat (1+1 / 1+2),81,1672,450
2878,8,Neukölln,1-Bedroom Flat (1+1 / 1+2),52,1196,450
2879,8,Neukölln,1-Bedroom Flat (1+1 / 1+2),90,1687,450
2880,8,Neukölln,1-Bedroom Flat (1+1 / 1+2),57,1173,450
2881,8,Neukölln,1-Bedroom Flat (1+1 / 1+2),63,1288,450
2882,8,Neukölln,1-Bedroom Flat (1+1 / 1+2),61,1188,450
2883,8,Neukölln,1-Bedroom Flat (1+1 / 1+2),68,1586,450
2884,8,Neukölln,1-Bedroom Flat (1+1 / 1+2),58,1304,450
2885,8,Neukölln,1-Bedroom Flat (1+1 / 1+2),60,1364,450
2886,8,Neukölln,1-Bedroom Flat (1+1 / 1+2),62,1449,450
2887,8,Neukölln,1-Bedroom Flat (1+1 / 1+2),74,1499,450
2888,8,Neukölln,1-Bedroom Flat (1+1 / 1+2),59,1413,450
2889,8,Neukölln,1-Bedroom Flat (1+1 / 1+2),48,979,450
2890,8,Neukölln,1-Bedroom Flat (1+1 / 1+2),64,1457,450
2891,8,Neukölln,1-Bedroom Flat (1+1 / 1+2),55,1216,450
2892,8,Neukölln,1-Bedroom Flat (1+1 / 1+2),54,1174,450
2893,8,Neukölln,1-Bedroom Flat (1+1 / 1+2),69,1386,450
2894,8,Neukölln,1-Bedroom Flat (1+1 / 1+2),59,1251,450
2895,8,Neukölln,1-Bedroom Flat (1+1 / 1+2),47,1218,450
2896,8,Neukölln,1-Bedroom Flat (1+1 / 1+2),57,1317,450
2897,8,Neukölln,1-Bedroom Flat (1+1 / 1+2),47,1073,450
2898,8,Neukölln,1-Bedroom Flat (1+1 / 1+2),70,1741,450
2899,8,Neukölln,1-Bedroom Flat (1+1 / 1+2),45,1090,450
2900,8,Neukölln,1-Bedroom Flat (1+1 / 1+2),66,1389,450
2901,8,Neukölln,1-Bedroom Flat (1+1 / 1+2),70,1430,450
2902,8,Neukölln,1-Bedroom Flat (1+1 / 1+2),64,1365,450
2903,8,Neukölln,1-Bedroom Flat (1+1 / 1+2),74,1511,450
2904,8,Neukölln,1-Bedroom Flat (1+1 / 1+2),58,1401,450
2905,8,Neukölln,1-Bedroom Flat (1+1 / 1+2),52,1226,450
2906,8,Neukölln,1-Bedroom Flat (1+1 / 1+2),45,1010,450
2907,8,Neukölln,1-Bedroom Flat (1+1 / 1+2),66,1355,450
2908,8,Neukölln,1-Bedroom Flat (1+1 / 1+2),57,1344,450
2909,8,Neukölln,1-Bedroom Flat (1+1 / 1+2),56,1358,450
2910,8,Neukölln,1-Bedroom Flat (1+1 / 1+2),64,1451,450
2911,8,Neukölln,1-Bedroom Flat (1+1 / 1+2),74,1601,450
2912,8,Neukölln,1-Bedroom Flat (1+1 / 1+2),77,1702,450
2913,8,Neukölln,1-Bedroom Flat (1+1 / 1+2),57,1416,450
2914,8,Neukölln,1-Bedroom Flat (1+1 / 1+2),65,1392,450
2915,8,Neukölln,1-Bedroom Flat (1+1 / 1+2),65,1528,450
2916,8,Neukölln,1-Bedroom Flat (1+1 / 1+2),67,1624,450
2917,8,Neukölln,1-Bedroom Flat (1+1 / 1+2),73,1603,450
2918,8,Neukölln,1-Bedroom Flat (1+1 / 1+2),52,1204,450
2919,8,Neukölln,1-Bedroom Flat (1+1 / 1+2),63,1459,450
2920,8,Neukölln,1-Bedroom Flat (1+1 / 1+2),68,1491,450
2921,8,Neukölln,1-Bedroom Flat (1+1 / 1+2),63,1461,450
2922,8,Neukölln,1-Bedroom Flat (1+1 / 1+2),53,1389,450
2923,8,Neukölln,1-Bedroom Flat (1+1 / 1+2),45,1239,450
2924,8,Neukölln,1-Bedroom Flat (1+1 / 1+2),62,1470,450
2925,8,Neukölln,1-Bedroom Flat (1+1 / 1+2),66,1475,450
2926,8,Neukölln,1-Bedroom Flat (1+1 / 1+2),68,1549,450
2927,8,Neukölln,1-Bedroom Flat (1+1 / 1+2),59,1425,450
2928,8,Neukölln,1-Bedroom Flat (1+1 / 1+2),51,1204,450
2929,8,Neukölln,1-Bedroom Flat (1+1 / 1+2),70,1598,450
2930,8,Neukölln,1-Bedroom Flat (1+1 / 1+2),67,1425,450
2931,8,Neukölln,1-Bedroom Flat (1+1 / 1+2),71,1464,450
2932,8,Neukölln,1-Bedroom Flat (1+1 / 1+2),80,1660,450
2933,8,Neukölln,1-Bedroom Flat (1+1 / 1+2),47,1032,450
2934,8,Neukölln,1-Bedroom Flat (1+1 / 1+2),62,1393,450
2935,8,Neukölln,1-Bedroom Flat (1+1 / 1+2),82,1607,450
2936,8,Neukölln,1-Bedroom Flat (1+1 / 1+2),62,1285,450
2937,8,Neukölln,1-Bedroom Flat (1+1 / 1+2),57,1452,450
2938,8,Neukölln,1-Bedroom Flat (1+1 / 1+2),51,1257,450
2939,8,Neukölln,1-Bedroom Flat (1+1 / 1+2),66,1442,450
2940,8,Neukölln,1-Bedroom Flat (1+1 / 1+2),67,1356,450
2941,8,Neukölln,1-Bedroom Flat (1+1 / 1+2),79,1825,450
2942,8,Neukölln,1-Bedroom Flat (1+1 / 1+2),62,1598,450
2943,8,Neukölln,1-Bedroom Flat (1+1 / 1+2),58,1352,450
2944,8,Neukölln,1-Bedroom Flat (1+1 / 1+2),76,1563,450
2945,8,Neukölln,1-Bedroom Flat (1+1 / 1+2),48,1011,450
2946,8,Neukölln,1-Bedroom Flat (1+1 / 1+2),83,1668,450
2947,8,Neukölln,1-Bedroom Flat (1+1 / 1+2),60,1248,450
2948,8,Neukölln,1-Bedroom Flat (1+1 / 1+2),71,1454,450
2949,8,Neukölln,1-Bedroom Flat (1+1 / 1+2),57,1327,450
2950,8,Neukölln,1-Bedroom Flat (1+1 / 1+2),51,1188,450
2951,8,Neukölln,1-Bedroom Flat (1+1 / 1+2),76,1643,450
2952,8,Neukölln,1-Bedroom Flat (1+1 / 1+2),63,1415,450
2953,8,Neukölln,1-Bedroom Flat (1+1 / 1+2),58,1496,450
2954,8,Neukölln,1-Bedroom Flat (1+1 / 1+2),54,1271,450
2955,8,Neukölln,1-Bedroom Flat (1+1 / 1+2),63,1487,450
2956,8,Neukölln,1-Bedroom Flat (1+1 / 1+2),73,1553,450
2957,8,Neukölln,1-Bedroom Flat (1+1 / 1+2),65,1458,450
2958,8,Neukölln,1-Bedroom Flat (1+1 / 1+2),45,965,450
2959,8,Neukölln,1-Bedroom Flat (1+1 / 1+2),56,1233,450
2960,8,Neukölln,1-Bedroom Flat (1+1 / 1+2),50,1255,450
2961,8,Neukölln,1-Bedroom Flat (1+1 / 1+2),62,1361,450
2962,8,Neukölln,1-Bedroom Flat (1+1 / 1+2),49,1168,450
2963,8,Neukölln,1-Bedroom Flat (1+1 / 1+2),45,1093,450
2964,8,Neukölln,1-Bedroom Flat (1+1 / 1+2),63,1418,450
2965,8,Neukölln,1-Bedroom Flat (1+1 / 1+2),46,1144,450
2966,8,Neukölln,1-Bedroom Flat (1+1 / 1+2),52,1147,450
2967,8,Neukölln,1-Bedroom Flat (1+1 / 1+2),69,1673,450
2968,8,Neukölln,1-Bedroom Flat (1+1 / 1+2),63,1322,450
2969,8,Neukölln,1-Bedroom Flat (1+1 / 1+2),64,1497,450
2970,8,Neukölln,1-Bedroom Flat (1+1 / 1+2),68,1723,450
2971,8,Neukölln,1-Bedroom Flat (1+1 / 1+2),55,1291,450
2972,8,Neukölln,1-Bedroom Flat (1+1 / 1+2),77,1754,450
2973,8,Neukölln,1-Bedroom Flat (1+1 / 1+2),45,1108,450
2974,8,Neukölln,1-Bedroom Flat (1+1 / 1+2),77,1880,450
2975,8,Neukölln,1-Bedroom Flat (1+1 / 1+2),69,1459,450
2976,8,Neukölln,1-Bedroom Flat (1+1 / 1+2),52,1420,450
2977,8,Neukölln,1-Bedroom Flat (1+1 / 1+2),69,1416,450
2978,8,Neukölln,1-Bedroom Flat (1+1 / 1+2),60,1376,450
2979,8,Neukölln,1-Bedroom Flat (1+1 / 1+2),67,1379,450
2980,8,Neukölln,1-Bedroom Flat (1+1 / 1+2),56,1135,450
2981,8,Neukölln,1-Bedroom Flat (1+1 / 1+2),72,1509,450
2982,8,Neukölln,1-Bedroom Flat (1+1 / 1+2),67,1588,450
2983,8,Neukölln,1-Bedroom Flat (1+1 / 1+2),64,1402,450
2984,8,Neukölln,1-Bedroom Flat (1+1 / 1+2),64,1418,450
2985,8,Neukölln,1-Bedroom Flat (1+1 / 1+2),74,1600,450
2986,8,Neukölln,1-Bedroom Flat (1+1 / 1+2),57,1394,450
2987,8,Neukölln,1-Bedroom Flat (1+1 / 1+2),74,1452,450
2988,8,Neukölln,1-Bedroom Flat (1+1 / 1+2),77,1653,450
2989,8,Neukölln,1-Bedroom Flat (1+1 / 1+2),65,1519,450
2990,8,Neukölln,1-Bedroom Flat (1+1 / 1+2),56,1370,450
2991,8,Neukölln,1-Bedroom Flat (1+1 / 1+2),58,1183,450
2992,8,Neukölln,1-Bedroom Flat (1+1 / 1+2),52,1271,450
2993,8,Neukölln,1-Bedroom Flat (1+1 / 1+2),53,1381,450
2994,8,Neukölln,1-Bedroom Flat (1+1 / 1+2),74,1692,450
2995,8,Neukölln,1-Bedroom Flat (1+1 / 1+2),63,1419,450
2996,8,Neukölln,1-Bedroom Flat (1+1 / 1+2),50,1278,450
2997,8,Neukölln,1-Bedroom Flat (1+1 / 1+2),66,1495,450
2998,8,Neukölln,1-Bedroom Flat (1+1 / 1+2),79,1597,450
2999,8,Neukölln,1-Bedroom Flat (1+1 / 1+2),61,1393,450
3000,8,Neukölln,1-Bedroom Flat (1+1 / 1+2),53,1219,450
3001,8,Neukölln,1-Bedroom Flat (1+1 / 1+2),67,1431,450
3002,8,Neukölln,1-Bedroom Flat (1+1 / 1+2),75,1452,450
3003,8,Neukölln,1-Bedroom Flat (1+1 / 1+2),73,1616,450
3004,8,Neukölln,1-Bedroom Flat (1+1 / 1+2),56,1201,450
3005,8,Neukölln,1-Bedroom Flat (1+1 / 1+2),45,1036,450
3006,8,Neukölln,1-Bedroom Flat (1+1 / 1+2),72,1535,450
3007,8,Neukölln,1-Bedroom Flat (1+1 / 1+2),74,1516,450
3008,8,Neukölln,1-Bedroom Flat (1+1 / 1+2),69,1427,450
3009,8,Neukölln,1-Bedroom Flat (1+1 / 1+2),52,1210,450
3010,8,Neukölln,1-Bedroom Flat (1+1 / 1+2),55,1129,450
3011,8,Neukölln,1-Bedroom Flat (1+1 / 1+2),60,1358,450
3012,8,Neukölln,1-Bedroom Flat (1+1 / 1+2),75,1672,450
3013,8,Neukölln,1-Bedroom Flat (1+1 / 1+2),74,1637,450
3014,8,Neukölln,1-Bedroom Flat (1+1 / 1+2),65,1317,450
3015,8,Neukölln,1-Bedroom Flat (1+1 / 1+2),63,1450,450
3016,8,Neukölln,1-Bedroom Flat (1+1 / 1+2),77,1682,450
3017,8,Neukölln,1-Bedroom Flat (1+1 / 1+2),74,1479,450
3018,8,Neukölln,1-Bedroom Flat (1+1 / 1+2),59,1371,450
3019,8,Neukölln,1-Bedroom Flat (1+1 / 1+2),74,1559,450
3020,8,Neukölln,1-Bedroom Flat (1+1 / 1+2),61,1426,450
3021,8,Neukölln,1-Bedroom Flat (1+1 / 1+2),51,1349,450
3022,8,Neukölln,1-Bedroom Flat (1+1 / 1+2),53,1063,450
3023,8,Neukölln,1-Bedroom Flat (1+1 / 1+2),62,1533,450
3024,8,Neukölln,1-Bedroom Flat (1+1 / 1+2),68,1544,450
3025,8,Neukölln,1-Bedroom Flat (1+1 / 1+2),62,1366,450
3026,8,Neukölln,1-Bedroom Flat (1+1 / 1+2),47,937,450
3027,8,Neukölln,1-Bedroom Flat (1+1 / 1+2),64,1530,450
3028,8,Neukölln,1-Bedroom Flat (1+1 / 1+2),65,1484,450
3029,8,Neukölln,1-Bedroom Flat (1+1 / 1+2),78,1666,450
3030,8,Neukölln,1-Bedroom Flat (1+1 / 1+2),61,1290,450
3031,9,Wedding,1-Bedroom Flat (1+1 / 1+2),82,1607,290
3032,9,Wedding,1-Bedroom Flat (1+1 / 1+2),53,991,290
3033,9,Wedding,1-Bedroom Flat (1+1 / 1+2),75,1355,290
3034,9,Wedding,1-Bedroom Flat (1+1 / 1+2),81,1296,290
3035,9,Wedding,1-Bedroom Flat (1+1 / 1+2),76,1508,290
3036,9,Wedding,1-Bedroom Flat (1+1 / 1+2),63,1240,290
3037,9,Wedding,1-Bedroom Flat (1+1 / 1+2),81,1608,290
3038,9,Wedding,1-Bedroom Flat (1+1 / 1+2),53,941,290
3039,9,Wedding,1-Bedroom Flat (1+1 / 1+2),64,1272,290
3040,9,Wedding,1-Bedroom Flat (1+1 / 1+2),47,995,290
3041,9,Wedding,1-Bedroom Flat (1+1 / 1+2),56,1145,290
3042,9,Wedding,1-Bedroom Flat (1+1 / 1+2),69,1486,290
3043,9,Wedding,1-Bedroom Flat (1+1 / 1+2),71,1319,290
3044,9,Wedding,1-Bedroom Flat (1+1 / 1+2),66,1310,290
3045,9,Wedding,1-Bedroom Flat (1+1 / 1+2),49,1068,290
3046,9,Wedding,1-Bedroom Flat (1+1 / 1+2),81,1547,290
3047,9,Wedding,1-Bedroom Flat (1+1 / 1+2),46,987,290
3048,9,Wedding,1-Bedroom Flat (1+1 / 1+2),50,1126,290
3049,9,Wedding,1-Bedroom Flat (1+1 / 1+2),67,1305,290
3050,9,Wedding,1-Bedroom Flat (1+1 / 1+2),59,1173,290
3051,9,Wedding,1-Bedroom Flat (1+1 / 1+2),62,1170,290
3052,9,Wedding,1-Bedroom Flat (1+1 / 1+2),48,1118,290
3053,9,Wedding,1-Bedroom Flat (1+1 / 1+2),58,1191,290
3054,9,Wedding,1-Bedroom Flat (1+1 / 1+2),65,1317,290
3055,9,Wedding,1-Bedroom Flat (1+1 / 1+2),50,897,290
3056,9,Wedding,1-Bedroom Flat (1+1 / 1+2),56,1180,290
3057,9,Wedding,1-Bedroom Flat (1+1 / 1+2),55,1096,290
3058,9,Wedding,1-Bedroom Flat (1+1 / 1+2),83,1410,290
3059,9,Wedding,1-Bedroom Flat (1+1 / 1+2),54,1283,290
3060,9,Wedding,1-Bedroom Flat (1+1 / 1+2),62,1176,290
3061,9,Wedding,1-Bedroom Flat (1+1 / 1+2),74,1437,290
3062,9,Wedding,1-Bedroom Flat (1+1 / 1+2),59,1209,290
3063,9,Wedding,1-Bedroom Flat (1+1 / 1+2),55,1036,290
3064,9,Wedding,1-Bedroom Flat (1+1 / 1+2),61,1133,290
3065,9,Wedding,1-Bedroom Flat (1+1 / 1+2),62,1272,290
3066,9,Wedding,1-Bedroom Flat (1+1 / 1+2),71,1486,290
3067,9,Wedding,1-Bedroom Flat (1+1 / 1+2),58,1221,290
3068,9,Wedding,1-Bedroom Flat (1+1 / 1+2),67,1350,290
3069,9,Wedding,1-Bedroom Flat (1+1 / 1+2),57,1067,290
3070,9,Wedding,1-Bedroom Flat (1+1 / 1+2),67,1166,290
3071,9,Wedding,1-Bedroom Flat (1+1 / 1+2),59,962,290
3072,9,Wedding,1-Bedroom Flat (1+1 / 1+2),49,953,290
3073,9,Wedding,1-Bedroom Flat (1+1 / 1+2),73,1478,290
3074,9,Wedding,1-Bedroom Flat (1+1 / 1+2),56,1210,290
3075,9,Wedding,1-Bedroom Flat (1+1 / 1+2),71,1370,290
3076,9,Wedding,1-Bedroom Flat (1+1 / 1+2),48,997,290
3077,9,Wedding,1-Bedroom Flat (1+1 / 1+2),61,1113,290
3078,9,Wedding,1-Bedroom Flat (1+1 / 1+2),66,1329,290
3079,9,Wedding,1-Bedroom Flat (1+1 / 1+2),66,1329,290
3080,9,Wedding,1-Bedroom Flat (1+1 / 1+2),69,1336,290
3081,9,Wedding,1-Bedroom Flat (1+1 / 1+2),64,1236,290
3082,9,Wedding,1-Bedroom Flat (1+1 / 1+2),56,1264,290
3083,9,Wedding,1-Bedroom Flat (1+1 / 1+2),45,1047,290
3084,9,Wedding,1-Bedroom Flat (1+1 / 1+2),56,1076,290
3085,9,Wedding,1-Bedroom Flat (1+1 / 1+2),65,1154,290
3086,9,Wedding,1-Bedroom Flat (1+1 / 1+2),54,1036,290
3087,9,Wedding,1-Bedroom Flat (1+1 / 1+2),60,1136,290
3088,9,Wedding,1-Bedroom Flat (1+1 / 1+2),78,1658,290
3089,9,Wedding,1-Bedroom Flat (1+1 / 1+2),45,1017,290
3090,9,Wedding,1-Bedroom Flat (1+1 / 1+2),71,1433,290
3091,9,Wedding,1-Bedroom Flat (1+1 / 1+2),55,1106,290
3092,9,Wedding,1-Bedroom Flat (1+1 / 1+2),55,1090,290
3093,9,Wedding,1-Bedroom Flat (1+1 / 1+2),50,1038,290
3094,9,Wedding,1-Bedroom Flat (1+1 / 1+2),47,982,290
3095,9,Wedding,1-Bedroom Flat (1+1 / 1+2),50,1067,290
3096,9,Wedding,1-Bedroom Flat (1+1 / 1+2),55,1154,290
3097,9,Wedding,1-Bedroom Flat (1+1 / 1+2),73,1559,290
3098,9,Wedding,1-Bedroom Flat (1+1 / 1+2),45,893,290
3099,9,Wedding,1-Bedroom Flat (1+1 / 1+2),59,1233,290
3100,9,Wedding,1-Bedroom Flat (1+1 / 1+2),45,880,290
3101,9,Wedding,1-Bedroom Flat (1+1 / 1+2),63,1264,290
3102,9,Wedding,1-Bedroom Flat (1+1 / 1+2),66,1344,290
3103,9,Wedding,1-Bedroom Flat (1+1 / 1+2),65,1305,290
3104,9,Wedding,1-Bedroom Flat (1+1 / 1+2),63,1316,290
3105,9,Wedding,1-Bedroom Flat (1+1 / 1+2),45,1107,290
3106,9,Wedding,1-Bedroom Flat (1+1 / 1+2),45,871,290
3107,9,Wedding,1-Bedroom Flat (1+1 / 1+2),60,1269,290
3108,9,Wedding,1-Bedroom Flat (1+1 / 1+2),45,965,290
3109,9,Wedding,1-Bedroom Flat (1+1 / 1+2),70,1458,290
3110,9,Wedding,1-Bedroom Flat (1+1 / 1+2),55,1101,290
3111,9,Wedding,1-Bedroom Flat (1+1 / 1+2),56,1109,290
3112,9,Wedding,1-Bedroom Flat (1+1 / 1+2),52,1000,290
3113,9,Wedding,1-Bedroom Flat (1+1 / 1+2),66,1316,290
3114,9,Wedding,1-Bedroom Flat (1+1 / 1+2),67,1339,290
3115,9,Wedding,1-Bedroom Flat (1+1 / 1+2),69,1431,290
3116,9,Wedding,1-Bedroom Flat (1+1 / 1+2),45,891,290
3117,9,Wedding,1-Bedroom Flat (1+1 / 1+2),60,1206,290
3118,9,Wedding,1-Bedroom Flat (1+1 / 1+2),55,1210,290
3119,9,Wedding,1-Bedroom Flat (1+1 / 1+2),82,1577,290
3120,9,Wedding,1-Bedroom Flat (1+1 / 1+2),63,1332,290
3121,9,Wedding,1-Bedroom Flat (1+1 / 1+2),45,971,290
3122,9,Wedding,1-Bedroom Flat (1+1 / 1+2),72,1342,290
3123,9,Wedding,1-Bedroom Flat (1+1 / 1+2),50,1031,290
3124,9,Wedding,1-Bedroom Flat (1+1 / 1+2),61,1142,290
3125,9,Wedding,1-Bedroom Flat (1+1 / 1+2),83,1533,290
3126,9,Wedding,1-Bedroom Flat (1+1 / 1+2),50,1040,290
3127,9,Wedding,1-Bedroom Flat (1+1 / 1+2),71,1386,290
3128,9,Wedding,1-Bedroom Flat (1+1 / 1+2),67,1242,290
3129,9,Wedding,1-Bedroom Flat (1+1 / 1+2),77,1531,290
3130,9,Wedding,1-Bedroom Flat (1+1 / 1+2),72,1433,290
3131,9,Wedding,1-Bedroom Flat (1+1 / 1+2),70,1289,290
3132,9,Wedding,1-Bedroom Flat (1+1 / 1+2),57,1281,290
3133,9,Wedding,1-Bedroom Flat (1+1 / 1+2),78,1393,290
3134,9,Wedding,1-Bedroom Flat (1+1 / 1+2),64,1233,290
3135,9,Wedding,1-Bedroom Flat (1+1 / 1+2),55,1154,290
3136,9,Wedding,1-Bedroom Flat (1+1 / 1+2),73,1457,290
3137,9,Wedding,1-Bedroom Flat (1+1 / 1+2),59,1238,290
3138,9,Wedding,1-Bedroom Flat (1+1 / 1+2),58,1213,290
3139,9,Wedding,1-Bedroom Flat (1+1 / 1+2),76,1277,290
3140,9,Wedding,1-Bedroom Flat (1+1 / 1+2),70,1229,290
3141,9,Wedding,1-Bedroom Flat (1+1 / 1+2),74,1375,290
3142,9,Wedding,1-Bedroom Flat (1+1 / 1+2),50,1111,290
3143,9,Wedding,1-Bedroom Flat (1+1 / 1+2),66,1214,290
3144,9,Wedding,1-Bedroom Flat (1+1 / 1+2),49,1015,290
3145,9,Wedding,1-Bedroom Flat (1+1 / 1+2),50,952,290
3146,9,Wedding,1-Bedroom Flat (1+1 / 1+2),63,1169,290
3147,9,Wedding,1-Bedroom Flat (1+1 / 1+2),66,1438,290
3148,9,Wedding,1-Bedroom Flat (1+1 / 1+2),61,1236,290
3149,9,Wedding,1-Bedroom Flat (1+1 / 1+2),82,1453,290
3150,9,Wedding,1-Bedroom Flat (1+1 / 1+2),74,1528,290
3151,9,Wedding,1-Bedroom Flat (1+1 / 1+2),71,1500,290
3152,9,Wedding,1-Bedroom Flat (1+1 / 1+2),65,1236,290
3153,9,Wedding,1-Bedroom Flat (1+1 / 1+2),73,1518,290
3154,9,Wedding,1-Bedroom Flat (1+1 / 1+2),73,1420,290
3155,9,Wedding,1-Bedroom Flat (1+1 / 1+2),55,1145,290
3156,9,Wedding,1-Bedroom Flat (1+1 / 1+2),71,1476,290
3157,9,Wedding,1-Bedroom Flat (1+1 / 1+2),58,1204,290
3158,9,Wedding,1-Bedroom Flat (1+1 / 1+2),49,1121,290
3159,9,Wedding,1-Bedroom Flat (1+1 / 1+2),54,1183,290
3160,9,Wedding,1-Bedroom Flat (1+1 / 1+2),51,1157,290
3161,9,Wedding,1-Bedroom Flat (1+1 / 1+2),65,1218,290
3162,9,Wedding,1-Bedroom Flat (1+1 / 1+2),69,1299,290
3163,9,Wedding,1-Bedroom Flat (1+1 / 1+2),69,1327,290
3164,9,Wedding,1-Bedroom Flat (1+1 / 1+2),45,880,290
3165,9,Wedding,1-Bedroom Flat (1+1 / 1+2),58,1299,290
3166,9,Wedding,1-Bedroom Flat (1+1 / 1+2),71,1530,290
3167,9,Wedding,1-Bedroom Flat (1+1 / 1+2),79,1464,290
3168,9,Wedding,1-Bedroom Flat (1+1 / 1+2),60,1171,290
3169,9,Wedding,1-Bedroom Flat (1+1 / 1+2),55,962,290
3170,9,Wedding,1-Bedroom Flat (1+1 / 1+2),62,1124,290
3171,9,Wedding,1-Bedroom Flat (1+1 / 1+2),62,1430,290
3172,9,Wedding,1-Bedroom Flat (1+1 / 1+2),57,1178,290
3173,9,Wedding,1-Bedroom Flat (1+1 / 1+2),71,1409,290
3174,9,Wedding,1-Bedroom Flat (1+1 / 1+2),65,1255,290
3175,9,Wedding,1-Bedroom Flat (1+1 / 1+2),60,1122,290
3176,9,Wedding,1-Bedroom Flat (1+1 / 1+2),70,1211,290
3177,9,Wedding,1-Bedroom Flat (1+1 / 1+2),72,1274,290
3178,9,Wedding,1-Bedroom Flat (1+1 / 1+2),72,1368,290
3179,9,Wedding,1-Bedroom Flat (1+1 / 1+2),50,1100,290
3180,9,Wedding,1-Bedroom Flat (1+1 / 1+2),71,1345,290
3181,9,Wedding,1-Bedroom Flat (1+1 / 1+2),69,1146,290
3182,9,Wedding,1-Bedroom Flat (1+1 / 1+2),49,1148,290
3183,9,Wedding,1-Bedroom Flat (1+1 / 1+2),60,1040,290
3184,9,Wedding,1-Bedroom Flat (1+1 / 1+2),55,1045,290
3185,9,Wedding,1-Bedroom Flat (1+1 / 1+2),60,1175,290
3186,9,Wedding,1-Bedroom Flat (1+1 / 1+2),64,1266,290
3187,9,Wedding,1-Bedroom Flat (1+1 / 1+2),76,1502,290
3188,9,Wedding,1-Bedroom Flat (1+1 / 1+2),67,1425,290
3189,9,Wedding,1-Bedroom Flat (1+1 / 1+2),58,1062,290
3190,9,Wedding,1-Bedroom Flat (1+1 / 1+2),74,1444,290
3191,9,Wedding,1-Bedroom Flat (1+1 / 1+2),63,1199,290
3192,9,Wedding,1-Bedroom Flat (1+1 / 1+2),56,1220,290
3193,9,Wedding,1-Bedroom Flat (1+1 / 1+2),72,1471,290
3194,9,Wedding,1-Bedroom Flat (1+1 / 1+2),70,1419,290
3195,9,Wedding,1-Bedroom Flat (1+1 / 1+2),63,1240,290
3196,9,Wedding,1-Bedroom Flat (1+1 / 1+2),74,1398,290
3197,9,Wedding,1-Bedroom Flat (1+1 / 1+2),66,1232,290
3198,9,Wedding,1-Bedroom Flat (1+1 / 1+2),55,1107,290
3199,9,Wedding,1-Bedroom Flat (1+1 / 1+2),54,1184,290
3200,9,Wedding,1-Bedroom Flat (1+1 / 1+2),49,1041,290
3201,9,Wedding,1-Bedroom Flat (1+1 / 1+2),63,1093,290
3202,9,Wedding,1-Bedroom Flat (1+1 / 1+2),58,1199,290
3203,9,Wedding,1-Bedroom Flat (1+1 / 1+2),66,1286,290
3204,9,Wedding,1-Bedroom Flat (1+1 / 1+2),69,1342,290
3205,9,Wedding,1-Bedroom Flat (1+1 / 1+2),62,1263,290
3206,9,Wedding,1-Bedroom Flat (1+1 / 1+2),71,1323,290
3207,9,Wedding,1-Bedroom Flat (1+1 / 1+2),57,1100,290
3208,9,Wedding,1-Bedroom Flat (1+1 / 1+2),59,1320,290
3209,9,Wedding,1-Bedroom Flat (1+1 / 1+2),68,1234,290
3210,9,Wedding,1-Bedroom Flat (1+1 / 1+2),56,1178,290
3211,9,Wedding,1-Bedroom Flat (1+1 / 1+2),53,1031,290
3212,9,Wedding,1-Bedroom Flat (1+1 / 1+2),75,1393,290
3213,9,Wedding,1-Bedroom Flat (1+1 / 1+2),72,1513,290
3214,9,Wedding,1-Bedroom Flat (1+1 / 1+2),55,1048,290
3215,9,Wedding,1-Bedroom Flat (1+1 / 1+2),59,1094,290
3216,9,Wedding,1-Bedroom Flat (1+1 / 1+2),63,1237,290
3217,9,Wedding,1-Bedroom Flat (1+1 / 1+2),66,1430,290
3218,9,Wedding,1-Bedroom Flat (1+1 / 1+2),70,1412,290
3219,9,Wedding,1-Bedroom Flat (1+1 / 1+2),45,1008,290
3220,9,Wedding,1-Bedroom Flat (1+1 / 1+2),79,1241,290
3221,9,Wedding,1-Bedroom Flat (1+1 / 1+2),69,1338,290
3222,9,Wedding,1-Bedroom Flat (1+1 / 1+2),54,1184,290
3223,9,Wedding,1-Bedroom Flat (1+1 / 1+2),79,1582,290
3224,9,Wedding,1-Bedroom Flat (1+1 / 1+2),58,1091,290
3225,9,Wedding,1-Bedroom Flat (1+1 / 1+2),63,1335,290
3226,9,Wedding,1-Bedroom Flat (1+1 / 1+2),58,1150,290
3227,9,Wedding,1-Bedroom Flat (1+1 / 1+2),90,1785,290
3228,9,Wedding,1-Bedroom Flat (1+1 / 1+2),74,1301,290
3229,9,Wedding,1-Bedroom Flat (1+1 / 1+2),55,1135,290
3230,9,Wedding,1-Bedroom Flat (1+1 / 1+2),52,1224,290
3231,9,Wedding,1-Bedroom Flat (1+1 / 1+2),76,1416,290
3232,9,Wedding,1-Bedroom Flat (1+1 / 1+2),80,1528,290
3233,9,Wedding,1-Bedroom Flat (1+1 / 1+2),88,1669,290
3234,9,Wedding,1-Bedroom Flat (1+1 / 1+2),68,1462,290
3235,9,Wedding,1-Bedroom Flat (1+1 / 1+2),75,1494,290
3236,9,Wedding,1-Bedroom Flat (1+1 / 1+2),61,1270,290
3237,9,Wedding,1-Bedroom Flat (1+1 / 1+2),54,1126,290
3238,9,Wedding,1-Bedroom Flat (1+1 / 1+2),51,904,290
3239,9,Wedding,1-Bedroom Flat (1+1 / 1+2),63,1370,290
3240,9,Wedding,1-Bedroom Flat (1+1 / 1+2),71,1377,290
3241,9,Wedding,1-Bedroom Flat (1+1 / 1+2),79,1461,290
3242,9,Wedding,1-Bedroom Flat (1+1 / 1+2),45,772,290
3243,9,Wedding,1-Bedroom Flat (1+1 / 1+2),50,1121,290
3244,9,Wedding,1-Bedroom Flat (1+1 / 1+2),56,1185,290
3245,9,Wedding,1-Bedroom Flat (1+1 / 1+2),78,1397,290
3246,9,Wedding,1-Bedroom Flat (1+1 / 1+2),67,1369,290
3247,9,Wedding,1-Bedroom Flat (1+1 / 1+2),53,1218,290
3248,9,Wedding,1-Bedroom Flat (1+1 / 1+2),59,1157,290
3249,9,Wedding,1-Bedroom Flat (1+1 / 1+2),83,1623,290
3250,9,Wedding,1-Bedroom Flat (1+1 / 1+2),71,1506,290
3251,9,Wedding,1-Bedroom Flat (1+1 / 1+2),55,1240,290
3252,9,Wedding,1-Bedroom Flat (1+1 / 1+2),57,1111,290
3253,9,Wedding,1-Bedroom Flat (1+1 / 1+2),59,1136,290
3254,9,Wedding,1-Bedroom Flat (1+1 / 1+2),70,1392,290
3255,9,Wedding,1-Bedroom Flat (1+1 / 1+2),57,1221,290
3256,9,Wedding,1-Bedroom Flat (1+1 / 1+2),59,1162,290
3257,9,Wedding,1-Bedroom Flat (1+1 / 1+2),62,1282,290
3258,9,Wedding,1-Bedroom Flat (1+1 / 1+2),66,1271,290
3259,9,Wedding,1-Bedroom Flat (1+1 / 1+2),70,1348,290
3260,9,Wedding,1-Bedroom Flat (1+1 / 1+2),55,996,290
3261,9,Wedding,1-Bedroom Flat (1+1 / 1+2),72,1401,290
3262,9,Wedding,1-Bedroom Flat (1+1 / 1+2),64,1366,290
3263,9,Wedding,1-Bedroom Flat (1+1 / 1+2),57,1036,290
3264,9,Wedding,1-Bedroom Flat (1+1 / 1+2),63,1284,290
3265,9,Wedding,1-Bedroom Flat (1+1 / 1+2),59,1325,290
3266,9,Wedding,1-Bedroom Flat (1+1 / 1+2),45,1069,290
3267,9,Wedding,1-Bedroom Flat (1+1 / 1+2),70,1409,290
3268,9,Wedding,1-Bedroom Flat (1+1 / 1+2),45,1084,290
3269,9,Wedding,1-Bedroom Flat (1+1 / 1+2),52,1034,290
3270,9,Wedding,1-Bedroom Flat (1+1 / 1+2),60,1245,290
3271,9,Wedding,1-Bedroom Flat (1+1 / 1+2),68,1416,290
3272,9,Wedding,1-Bedroom Flat (1+1 / 1+2),70,1391,290
3273,9,Wedding,1-Bedroom Flat (1+1 / 1+2),66,1206,290
3274,9,Wedding,1-Bedroom Flat (1+1 / 1+2),54,1193,290
3275,9,Wedding,1-Bedroom Flat (1+1 / 1+2),70,1433,290
3276,9,Wedding,1-Bedroom Flat (1+1 / 1+2),57,1242,290
3277,9,Wedding,1-Bedroom Flat (1+1 / 1+2),50,1145,290
3278,9,Wedding,1-Bedroom Flat (1+1 / 1+2),59,1344,290
3279,9,Wedding,1-Bedroom Flat (1+1 / 1+2),47,1159,290
3280,9,Wedding,1-Bedroom Flat (1+1 / 1+2),58,1142,290
3281,9,Wedding,1-Bedroom Flat (1+1 / 1+2),64,1209,290
3282,9,Wedding,1-Bedroom Flat (1+1 / 1+2),61,1158,290
3283,9,Wedding,1-Bedroom Flat (1+1 / 1+2),55,1172,290
3284,9,Wedding,1-Bedroom Flat (1+1 / 1+2),53,1027,290
3285,9,Wedding,1-Bedroom Flat (1+1 / 1+2),48,971,290
3286,9,Wedding,1-Bedroom Flat (1+1 / 1+2),75,1372,290
3287,9,Wedding,1-Bedroom Flat (1+1 / 1+2),55,1145,290
3288,9,Wedding,1-Bedroom Flat (1+1 / 1+2),58,1377,290
3289,9,Wedding,1-Bedroom Flat (1+1 / 1+2),60,1238,290
3290,9,Wedding,1-Bedroom Flat (1+1 / 1+2),71,1467,290
3291,9,Wedding,1-Bedroom Flat (1+1 / 1+2),64,1257,290
3292,9,Wedding,1-Bedroom Flat (1+1 / 1+2),82,1551,290
3293,9,Wedding,1-Bedroom Flat (1+1 / 1+2),58,1118,290
3294,9,Wedding,1-Bedroom Flat (1+1 / 1+2),45,1042,290
3295,9,Wedding,1-Bedroom Flat (1+1 / 1+2),45,967,290
3296,9,Wedding,1-Bedroom Flat (1+1 / 1+2),60,1410,290
3297,9,Wedding,1-Bedroom Flat (1+1 / 1+2),45,887,290
3298,9,Wedding,1-Bedroom Flat (1+1 / 1+2),61,1206,290
3299,9,Wedding,1-Bedroom Flat (1+1 / 1+2),57,1153,290
3300,9,Wedding,1-Bedroom Flat (1+1 / 1+2),49,1064,290
3301,9,Wedding,1-Bedroom Flat (1+1 / 1+2),45,966,290
3302,9,Wedding,1-Bedroom Flat (1+1 / 1+2),56,1235,290
3303,9,Wedding,1-Bedroom Flat (1+1 / 1+2),80,1498,290
3304,9,Wedding,1-Bedroom Flat (1+1 / 1+2),76,1436,290
3305,9,Wedding,1-Bedroom Flat (1+1 / 1+2),52,1237,290
3306,9,Wedding,1-Bedroom Flat (1+1 / 1+2),67,1320,290
3307,9,Wedding,1-Bedroom Flat (1+1 / 1+2),69,1377,290
3308,9,Wedding,1-Bedroom Flat (1+1 / 1+2),61,1105,290
3309,9,Wedding,1-Bedroom Flat (1+1 / 1+2),59,1248,290
3310,9,Wedding,1-Bedroom Flat (1+1 / 1+2),61,1305,290
3311,9,Wedding,1-Bedroom Flat (1+1 / 1+2),66,1225,290
3312,9,Wedding,1-Bedroom Flat (1+1 / 1+2),49,1018,290
3313,9,Wedding,1-Bedroom Flat (1+1 / 1+2),57,1190,290
3314,9,Wedding,1-Bedroom Flat (1+1 / 1+2),55,1073,290
3315,9,Wedding,1-Bedroom Flat (1+1 / 1+2),73,1429,290
3316,9,Wedding,1-Bedroom Flat (1+1 / 1+2),55,1130,290
3317,9,Wedding,1-Bedroom Flat (1+1 / 1+2),76,1490,290
3318,9,Wedding,1-Bedroom Flat (1+1 / 1+2),68,1268,290
3319,9,Wedding,1-Bedroom Flat (1+1 / 1+2),72,1609,290
3320,9,Wedding,1-Bedroom Flat (1+1 / 1+2),54,1006,290
3321,10,Pankow,1-Bedroom Flat (1+1 / 1+2),64,1391,260
3322,10,Pankow,1-Bedroom Flat (1+1 / 1+2),61,1169,260
3323,10,Pankow,1-Bedroom Flat (1+1 / 1+2),61,1318,260
3324,10,Pankow,1-Bedroom Flat (1+1 / 1+2),58,1271,260
3325,10,Pankow,1-Bedroom Flat (1+1 / 1+2),74,1494,260
3326,10,Pankow,1-Bedroom Flat (1+1 / 1+2),62,1355,260
3327,10,Pankow,1-Bedroom Flat (1+1 / 1+2),53,1050,260
3328,10,Pankow,1-Bedroom Flat (1+1 / 1+2),59,1188,260
3329,10,Pankow,1-Bedroom Flat (1+1 / 1+2),54,1317,260
3330,10,Pankow,1-Bedroom Flat (1+1 / 1+2),84,1600,260
3331,10,Pankow,1-Bedroom Flat (1+1 / 1+2),63,1279,260
3332,10,Pankow,1-Bedroom Flat (1+1 / 1+2),73,1574,260
3333,10,Pankow,1-Bedroom Flat (1+1 / 1+2),45,1051,260
3334,10,Pankow,1-Bedroom Flat (1+1 / 1+2),49,1230,260
3335,10,Pankow,1-Bedroom Flat (1+1 / 1+2),66,1270,260
3336,10,Pankow,1-Bedroom Flat (1+1 / 1+2),60,1222,260
3337,10,Pankow,1-Bedroom Flat (1+1 / 1+2),67,1454,260
3338,10,Pankow,1-Bedroom Flat (1+1 / 1+2),51,1269,260
3339,10,Pankow,1-Bedroom Flat (1+1 / 1+2),78,1457,260
3340,10,Pankow,1-Bedroom Flat (1+1 / 1+2),63,1450,260
3341,10,Pankow,1-Bedroom Flat (1+1 / 1+2),74,1442,260
3342,10,Pankow,1-Bedroom Flat (1+1 / 1+2),70,1678,260
3343,10,Pankow,1-Bedroom Flat (1+1 / 1+2),63,1239,260
3344,10,Pankow,1-Bedroom Flat (1+1 / 1+2),64,1334,260
3345,10,Pankow,1-Bedroom Flat (1+1 / 1+2),57,1240,260
3346,10,Pankow,1-Bedroom Flat (1+1 / 1+2),49,1012,260
3347,10,Pankow,1-Bedroom Flat (1+1 / 1+2),70,1250,260
3348,10,Pankow,1-Bedroom Flat (1+1 / 1+2),71,1243,260
3349,10,Pankow,1-Bedroom Flat (1+1 / 1+2),45,963,260
3350,10,Pankow,1-Bedroom Flat (1+1 / 1+2),65,1447,260
3351,10,Pankow,1-Bedroom Flat (1+1 / 1+2),63,1274,260
3352,10,Pankow,1-Bedroom Flat (1+1 / 1+2),68,1298,260
3353,10,Pankow,1-Bedroom Flat (1+1 / 1+2),63,1188,260
3354,10,Pankow,1-Bedroom Flat (1+1 / 1+2),63,1284,260
3355,10,Pankow,1-Bedroom Flat (1+1 / 1+2),54,1167,260
3356,10,Pankow,1-Bedroom Flat (1+1 / 1+2),64,1418,260
3357,10,Pankow,1-Bedroom Flat (1+1 / 1+2),46,1017,260
3358,10,Pankow,1-Bedroom Flat (1+1 / 1+2),54,1230,260
3359,10,Pankow,1-Bedroom Flat (1+1 / 1+2),70,1454,260
3360,10,Pankow,1-Bedroom Flat (1+1 / 1+2),55,1248,260
3361,10,Pankow,1-Bedroom Flat (1+1 / 1+2),47,884,260
3362,10,Pankow,1-Bedroom Flat (1+1 / 1+2),49,1069,260
3363,10,Pankow,1-Bedroom Flat (1+1 / 1+2),69,1124,260
3364,10,Pankow,1-Bedroom Flat (1+1 / 1+2),75,1500,260
3365,10,Pankow,1-Bedroom Flat (1+1 / 1+2),46,1033,260
3366,10,Pankow,1-Bedroom Flat (1+1 / 1+2),73,1510,260
3367,10,Pankow,1-Bedroom Flat (1+1 / 1+2),73,1333,260
3368,10,Pankow,1-Bedroom Flat (1+1 / 1+2),58,1133,260
3369,10,Pankow,1-Bedroom Flat (1+1 / 1+2),79,1610,260
3370,10,Pankow,1-Bedroom Flat (1+1 / 1+2),90,1686,260
3371,10,Pankow,1-Bedroom Flat (1+1 / 1+2),55,1155,260
3372,10,Pankow,1-Bedroom Flat (1+1 / 1+2),76,1471,260
3373,10,Pankow,1-Bedroom Flat (1+1 / 1+2),63,1305,260
3374,10,Pankow,1-Bedroom Flat (1+1 / 1+2),62,1221,260
3375,10,Pankow,1-Bedroom Flat (1+1 / 1+2),61,1248,260
3376,10,Pankow,1-Bedroom Flat (1+1 / 1+2),62,1365,260
3377,10,Pankow,1-Bedroom Flat (1+1 / 1+2),80,1492,260
3378,10,Pankow,1-Bedroom Flat (1+1 / 1+2),58,1142,260
3379,10,Pankow,1-Bedroom Flat (1+1 / 1+2),64,1264,260
3380,10,Pankow,1-Bedroom Flat (1+1 / 1+2),64,1411,260
3381,10,Pankow,1-Bedroom Flat (1+1 / 1+2),45,1052,260
3382,10,Pankow,1-Bedroom Flat (1+1 / 1+2),57,1241,260
3383,10,Pankow,1-Bedroom Flat (1+1 / 1+2),53,1244,260
3384,10,Pankow,1-Bedroom Flat (1+1 / 1+2),71,1475,260
3385,10,Pankow,1-Bedroom Flat (1+1 / 1+2),70,1341,260
3386,10,Pankow,1-Bedroom Flat (1+1 / 1+2),56,1252,260
3387,10,Pankow,1-Bedroom Flat (1+1 / 1+2),54,1282,260
3388,10,Pankow,1-Bedroom Flat (1+1 / 1+2),59,1277,260
3389,10,Pankow,1-Bedroom Flat (1+1 / 1+2),83,1552,260
3390,10,Pankow,1-Bedroom Flat (1+1 / 1+2),63,1391,260
3391,10,Pankow,1-Bedroom Flat (1+1 / 1+2),72,1410,260
3392,10,Pankow,1-Bedroom Flat (1+1 / 1+2),57,1179,260
3393,10,Pankow,1-Bedroom Flat (1+1 / 1+2),76,1479,260
3394,10,Pankow,1-Bedroom Flat (1+1 / 1+2),63,1258,260
3395,10,Pankow,1-Bedroom Flat (1+1 / 1+2),69,1406,260
3396,10,Pankow,1-Bedroom Flat (1+1 / 1+2),52,1033,260
3397,10,Pankow,1-Bedroom Flat (1+1 / 1+2),45,933,260
3398,10,Pankow,1-Bedroom Flat (1+1 / 1+2),70,1527,260
3399,10,Pankow,1-Bedroom Flat (1+1 / 1+2),69,1442,260
3400,10,Pankow,1-Bedroom Flat (1+1 / 1+2),61,1334,260
3401,10,Pankow,1-Bedroom Flat (1+1 / 1+2),65,1490,260
3402,10,Pankow,1-Bedroom Flat (1+1 / 1+2),61,1385,260
3403,10,Pankow,1-Bedroom Flat (1+1 / 1+2),71,1490,260
3404,10,Pankow,1-Bedroom Flat (1+1 / 1+2),45,1092,260
3405,10,Pankow,1-Bedroom Flat (1+1 / 1+2),61,1224,260
3406,10,Pankow,1-Bedroom Flat (1+1 / 1+2),47,1039,260
3407,10,Pankow,1-Bedroom Flat (1+1 / 1+2),62,1163,260
3408,10,Pankow,1-Bedroom Flat (1+1 / 1+2),47,1084,260
3409,10,Pankow,1-Bedroom Flat (1+1 / 1+2),71,1441,260
3410,10,Pankow,1-Bedroom Flat (1+1 / 1+2),74,1464,260
3411,10,Pankow,1-Bedroom Flat (1+1 / 1+2),61,1181,260
3412,10,Pankow,1-Bedroom Flat (1+1 / 1+2),46,1191,260
3413,10,Pankow,1-Bedroom Flat (1+1 / 1+2),73,1331,260
3414,10,Pankow,1-Bedroom Flat (1+1 / 1+2),64,1303,260
3415,10,Pankow,1-Bedroom Flat (1+1 / 1+2),59,1195,260
3416,10,Pankow,1-Bedroom Flat (1+1 / 1+2),66,1418,260
3417,10,Pankow,1-Bedroom Flat (1+1 / 1+2),66,1333,260
3418,10,Pankow,1-Bedroom Flat (1+1 / 1+2),60,1332,260
3419,10,Pankow,1-Bedroom Flat (1+1 / 1+2),67,1367,260
3420,10,Pankow,1-Bedroom Flat (1+1 / 1+2),62,1311,260
3421,10,Pankow,1-Bedroom Flat (1+1 / 1+2),57,1274,260
3422,10,Pankow,1-Bedroom Flat (1+1 / 1+2),51,1067,260
3423,10,Pankow,1-Bedroom Flat (1+1 / 1+2),68,1274,260
3424,10,Pankow,1-Bedroom Flat (1+1 / 1+2),46,1030,260
3425,10,Pankow,1-Bedroom Flat (1+1 / 1+2),45,891,260
3426,10,Pankow,1-Bedroom Flat (1+1 / 1+2),70,1390,260
3427,10,Pankow,1-Bedroom Flat (1+1 / 1+2),75,1380,260
3428,10,Pankow,1-Bedroom Flat (1+1 / 1+2),61,1300,260
3429,10,Pankow,1-Bedroom Flat (1+1 / 1+2),50,1181,260
3430,10,Pankow,1-Bedroom Flat (1+1 / 1+2),67,1215,260
3431,10,Pankow,1-Bedroom Flat (1+1 / 1+2),62,1315,260
3432,10,Pankow,1-Bedroom Flat (1+1 / 1+2),56,1051,260
3433,10,Pankow,1-Bedroom Flat (1+1 / 1+2),65,1527,260
3434,10,Pankow,1-Bedroom Flat (1+1 / 1+2),58,1357,260
3435,10,Pankow,1-Bedroom Flat (1+1 / 1+2),54,1171,260
3436,10,Pankow,1-Bedroom Flat (1+1 / 1+2),70,1407,260
3437,10,Pankow,1-Bedroom Flat (1+1 / 1+2),59,1297,260
3438,10,Pankow,1-Bedroom Flat (1+1 / 1+2),81,1611,260
3439,10,Pankow,1-Bedroom Flat (1+1 / 1+2),57,1183,260
3440,10,Pankow,1-Bedroom Flat (1+1 / 1+2),87,1692,260
3441,10,Pankow,1-Bedroom Flat (1+1 / 1+2),56,1081,260
3442,10,Pankow,1-Bedroom Flat (1+1 / 1+2),45,1041,260
3443,10,Pankow,1-Bedroom Flat (1+1 / 1+2),69,1356,260
3444,10,Pankow,1-Bedroom Flat (1+1 / 1+2),62,1175,260
3445,10,Pankow,1-Bedroom Flat (1+1 / 1+2),63,1339,260
3446,10,Pankow,1-Bedroom Flat (1+1 / 1+2),57,1352,260
3447,10,Pankow,1-Bedroom Flat (1+1 / 1+2),54,1178,260
3448,10,Pankow,1-Bedroom Flat (1+1 / 1+2),70,1401,260
3449,10,Pankow,1-Bedroom Flat (1+1 / 1+2),60,1119,260
3450,10,Pankow,1-Bedroom Flat (1+1 / 1+2),76,1489,260
3451,10,Pankow,1-Bedroom Flat (1+1 / 1+2),67,1421,260
3452,10,Pankow,1-Bedroom Flat (1+1 / 1+2),56,1166,260
3453,10,Pankow,1-Bedroom Flat (1+1 / 1+2),75,1387,260
3454,10,Pankow,1-Bedroom Flat (1+1 / 1+2),83,1549,260
3455,10,Pankow,1-Bedroom Flat (1+1 / 1+2),50,1100,260
3456,10,Pankow,1-Bedroom Flat (1+1 / 1+2),84,1460,260
3457,10,Pankow,1-Bedroom Flat (1+1 / 1+2),61,1307,260
3458,10,Pankow,1-Bedroom Flat (1+1 / 1+2),62,1314,260
3459,10,Pankow,1-Bedroom Flat (1+1 / 1+2),55,1114,260
3460,10,Pankow,1-Bedroom Flat (1+1 / 1+2),61,1162,260
3461,10,Pankow,1-Bedroom Flat (1+1 / 1+2),62,1245,260
3462,10,Pankow,1-Bedroom Flat (1+1 / 1+2),57,1229,260
3463,10,Pankow,1-Bedroom Flat (1+1 / 1+2),45,987,260
3464,10,Pankow,1-Bedroom Flat (1+1 / 1+2),85,1550,260
3465,10,Pankow,1-Bedroom Flat (1+1 / 1+2),75,1493,260
3466,10,Pankow,1-Bedroom Flat (1+1 / 1+2),56,1065,260
3467,10,Pankow,1-Bedroom Flat (1+1 / 1+2),63,1427,260
3468,10,Pankow,1-Bedroom Flat (1+1 / 1+2),58,1209,260
3469,10,Pankow,1-Bedroom Flat (1+1 / 1+2),72,1471,260
3470,10,Pankow,1-Bedroom Flat (1+1 / 1+2),46,1033,260
3471,10,Pankow,1-Bedroom Flat (1+1 / 1+2),77,1517,260
3472,10,Pankow,1-Bedroom Flat (1+1 / 1+2),45,1043,260
3473,10,Pankow,1-Bedroom Flat (1+1 / 1+2),60,1083,260
3474,10,Pankow,1-Bedroom Flat (1+1 / 1+2),45,1096,260
3475,10,Pankow,1-Bedroom Flat (1+1 / 1+2),55,1086,260
3476,10,Pankow,1-Bedroom Flat (1+1 / 1+2),62,1222,260
3477,10,Pankow,1-Bedroom Flat (1+1 / 1+2),63,1278,260
3478,10,Pankow,1-Bedroom Flat (1+1 / 1+2),50,1042,260
3479,10,Pankow,1-Bedroom Flat (1+1 / 1+2),66,1348,260
3480,10,Pankow,1-Bedroom Flat (1+1 / 1+2),61,1438,260
3481,10,Pankow,1-Bedroom Flat (1+1 / 1+2),69,1469,260
3482,10,Pankow,1-Bedroom Flat (1+1 / 1+2),60,1268,260
3483,10,Pankow,1-Bedroom Flat (1+1 / 1+2),58,1286,260
3484,10,Pankow,1-Bedroom Flat (1+1 / 1+2),61,1284,260
3485,10,Pankow,1-Bedroom Flat (1+1 / 1+2),64,1310,260
3486,10,Pankow,1-Bedroom Flat (1+1 / 1+2),90,1668,260
3487,10,Pankow,1-Bedroom Flat (1+1 / 1+2),55,1230,260
3488,10,Pankow,1-Bedroom Flat (1+1 / 1+2),56,1158,260
3489,10,Pankow,1-Bedroom Flat (1+1 / 1+2),51,1148,260
3490,10,Pankow,1-Bedroom Flat (1+1 / 1+2),67,1332,260
3491,10,Pankow,1-Bedroom Flat (1+1 / 1+2),69,1225,260
3492,10,Pankow,1-Bedroom Flat (1+1 / 1+2),55,1153,260
3493,10,Pankow,1-Bedroom Flat (1+1 / 1+2),50,931,260
3494,10,Pankow,1-Bedroom Flat (1+1 / 1+2),59,1294,260
3495,10,Pankow,1-Bedroom Flat (1+1 / 1+2),75,1439,260
3496,10,Pankow,1-Bedroom Flat (1+1 / 1+2),69,1449,260
3497,10,Pankow,1-Bedroom Flat (1+1 / 1+2),74,1440,260
3498,10,Pankow,1-Bedroom Flat (1+1 / 1+2),45,1014,260
3499,10,Pankow,1-Bedroom Flat (1+1 / 1+2),52,1055,260
3500,10,Pankow,1-Bedroom Flat (1+1 / 1+2),59,1201,260
3501,10,Pankow,1-Bedroom Flat (1+1 / 1+2),63,1359,260
3502,10,Pankow,1-Bedroom Flat (1+1 / 1+2),58,1252,260
3503,10,Pankow,1-Bedroom Flat (1+1 / 1+2),62,1364,260
3504,10,Pankow,1-Bedroom Flat (1+1 / 1+2),60,1241,260
3505,10,Pankow,1-Bedroom Flat (1+1 / 1+2),58,1201,260
3506,10,Pankow,1-Bedroom Flat (1+1 / 1+2),54,1073,260
3507,10,Pankow,1-Bedroom Flat (1+1 / 1+2),70,1311,260
3508,10,Pankow,1-Bedroom Flat (1+1 / 1+2),59,1323,260
3509,10,Pankow,1-Bedroom Flat (1+1 / 1+2),58,1291,260
3510,10,Pankow,1-Bedroom Flat (1+1 / 1+2),56,1089,260
3511,10,Pankow,1-Bedroom Flat (1+1 / 1+2),46,1142,260
3512,10,Pankow,1-Bedroom Flat (1+1 / 1+2),51,1171,260
3513,10,Pankow,1-Bedroom Flat (1+1 / 1+2),52,1239,260
3514,10,Pankow,1-Bedroom Flat (1+1 / 1+2),84,1480,260
3515,10,Pankow,1-Bedroom Flat (1+1 / 1+2),51,1174,260
3516,10,Pankow,1-Bedroom Flat (1+1 / 1+2),67,1430,260
3517,10,Pankow,1-Bedroom Flat (1+1 / 1+2),56,1363,260
3518,10,Pankow,1-Bedroom Flat (1+1 / 1+2),63,1186,260
3519,10,Pankow,1-Bedroom Flat (1+1 / 1+2),59,1124,260
3520,10,Pankow,1-Bedroom Flat (1+1 / 1+2),78,1477,260
3521,10,Pankow,1-Bedroom Flat (1+1 / 1+2),67,1318,260
3522,10,Pankow,1-Bedroom Flat (1+1 / 1+2),56,1012,260
3523,10,Pankow,1-Bedroom Flat (1+1 / 1+2),68,1493,260
3524,10,Pankow,1-Bedroom Flat (1+1 / 1+2),53,997,260
3525,10,Pankow,1-Bedroom Flat (1+1 / 1+2),70,1260,260
3526,10,Pankow,1-Bedroom Flat (1+1 / 1+2),74,1391,260
3527,10,Pankow,1-Bedroom Flat (1+1 / 1+2),51,1126,260
3528,10,Pankow,1-Bedroom Flat (1+1 / 1+2),52,1056,260
3529,10,Pankow,1-Bedroom Flat (1+1 / 1+2),66,1125,260
3530,10,Pankow,1-Bedroom Flat (1+1 / 1+2),78,1540,260
3531,10,Pankow,1-Bedroom Flat (1+1 / 1+2),49,980,260
3532,10,Pankow,1-Bedroom Flat (1+1 / 1+2),72,1494,260
3533,10,Pankow,1-Bedroom Flat (1+1 / 1+2),76,1443,260
3534,10,Pankow,1-Bedroom Flat (1+1 / 1+2),65,1366,260
3535,10,Pankow,1-Bedroom Flat (1+1 / 1+2),69,1493,260
3536,10,Pankow,1-Bedroom Flat (1+1 / 1+2),55,1158,260
3537,10,Pankow,1-Bedroom Flat (1+1 / 1+2),56,1179,260
3538,10,Pankow,1-Bedroom Flat (1+1 / 1+2),69,1243,260
3539,10,Pankow,1-Bedroom Flat (1+1 / 1+2),73,1353,260
3540,10,Pankow,1-Bedroom Flat (1+1 / 1+2),59,1344,260
3541,10,Pankow,1-Bedroom Flat (1+1 / 1+2),65,1359,260
3542,10,Pankow,1-Bedroom Flat (1+1 / 1+2),50,994,260
3543,10,Pankow,1-Bedroom Flat (1+1 / 1+2),71,1371,260
3544,10,Pankow,1-Bedroom Flat (1+1 / 1+2),57,1287,260
3545,10,Pankow,1-Bedroom Flat (1+1 / 1+2),52,1144,260
3546,10,Pankow,1-Bedroom Flat (1+1 / 1+2),62,1280,260
3547,10,Pankow,1-Bedroom Flat (1+1 / 1+2),57,1148,260
3548,10,Pankow,1-Bedroom Flat (1+1 / 1+2),51,1147,260
3549,10,Pankow,1-Bedroom Flat (1+1 / 1+2),55,1255,260
3550,10,Pankow,1-Bedroom Flat (1+1 / 1+2),60,1153,260
3551,10,Pankow,1-Bedroom Flat (1+1 / 1+2),60,1211,260
3552,10,Pankow,1-Bedroom Flat (1+1 / 1+2),72,1407,260
3553,10,Pankow,1-Bedroom Flat (1+1 / 1+2),59,1359,260
3554,10,Pankow,1-Bedroom Flat (1+1 / 1+2),67,1510,260
3555,10,Pankow,1-Bedroom Flat (1+1 / 1+2),75,1408,260
3556,10,Pankow,1-Bedroom Flat (1+1 / 1+2),72,1577,260
3557,10,Pankow,1-Bedroom Flat (1+1 / 1+2),77,1609,260
3558,10,Pankow,1-Bedroom Flat (1+1 / 1+2),72,1413,260
3559,10,Pankow,1-Bedroom Flat (1+1 / 1+2),54,1120,260
3560,10,Pankow,1-Bedroom Flat (1+1 / 1+2),45,1129,260
3561,10,Pankow,1-Bedroom Flat (1+1 / 1+2),59,1348,260
3562,10,Pankow,1-Bedroom Flat (1+1 / 1+2),50,1185,260
3563,10,Pankow,1-Bedroom Flat (1+1 / 1+2),57,1084,260
3564,10,Pankow,1-Bedroom Flat (1+1 / 1+2),78,1636,260
3565,10,Pankow,1-Bedroom Flat (1+1 / 1+2),64,1315,260
3566,10,Pankow,1-Bedroom Flat (1+1 / 1+2),66,1362,260
3567,10,Pankow,1-Bedroom Flat (1+1 / 1+2),54,1115,260
3568,10,Pankow,1-Bedroom Flat (1+1 / 1+2),82,1840,260
3569,10,Pankow,1-Bedroom Flat (1+1 / 1+2),78,1579,260
3570,10,Pankow,1-Bedroom Flat (1+1 / 1+2),59,1160,260
3571,10,Pankow,1-Bedroom Flat (1+1 / 1+2),55,1118,260
3572,10,Pankow,1-Bedroom Flat (1+1 / 1+2),84,1795,260
3573,10,Pankow,1-Bedroom Flat (1+1 / 1+2),69,1306,260
3574,10,Pankow,1-Bedroom Flat (1+1 / 1+2),71,1403,260
3575,10,Pankow,1-Bedroom Flat (1+1 / 1+2),45,1034,260
3576,10,Pankow,1-Bedroom Flat (1+1 / 1+2),54,1079,260
3577,10,Pankow,1-Bedroom Flat (1+1 / 1+2),59,1187,260
3578,10,Pankow,1-Bedroom Flat (1+1 / 1+2),62,1273,260
3579,10,Pankow,1-Bedroom Flat (1+1 / 1+2),45,1145,260
3580,10,Pankow,1-Bedroom Flat (1+1 / 1+2),52,1034,260
3581,11,Steglitz,1-Bedroom Flat (1+1 / 1+2),59,1202,220
3582,11,Steglitz,1-Bedroom Flat (1+1 / 1+2),77,1524,220
3583,11,Steglitz,1-Bedroom Flat (1+1 / 1+2),68,1381,220
3584,11,Steglitz,1-Bedroom Flat (1+1 / 1+2),64,1320,220
3585,11,Steglitz,1-Bedroom Flat (1+1 / 1+2),45,966,220
3586,11,Steglitz,1-Bedroom Flat (1+1 / 1+2),74,1807,220
3587,11,Steglitz,1-Bedroom Flat (1+1 / 1+2),50,1106,220
3588,11,Steglitz,1-Bedroom Flat (1+1 / 1+2),56,1348,220
3589,11,Steglitz,1-Bedroom Flat (1+1 / 1+2),48,1092,220
3590,11,Steglitz,1-Bedroom Flat (1+1 / 1+2),48,1007,220
3591,11,Steglitz,1-Bedroom Flat (1+1 / 1+2),62,1356,220
3592,11,Steglitz,1-Bedroom Flat (1+1 / 1+2),51,1144,220
3593,11,Steglitz,1-Bedroom Flat (1+1 / 1+2),62,1285,220
3594,11,Steglitz,1-Bedroom Flat (1+1 / 1+2),72,1305,220
3595,11,Steglitz,1-Bedroom Flat (1+1 / 1+2),70,1337,220
3596,11,Steglitz,1-Bedroom Flat (1+1 / 1+2),73,1466,220
3597,11,Steglitz,1-Bedroom Flat (1+1 / 1+2),60,1175,220
3598,11,Steglitz,1-Bedroom Flat (1+1 / 1+2),70,1501,220
3599,11,Steglitz,1-Bedroom Flat (1+1 / 1+2),57,1078,220
3600,11,Steglitz,1-Bedroom Flat (1+1 / 1+2),69,1242,220
3601,11,Steglitz,1-Bedroom Flat (1+1 / 1+2),49,956,220
3602,11,Steglitz,1-Bedroom Flat (1+1 / 1+2),58,1076,220
3603,11,Steglitz,1-Bedroom Flat (1+1 / 1+2),45,886,220
3604,11,Steglitz,1-Bedroom Flat (1+1 / 1+2),68,1242,220
3605,11,Steglitz,1-Bedroom Flat (1+1 / 1+2),59,1387,220
3606,11,Steglitz,1-Bedroom Flat (1+1 / 1+2),62,1291,220
3607,11,Steglitz,1-Bedroom Flat (1+1 / 1+2),53,1311,220
3608,11,Steglitz,1-Bedroom Flat (1+1 / 1+2),57,1159,220
3609,11,Steglitz,1-Bedroom Flat (1+1 / 1+2),75,1452,220
3610,11,Steglitz,1-Bedroom Flat (1+1 / 1+2),62,1235,220
3611,11,Steglitz,1-Bedroom Flat (1+1 / 1+2),59,1245,220
3612,11,Steglitz,1-Bedroom Flat (1+1 / 1+2),68,1298,220
3613,11,Steglitz,1-Bedroom Flat (1+1 / 1+2),54,1077,220
3614,11,Steglitz,1-Bedroom Flat (1+1 / 1+2),48,893,220
3615,11,Steglitz,1-Bedroom Flat (1+1 / 1+2),65,1392,220
3616,11,Steglitz,1-Bedroom Flat (1+1 / 1+2),71,1190,220
3617,11,Steglitz,1-Bedroom Flat (1+1 / 1+2),60,1129,220
3618,11,Steglitz,1-Bedroom Flat (1+1 / 1+2),63,1238,220
3619,11,Steglitz,1-Bedroom Flat (1+1 / 1+2),68,1354,220
3620,11,Steglitz,1-Bedroom Flat (1+1 / 1+2),45,901,220
3621,11,Steglitz,1-Bedroom Flat (1+1 / 1+2),62,1268,220
3622,11,Steglitz,1-Bedroom Flat (1+1 / 1+2),48,898,220
3623,11,Steglitz,1-Bedroom Flat (1+1 / 1+2),63,1150,220
3624,11,Steglitz,1-Bedroom Flat (1+1 / 1+2),45,948,220
3625,11,Steglitz,1-Bedroom Flat (1+1 / 1+2),57,1101,220
3626,11,Steglitz,1-Bedroom Flat (1+1 / 1+2),55,1149,220
3627,11,Steglitz,1-Bedroom Flat (1+1 / 1+2),55,1154,220
3628,11,Steglitz,1-Bedroom Flat (1+1 / 1+2),58,1211,220
3629,11,Steglitz,1-Bedroom Flat (1+1 / 1+2),71,1480,220
3630,11,Steglitz,1-Bedroom Flat (1+1 / 1+2),75,1543,220
3631,11,Steglitz,1-Bedroom Flat (1+1 / 1+2),64,1253,220
3632,11,Steglitz,1-Bedroom Flat (1+1 / 1+2),58,1117,220
3633,11,Steglitz,1-Bedroom Flat (1+1 / 1+2),62,1323,220
3634,11,Steglitz,1-Bedroom Flat (1+1 / 1+2),55,1145,220
3635,11,Steglitz,1-Bedroom Flat (1+1 / 1+2),55,1167,220
3636,11,Steglitz,1-Bedroom Flat (1+1 / 1+2),57,1113,220
3637,11,Steglitz,1-Bedroom Flat (1+1 / 1+2),55,1193,220
3638,11,Steglitz,1-Bedroom Flat (1+1 / 1+2),61,1205,220
3639,11,Steglitz,1-Bedroom Flat (1+1 / 1+2),65,1271,220
3640,11,Steglitz,1-Bedroom Flat (1+1 / 1+2),73,1348,220
3641,11,Steglitz,1-Bedroom Flat (1+1 / 1+2),60,1102,220
3642,11,Steglitz,1-Bedroom Flat (1+1 / 1+2),59,1061,220
3643,11,Steglitz,1-Bedroom Flat (1+1 / 1+2),69,1441,220
3644,11,Steglitz,1-Bedroom Flat (1+1 / 1+2),70,1391,220
3645,11,Steglitz,1-Bedroom Flat (1+1 / 1+2),53,1044,220
3646,11,Steglitz,1-Bedroom Flat (1+1 / 1+2),77,1629,220
3647,11,Steglitz,1-Bedroom Flat (1+1 / 1+2),63,1230,220
3648,11,Steglitz,1-Bedroom Flat (1+1 / 1+2),76,1421,220
3649,11,Steglitz,1-Bedroom Flat (1+1 / 1+2),64,1414,220
3650,11,Steglitz,1-Bedroom Flat (1+1 / 1+2),54,1207,220
3651,11,Steglitz,1-Bedroom Flat (1+1 / 1+2),67,1336,220
3652,11,Steglitz,1-Bedroom Flat (1+1 / 1+2),52,1035,220
3653,11,Steglitz,1-Bedroom Flat (1+1 / 1+2),65,1180,220
3654,11,Steglitz,1-Bedroom Flat (1+1 / 1+2),63,1325,220
3655,11,Steglitz,1-Bedroom Flat (1+1 / 1+2),72,1294,220
3656,11,Steglitz,1-Bedroom Flat (1+1 / 1+2),75,1621,220
3657,11,Steglitz,1-Bedroom Flat (1+1 / 1+2),66,1231,220
3658,11,Steglitz,1-Bedroom Flat (1+1 / 1+2),59,1208,220
3659,11,Steglitz,1-Bedroom Flat (1+1 / 1+2),65,1310,220
3660,11,Steglitz,1-Bedroom Flat (1+1 / 1+2),65,1300,220
3661,11,Steglitz,1-Bedroom Flat (1+1 / 1+2),65,1267,220
3662,11,Steglitz,1-Bedroom Flat (1+1 / 1+2),59,1160,220
3663,11,Steglitz,1-Bedroom Flat (1+1 / 1+2),81,1696,220
3664,11,Steglitz,1-Bedroom Flat (1+1 / 1+2),68,1475,220
3665,11,Steglitz,1-Bedroom Flat (1+1 / 1+2),70,1404,220
3666,11,Steglitz,1-Bedroom Flat (1+1 / 1+2),47,996,220
3667,11,Steglitz,1-Bedroom Flat (1+1 / 1+2),59,1110,220
3668,11,Steglitz,1-Bedroom Flat (1+1 / 1+2),47,1064,220
3669,11,Steglitz,1-Bedroom Flat (1+1 / 1+2),65,1203,220
3670,11,Steglitz,1-Bedroom Flat (1+1 / 1+2),55,1253,220
3671,11,Steglitz,1-Bedroom Flat (1+1 / 1+2),53,1131,220
3672,11,Steglitz,1-Bedroom Flat (1+1 / 1+2),60,1274,220
3673,11,Steglitz,1-Bedroom Flat (1+1 / 1+2),53,1124,220
3674,11,Steglitz,1-Bedroom Flat (1+1 / 1+2),64,1313,220
3675,11,Steglitz,1-Bedroom Flat (1+1 / 1+2),63,1307,220
3676,11,Steglitz,1-Bedroom Flat (1+1 / 1+2),84,1843,220
3677,11,Steglitz,1-Bedroom Flat (1+1 / 1+2),56,955,220
3678,11,Steglitz,1-Bedroom Flat (1+1 / 1+2),68,1373,220
3679,11,Steglitz,1-Bedroom Flat (1+1 / 1+2),73,1462,220
3680,11,Steglitz,1-Bedroom Flat (1+1 / 1+2),63,1378,220
3681,11,Steglitz,1-Bedroom Flat (1+1 / 1+2),75,1343,220
3682,11,Steglitz,1-Bedroom Flat (1+1 / 1+2),54,1122,220
3683,11,Steglitz,1-Bedroom Flat (1+1 / 1+2),63,1256,220
3684,11,Steglitz,1-Bedroom Flat (1+1 / 1+2),66,1414,220
3685,11,Steglitz,1-Bedroom Flat (1+1 / 1+2),79,1584,220
3686,11,Steglitz,1-Bedroom Flat (1+1 / 1+2),53,1103,220
3687,11,Steglitz,1-Bedroom Flat (1+1 / 1+2),61,1290,220
3688,11,Steglitz,1-Bedroom Flat (1+1 / 1+2),66,1509,220
3689,11,Steglitz,1-Bedroom Flat (1+1 / 1+2),57,1215,220
3690,11,Steglitz,1-Bedroom Flat (1+1 / 1+2),86,1591,220
3691,11,Steglitz,1-Bedroom Flat (1+1 / 1+2),63,1191,220
3692,11,Steglitz,1-Bedroom Flat (1+1 / 1+2),63,1206,220
3693,11,Steglitz,1-Bedroom Flat (1+1 / 1+2),72,1433,220
3694,11,Steglitz,1-Bedroom Flat (1+1 / 1+2),53,1192,220
3695,11,Steglitz,1-Bedroom Flat (1+1 / 1+2),64,1378,220
3696,11,Steglitz,1-Bedroom Flat (1+1 / 1+2),51,1117,220
3697,11,Steglitz,1-Bedroom Flat (1+1 / 1+2),70,1350,220
3698,11,Steglitz,1-Bedroom Flat (1+1 / 1+2),49,1048,220
3699,11,Steglitz,1-Bedroom Flat (1+1 / 1+2),74,1553,220
3700,11,Steglitz,1-Bedroom Flat (1+1 / 1+2),58,1081,220
3701,11,Steglitz,1-Bedroom Flat (1+1 / 1+2),58,1154,220
3702,11,Steglitz,1-Bedroom Flat (1+1 / 1+2),66,1315,220
3703,11,Steglitz,1-Bedroom Flat (1+1 / 1+2),54,1231,220
3704,11,Steglitz,1-Bedroom Flat (1+1 / 1+2),63,1315,220
3705,11,Steglitz,1-Bedroom Flat (1+1 / 1+2),45,770,220
3706,11,Steglitz,1-Bedroom Flat (1+1 / 1+2),48,993,220
3707,11,Steglitz,1-Bedroom Flat (1+1 / 1+2),68,1145,220
3708,11,Steglitz,1-Bedroom Flat (1+1 / 1+2),78,1531,220
3709,11,Steglitz,1-Bedroom Flat (1+1 / 1+2),76,1404,220
3710,11,Steglitz,1-Bedroom Flat (1+1 / 1+2),67,1348,220
3711,11,Steglitz,1-Bedroom Flat (1+1 / 1+2),70,1367,220
3712,11,Steglitz,1-Bedroom Flat (1+1 / 1+2),67,1439,220
3713,11,Steglitz,1-Bedroom Flat (1+1 / 1+2),55,1170,220
3714,11,Steglitz,1-Bedroom Flat (1+1 / 1+2),45,1051,220
3715,11,Steglitz,1-Bedroom Flat (1+1 / 1+2),82,1468,220
3716,11,Steglitz,1-Bedroom Flat (1+1 / 1+2),61,1323,220
3717,11,Steglitz,1-Bedroom Flat (1+1 / 1+2),62,1275,220
3718,11,Steglitz,1-Bedroom Flat (1+1 / 1+2),58,1157,220
3719,11,Steglitz,1-Bedroom Flat (1+1 / 1+2),61,1248,220
3720,11,Steglitz,1-Bedroom Flat (1+1 / 1+2),50,1062,220
3721,11,Steglitz,1-Bedroom Flat (1+1 / 1+2),78,1478,220
3722,11,Steglitz,1-Bedroom Flat (1+1 / 1+2),50,1054,220
3723,11,Steglitz,1-Bedroom Flat (1+1 / 1+2),55,1028,220
3724,11,Steglitz,1-Bedroom Flat (1+1 / 1+2),63,1212,220
3725,11,Steglitz,1-Bedroom Flat (1+1 / 1+2),56,1178,220
3726,11,Steglitz,1-Bedroom Flat (1+1 / 1+2),47,863,220
3727,11,Steglitz,1-Bedroom Flat (1+1 / 1+2),69,1198,220
3728,11,Steglitz,1-Bedroom Flat (1+1 / 1+2),52,938,220
3729,11,Steglitz,1-Bedroom Flat (1+1 / 1+2),57,1219,220
3730,11,Steglitz,1-Bedroom Flat (1+1 / 1+2),63,1491,220
3731,11,Steglitz,1-Bedroom Flat (1+1 / 1+2),73,1352,220
3732,11,Steglitz,1-Bedroom Flat (1+1 / 1+2),50,1312,220
3733,11,Steglitz,1-Bedroom Flat (1+1 / 1+2),73,1489,220
3734,11,Steglitz,1-Bedroom Flat (1+1 / 1+2),63,1301,220
3735,11,Steglitz,1-Bedroom Flat (1+1 / 1+2),47,1034,220
3736,11,Steglitz,1-Bedroom Flat (1+1 / 1+2),63,1195,220
3737,11,Steglitz,1-Bedroom Flat (1+1 / 1+2),57,1316,220
3738,11,Steglitz,1-Bedroom Flat (1+1 / 1+2),61,1430,220
3739,11,Steglitz,1-Bedroom Flat (1+1 / 1+2),45,941,220
3740,11,Steglitz,1-Bedroom Flat (1+1 / 1+2),47,911,220
3741,11,Steglitz,1-Bedroom Flat (1+1 / 1+2),54,1160,220
3742,11,Steglitz,1-Bedroom Flat (1+1 / 1+2),65,1247,220
3743,11,Steglitz,1-Bedroom Flat (1+1 / 1+2),45,1121,220
3744,11,Steglitz,1-Bedroom Flat (1+1 / 1+2),59,1112,220
3745,11,Steglitz,1-Bedroom Flat (1+1 / 1+2),65,1326,220
3746,11,Steglitz,1-Bedroom Flat (1+1 / 1+2),59,1225,220
3747,11,Steglitz,1-Bedroom Flat (1+1 / 1+2),50,1136,220
3748,11,Steglitz,1-Bedroom Flat (1+1 / 1+2),52,1045,220
3749,11,Steglitz,1-Bedroom Flat (1+1 / 1+2),68,1464,220
3750,11,Steglitz,1-Bedroom Flat (1+1 / 1+2),78,1611,220
3751,11,Steglitz,1-Bedroom Flat (1+1 / 1+2),59,1073,220
3752,11,Steglitz,1-Bedroom Flat (1+1 / 1+2),76,1607,220
3753,11,Steglitz,1-Bedroom Flat (1+1 / 1+2),55,1231,220
3754,11,Steglitz,1-Bedroom Flat (1+1 / 1+2),59,1347,220
3755,11,Steglitz,1-Bedroom Flat (1+1 / 1+2),57,1358,220
3756,11,Steglitz,1-Bedroom Flat (1+1 / 1+2),70,1550,220
3757,11,Steglitz,1-Bedroom Flat (1+1 / 1+2),57,1216,220
3758,11,Steglitz,1-Bedroom Flat (1+1 / 1+2),52,1176,220
3759,11,Steglitz,1-Bedroom Flat (1+1 / 1+2),71,1620,220
3760,11,Steglitz,1-Bedroom Flat (1+1 / 1+2),67,1405,220
3761,11,Steglitz,1-Bedroom Flat (1+1 / 1+2),57,1229,220
3762,11,Steglitz,1-Bedroom Flat (1+1 / 1+2),58,1206,220
3763,11,Steglitz,1-Bedroom Flat (1+1 / 1+2),64,1260,220
3764,11,Steglitz,1-Bedroom Flat (1+1 / 1+2),63,1242,220
3765,11,Steglitz,1-Bedroom Flat (1+1 / 1+2),58,1293,220
3766,11,Steglitz,1-Bedroom Flat (1+1 / 1+2),64,1323,220
3767,11,Steglitz,1-Bedroom Flat (1+1 / 1+2),47,1058,220
3768,11,Steglitz,1-Bedroom Flat (1+1 / 1+2),67,1304,220
3769,11,Steglitz,1-Bedroom Flat (1+1 / 1+2),83,1390,220
3770,11,Steglitz,1-Bedroom Flat (1+1 / 1+2),70,1452,220
3771,11,Steglitz,1-Bedroom Flat (1+1 / 1+2),67,1356,220
3772,11,Steglitz,1-Bedroom Flat (1+1 / 1+2),68,1434,220
3773,11,Steglitz,1-Bedroom Flat (1+1 / 1+2),55,1175,220
3774,11,Steglitz,1-Bedroom Flat (1+1 / 1+2),60,1130,220
3775,11,Steglitz,1-Bedroom Flat (1+1 / 1+2),69,1321,220
3776,11,Steglitz,1-Bedroom Flat (1+1 / 1+2),47,971,220
3777,11,Steglitz,1-Bedroom Flat (1+1 / 1+2),54,1225,220
3778,11,Steglitz,1-Bedroom Flat (1+1 / 1+2),64,1416,220
3779,11,Steglitz,1-Bedroom Flat (1+1 / 1+2),55,1227,220
3780,11,Steglitz,1-Bedroom Flat (1+1 / 1+2),90,1740,220
3781,11,Steglitz,1-Bedroom Flat (1+1 / 1+2),71,1466,220
3782,11,Steglitz,1-Bedroom Flat (1+1 / 1+2),48,1089,220
3783,11,Steglitz,1-Bedroom Flat (1+1 / 1+2),65,1285,220
3784,11,Steglitz,1-Bedroom Flat (1+1 / 1+2),53,1178,220
3785,11,Steglitz,1-Bedroom Flat (1+1 / 1+2),52,1292,220
3786,11,Steglitz,1-Bedroom Flat (1+1 / 1+2),63,1166,220
3787,11,Steglitz,1-Bedroom Flat (1+1 / 1+2),57,1155,220
3788,11,Steglitz,1-Bedroom Flat (1+1 / 1+2),86,1564,220
3789,11,Steglitz,1-Bedroom Flat (1+1 / 1+2),61,1196,220
3790,11,Steglitz,1-Bedroom Flat (1+1 / 1+2),67,1293,220
3791,11,Steglitz,1-Bedroom Flat (1+1 / 1+2),51,1066,220
3792,11,Steglitz,1-Bedroom Flat (1+1 / 1+2),59,1159,220
3793,11,Steglitz,1-Bedroom Flat (1+1 / 1+2),57,1287,220
3794,11,Steglitz,1-Bedroom Flat (1+1 / 1+2),59,1110,220
3795,11,Steglitz,1-Bedroom Flat (1+1 / 1+2),57,1185,220
3796,11,Steglitz,1-Bedroom Flat (1+1 / 1+2),49,1198,220
3797,11,Steglitz,1-Bedroom Flat (1+1 / 1+2),71,1533,220
3798,11,Steglitz,1-Bedroom Flat (1+1 / 1+2),66,1136,220
3799,11,Steglitz,1-Bedroom Flat (1+1 / 1+2),77,1422,220
3800,11,Steglitz,1-Bedroom Flat (1+1 / 1+2),54,1146,220
3801,12,Lichtenberg,1-Bedroom Flat (1+1 / 1+2),76,1479,250
3802,12,Lichtenberg,1-Bedroom Flat (1+1 / 1+2),71,1276,250
3803,12,Lichtenberg,1-Bedroom Flat (1+1 / 1+2),59,1143,250
3804,12,Lichtenberg,1-Bedroom Flat (1+1 / 1+2),61,1224,250
3805,12,Lichtenberg,1-Bedroom Flat (1+1 / 1+2),70,1341,250
3806,12,Lichtenberg,1-Bedroom Flat (1+1 / 1+2),45,900,250
3807,12,Lichtenberg,1-Bedroom Flat (1+1 / 1+2),61,1159,250
3808,12,Lichtenberg,1-Bedroom Flat (1+1 / 1+2),54,913,250
3809,12,Lichtenberg,1-Bedroom Flat (1+1 / 1+2),67,1208,250
3810,12,Lichtenberg,1-Bedroom Flat (1+1 / 1+2),68,1196,250
3811,12,Lichtenberg,1-Bedroom Flat (1+1 / 1+2),76,1474,250
3812,12,Lichtenberg,1-Bedroom Flat (1+1 / 1+2),65,1189,250
3813,12,Lichtenberg,1-Bedroom Flat (1+1 / 1+2),71,1339,250
3814,12,Lichtenberg,1-Bedroom Flat (1+1 / 1+2),64,1286,250
3815,12,Lichtenberg,1-Bedroom Flat (1+1 / 1+2),76,1271,250
3816,12,Lichtenberg,1-Bedroom Flat (1+1 / 1+2),51,914,250
3817,12,Lichtenberg,1-Bedroom Flat (1+1 / 1+2),47,914,250
3818,12,Lichtenberg,1-Bedroom Flat (1+1 / 1+2),68,1254,250
3819,12,Lichtenberg,1-Bedroom Flat (1+1 / 1+2),57,1181,250
3820,12,Lichtenberg,1-Bedroom Flat (1+1 / 1+2),63,1207,250
3821,12,Lichtenberg,1-Bedroom Flat (1+1 / 1+2),74,1341,250
3822,12,Lichtenberg,1-Bedroom Flat (1+1 / 1+2),83,1456,250
3823,12,Lichtenberg,1-Bedroom Flat (1+1 / 1+2),82,1392,250
3824,12,Lichtenberg,1-Bedroom Flat (1+1 / 1+2),67,1182,250
3825,12,Lichtenberg,1-Bedroom Flat (1+1 / 1+2),73,1293,250
3826,12,Lichtenberg,1-Bedroom Flat (1+1 / 1+2),65,1149,250
3827,12,Lichtenberg,1-Bedroom Flat (1+1 / 1+2),71,1245,250
3828,12,Lichtenberg,1-Bedroom Flat (1+1 / 1+2),79,1342,250
3829,12,Lichtenberg,1-Bedroom Flat (1+1 / 1+2),49,1038,250
3830,12,Lichtenberg,1-Bedroom Flat (1+1 / 1+2),56,1063,250
3831,12,Lichtenberg,1-Bedroom Flat (1+1 / 1+2),59,994,250
3832,12,Lichtenberg,1-Bedroom Flat (1+1 / 1+2),61,1258,250
3833,12,Lichtenberg,1-Bedroom Flat (1+1 / 1+2),72,1341,250
3834,12,Lichtenberg,1-Bedroom Flat (1+1 / 1+2),73,1241,250
3835,12,Lichtenberg,1-Bedroom Flat (1+1 / 1+2),59,1148,250
3836,12,Lichtenberg,1-Bedroom Flat (1+1 / 1+2),61,1122,250
3837,12,Lichtenberg,1-Bedroom Flat (1+1 / 1+2),50,781,250
3838,12,Lichtenberg,1-Bedroom Flat (1+1 / 1+2),70,1310,250
3839,12,Lichtenberg,1-Bedroom Flat (1+1 / 1+2),71,1265,250
3840,12,Lichtenberg,1-Bedroom Flat (1+1 / 1+2),55,1049,250
3841,12,Lichtenberg,1-Bedroom Flat (1+1 / 1+2),71,1283,250
3842,12,Lichtenberg,1-Bedroom Flat (1+1 / 1+2),70,1197,250
3843,12,Lichtenberg,1-Bedroom Flat (1+1 / 1+2),60,1122,250
3844,12,Lichtenberg,1-Bedroom Flat (1+1 / 1+2),74,1371,250
3845,12,Lichtenberg,1-Bedroom Flat (1+1 / 1+2),79,1311,250
3846,12,Lichtenberg,1-Bedroom Flat (1+1 / 1+2),63,1192,250
3847,12,Lichtenberg,1-Bedroom Flat (1+1 / 1+2),68,1183,250
3848,12,Lichtenberg,1-Bedroom Flat (1+1 / 1+2),79,1433,250
3849,12,Lichtenberg,1-Bedroom Flat (1+1 / 1+2),51,983,250
3850,12,Lichtenberg,1-Bedroom Flat (1+1 / 1+2),59,1362,250
3851,12,Lichtenberg,1-Bedroom Flat (1+1 / 1+2),72,1324,250
3852,12,Lichtenberg,1-Bedroom Flat (1+1 / 1+2),61,1230,250
3853,12,Lichtenberg,1-Bedroom Flat (1+1 / 1+2),72,1058,250
3854,12,Lichtenberg,1-Bedroom Flat (1+1 / 1+2),68,1259,250
3855,12,Lichtenberg,1-Bedroom Flat (1+1 / 1+2),49,1031,250
3856,12,Lichtenberg,1-Bedroom Flat (1+1 / 1+2),84,1562,250
3857,12,Lichtenberg,1-Bedroom Flat (1+1 / 1+2),73,1498,250
3858,12,Lichtenberg,1-Bedroom Flat (1+1 / 1+2),54,865,250
3859,12,Lichtenberg,1-Bedroom Flat (1+1 / 1+2),69,1250,250
3860,12,Lichtenberg,1-Bedroom Flat (1+1 / 1+2),48,929,250
3861,12,Lichtenberg,1-Bedroom Flat (1+1 / 1+2),69,1259,250
3862,12,Lichtenberg,1-Bedroom Flat (1+1 / 1+2),54,1012,250
3863,12,Lichtenberg,1-Bedroom Flat (1+1 / 1+2),62,986,250
3864,12,Lichtenberg,1-Bedroom Flat (1+1 / 1+2),61,1023,250
3865,12,Lichtenberg,1-Bedroom Flat (1+1 / 1+2),69,1132,250
3866,12,Lichtenberg,1-Bedroom Flat (1+1 / 1+2),72,1283,250
3867,12,Lichtenberg,1-Bedroom Flat (1+1 / 1+2),57,1107,250
3868,12,Lichtenberg,1-Bedroom Flat (1+1 / 1+2),53,1041,250
3869,12,Lichtenberg,1-Bedroom Flat (1+1 / 1+2),55,998,250
3870,12,Lichtenberg,1-Bedroom Flat (1+1 / 1+2),66,1122,250
3871,12,Lichtenberg,1-Bedroom Flat (1+1 / 1+2),49,974,250
3872,12,Lichtenberg,1-Bedroom Flat (1+1 / 1+2),62,1175,250
3873,12,Lichtenberg,1-Bedroom Flat (1+1 / 1+2),65,1213,250
3874,12,Lichtenberg,1-Bedroom Flat (1+1 / 1+2),68,1265,250
3875,12,Lichtenberg,1-Bedroom Flat (1+1 / 1+2),45,731,250
3876,12,Lichtenberg,1-Bedroom Flat (1+1 / 1+2),81,1464,250
3877,12,Lichtenberg,1-Bedroom Flat (1+1 / 1+2),72,1289,250
3878,12,Lichtenberg,1-Bedroom Flat (1+1 / 1+2),61,1103,250
3879,12,Lichtenberg,1-Bedroom Flat (1+1 / 1+2),87,1583,250
3880,12,Lichtenberg,1-Bedroom Flat (1+1 / 1+2),57,931,250
3881,12,Lichtenberg,1-Bedroom Flat (1+1 / 1+2),82,1465,250
3882,12,Lichtenberg,1-Bedroom Flat (1+1 / 1+2),69,1349,250
3883,12,Lichtenberg,1-Bedroom Flat (1+1 / 1+2),57,1141,250
3884,12,Lichtenberg,1-Bedroom Flat (1+1 / 1+2),56,975,250
3885,12,Lichtenberg,1-Bedroom Flat (1+1 / 1+2),74,1338,250
3886,12,Lichtenberg,1-Bedroom Flat (1+1 / 1+2),67,1277,250
3887,12,Lichtenberg,1-Bedroom Flat (1+1 / 1+2),68,1116,250
3888,12,Lichtenberg,1-Bedroom Flat (1+1 / 1+2),56,1035,250
3889,12,Lichtenberg,1-Bedroom Flat (1+1 / 1+2),54,1071,250
3890,12,Lichtenberg,1-Bedroom Flat (1+1 / 1+2),74,1473,250
3891,12,Lichtenberg,1-Bedroom Flat (1+1 / 1+2),59,1138,250
3892,12,Lichtenberg,1-Bedroom Flat (1+1 / 1+2),66,1280,250
3893,12,Lichtenberg,1-Bedroom Flat (1+1 / 1+2),53,1180,250
3894,12,Lichtenberg,1-Bedroom Flat (1+1 / 1+2),71,1390,250
3895,12,Lichtenberg,1-Bedroom Flat (1+1 / 1+2),74,1400,250
3896,12,Lichtenberg,1-Bedroom Flat (1+1 / 1+2),52,987,250
3897,12,Lichtenberg,1-Bedroom Flat (1+1 / 1+2),45,925,250
3898,12,Lichtenberg,1-Bedroom Flat (1+1 / 1+2),60,1124,250
3899,12,Lichtenberg,1-Bedroom Flat (1+1 / 1+2),74,1311,250
3900,12,Lichtenberg,1-Bedroom Flat (1+1 / 1+2),59,1114,250
3901,12,Lichtenberg,1-Bedroom Flat (1+1 / 1+2),45,864,250
3902,12,Lichtenberg,1-Bedroom Flat (1+1 / 1+2),45,835,250
3903,12,Lichtenberg,1-Bedroom Flat (1+1 / 1+2),71,1344,250
3904,12,Lichtenberg,1-Bedroom Flat (1+1 / 1+2),56,1068,250
3905,12,Lichtenberg,1-Bedroom Flat (1+1 / 1+2),51,984,250
3906,12,Lichtenberg,1-Bedroom Flat (1+1 / 1+2),90,1774,250
3907,12,Lichtenberg,1-Bedroom Flat (1+1 / 1+2),63,1190,250
3908,12,Lichtenberg,1-Bedroom Flat (1+1 / 1+2),52,928,250
3909,12,Lichtenberg,1-Bedroom Flat (1+1 / 1+2),66,1177,250
3910,12,Lichtenberg,1-Bedroom Flat (1+1 / 1+2),71,1445,250
3911,12,Lichtenberg,1-Bedroom Flat (1+1 / 1+2),65,1217,250
3912,12,Lichtenberg,1-Bedroom Flat (1+1 / 1+2),45,955,250
3913,12,Lichtenberg,1-Bedroom Flat (1+1 / 1+2),51,946,250
3914,12,Lichtenberg,1-Bedroom Flat (1+1 / 1+2),72,1413,250
3915,12,Lichtenberg,1-Bedroom Flat (1+1 / 1+2),57,1043,250
3916,12,Lichtenberg,1-Bedroom Flat (1+1 / 1+2),55,940,250
3917,12,Lichtenberg,1-Bedroom Flat (1+1 / 1+2),56,919,250
3918,12,Lichtenberg,1-Bedroom Flat (1+1 / 1+2),69,1308,250
3919,12,Lichtenberg,1-Bedroom Flat (1+1 / 1+2),68,1170,250
3920,12,Lichtenberg,1-Bedroom Flat (1+1 / 1+2),50,973,250
3921,12,Lichtenberg,1-Bedroom Flat (1+1 / 1+2),63,1163,250
3922,12,Lichtenberg,1-Bedroom Flat (1+1 / 1+2),59,1266,250
3923,12,Lichtenberg,1-Bedroom Flat (1+1 / 1+2),66,1401,250
3924,12,Lichtenberg,1-Bedroom Flat (1+1 / 1+2),75,1521,250
3925,12,Lichtenberg,1-Bedroom Flat (1+1 / 1+2),51,1037,250
3926,12,Lichtenberg,1-Bedroom Flat (1+1 / 1+2),58,946,250
3927,12,Lichtenberg,1-Bedroom Flat (1+1 / 1+2),77,1374,250
3928,12,Lichtenberg,1-Bedroom Flat (1+1 / 1+2),51,947,250
3929,12,Lichtenberg,1-Bedroom Flat (1+1 / 1+2),54,970,250
3930,12,Lichtenberg,1-Bedroom Flat (1+1 / 1+2),60,1284,250
3931,12,Lichtenberg,1-Bedroom Flat (1+1 / 1+2),55,1197,250
3932,12,Lichtenberg,1-Bedroom Flat (1+1 / 1+2),70,1324,250
3933,12,Lichtenberg,1-Bedroom Flat (1+1 / 1+2),69,1273,250
3934,12,Lichtenberg,1-Bedroom Flat (1+1 / 1+2),75,1419,250
3935,12,Lichtenberg,1-Bedroom Flat (1+1 / 1+2),45,915,250
3936,12,Lichtenberg,1-Bedroom Flat (1+1 / 1+2),70,1262,250
3937,12,Lichtenberg,1-Bedroom Flat (1+1 / 1+2),63,1121,250
3938,12,Lichtenberg,1-Bedroom Flat (1+1 / 1+2),48,796,250
3939,12,Lichtenberg,1-Bedroom Flat (1+1 / 1+2),47,980,250
3940,12,Lichtenberg,1-Bedroom Flat (1+1 / 1+2),45,828,250
3941,12,Lichtenberg,1-Bedroom Flat (1+1 / 1+2),54,1007,250
3942,12,Lichtenberg,1-Bedroom Flat (1+1 / 1+2),45,924,250
3943,12,Lichtenberg,1-Bedroom Flat (1+1 / 1+2),49,1054,250
3944,12,Lichtenberg,1-Bedroom Flat (1+1 / 1+2),56,1055,250
3945,12,Lichtenberg,1-Bedroom Flat (1+1 / 1+2),62,1182,250
3946,12,Lichtenberg,1-Bedroom Flat (1+1 / 1+2),62,1122,250
3947,12,Lichtenberg,1-Bedroom Flat (1+1 / 1+2),65,1250,250
3948,12,Lichtenberg,1-Bedroom Flat (1+1 / 1+2),54,1070,250
3949,12,Lichtenberg,1-Bedroom Flat (1+1 / 1+2),74,1416,250
3950,12,Lichtenberg,1-Bedroom Flat (1+1 / 1+2),71,1319,250
3951,12,Lichtenberg,1-Bedroom Flat (1+1 / 1+2),53,943,250
3952,12,Lichtenberg,1-Bedroom Flat (1+1 / 1+2),65,1293,250
3953,12,Lichtenberg,1-Bedroom Flat (1+1 / 1+2),90,1696,250
3954,12,Lichtenberg,1-Bedroom Flat (1+1 / 1+2),50,899,250
3955,12,Lichtenberg,1-Bedroom Flat (1+1 / 1+2),85,1509,250
3956,12,Lichtenberg,1-Bedroom Flat (1+1 / 1+2),62,1074,250
3957,12,Lichtenberg,1-Bedroom Flat (1+1 / 1+2),78,1461,250
3958,12,Lichtenberg,1-Bedroom Flat (1+1 / 1+2),54,943,250
3959,12,Lichtenberg,1-Bedroom Flat (1+1 / 1+2),65,1212,250
3960,12,Lichtenberg,1-Bedroom Flat (1+1 / 1+2),70,1337,250
3961,12,Lichtenberg,1-Bedroom Flat (1+1 / 1+2),59,1063,250
3962,12,Lichtenberg,1-Bedroom Flat (1+1 / 1+2),60,1078,250
3963,12,Lichtenberg,1-Bedroom Flat (1+1 / 1+2),61,1145,250
3964,12,Lichtenberg,1-Bedroom Flat (1+1 / 1+2),53,1073,250
3965,12,Lichtenberg,1-Bedroom Flat (1+1 / 1+2),58,1020,250
3966,12,Lichtenberg,1-Bedroom Flat (1+1 / 1+2),58,1118,250
3967,12,Lichtenberg,1-Bedroom Flat (1+1 / 1+2),63,1214,250
3968,12,Lichtenberg,1-Bedroom Flat (1+1 / 1+2),71,1421,250
3969,12,Lichtenberg,1-Bedroom Flat (1+1 / 1+2),65,1112,250
3970,12,Lichtenberg,1-Bedroom Flat (1+1 / 1+2),59,1022,250
3971,12,Lichtenberg,1-Bedroom Flat (1+1 / 1+2),79,1611,250
3972,12,Lichtenberg,1-Bedroom Flat (1+1 / 1+2),69,1349,250
3973,12,Lichtenberg,1-Bedroom Flat (1+1 / 1+2),65,1241,250
3974,12,Lichtenberg,1-Bedroom Flat (1+1 / 1+2),46,897,250
3975,12,Lichtenberg,1-Bedroom Flat (1+1 / 1+2),53,1041,250
3976,12,Lichtenberg,1-Bedroom Flat (1+1 / 1+2),61,1319,250
3977,12,Lichtenberg,1-Bedroom Flat (1+1 / 1+2),71,1330,250
3978,12,Lichtenberg,1-Bedroom Flat (1+1 / 1+2),59,1263,250
3979,12,Lichtenberg,1-Bedroom Flat (1+1 / 1+2),62,1190,250
3980,12,Lichtenberg,1-Bedroom Flat (1+1 / 1+2),62,1124,250
3981,12,Lichtenberg,1-Bedroom Flat (1+1 / 1+2),62,983,250
3982,12,Lichtenberg,1-Bedroom Flat (1+1 / 1+2),47,951,250
3983,12,Lichtenberg,1-Bedroom Flat (1+1 / 1+2),78,1447,250
3984,12,Lichtenberg,1-Bedroom Flat (1+1 / 1+2),55,918,250
3985,12,Lichtenberg,1-Bedroom Flat (1+1 / 1+2),70,1237,250
3986,12,Lichtenberg,1-Bedroom Flat (1+1 / 1+2),68,1291,250
3987,12,Lichtenberg,1-Bedroom Flat (1+1 / 1+2),67,1243,250
3988,12,Lichtenberg,1-Bedroom Flat (1+1 / 1+2),66,1213,250
3989,12,Lichtenberg,1-Bedroom Flat (1+1 / 1+2),56,977,250
3990,12,Lichtenberg,1-Bedroom Flat (1+1 / 1+2),45,872,250
3991,12,Lichtenberg,1-Bedroom Flat (1+1 / 1+2),77,1466,250
3992,12,Lichtenberg,1-Bedroom Flat (1+1 / 1+2),64,1126,250
3993,12,Lichtenberg,1-Bedroom Flat (1+1 / 1+2),72,1309,250
3994,12,Lichtenberg,1-Bedroom Flat (1+1 / 1+2),78,1328,250
3995,12,Lichtenberg,1-Bedroom Flat (1+1 / 1+2),55,972,250
3996,12,Lichtenberg,1-Bedroom Flat (1+1 / 1+2),47,836,250
3997,12,Lichtenberg,1-Bedroom Flat (1+1 / 1+2),63,1112,250
3998,12,Lichtenberg,1-Bedroom Flat (1+1 / 1+2),45,985,250
3999,12,Lichtenberg,1-Bedroom Flat (1+1 / 1+2),45,941,250
4000,12,Lichtenberg,1-Bedroom Flat (1+1 / 1+2),62,1351,250
4001,12,Lichtenberg,1-Bedroom Flat (1+1 / 1+2),72,1275,250
4002,12,Lichtenberg,1-Bedroom Flat (1+1 / 1+2),55,1183,250
4003,12,Lichtenberg,1-Bedroom Flat (1+1 / 1+2),47,937,250
4004,12,Lichtenberg,1-Bedroom Flat (1+1 / 1+2),61,1113,250
4005,12,Lichtenberg,1-Bedroom Flat (1+1 / 1+2),66,1241,250
4006,12,Lichtenberg,1-Bedroom Flat (1+1 / 1+2),67,1253,250
4007,12,Lichtenberg,1-Bedroom Flat (1+1 / 1+2),66,1232,250
4008,12,Lichtenberg,1-Bedroom Flat (1+1 / 1+2),55,1048,250
4009,12,Lichtenberg,1-Bedroom Flat (1+1 / 1+2),55,978,250
4010,12,Lichtenberg,1-Bedroom Flat (1+1 / 1+2),59,1101,250
4011,12,Lichtenberg,1-Bedroom Flat (1+1 / 1+2),62,1242,250
4012,12,Lichtenberg,1-Bedroom Flat (1+1 / 1+2),57,1098,250
4013,12,Lichtenberg,1-Bedroom Flat (1+1 / 1+2),63,1121,250
4014,12,Lichtenberg,1-Bedroom Flat (1+1 / 1+2),63,1266,250
4015,12,Lichtenberg,1-Bedroom Flat (1+1 / 1+2),64,1212,250
4016,12,Lichtenberg,1-Bedroom Flat (1+1 / 1+2),55,1225,250
4017,12,Lichtenberg,1-Bedroom Flat (1+1 / 1+2),56,914,250
4018,12,Lichtenberg,1-Bedroom Flat (1+1 / 1+2),71,1294,250
4019,12,Lichtenberg,1-Bedroom Flat (1+1 / 1+2),59,1063,250
4020,12,Lichtenberg,1-Bedroom Flat (1+1 / 1+2),81,1496,250
4021,12,Lichtenberg,1-Bedroom Flat (1+1 / 1+2),67,1255,250
4022,12,Lichtenberg,1-Bedroom Flat (1+1 / 1+2),65,1334,250
4023,12,Lichtenberg,1-Bedroom Flat (1+1 / 1+2),59,981,250
4024,12,Lichtenberg,1-Bedroom Flat (1+1 / 1+2),71,1349,250
4025,12,Lichtenberg,1-Bedroom Flat (1+1 / 1+2),63,1218,250
4026,12,Lichtenberg,1-Bedroom Flat (1+1 / 1+2),58,1098,250
4027,12,Lichtenberg,1-Bedroom Flat (1+1 / 1+2),61,1091,250
4028,12,Lichtenberg,1-Bedroom Flat (1+1 / 1+2),74,1225,250
4029,12,Lichtenberg,1-Bedroom Flat (1+1 / 1+2),86,1623,250
4030,12,Lichtenberg,1-Bedroom Flat (1+1 / 1+2),45,868,250
4031,12,Lichtenberg,1-Bedroom Flat (1+1 / 1+2),60,1163,250
4032,12,Lichtenberg,1-Bedroom Flat (1+1 / 1+2),52,1003,250
4033,12,Lichtenberg,1-Bedroom Flat (1+1 / 1+2),61,1078,250
4034,12,Lichtenberg,1-Bedroom Flat (1+1 / 1+2),53,1099,250
4035,12,Lichtenberg,1-Bedroom Flat (1+1 / 1+2),45,931,250
4036,12,Lichtenberg,1-Bedroom Flat (1+1 / 1+2),70,1268,250
4037,12,Lichtenberg,1-Bedroom Flat (1+1 / 1+2),63,1281,250
4038,12,Lichtenberg,1-Bedroom Flat (1+1 / 1+2),55,994,250
4039,12,Lichtenberg,1-Bedroom Flat (1+1 / 1+2),57,1185,250
4040,12,Lichtenberg,1-Bedroom Flat (1+1 / 1+2),75,1242,250
4041,12,Lichtenberg,1-Bedroom Flat (1+1 / 1+2),72,1394,250
4042,12,Lichtenberg,1-Bedroom Flat (1+1 / 1+2),78,1451,250
4043,12,Lichtenberg,1-Bedroom Flat (1+1 / 1+2),62,1263,250
4044,12,Lichtenberg,1-Bedroom Flat (1+1 / 1+2),69,1474,250
4045,12,Lichtenberg,1-Bedroom Flat (1+1 / 1+2),72,1334,250
4046,12,Lichtenberg,1-Bedroom Flat (1+1 / 1+2),50,916,250
4047,12,Lichtenberg,1-Bedroom Flat (1+1 / 1+2),48,917,250
4048,12,Lichtenberg,1-Bedroom Flat (1+1 / 1+2),71,1304,250
4049,12,Lichtenberg,1-Bedroom Flat (1+1 / 1+2),72,1350,250
4050,12,Lichtenberg,1-Bedroom Flat (1+1 / 1+2),58,1104,250
